KEY_INDEX,CDL_FLAG,CONDITION_CODE,EQUIP_PROB_CODE,FAULT_FLAG,INJ_SEVER_CODE,PERSON_ID,PERSON_TYPE,REPORT_NO,SAF_EQUIP_CODE,SEX_CODE,VEHICLE_ID,COLLISION_TYPE_CODE,C_M_ZONE_FLAG,JUNCTION_CODE,LANE_CODE,LIGHT_CODE,RD_COND_CODE,RD_DIV_CODE,SURF_COND_CODE,WEATHER_CODE,AREA_DAMAGED_CODE_MAIN,BODY_TYPE_CODE,DAMAGE_CODE,HIT_AND_RUN_FLAG,MOVEMENT_CODE,TIME,AGE,LATITUDE,LONGITUDE,CLUSTER,SECOND_LABEL,FIRST_LABEL,SECOND_LABELING
1,N,Apparently Normal,No Misuse,N,No Injury,a33f1d87-624c-4608-a11e-84d03ecd067a,D,AB36760008,Shoulder/Lap Belt(s),M,4b70c791-85c1-43a1-b2d0-be74e36ca8a7,Same Direction Rear End Left Turn,N,Non Intersection,Right Turn Lane,Dark Lights On,No Defects,"Two-way, Not Divided",Wet,Raining,Six o'clock,Passenger Car,Functional,Y,Starting From Parked,2015-01-24 1:40,42,38.97717641,-76.50009871,4,0,빗길사고,등속 주행 중 사고
2,N,Apparently Normal,No Misuse,N,No Injury,a6c44772-fd8f-47d5-95ba-25c143766037,D,AC1022000M,Shoulder/Lap Belt(s),M,eb080c94-81e6-445e-9c60-7eed8184bef2,Same Direction Rear End,N,Non Intersection,Right Turn Lane,Daylight,No Defects,"Two-way, Not Divided",Dry,Clear,Six o'clock,(Sport) Utility Vehicle,Superficial,N,Moving Constant Speed,2015-03-30 16:19,53,38.80508167,-76.599395,2,3,기타,등속 주행 중 측면 추돌 사고
3,N,Apparently Normal,No Misuse,N,No Injury,517a3a6f-3d0d-4cda-8e42-836efaf5f55d,D,AC2017000W,Shoulder/Lap Belt(s),F,0d177528-9315-4503-a7b9-3f72d888795c,Same Direction Rear End,N,Intersection Related,Right Turn Lane,Daylight,No Defects,"Two-way, Not Divided",Wet,Raining,Six o'clock,Passenger Car,Disabling,N,Stopped in Traffic Lane,2015-03-26 11:13,44,39.12301904,-76.5321672,4,3,빗길사고,기타
4,N,Apparently Normal,No Misuse,N,Possible Incapacitating Injury,9dfe84cd-9dce-4aeb-9618-e11af38d88e1,D,AC2017000W,Shoulder/Lap Belt(s),F,a5b0e5ce-bc99-4338-9a1c-a519b7b81b9c,Same Direction Rear End,N,Intersection Related,Right Turn Lane,Daylight,No Defects,"Two-way, Not Divided",Wet,Raining,Six o'clock,Passenger Car,Disabling,N,Stopped in Traffic Lane,2015-03-26 11:13,48,39.12301904,-76.5321672,4,3,빗길사고,기타
5,N,Apparently Normal,No Misuse,Y,No Injury,72c93d16-1bd8-4503-8cbf-3f8fb40d19e3,D,ADF451000C,Shoulder/Lap Belt(s),F,49f8d060-245c-4fc1-aaed-05c8d83aca09,Same Direction Rear End,N,Intersection,Right Turn Lane,Daylight,No Defects,"Two-way, Divided, Positive Median Barrier",Dry,Clear,Twelve o'clock,Passenger Car,Superficial,N,Moving Constant Speed,2015-02-23 13:45,28,39.357321,-76.6548796,3,2,우회전 차선 사고,기타
6,N,Apparently Normal,No Misuse,Y,No Injury,aed7156d-7656-495f-86f8-eeb160656a3e,D,ADG4110002,Shoulder/Lap Belt(s),M,da4f85a7-7d67-4560-8aa4-93d7e23cd565,Same Direction Sideswipe,N,Non Intersection,Right Turn Lane,Dark Lights On,No Defects,One-way Trafficway,Ice,Clear,One o'clock,Passenger Car,Disabling,Y,Moving Constant Speed,2015-01-10 20:15,50,39.28975023,-76.5429765,2,2,기타,기타
7,N,Apparently Normal,No Misuse,N,No Injury,a705e544-178a-42a1-8cef-9c6d70b999db,D,ADI387000Q,Shoulder/Lap Belt(s),F,db266cfd-5b24-4808-ba02-ab5b0e03a0d1,Same Direction Rear End,N,Non Intersection,Left Turn Lane,Daylight,No Defects,"Two-way, Not Divided",Dry,Clear,Six o'clock,Passenger Car,Functional,N,Slowing or Stopping,2015-03-27 17:15,42,39.29454541,-76.61242962,1,3,좌회전 차선 사고,감속 중 사고
8,N,Apparently Normal,No Misuse,N,No Injury,054c51cf-ab1c-4336-a0cc-d5573d143851,D,ADJ0470007,Shoulder/Lap Belt(s),F,8aa9db2e-7014-4770-afac-89fbdeba830c,Opposite Direction Both Left Turn,N,Non Intersection,Right Turn Lane,Daylight,No Defects,"Two-way, Not Divided",Wet,Clear,Eleven o'clock,Passenger Car,Functional,N,Moving Constant Speed,2015-02-17 15:13,38,39.27459033,-76.61738634,2,2,기타,기타
9,N,Apparently Normal,No Misuse,N,No Injury,41ba235a-3453-4f88-9067-834676fbdab8,D,ADJ1450003,Shoulder/Lap Belt(s),F,2d490013-9394-407c-b665-64aa98e076a6,Same Direction Sideswipe,N,Non Intersection,Right Turn Lane,Daylight,No Defects,One-way Trafficway,Dry,Clear,Twelve o'clock,Passenger Car,Superficial,N,Stopped in Traffic Lane,2015-01-28 8:29,32,39.30952147,-76.67592287,2,0,기타,자차 사고
10,N,Apparently Normal,No Misuse,N,No Injury,cff37836-0c24-4fb7-9708-e4058913974f,D,ADJ424000J,Shoulder/Lap Belt(s),M,f00bc18e-7929-4c67-acff-debbb608ba2c,Same Direction Rear End,N,Non Intersection,Left Turn Lane,Dusk,No Defects,"Two-way, Not Divided",Dry,Clear,Six o'clock,Passenger Car,Superficial,N,Slowing or Stopping,2015-03-27 19:35,56,39.29562687,-76.5811336,1,3,좌회전 차선 사고,감속 중 사고
11,N,Apparently Normal,No Misuse,Y,No Injury,402cd4a5-c1a4-479d-8bdf-3859cf740c17,D,ADJ531000Y,Shoulder/Lap Belt(s),F,9059e8df-a9dc-4b92-8c51-502dcb4afb2b,Same Direction Rear End,N,Non Intersection,Acceleration Lane,Daylight,No Defects,"Two-way, Divided, Unprotected (painted >4 feet) Median",Wet,Clear,Twelve o'clock,(Sport) Utility Vehicle,Superficial,N,Moving Constant Speed,2015-03-02 11:20,46,39.33791126,-76.55155554,4,2,빗길사고,동일 방향 운행 중 추돌 사고
12,N,Apparently Normal,No Misuse,N,No Injury,2ee1743d-c094-4c03-b2bc-800d2dc2530d,D,ADX0070003,Shoulder/Lap Belt(s),M,3c49a8cb-ed96-44c5-8323-328700fd3beb,Opposite Direction Sideswipe,N,Non Intersection,Right Turn Lane,Dark Lights On,No Defects,"Two-way, Not Divided",Dry,Clear,Twelve o'clock,Passenger Car,Disabling,N,Moving Constant Speed,2015-02-04 17:25,30,39.27289601,-76.60668969,2,2,기타,기타
13,N,Apparently Normal,No Misuse,N,No Injury,325bec56-125e-42ff-9672-341542beeac4,D,AE26320011,Shoulder/Lap Belt(s),M,c10822cd-9278-4569-acfe-7529d2c09be6,Same Direction Rear End,N,Intersection,Left Turn Lane,Dark Lights On,No Defects,"Two-way, Not Divided",Wet,Raining,Six o'clock,Passenger Car,Superficial,N,Slowing or Stopping,2015-01-12 17:03,25,39.33775775,-76.48094773,4,3,빗길사고,기타
14,N,Apparently Normal,No Misuse,N,No Injury,3426f3ab-c9b7-40e6-9b63-6199f7e4c31b,D,AE27810005,Shoulder/Lap Belt(s),M,153e0a19-4b00-4c5a-8799-611b58a1fc02,Same Direction Rear End,N,Non Intersection,Left Turn Lane,Daylight,No Defects,"Two-way, Divided, Positive Median Barrier",Ice,Wintry Mix,Seven o'clock,(Sport) Utility Vehicle,Disabling,N,Moving Constant Speed,2015-01-30 11:20,67,39.45435404,-76.64663315,0,3,눈길사고,자차 사고
15,N,Apparently Normal,No Misuse,Y,No Injury,4ab051a8-e537-4a4d-b67a-740b60d64b4a,D,AE50470005,Shoulder/Lap Belt(s),M,a2c64bf5-d43d-414c-8e46-56f7d2f814b0,Same Movement Angle,N,Intersection Related,Right Turn Lane,Dark No Lights,No Defects,"Two-way, Not Divided",Dry,Clear,Eight o'clock,Passenger Car,Disabling,N,Making Left Turn,2015-02-20 17:57,25,39.43680618,-76.60506964,3,0,우회전 차선 사고,기타
16,N,Apparently Normal,No Misuse,Y,No Injury,b198164f-9b0b-4cfc-a720-0e24f3ea8e87,D,AE5059000G,Shoulder/Lap Belt(s),F,0c734d5d-268e-4fa3-bf31-0fdb1eae32b7,Same Movement Angle,N,Intersection,Right Turn Lane,Daylight,No Defects,"Two-way, Not Divided",Dry,Clear,Twelve o'clock,Passenger Car,Functional,N,Making Left Turn,2015-03-22 17:11,67,39.48130518,-76.71545863,3,0,우회전 차선 사고,기타
17,N,Apparently Normal,No Misuse,Y,Possible Incapacitating Injury,43c769ce-68d6-4dea-9770-d671c95d80e2,D,AE5254000J,Shoulder/Lap Belt(s),F,e03cc619-798b-4232-8cdf-9aa33ab033fc,Same Direction Rear End,N,Non Intersection,Right Turn Lane,Daylight,No Defects,"Two-way, Not Divided",Snow,Snow,Twelve o'clock,Passenger Car,Disabling,N,Moving Constant Speed,2015-02-21 13:00,24,39.4754483,-76.61450833,0,3,눈길사고,자차 사고
18,N,Apparently Normal,No Misuse,N,No Injury,da932de9-be10-43b0-b098-10a8960bbd7a,D,AE5254000J,Shoulder/Lap Belt(s),M,7b0757e3-8f7b-41fa-bd28-f31ec4093ebf,Same Direction Rear End,N,Non Intersection,Right Turn Lane,Daylight,No Defects,"Two-way, Not Divided",Snow,Snow,Six o'clock,"Cargo Van/Light Truck 2 axles (10,000 lbs (4,536 kg) or less)",Superficial,N,Slowing or Stopping,2015-02-21 13:00,25,39.4754483,-76.61450833,0,1,눈길사고,등속 주행 사고
19,N,Apparently Normal,No Misuse,N,No Injury,6af6feba-b7d8-4a78-b25b-32f11acb17ff,D,AE53860004,Shoulder/Lap Belt(s),M,29280244-34c0-41f6-9d32-3cd8943910c8,Head On,N,Non Intersection,Right Turn Lane,Daylight,No Defects,"Two-way, Not Divided",Dry,Clear,Seven o'clock,Pickup Truck,Superficial,N,Moving Constant Speed,2015-01-14 13:22,40,39.27439931,-76.49260998,2,2,기타,기타
20,N,Apparently Normal,No Misuse,Y,No Injury,5461a513-917b-4de1-93e6-28d8d9c4e272,D,AE5491000H,Shoulder/Lap Belt(s),M,a9f177d4-d199-4cd1-947e-d27794d8591f,Same Direction Rear End,N,Non Intersection,Right Turn Lane,Daylight,No Defects,"Two-way, Divided, Unprotected (painted >4 feet) Median",Dry,Clear,Twelve o'clock,"Other Light Trucks (10,000 lbs (4,536 kg))",Superficial,N,Moving Constant Speed,2015-01-22 11:41,48,39.42425152,-76.61865234,2,3,기타,등속 주행 중 측면 추돌 사고
21,N,Apparently Normal,No Misuse,N,No Injury,9ae71cbd-b6e2-4217-9e63-4a760de05240,D,AE5728000C,Shoulder/Lap Belt(s),M,d6d6cffa-0780-49c5-81f8-f7061ac62232,Same Movement Angle,N,Intersection,Right Turn Lane,Dark Lights On,No Defects,"Two-way, Divided, Positive Median Barrier",Dry,Clear,Twelve o'clock,Passenger Car,Disabling,N,Moving Constant Speed,2015-02-10 20:08,44,39.2246227,-76.69795185,3,0,우회전 차선 사고,기타
22,N,Apparently Normal,No Misuse,Y,No Injury,a1022428-675b-4cc2-8353-bb5935d45fc7,D,CB56620003,Shoulder/Lap Belt(s),M,adbe35a1-7427-4631-9b8b-a73d469f2be2,Single Vehicle ,N,Non Intersection,Right Turn Lane,Dark Lights On,No Defects,"Two-way, Not Divided",Dry,Clear,Eleven o'clock,Pickup Truck,Disabling,N,Moving Constant Speed,2015-01-01 1:19,38,39.26601446,-76.79977119,2,2,기타,기타
23,N,Apparently Normal,No Misuse,Y,No Injury,cd110695-2804-45c5-b547-fbcc9c116185,D,CBWR96740005,Shoulder/Lap Belt(s),M,ff75fd0b-a36d-4d87-96a7-9ca4e2c396c9,Same Movement Angle,N,Intersection,Right Turn Lane,Dawn,No Defects,"Two-way, Divided, Unprotected (painted >4 feet) Median",Snow,Snow,Twelve o'clock,Passenger Car,Disabling,N,Slowing or Stopping,2015-01-06 6:01,28,39.44623518,-76.60710812,0,1,눈길사고,등속 주행 사고
24,N,Apparently Normal,No Misuse,Y,No Injury,2d4c2b30-4acb-4407-901a-ab6f67cc4b96,D,CNC31500003,Shoulder/Lap Belt(s),F,d5753bb1-c5d7-4d6b-962e-8f8fb0191f98,Same Direction Rear End,N,Intersection,Right Turn Lane,Daylight,No Defects,"Two-way, Divided, Positive Median Barrier",Dry,Clear,Twelve o'clock,Passenger Car,Superficial,N,Slowing or Stopping,2015-01-13 13:27,48,38.95139939,-76.88549995,3,3,우회전 차선 사고,동일 방향 운행 중 추돌 사고
25,N,Apparently Normal,No Misuse,Y,No Injury,3aa02303-8f73-46a4-8853-b920c10c96d1,D,DA34960006,Shoulder/Lap Belt(s),F,b0f4bf0b-6ee7-4138-905d-0f0af8389282,Same Direction Right Turn,N,Intersection,Left Turn Lane,Daylight,No Defects,"Two-way, Divided, Positive Median Barrier",Dry,Clear,Ten o'clock,Passenger Car,Superficial,N,Starting From Lane,2015-03-22 13:40,28,38.96150277,-76.96953893,1,1,좌회전 차선 사고,등속 주행 사고
26,N,Apparently Normal,No Misuse,N,Possible Incapacitating Injury,3836024a-79f5-491b-8f6b-104a37ce0a42,D,DA37060007,Shoulder/Lap Belt(s),F,3ddf418b-4562-4014-b8e9-798d069457e3,Same Movement Angle,N,Intersection,Right Turn Lane,Daylight,No Defects,"Two-way, Divided, Positive Median Barrier",Dry,Clear,Eight o'clock,Van,Disabling,N,Moving Constant Speed,2015-03-07 8:21,45,38.99707836,-76.9070676,3,0,우회전 차선 사고,기타
27,N,Apparently Normal,No Misuse,Y,No Injury,802cdd31-8a3e-4057-b9d3-843fff4bfc17,D,DA37110009,Shoulder/Lap Belt(s),F,053ad233-e706-46da-94af-1cb38ccdb917,Head On Left Turn,N,Intersection,Left Turn Lane,Dark Lights On,No Defects,"Two-way, Divided, Positive Median Barrier",Wet,Sleet,Two o'clock,Van,Functional,N,Making Left Turn,2015-01-26 21:16,37,38.8290687,-76.94236279,4,0,빗길사고,등속 주행 중 사고
28,N,Apparently Normal,No Misuse,Y,No Injury,43d1062e-4945-4c6f-a9ad-cf59f18ebae0,D,DA37160006,Shoulder/Lap Belt(s),F,3ccc25f0-b9a0-4755-8024-3fd98a5f053b,Same Direction Rear End,N,Intersection,Deceleration Lane,Daylight,No Defects,"Two-way, Not Divided",Dry,Clear,Twelve o'clock,Passenger Car,Disabling,N,Moving Constant Speed,2015-03-08 11:47,35,38.810995,-76.967789,3,2,우회전 차선 사고,기타
29,N,Apparently Normal,No Misuse,N,Possible Incapacitating Injury,b7c9f9a5-79f3-4ea2-9144-be3ceac0411e,D,DA37160006,Shoulder/Lap Belt(s),F,9210e1d9-dd1c-441f-80ab-4b08a8779a3d,Same Direction Rear End,N,Intersection,Deceleration Lane,Daylight,No Defects,"Two-way, Not Divided",Dry,Clear,Six o'clock,Passenger Car,Disabling,N,Accelerating,2015-03-08 11:47,83,38.810995,-76.967789,3,3,우회전 차선 사고,동일 방향 운행 중 추돌 사고
30,N,Apparently Normal,No Misuse,Y,No Injury,a6373b95-3dd5-4917-86a7-09c51777d067,D,DA3866000B,Shoulder/Lap Belt(s),M,3d53f009-ba79-4ce1-83f7-0c3bbaf8efd2,Same Movement Angle,N,Non Intersection,Acceleration Lane,Dark Lights On,No Defects,"Two-way, Not Divided",Wet,Raining,Four o'clock,(Sport) Utility Vehicle,Disabling,N,Making Left Turn,2015-03-04 19:50,31,38.80492677,-76.97629809,4,1,빗길사고,자차 사고
31,N,Apparently Normal,No Misuse,N,Non-incapacitating Injury,87b754df-ebb0-42f0-87ea-ebaa18fbeb60,D,DA39250007,Shoulder/Lap Belt(s),F,da228c65-08b2-4039-8969-2828d3dd8ac6,Same Movement Angle,N,Non Intersection,Left Turn Lane,Daylight,No Defects,"Two-way, Not Divided",Dry,Clear,Four o'clock,Passenger Car,Disabling,N,Moving Constant Speed,2015-01-04 9:23,41,38.91427736,-76.86331272,1,0,좌회전 차선 사고,등속 주행 중 측면 추돌 사고
32,N,Apparently Normal,No Misuse,Y,No Injury,40e2dbb3-cf16-43b3-8806-32adfd5e8a79,D,DA3934000H,Shoulder/Lap Belt(s),M,aa1234e6-67f9-4d55-9810-dea46e59ac1b,Same Direction Rear End,N,Intersection Related,Right Turn Lane,Daylight,No Defects,"Two-way, Not Divided",Dry,Clear,Twelve o'clock,Passenger Car,Disabling,N,Moving Constant Speed,2015-02-01 10:40,23,38.94772812,-76.85419321,3,2,우회전 차선 사고,기타
33,N,Apparently Normal,No Misuse,Y,No Injury,3e492947-78fe-442a-80df-c1ad6e104d02,D,MCP1268000B,Shoulder/Lap Belt(s),F,7ee401cd-2c36-4547-a7e5-817ee5e27aa8,Head On Left Turn,N,Intersection,Left Turn Lane,Dark Lights On,No Defects,"Two-way, Not Divided",Wet,Snow,Twelve o'clock,Passenger Car,Disabling,N,Making Left Turn,2015-02-26 5:45,53,39.10247333,-77.22081167,4,0,빗길사고,등속 주행 중 사고
34,N,Apparently Normal,No Misuse,N,No Injury,7ab22242-0858-4ff1-8b08-603e6a25a75d,D,MCP2657000H,Shoulder/Lap Belt(s),F,ff3790ab-120c-4c5e-a7be-5f4c897ac2ed,Same Movement Angle,N,Intersection,Right Turn Lane,Dark Lights On,No Defects,"Two-way, Not Divided",Wet,Raining,Twelve o'clock,Passenger Car,Disabling,N,Moving Constant Speed,2015-03-10 21:45,27,39.068215,-76.96252667,4,1,빗길사고,자차 사고
35,N,Apparently Normal,No Misuse,Y,Non-incapacitating Injury,2eb4c7f8-9215-43d4-b2cb-90e87830f487,D,MSP5679006G,Shoulder/Lap Belt(s),F,888ad113-c3c1-4593-b209-5db8fa9211d9,Same Direction Sideswipe,N,Non Intersection,Right Turn Lane,Dark No Lights,No Defects,One-way Trafficway,Ice,Raining,Twelve o'clock,Passenger Car,Disabling,N,Skidding,2015-03-01 18:17,22,39.32518417,-76.47819167,0,2,눈길사고,미끌어짐에 의한 사고
36,N,Had Been Drinking,No Misuse,Y,No Injury,4c9fc466-4dda-4ffb-94a7-4790d54ef7ab,D,MSP64980009,Shoulder/Lap Belt(s),M,52c15379-a00e-4b17-be31-d7a13d1399ea,Same Direction Rear End,N,Intersection Related,Acceleration Lane,Daylight,No Defects,"Two-way, Divided, Positive Median Barrier",Dry,Clear,Twelve o'clock,(Sport) Utility Vehicle,Functional,N,Slowing or Stopping,2015-01-21 10:13,45,39.5181618,-76.91285849,1,3,좌회전 차선 사고,감속 중 사고
37,N,Apparently Normal,No Misuse,Y,Non-incapacitating Injury,81af1d68-775f-4355-aba2-96f219779d45,D,ZJ0338000G,Shoulder/Lap Belt(s),F,cf5cc391-f262-4771-89e4-85d2103f3707,Single Vehicle ,N,Non Intersection,Right Turn Lane,Daylight,No Defects,"Two-way, Not Divided",Dry,Clear,Twelve o'clock,Passenger Car,Disabling,N,Moving Constant Speed,2015-03-11 18:43,33,39.5561785,-77.580808,2,2,기타,기타
38,N,Apparently Normal,No Misuse,N,No Injury,bfc9e08e-d8a2-41b2-9738-a4cedd71541a,D,ZJ0466000L,Shoulder/Lap Belt(s),M,ad4fa080-3815-4d48-a86f-157e3ecea931,Opposite Direction Sideswipe,N,Non Intersection,Right Turn Lane,Dark Lights On,No Defects,"Two-way, Divided, Positive Median Barrier",Snow,Cloudy,Eight o'clock,Pickup Truck,Functional,N,Moving Constant Speed,2015-03-05 19:32,48,39.40004017,-77.3468815,0,0,눈길사고,감속 중 사고
39,N,Apparently Normal,No Misuse,N,No Injury,ee23218e-baaa-43a3-9015-6d15219381fb,D,ADI4770002,Shoulder/Lap Belt(s),M,3e52ee9d-7bb9-4ebb-86be-1939646782e9,Same Direction Rear End,N,Intersection,Left Turn Lane,Daylight,No Defects,"Two-way, Divided, Positive Median Barrier",Ice,Clear,Twelve o'clock,(Sport) Utility Vehicle,Disabling,N,Slowing or Stopping,2015-01-13 8:40,26,39.27403677,-76.60346299,1,3,좌회전 차선 사고,감속 중 사고
40,N,Apparently Normal,No Misuse,Y,No Injury,67f0a255-8c7c-430d-9809-7871a1085d60,D,MCP2847000V,Shoulder/Lap Belt(s),F,4238a2a1-6607-45fb-83fa-37a35d9efc71,Same Direction Rear End,N,Intersection,Left Turn Lane,Daylight,No Defects,"Two-way, Divided, Positive Median Barrier",Dry,Clear,Twelve o'clock,Passenger Car,Functional,N,Accelerating,2015-03-27 12:41,35,39.08082364,-77.07515359,1,3,좌회전 차선 사고,감속 중 사고
41,N,Apparently Normal,No Misuse,N,Non-incapacitating Injury,d5b5d01d-5884-4b7b-a49f-d07687838725,D,AE42090004,Shoulder/Lap Belt(s),M,d078118f-2109-400a-a755-1b43112aa9c0,Same Direction Rear End,N,Intersection,Right Turn Lane,Daylight,No Defects,"Two-way, Not Divided",Dry,Clear,Six o'clock,Passenger Car,Functional,N,Slowing or Stopping,2015-01-27 14:16,41,39.32103543,-76.47333026,3,3,우회전 차선 사고,동일 방향 운행 중 추돌 사고
42,N,Apparently Normal,No Misuse,N,Possible Incapacitating Injury,b3ca49d6-fc2d-4dc9-a019-63ef57feeead,D,AE55860007,Shoulder/Lap Belt(s),M,f8984ec6-de2a-4119-8dfc-9aceee30b7cc,Head On Left Turn,N,Intersection,Left Turn Lane,Daylight,No Defects,"Two-way, Divided, Unprotected (painted >4 feet) Median",Dry,Cloudy,Twelve o'clock,Passenger Car,Disabling,N,Moving Constant Speed,2015-03-10 11:05,62,39.36131988,-76.77864075,1,0,좌회전 차선 사고,등속 주행 중 측면 추돌 사고
43,N,Apparently Normal,No Misuse,N,No Injury,01318f29-942d-409c-930b-68ce2426082b,D,DA36080001,Shoulder/Lap Belt(s),F,1507caeb-8e07-43b8-81cc-0ac43bcf880b,Same Movement Angle,N,Intersection Related,Right Turn Lane,Dark Lights On,No Defects,"Two-way, Not Divided",Wet,Raining,Eleven o'clock,Passenger Car,Disabling,N,Stopped in Traffic Lane,2015-02-09 17:00,25,38.82897677,-76.77070141,4,1,빗길사고,자차 사고
44,N,Apparently Normal,No Misuse,Y,No Injury,23f0a05f-82b2-41a5-81a7-53ccedf45d4a,D,DA36080001,Shoulder/Lap Belt(s),M,0f04ff59-cbed-43f3-9eea-5fdadb17a477,Same Movement Angle,N,Intersection Related,Right Turn Lane,Dark Lights On,No Defects,"Two-way, Not Divided",Wet,Raining,Twelve o'clock,Passenger Car,Destroyed,N,Accelerating,2015-02-09 17:00,20,38.82897677,-76.77070141,4,1,빗길사고,자차 사고
45,N,Apparently Normal,No Misuse,Y,No Injury,f16ac049-9e23-47a4-bcaa-da58280d3235,D,DA39460007,Shoulder/Lap Belt(s),M,1ed24fff-40b5-4033-9bfa-daf0d49e6710,Head On Left Turn,N,Intersection Related,Right Turn Lane,Daylight,No Defects,"Two-way, Divided, Positive Median Barrier",Dry,Clear,Twelve o'clock,Passenger Car,Disabling,N,Moving Constant Speed,2015-01-28 11:26,33,38.93904145,-76.90721512,3,2,우회전 차선 사고,기타
46,Y,Apparently Normal,No Misuse,N,No Injury,5b471d39-1089-42af-97bf-d187d8f777fc,D,MTA02840003,Shoulder/Lap Belt(s),M,d41ff599-e490-4963-903a-3ca5d59cc0b3,Same Direction Right Turn,N,Intersection,Left Turn Lane,Daylight,No Defects,"Two-way, Not Divided",Dry,Clear,Eleven o'clock,Other Bus,No Damage,N,Stopped in Traffic Lane,2015-03-26 18:26,43,39.24501681,-76.52526855,1,2,좌회전 차선 사고,기타
47,N,Apparently Normal,No Misuse,Y,No Injury,e1c08fa4-4aee-4a5f-8403-47fb4deb29d0,D,AA00860002,Shoulder/Lap Belt(s),F,7b02560c-9934-4fe4-939a-bf09344c1b93,Same Movement Angle,N,Intersection,Right Turn Lane,Dark No Lights,No Defects,"Two-way, Not Divided",Dry,Clear,Twelve o'clock,(Sport) Utility Vehicle,Functional,N,Moving Constant Speed,2015-01-09 23:29,48,39.52153645,-76.18639827,3,0,우회전 차선 사고,기타
48,N,Apparently Normal,No Misuse,N,No Injury,54cd8f49-c985-4ea5-8804-b44185f91a2f,D,AA00860002,Shoulder/Lap Belt(s),M,260652d4-3d6a-4c96-b0cf-db906cf8c3c2,Same Movement Angle,N,Intersection,Right Turn Lane,Dark No Lights,No Defects,"Two-way, Not Divided",Dry,Clear,Four o'clock,(Sport) Utility Vehicle,Destroyed,N,Moving Constant Speed,2015-01-09 23:29,42,39.52153645,-76.18639827,3,0,우회전 차선 사고,기타
49,N,Apparently Normal,No Misuse,Y,No Injury,edf17683-a1de-4003-821d-3cdf16adb8ed,D,AA01140002,Shoulder/Lap Belt(s),F,8da0fe9c-e110-4c17-85f4-6ef0c8b028c1,Same Direction Rear End,N,Intersection,Acceleration Lane,Daylight,No Defects,"Two-way, Divided, Positive Median Barrier",Dry,Clear,Twelve o'clock,Passenger Car,Superficial,N,Starting From Lane,2015-01-23 9:20,27,39.52271371,-76.18407011,1,3,좌회전 차선 사고,감속 중 사고
50,N,Apparently Normal,No Misuse,N,No Injury,08eaa149-b9ed-4782-af84-2355cb7ac8d3,D,AA01140004,Shoulder/Lap Belt(s),F,a22aee31-f199-48f6-8e04-acd374a20256,Same Movement Angle,N,Intersection,Left Turn Lane,Daylight,No Defects,"Two-way, Divided, Positive Median Barrier",Wet,Clear,Twelve o'clock,Pickup Truck,Superficial,N,Moving Constant Speed,2015-03-02 15:00,79,39.50107706,-76.16889954,1,0,좌회전 차선 사고,등속 주행 중 측면 추돌 사고
51,N,Apparently Normal,No Misuse,Y,Possible Incapacitating Injury,17ba098f-a4c3-4774-b137-f6a4cc6f89cb,D,AA01140004,Shoulder/Lap Belt(s),F,1cd4df6c-c464-47bb-ac70-dbcfaa1e17b2,Same Movement Angle,N,Intersection,Left Turn Lane,Daylight,No Defects,"Two-way, Divided, Positive Median Barrier",Wet,Clear,Twelve o'clock,Passenger Car,Disabling,N,Accelerating,2015-03-02 15:00,58,39.50107706,-76.16889954,1,1,좌회전 차선 사고,등속 주행 사고
52,N,Apparently Normal,No Misuse,N,No Injury,a00d7889-edc9-4bb1-8818-4591589a1931,D,AA0120000R,Shoulder/Lap Belt(s),M,75cc38dd-55c3-4b07-8576-137b8bda7abd,Same Movement Angle,N,Intersection,Right Turn Lane,Daylight,No Defects,"Two-way, Not Divided",Wet,Raining,Twelve o'clock,Pickup Truck,Destroyed,N,Moving Constant Speed,2015-03-10 16:20,64,39.527498,-76.17086098,4,1,빗길사고,자차 사고
53,N,Apparently Normal,No Misuse,N,No Injury,d8de956e-ecc1-437e-a900-3d8d0153532a,D,AB2696002D,Shoulder/Lap Belt(s),F,c9565af3-7686-4086-9d8c-6d12c86bfda8,Same Movement Angle,N,Intersection,Right Turn Lane,Daylight,No Defects,"Two-way, Not Divided",Dry,Cloudy,Twelve o'clock,Passenger Car,Functional,N,Moving Constant Speed,2015-01-15 11:21,49,38.99784131,-76.39892578,3,0,우회전 차선 사고,기타
54,N,Apparently Normal,No Misuse,N,No Injury,38735eac-60ac-4a30-b855-3e81f26a7e7f,D,AB2696002F,Shoulder/Lap Belt(s),F,802dc195-d816-4a8c-986f-aeb4459f697b,Same Direction Rear End,N,Intersection,Right Turn Lane,Daylight,No Defects,"Two-way, Not Divided",Dry,Cloudy,Six o'clock,Passenger Car,No Damage,N,Slowing or Stopping,2015-01-22 15:38,41,39.01104767,-76.49402618,3,3,우회전 차선 사고,동일 방향 운행 중 추돌 사고
55,N,Apparently Normal,No Misuse,Y,No Injury,4ed87c29-bddb-4e93-854c-4b0eb2c415f9,D,AB2696002F,Shoulder/Lap Belt(s),F,b3b15e13-1c4e-4736-8d55-1672158435c6,Same Direction Rear End,N,Intersection,Right Turn Lane,Daylight,No Defects,"Two-way, Not Divided",Dry,Cloudy,Twelve o'clock,Passenger Car,No Damage,N,Slowing or Stopping,2015-01-22 15:38,50,39.01104767,-76.49402618,3,3,우회전 차선 사고,동일 방향 운행 중 추돌 사고