KEY_INDEX,CDL_FLAG,CONDITION_CODE,EQUIP_PROB_CODE,FAULT_FLAG,INJ_SEVER_CODE,PERSON_ID,PERSON_TYPE,REPORT_NO,SAF_EQUIP_CODE,SEX_CODE,VEHICLE_ID,COLLISION_TYPE_CODE,C_M_ZONE_FLAG,JUNCTION_CODE,LANE_CODE,LIGHT_CODE,RD_COND_CODE,RD_DIV_CODE,SURF_COND_CODE,WEATHER_CODE,AREA_DAMAGED_CODE_MAIN,BODY_TYPE_CODE,DAMAGE_CODE,HIT_AND_RUN_FLAG,MOVEMENT_CODE,TIME,AGE,LATITUDE,LONGITUDE,CLUSTER,SECOND_LABEL,FIRST_LABEL,SECOND_LABELING
56,N,Apparently Normal,No Misuse,N,No Injury,e77f78df-4e78-40c4-9879-1dee7165fc06,D,AB2696002H,Shoulder/Lap Belt(s),F,bb08face-acb8-449e-a363-84c8e36ce1ff,Same Direction Rear End,N,Intersection,Right Turn Lane,Daylight,No Defects,"Two-way, Divided, Positive Median Barrier",Dry,Clear,Six o'clock,Passenger Car,Functional,N,Slowing or Stopping,2015-01-27 10:41,69,38.97782698,-76.49230957,3,3,우회전 차선 사고,동일 방향 운행 중 추돌 사고
57,N,Apparently Normal,No Misuse,Y,No Injury,744303c7-cc8d-48c1-8209-e84d36a8ccec,D,AB2696002H,Shoulder/Lap Belt(s),M,67b92b05-0f1b-49cd-a221-5aeee7d59e69,Same Direction Rear End,N,Intersection,Right Turn Lane,Daylight,No Defects,"Two-way, Divided, Positive Median Barrier",Dry,Clear,Twelve o'clock,Passenger Car,Functional,N,Slowing or Stopping,2015-01-27 10:41,66,38.97782698,-76.49230957,3,3,우회전 차선 사고,동일 방향 운행 중 추돌 사고
58,N,Apparently Normal,No Misuse,Y,No Injury,582f6511-6ec1-431c-b6ea-e8d1fc5b7bc6,D,AB2696002J,Shoulder/Lap Belt(s),F,d6dcbe73-7308-4ca3-9abc-2ca2b948a369,Head On Left Turn,N,Intersection,Right Turn Lane,Daylight,No Defects,"Two-way, Not Divided",Dry,Clear,Twelve o'clock,Passenger Car,Superficial,N,Making Left Turn,2015-01-28 9:23,46,38.9783274,-76.49108648,3,1,우회전 차선 사고,등속 주행 중 측면 추돌 사고
59,N,Apparently Normal,No Misuse,N,No Injury,25035761-a418-4e3f-a2b9-59986dc2c9fa,D,AB2696002V,Shoulder/Lap Belt(s),F,c752d9ea-34b9-4af0-8925-5052ad739b92,Same Movement Angle,N,Intersection,Right Turn Lane,Daylight,No Defects,One-way Trafficway,Dry,Clear,Three o'clock,Passenger Car,Disabling,N,Accelerating,2015-02-20 16:53,27,38.97520802,-76.48758888,3,0,우회전 차선 사고,기타
60,N,Apparently Normal,No Misuse,Y,No Injury,c57893f3-aa1b-4e33-bdaf-be7dd261ccac,D,AB2696002V,Shoulder/Lap Belt(s),M,e862d908-35ce-44b5-b964-c0b3f8d31868,Same Movement Angle,N,Intersection,Right Turn Lane,Daylight,No Defects,One-way Trafficway,Dry,Clear,Eleven o'clock,Passenger Car,Disabling,N,Accelerating,2015-02-20 16:53,18,38.97520802,-76.48758888,3,0,우회전 차선 사고,기타
61,N,Apparently Normal,No Misuse,Y,No Injury,76e8687e-f71b-4ca2-b5a5-02b0502afb91,D,AB3925000B,Shoulder/Lap Belt(s),F,cb534758-51a9-467d-b3a6-c4df38a5bd53,Head On Left Turn,N,Non Intersection,Left Turn Lane,Daylight,No Defects,"Two-way, Divided, Unprotected (painted >4 feet) Median",Dry,Clear,One o'clock,Passenger Car,Disabling,N,Making Left Turn,2015-01-30 8:11,35,38.98766806,-76.50214791,1,1,좌회전 차선 사고,등속 주행 사고
62,N,Apparently Normal,No Misuse,N,No Injury,50062a97-a4e7-498e-a437-705424e5c512,D,AB3925000B,Shoulder/Lap Belt(s),M,1ab78b21-cdcf-4862-9012-6ef9fa1783bd,Head On Left Turn,N,Non Intersection,Left Turn Lane,Daylight,No Defects,"Two-way, Divided, Unprotected (painted >4 feet) Median",Dry,Clear,Twelve o'clock,Pickup Truck,Disabling,N,Moving Constant Speed,2015-01-30 8:11,36,38.98766806,-76.50214791,1,0,좌회전 차선 사고,등속 주행 중 측면 추돌 사고
63,N,Apparently Normal,No Misuse,N,No Injury,6837842c-8bc5-49f0-979f-c6f7c9e08745,D,AB45180020,Shoulder/Lap Belt(s),F,54b6686e-021b-4acc-9477-cdd896606d8c,Same Direction Rear End,N,Intersection,Acceleration Lane,Daylight,No Defects,"Two-way, Not Divided",Dry,Clear,Six o'clock,Passenger Car,Functional,N,Stopped in Traffic Lane,2015-01-08 10:30,89,38.97153797,-76.5226467,3,3,우회전 차선 사고,동일 방향 운행 중 추돌 사고
64,N,Apparently Normal,No Misuse,N,No Injury,56879240-e631-468b-a7b2-27fcae5c4b9d,D,AB45180020,Shoulder/Lap Belt(s),M,d3e8b263-3b14-4b32-aabb-1bc16f698f47,Same Direction Rear End,N,Intersection,Acceleration Lane,Daylight,No Defects,"Two-way, Not Divided",Dry,Clear,Six o'clock,(Sport) Utility Vehicle,Functional,N,Stopped in Traffic Lane,2015-01-08 10:30,78,38.97153797,-76.5226467,3,3,우회전 차선 사고,동일 방향 운행 중 추돌 사고
65,N,Apparently Normal,No Misuse,Y,No Injury,2cde84e2-e8df-4998-8b52-8aff550adfbb,D,AB45180020,Shoulder/Lap Belt(s),M,3d3f399d-0c62-4207-8133-014356277808,Same Direction Rear End,N,Intersection,Acceleration Lane,Daylight,No Defects,"Two-way, Not Divided",Dry,Clear,Twelve o'clock,(Sport) Utility Vehicle,Disabling,N,Moving Constant Speed,2015-01-08 10:30,44,38.97153797,-76.5226467,3,2,우회전 차선 사고,기타
66,N,Apparently Normal,No Misuse,N,No Injury,a1176021-98a6-4041-88e2-2dca5bf073a3,D,AB45180024,Shoulder/Lap Belt(s),F,36c6999e-371c-411b-8716-4c2b21f474a2,Same Movement Angle,N,Intersection,Right Turn Lane,Daylight,No Defects,"Two-way, Not Divided",Dry,Clear,Twelve o'clock,Passenger Car,Disabling,N,Moving Constant Speed,2015-02-03 11:27,33,38.98818718,-76.50164902,3,0,우회전 차선 사고,기타
67,N,Apparently Normal,No Misuse,Y,No Injury,ece41af9-4465-4eb7-a1cc-39f1499881d3,D,AB45180028,Shoulder/Lap Belt(s),F,6b19c952-2994-47a4-a688-5134eb238203,Same Direction Rear End,N,Intersection,Left Turn Lane,Daylight,No Defects,"Two-way, Not Divided",Dry,Clear,Twelve o'clock,Van,Superficial,N,Slowing or Stopping,2015-02-19 9:46,37,38.97629127,-76.5248099,1,3,좌회전 차선 사고,감속 중 사고
68,N,Apparently Normal,No Misuse,N,Possible Incapacitating Injury,b1670548-1e55-48a6-92f9-5ac32da9ec05,D,AB45180028,Shoulder/Lap Belt(s),F,ac8ccac3-e52f-410e-818a-64d7e01eeb84,Same Direction Rear End,N,Intersection,Left Turn Lane,Daylight,No Defects,"Two-way, Not Divided",Dry,Clear,Six o'clock,Passenger Car,No Damage,N,Stopped in Traffic Lane,2015-02-19 9:46,61,38.97629127,-76.5248099,1,2,좌회전 차선 사고,기타
69,N,Apparently Normal,No Misuse,Y,No Injury,ee1b89e6-44ff-45cd-bce2-a607ba029859,D,AB4518002B,Shoulder/Lap Belt(s),F,8b13ec1b-f097-49d7-889e-1d318395b55e,Same Direction Rear End,N,Intersection,Deceleration Lane,Daylight,No Defects,"Two-way, Divided, Positive Median Barrier",Dry,Clear,Twelve o'clock,School Bus,Superficial,N,Making Right Turn,2015-02-20 10:41,70,38.98877301,-76.50593787,1,3,좌회전 차선 사고,감속 중 사고
70,N,Apparently Normal,No Misuse,N,No Injury,7078bcf3-6c03-4543-9f68-6b20431457d2,D,AB4518002B,Shoulder/Lap Belt(s),M,9c90cc45-95af-4a4b-99bb-664821cf12b4,Same Direction Rear End,N,Intersection,Deceleration Lane,Daylight,No Defects,"Two-way, Divided, Positive Median Barrier",Dry,Clear,Six o'clock,Pickup Truck,Superficial,N,Stopped in Traffic Lane,2015-02-20 10:41,41,38.98877301,-76.50593787,1,2,좌회전 차선 사고,기타
71,N,Apparently Normal,No Misuse,Y,No Injury,9cc9b469-154a-4a78-8957-a0753681dd6f,D,AB4518002L,Shoulder/Lap Belt(s),F,eaa5a9e4-dda0-4e0c-a8b6-c621aca27764,Same Direction Rear End,N,Intersection Related,Right Turn Lane,Daylight,No Defects,"Two-way, Not Divided",Wet,Cloudy,Twelve o'clock,Passenger Car,Disabling,N,Moving Constant Speed,2015-03-25 11:41,20,38.96626925,-76.51178509,4,2,빗길사고,동일 방향 운행 중 추돌 사고
72,N,Apparently Normal,No Misuse,N,No Injury,1409ca72-c94a-453b-914d-0480536bf5cd,D,AB4518002L,Shoulder/Lap Belt(s),M,4908402b-83d0-4e56-bc5e-99d897d9e049,Same Direction Rear End,N,Intersection Related,Right Turn Lane,Daylight,No Defects,"Two-way, Not Divided",Wet,Cloudy,Six o'clock,Passenger Car,Functional,N,Stopped in Traffic Lane,2015-03-25 11:41,35,38.96626925,-76.51178509,4,3,빗길사고,기타
73,N,Apparently Normal,No Misuse,N,No Injury,a5223221-abfa-47fe-9787-ba8f5daa65e2,D,AB4518002L,Shoulder/Lap Belt(s),M,5d61da4a-b43d-4389-b0ee-2741aa255453,Same Direction Rear End,N,Intersection Related,Right Turn Lane,Daylight,No Defects,"Two-way, Not Divided",Wet,Cloudy,Six o'clock,Van,Functional,N,Stopped in Traffic Lane,2015-03-25 11:41,18,38.96626925,-76.51178509,4,3,빗길사고,기타
74,N,Apparently Normal,No Misuse,N,No Injury,3a7ed9a7-a94a-463a-9afa-818c9804c41e,D,AB46300009,Shoulder/Lap Belt(s),F,3970af5c-d74d-4441-ae01-da408b8ea75c,Same Movement Angle,N,Intersection,Right Turn Lane,Daylight,No Defects,"Two-way, Not Divided",Dry,Clear,Twelve o'clock,Van,Disabling,N,Moving Constant Speed,2015-03-19 18:13,38,38.97559169,-76.5061605,3,0,우회전 차선 사고,기타
75,N,Apparently Normal,No Misuse,N,No Injury,b7d1b8d0-b05a-4c4f-b2d0-36e2a1939938,D,AB46300009,Shoulder/Lap Belt(s),M,1624d1e3-c585-4653-8d6c-7fe21e034520,Same Movement Angle,N,Intersection,Right Turn Lane,Daylight,No Defects,"Two-way, Not Divided",Dry,Clear,Eleven o'clock,Passenger Car,Superficial,N,Slowing or Stopping,2015-03-19 18:13,53,38.97559169,-76.5061605,3,0,우회전 차선 사고,기타
76,N,Apparently Normal,No Misuse,Y,No Injury,9e563f5f-185e-42ee-afc4-c9cc1340194d,D,AB46300009,Shoulder/Lap Belt(s),M,27c01237-55f3-4bef-bbdf-67bcd055b479,Same Movement Angle,N,Intersection,Right Turn Lane,Daylight,No Defects,"Two-way, Not Divided",Dry,Clear,Nine o'clock,Passenger Car,Disabling,N,Accelerating,2015-03-19 18:13,27,38.97559169,-76.5061605,3,0,우회전 차선 사고,기타
77,N,Apparently Normal,No Misuse,Y,No Injury,804e6b57-351e-443b-a06e-aeba7c1badc0,D,AB48900004,Shoulder/Lap Belt(s),F,a7fd99ac-197c-4e53-87ce-f3e4eb5911e6,Single Vehicle ,N,Non Intersection,Right Turn Lane,Daylight,No Defects,"Two-way, Divided, Unprotected (painted >4 feet) Median",Ice,Wintry Mix,Roof Top,Passenger Car,Disabling,N,Slowing or Stopping,2015-02-22 8:53,54,38.98741788,-76.52555823,0,1,눈길사고,등속 주행 사고
78,N,Apparently Normal,No Misuse,Y,No Injury,7d4fdb54-437d-4b66-a26a-185536c76507,D,AB54440007,Shoulder/Lap Belt(s),F,48d746ee-72a8-469f-a6c7-60cf2d956bd6,Same Direction Rear End,N,Non Intersection,Right Turn Lane,Dark No Lights,No Defects,"Two-way, Not Divided",Dry,Clear,Twelve o'clock,Passenger Car,Disabling,N,Moving Constant Speed,2015-01-23 1:24,30,38.98304793,-76.49123669,2,3,기타,등속 주행 중 측면 추돌 사고
79,N,Apparently Normal,No Misuse,N,No Injury,be122eb6-483a-4631-8585-1157cf9facea,D,AB5469000D,Shoulder/Lap Belt(s),F,5174681d-7d8c-4ba4-b6ab-2a7299613174,Same Direction Rear End,N,Non Intersection,Right Turn Lane,Daylight,No Defects,"Two-way, Not Divided",Dry,Clear,Six o'clock,(Sport) Utility Vehicle,Superficial,N,Slowing or Stopping,2015-02-19 15:19,54,38.97339804,-76.52443171,2,1,기타,등속 주행 사고
80,N,Apparently Normal,No Misuse,Y,No Injury,66a23599-bc5e-4e6d-b7d9-1cf2a0c65265,D,AB5469000D,Shoulder/Lap Belt(s),F,3ac754f2-ac83-4298-8369-834feec8f94d,Same Direction Rear End,N,Non Intersection,Right Turn Lane,Daylight,No Defects,"Two-way, Not Divided",Dry,Clear,Twelve o'clock,Passenger Car,Superficial,N,Slowing or Stopping,2015-02-19 15:19,33,38.97339804,-76.52443171,2,1,기타,등속 주행 사고
81,N,Apparently Normal,No Misuse,Y,No Injury,423e2663-3868-4cdf-ac54-72437d641701,D,AB5478000N,Shoulder/Lap Belt(s),F,54021e4c-6b79-4d39-b874-33a65096c710,Same Movement Angle,N,Intersection,Right Turn Lane,Daylight,No Defects,"Two-way, Divided, Positive Median Barrier",Dry,Cloudy,Twelve o'clock,(Sport) Utility Vehicle,Disabling,N,Making Left Turn,2015-02-14 11:06,37,38.96931917,-76.51977539,3,0,우회전 차선 사고,기타
82,N,Apparently Normal,No Misuse,N,No Injury,18bd5114-4544-4cbe-af72-a6452a0f9668,D,AB5478000N,Shoulder/Lap Belt(s),M,3aa2598d-4976-4c16-819c-4f0dfc2b5296,Same Movement Angle,N,Intersection,Right Turn Lane,Daylight,No Defects,"Two-way, Divided, Positive Median Barrier",Dry,Cloudy,Twelve o'clock,(Sport) Utility Vehicle,Disabling,N,Moving Constant Speed,2015-02-14 11:06,39,38.96931917,-76.51977539,3,0,우회전 차선 사고,기타
83,N,Apparently Normal,No Misuse,N,No Injury,49ae7d8e-d85c-4b31-b7e9-14f6e6c63db3,D,AB54800008,Shoulder/Lap Belt(s),F,ee150c55-e644-4dd8-93d4-58184d423cfc,Same Movement Angle,N,Intersection,Deceleration Lane,Dark Lights On,No Defects,"Two-way, Not Divided",Dry,Clear,Twelve o'clock,(Sport) Utility Vehicle,Superficial,N,Moving Constant Speed,2015-01-05 17:43,46,38.94957212,-76.49144053,3,0,우회전 차선 사고,기타
84,N,Apparently Normal,No Misuse,N,No Injury,64e8f9a4-e9cb-4e52-82fb-dd58f3bcec8b,D,AB5480000B,Shoulder/Lap Belt(s),F,7b56f33e-e474-4b99-a997-669739b5b3dc,Same Direction Rear End,N,Non Intersection,Left Turn Lane,Dusk,No Defects,"Two-way, Not Divided",Dry,Cloudy,Six o'clock,Passenger Car,Disabling,N,Stopped in Traffic Lane,2015-01-09 17:15,32,38.9661827,-76.51544094,1,2,좌회전 차선 사고,기타
85,N,Apparently Normal,No Misuse,Y,No Injury,856d0b4a-cfa3-47c6-a2d5-c49516619929,D,AB5480000B,Shoulder/Lap Belt(s),F,1aaf4023-0f17-4543-b6af-9cc811c2f7b1,Same Direction Rear End,N,Non Intersection,Left Turn Lane,Dusk,No Defects,"Two-way, Not Divided",Dry,Cloudy,Twelve o'clock,Passenger Car,Disabling,N,Moving Constant Speed,2015-01-09 17:15,34,38.9661827,-76.51544094,1,0,좌회전 차선 사고,등속 주행 중 측면 추돌 사고
86,N,Apparently Normal,No Misuse,N,No Injury,d1d06ce9-534b-496f-a1b0-11517cca5b01,D,AB5480000B,Shoulder/Lap Belt(s),M,dc788d0f-d001-42ca-82e8-1ad91ee55d74,Same Direction Rear End,N,Non Intersection,Left Turn Lane,Dusk,No Defects,"Two-way, Not Divided",Dry,Cloudy,Six o'clock,(Sport) Utility Vehicle,Superficial,N,Stopped in Traffic Lane,2015-01-09 17:15,60,38.9661827,-76.51544094,1,2,좌회전 차선 사고,기타
87,N,Apparently Normal,No Misuse,Y,No Injury,f817c3df-e266-4819-ad07-dc64893fd26c,D,AC08260002,Shoulder/Lap Belt(s),F,0bc28d64-fe7a-4a52-b860-8a818428ade4,Head On Left Turn,N,Intersection,Right Turn Lane,Daylight,No Defects,"Two-way, Divided, Positive Median Barrier",Dry,Cloudy,Five o'clock,Passenger Car,Functional,N,Making Left Turn,2015-03-19 17:04,32,39.15254411,-76.72036171,3,1,우회전 차선 사고,등속 주행 중 측면 추돌 사고
88,N,Apparently Normal,No Misuse,N,No Injury,61836a8b-9492-45e6-a535-1b2e87733c94,D,AC09240019,Shoulder/Lap Belt(s),F,0ce00a82-ded6-4e96-9726-f98c5179198f,Same Direction Rear End,N,Intersection,Right Turn Lane,Dark Lights On,No Defects,"Two-way, Divided, Positive Median Barrier",Wet,Cloudy,Six o'clock,(Sport) Utility Vehicle,Disabling,N,Slowing or Stopping,2015-02-18 18:52,55,39.11869908,-76.518327,4,3,빗길사고,기타
89,N,Apparently Normal,No Misuse,N,No Injury,69eb6180-77b8-44be-8a69-b2bda9097a19,D,AC09240019,Shoulder/Lap Belt(s),M,a807f35c-9496-408b-8dd2-404a67caa0f1,Same Direction Rear End,N,Intersection,Right Turn Lane,Dark Lights On,No Defects,"Two-way, Divided, Positive Median Barrier",Wet,Cloudy,Six o'clock,Passenger Car,Functional,N,Slowing or Stopping,2015-02-18 18:52,36,39.11869908,-76.518327,4,3,빗길사고,기타
90,N,Apparently Normal,No Misuse,Y,No Injury,f2e9dc71-4b21-4470-9030-175c8c09f73a,D,AC09240019,Shoulder/Lap Belt(s),M,774274b2-9db2-4221-890d-086147947bca,Same Direction Rear End,N,Intersection,Right Turn Lane,Dark Lights On,No Defects,"Two-way, Divided, Positive Median Barrier",Wet,Cloudy,Twelve o'clock,Pickup Truck,Disabling,N,Skidding,2015-02-18 18:52,45,39.11869908,-76.518327,4,3,빗길사고,기타
91,N,Apparently Normal,No Misuse,N,No Injury,7b01f2f7-dfb9-4560-bdd5-cce97aeec440,D,AC0937000W,Shoulder/Lap Belt(s),F,b10a598b-d23d-437c-a8ba-8d812ec70c36,Same Direction Rear End,N,Non Intersection,Right Turn Lane,Daylight,No Defects,"Two-way, Divided, Positive Median Barrier",Dry,Clear,Six o'clock,(Sport) Utility Vehicle,Disabling,N,Slowing or Stopping,2015-03-21 16:37,53,39.05298484,-76.62826538,2,1,기타,등속 주행 사고
92,N,Apparently Normal,No Misuse,N,No Injury,2b87389e-8dc6-4192-92a1-daacbf4bbc24,D,AC0985000N,Shoulder/Lap Belt(s),F,8cd8a8ab-cb04-45a1-a0db-87ad2e90f36d,Same Direction Sideswipe,N,Non Intersection,Right Turn Lane,Daylight,No Defects,"Two-way, Not Divided",Ice,Snow,Eleven o'clock,Passenger Car,Disabling,N,Slowing or Stopping,2015-02-15 11:10,60,39.07924333,-76.70262667,0,1,눈길사고,등속 주행 사고
93,N,Apparently Normal,No Misuse,Y,No Injury,d660738a-45c0-4742-b04f-278165b29165,D,AC0985000N,Shoulder/Lap Belt(s),F,08a1b1e5-b1dd-4120-9e71-4fc546263af5,Same Direction Sideswipe,N,Non Intersection,Right Turn Lane,Daylight,No Defects,"Two-way, Not Divided",Ice,Snow,One o'clock,(Sport) Utility Vehicle,Disabling,N,Slowing or Stopping,2015-02-15 11:10,18,39.07924333,-76.70262667,0,1,눈길사고,등속 주행 사고
94,N,Apparently Normal,No Misuse,Y,No Injury,62f43fb4-c2d2-450f-a4bf-f2f1f863d790,D,AC1028000N,Shoulder/Lap Belt(s),F,f201451d-0241-4c64-93ef-9ae5e20da8ea,Same Direction Rear End,N,Intersection,Right Turn Lane,Daylight,No Defects,"Two-way, Not Divided",Dry,Clear,Twelve o'clock,Passenger Car,Superficial,Y,Stopped in Traffic Lane,2015-03-02 16:46,86,39.16440724,-76.62431717,3,3,우회전 차선 사고,동일 방향 운행 중 추돌 사고
95,N,Apparently Normal,No Misuse,Y,No Injury,fe70331b-c7ab-4e2a-b5e4-250efc4f23b0,D,AC1028000N,Shoulder/Lap Belt(s),F,fd146b68-a2f2-44fb-835d-d8fedab533b3,Same Direction Rear End,N,Intersection,Right Turn Lane,Daylight,No Defects,"Two-way, Not Divided",Dry,Clear,Six o'clock,Passenger Car,Functional,Y,Stopped in Traffic Lane,2015-03-02 16:46,31,39.16440724,-76.62431717,3,3,우회전 차선 사고,동일 방향 운행 중 추돌 사고
96,N,Apparently Normal,No Misuse,N,No Injury,334357f6-515c-4584-bb34-8f83c2d27121,D,AC1048000P,Shoulder/Lap Belt(s),F,444c15bc-33b1-44cc-add5-516a33dd998c,Same Direction Rear End,N,Non Intersection,Left Turn Lane,Dusk,No Defects,"Two-way, Divided, Unprotected (painted >4 feet) Median",Dry,Clear,Six o'clock,Pickup Truck,Functional,N,Stopped in Traffic Lane,2015-01-28 17:19,24,39.0582232,-76.5284338,1,2,좌회전 차선 사고,기타
97,N,Apparently Normal,No Misuse,N,No Injury,11c96545-8dfc-41a0-aadb-82b799125781,D,AC1048000P,Shoulder/Lap Belt(s),F,fb73793f-1ef1-4158-93c8-5b826d92e008,Same Direction Rear End,N,Non Intersection,Left Turn Lane,Dusk,No Defects,"Two-way, Divided, Unprotected (painted >4 feet) Median",Dry,Clear,Six o'clock,Passenger Car,Superficial,N,Stopped in Traffic Lane,2015-01-28 17:19,20,39.0582232,-76.5284338,1,2,좌회전 차선 사고,기타
98,N,Apparently Normal,No Misuse,Y,No Injury,a593ffc2-59e6-41ee-b437-49c66be2edc7,D,AC1048000P,Shoulder/Lap Belt(s),F,9ef07acf-403d-47f5-a414-5c38d9413db7,Same Direction Rear End,N,Non Intersection,Left Turn Lane,Dusk,No Defects,"Two-way, Divided, Unprotected (painted >4 feet) Median",Dry,Clear,Twelve o'clock,(Sport) Utility Vehicle,Disabling,N,Slowing or Stopping,2015-01-28 17:19,19,39.0582232,-76.5284338,1,3,좌회전 차선 사고,감속 중 사고
99,N,Apparently Normal,No Misuse,N,No Injury,8685be25-fb79-4b31-b520-959262573274,D,AC1048000Q,Shoulder/Lap Belt(s),F,5c9842ce-87eb-46a9-b87b-dabdadb15cd2,Same Direction Rear End,N,Intersection Related,Acceleration Lane,Daylight,No Defects,"Two-way, Divided, Unprotected (painted >4 feet) Median",Dry,Clear,Six o'clock,Passenger Car,Functional,N,Starting From Lane,2015-02-05 7:47,25,38.99649057,-76.48285678,1,3,좌회전 차선 사고,감속 중 사고
100,N,Apparently Normal,No Misuse,N,No Injury,8f22ae92-9149-4c66-aed0-71e30f3ccb98,D,AC1048000Q,Shoulder/Lap Belt(s),M,83813a86-3545-44bd-89f9-7ee394eaf8e9,Same Direction Rear End,N,Intersection Related,Acceleration Lane,Daylight,No Defects,"Two-way, Divided, Unprotected (painted >4 feet) Median",Dry,Clear,Six o'clock,Van,Superficial,N,Starting From Lane,2015-02-05 7:47,33,38.99649057,-76.48285678,1,3,좌회전 차선 사고,감속 중 사고
101,N,Apparently Normal,No Misuse,Y,No Injury,a1067085-2d90-4a84-8066-6d155d0fc860,D,AC1048000Q,Shoulder/Lap Belt(s),M,b5a3dcb7-2d74-4f10-b90d-0fd14decc297,Same Direction Rear End,N,Intersection Related,Acceleration Lane,Daylight,No Defects,"Two-way, Divided, Unprotected (painted >4 feet) Median",Dry,Clear,Twelve o'clock,Pickup Truck,Functional,N,Moving Constant Speed,2015-02-05 7:47,34,38.99649057,-76.48285678,1,0,좌회전 차선 사고,등속 주행 중 측면 추돌 사고
102,N,Apparently Normal,No Misuse,Y,No Injury,11fce3da-f099-4824-85ec-550267358634,D,AC1048000W,Shoulder/Lap Belt(s),F,d64cc9ee-fed5-4d94-97f0-5c469d5d337f,Same Direction Left Turn,N,Non Intersection,Right Turn Lane,Daylight,No Defects,"Two-way, Divided, Positive Median Barrier",Dry,Clear,Eight o'clock,Passenger Car,Functional,N,Changing Lanes,2015-03-26 16:26,73,39.05833422,-76.52811575,2,0,기타,자차 사고
103,N,Apparently Normal,No Misuse,N,No Injury,6f41784e-d1b0-4663-932b-169cd5400f8c,D,AC1048000W,Shoulder/Lap Belt(s),M,77fa2349-156e-4a29-89e8-8c8b5a5e5f99,Same Direction Left Turn,N,Non Intersection,Right Turn Lane,Daylight,No Defects,"Two-way, Divided, Positive Median Barrier",Dry,Clear,One o'clock,"Other Light Trucks (10,000 lbs (4,536 kg))",Functional,N,Moving Constant Speed,2015-03-26 16:26,39,39.05833422,-76.52811575,2,2,기타,기타
104,N,Apparently Normal,No Misuse,Y,No Injury,d4b5ea41-0c1a-4a98-ad88-dda859a806ba,D,AC1061000G,Shoulder/Lap Belt(s),F,e4403ab3-0384-4295-83ec-88893cd1880d,Head On Left Turn,N,Intersection,Right Turn Lane,Dark Lights On,No Defects,"Two-way, Divided, Positive Median Barrier",Dry,Clear,Twelve o'clock,Passenger Car,Functional,N,Moving Constant Speed,2015-01-31 5:05,31,39.15938582,-76.71835675,3,2,우회전 차선 사고,기타
105,N,Apparently Normal,No Misuse,Y,No Injury,e3486618-4b1c-4e56-9005-caef1e7477b1,D,AC1075000P,Shoulder/Lap Belt(s),F,abd1e91b-8ca7-4e65-b2ee-bc4fe64dc702,Single Vehicle ,N,Non Intersection,Right Turn Lane,Dark Lights On,No Defects,"Two-way, Divided, Positive Median Barrier",Snow,Snow,Twelve o'clock,Passenger Car,Functional,N,Moving Constant Speed,2015-01-06 6:28,45,39.1668491,-76.6400989,0,0,눈길사고,감속 중 사고
106,N,Apparently Normal,No Misuse,N,No Injury,83521d07-edef-4dc3-90b8-5a3b7a5b7447,D,AC10820007,Shoulder/Lap Belt(s),F,9fd925b3-4a52-47fb-ad56-bf2ca4ccda7a,Same Direction Rear End,N,Non Intersection,Left Turn Lane,Daylight,No Defects,"Two-way, Divided, Unprotected (painted >4 feet) Median",Dry,Clear,Five o'clock,Passenger Car,Superficial,N,Stopped in Traffic Lane,2015-02-11 8:50,33,39.16370848,-76.72319412,1,2,좌회전 차선 사고,기타
107,N,Apparently Normal,No Misuse,N,No Injury,5cbd7cac-3844-4de6-9c06-c00a997e25e6,D,AC10820007,Shoulder/Lap Belt(s),F,1e168b6b-fc5c-4231-a8d6-ed20cf650986,Same Direction Rear End,N,Non Intersection,Left Turn Lane,Daylight,No Defects,"Two-way, Divided, Unprotected (painted >4 feet) Median",Dry,Clear,Six o'clock,Passenger Car,Functional,N,Stopped in Traffic Lane,2015-02-11 8:50,21,39.16370848,-76.72319412,1,2,좌회전 차선 사고,기타
108,N,Apparently Normal,No Misuse,Y,No Injury,d42588f5-d488-4b67-8f30-4037e0cc66a6,D,AC10820007,Shoulder Belt Only,F,eed09136-69a8-40e6-bb82-b492ccc35863,Same Direction Rear End,N,Non Intersection,Left Turn Lane,Daylight,No Defects,"Two-way, Divided, Unprotected (painted >4 feet) Median",Dry,Clear,Twelve o'clock,Passenger Car,Disabling,N,Slowing or Stopping,2015-02-11 8:50,37,39.16370848,-76.72319412,1,3,좌회전 차선 사고,감속 중 사고
109,N,Apparently Normal,No Misuse,N,No Injury,9b21a277-2637-48be-b10c-18f495ac85ef,D,AC1084000P,Shoulder/Lap Belt(s),F,d5dcc4fa-464d-49c9-919d-007f4a85ebd9,Same Direction Rear End,N,Intersection Related,Right Turn Lane,Daylight,No Defects,One-way Trafficway,Wet,Raining,Six o'clock,Passenger Car,Disabling,N,Stopped in Traffic Lane,2015-01-03 13:13,45,39.15867508,-76.71698082,4,3,빗길사고,기타
110,N,Apparently Normal,No Misuse,Y,No Injury,b858df09-eff4-4105-ab86-2889b96a9396,D,AC1084000P,Shoulder/Lap Belt(s),F,493fecb5-df40-48d8-8e32-bd4169608408,Same Direction Rear End,N,Intersection Related,Right Turn Lane,Daylight,No Defects,One-way Trafficway,Wet,Raining,Twelve o'clock,Passenger Car,Disabling,N,Slowing or Stopping,2015-01-03 13:13,51,39.15867508,-76.71698082,4,3,빗길사고,기타