KEY_INDEX,CDL_FLAG,CONDITION_CODE,EQUIP_PROB_CODE,FAULT_FLAG,INJ_SEVER_CODE,PERSON_ID,PERSON_TYPE,REPORT_NO,SAF_EQUIP_CODE,SEX_CODE,VEHICLE_ID,COLLISION_TYPE_CODE,C_M_ZONE_FLAG,JUNCTION_CODE,LANE_CODE,LIGHT_CODE,RD_COND_CODE,RD_DIV_CODE,SURF_COND_CODE,WEATHER_CODE,AREA_DAMAGED_CODE_MAIN,BODY_TYPE_CODE,DAMAGE_CODE,HIT_AND_RUN_FLAG,MOVEMENT_CODE,TIME,AGE,LATITUDE,LONGITUDE,CLUSTER,SECOND_LABEL,FIRST_LABEL,SECOND_LABELING
164,N,Apparently Normal,No Misuse,Y,No Injury,fa737d31-1137-49d6-870a-6c24e3ca0e00,D,AC14120016,Shoulder Belt Only,M,50caf655-5a41-49ab-b5cb-bb8c3a9610bb,Same Direction Rear End,N,Intersection Related,Right Turn Lane,Daylight,No Defects,"Two-way, Divided, Positive Median Barrier",Dry,Clear,Twelve o'clock,Passenger Car,Disabling,N,Moving Constant Speed,2015-03-17 8:33,20,39.03351333,-76.507605,3,2,우회전 차선 사고,기타
165,N,Apparently Normal,No Misuse,N,No Injury,801d6f90-0874-406c-8665-434393c9d363,D,AC14120017,Shoulder/Lap Belt(s),F,465b8b94-eed0-4b7c-9d3b-0e2d12bbfc3a,Same Direction Rear End,N,Intersection Related,Acceleration Lane,Daylight,No Defects,"Two-way, Divided, Positive Median Barrier",Dry,Clear,Six o'clock,Passenger Car,Superficial,N,Stopped in Traffic Lane,2015-03-17 14:32,35,39.09496667,-76.62304667,1,2,좌회전 차선 사고,기타
166,N,Apparently Normal,No Misuse,Y,No Injury,e6471150-1356-4f58-8583-11f0c70dd058,D,AC14120017,Shoulder/Lap Belt(s),M,8f634cc9-e916-40d4-8eab-94bca0d46e64,Same Direction Rear End,N,Intersection Related,Acceleration Lane,Daylight,No Defects,"Two-way, Divided, Positive Median Barrier",Dry,Clear,Twelve o'clock,Passenger Car,Superficial,N,Negotiating a Curve,2015-03-17 14:32,54,39.09496667,-76.62304667,1,3,좌회전 차선 사고,감속 중 사고
167,N,Apparently Normal,No Misuse,Y,No Injury,3219c5b7-ae4d-4b1c-9b9f-e30565ecfe29,D,AC14120018,Shoulder/Lap Belt(s),F,0c410812-699c-4b82-a9b7-ab8aae53cfad,Same Direction Rear End,N,Intersection,Right Turn Lane,Daylight,No Defects,"Two-way, Not Divided",Dry,Clear,Twelve o'clock,Passenger Car,Superficial,N,Starting From Lane,2015-03-24 18:49,21,39.09609,-76.62401167,3,3,우회전 차선 사고,동일 방향 운행 중 추돌 사고
168,N,Apparently Normal,No Misuse,N,Non-incapacitating Injury,019bd3f7-017d-4c67-9f8d-827885e93c0a,D,AC14120018,Shoulder/Lap Belt(s),F,e299d8d5-c523-48e3-a859-5061918bfba8,Same Direction Rear End,N,Intersection,Right Turn Lane,Daylight,No Defects,"Two-way, Not Divided",Dry,Clear,Six o'clock,Passenger Car,Superficial,N,Slowing or Stopping,2015-03-24 18:49,35,39.09609,-76.62401167,3,3,우회전 차선 사고,동일 방향 운행 중 추돌 사고
169,N,Apparently Normal,No Misuse,N,No Injury,e1df0140-0422-4d46-b74e-2245a298d647,D,AC1414000K,Shoulder/Lap Belt(s),F,15b2aa3f-58db-45c0-843c-dc2bdc0c5285,Same Direction Rear End,N,Non Intersection,Right Turn Lane,Daylight,No Defects,"Two-way, Not Divided",Dry,Cloudy,Six o'clock,Passenger Car,Disabling,N,Stopped in Traffic Lane,2015-02-06 14:32,82,39.15054523,-76.52154833,2,0,기타,자차 사고
170,N,Apparently Normal,No Misuse,N,No Injury,995853f9-e9f8-41d0-8c33-8876d81989f1,D,AC1414000K,Shoulder/Lap Belt(s),F,1b4f2bb9-0f28-4b7d-9a9c-1f177043176c,Same Direction Rear End,N,Non Intersection,Right Turn Lane,Daylight,No Defects,"Two-way, Not Divided",Dry,Cloudy,Six o'clock,Passenger Car,Functional,N,Stopped in Traffic Lane,2015-02-06 14:32,22,39.15054523,-76.52154833,2,0,기타,자차 사고
171,N,Apparently Normal,No Misuse,Y,No Injury,3bbe6e67-4179-4a5c-86d4-23cdf7eed412,D,AC1414000K,Shoulder/Lap Belt(s),F,5db0566e-142c-4854-b842-98fa47fb0231,Same Direction Rear End,N,Non Intersection,Right Turn Lane,Daylight,No Defects,"Two-way, Not Divided",Dry,Cloudy,Twelve o'clock,Passenger Car,Disabling,N,Slowing or Stopping,2015-02-06 14:32,26,39.15054523,-76.52154833,2,1,기타,등속 주행 사고
172,N,Apparently Normal,No Misuse,Y,No Injury,0994fe9e-45bc-4061-8dcd-dfe452a42bd3,D,AC1426001D,Shoulder/Lap Belt(s),F,c0d21aaf-7cd8-427f-8b9b-5706fe43aa98,Single Vehicle ,N,Non Intersection,Deceleration Lane,Daylight,No Defects,One-way Trafficway,Dry,Cloudy,Twelve o'clock,Passenger Car,Disabling,N,Moving Constant Speed,2015-01-15 8:18,35,39.08024537,-76.54880897,1,0,좌회전 차선 사고,등속 주행 중 측면 추돌 사고
173,N,Apparently Normal,No Misuse,N,No Injury,e21f1d7c-915c-490e-b03c-01c97c010920,D,AC1446000K,Shoulder/Lap Belt(s),F,69f5ece1-d960-470d-83ed-1e0ebf423a8b,Same Direction Rear End,N,Non Intersection,Right Turn Lane,Dawn,No Defects,"Two-way, Not Divided",Wet,Wintry Mix,Six o'clock,(Sport) Utility Vehicle,Functional,N,Stopped in Traffic Lane,2015-01-09 6:50,57,38.79125553,-76.65693283,4,3,빗길사고,기타
174,N,Apparently Normal,No Misuse,Y,No Injury,f1024656-6ee8-48ee-a1d1-6b456f21ec8c,D,AC1446000K,Shoulder/Lap Belt(s),M,86517c0d-2fde-45cb-84e7-58a480d9c661,Same Direction Rear End,N,Non Intersection,Right Turn Lane,Dawn,No Defects,"Two-way, Not Divided",Wet,Wintry Mix,Twelve o'clock,Passenger Car,Disabling,N,Skidding,2015-01-09 6:50,59,38.79125553,-76.65693283,4,3,빗길사고,기타
175,N,Apparently Normal,No Misuse,Y,No Injury,3b01ed0a-c5c9-4b90-8af6-f6c6f6331d71,D,AC14580009,Shoulder/Lap Belt(s),F,06aac73d-413b-40a8-ad50-29f10507e6e6,Same Direction Rear End,N,Non Intersection,Left Turn Lane,Daylight,No Defects,"Two-way, Divided, Unprotected (painted >4 feet) Median",Dry,Cloudy,Twelve o'clock,Passenger Car,Functional,N,Slowing or Stopping,2015-01-22 12:44,19,39.07261142,-76.54110432,1,3,좌회전 차선 사고,감속 중 사고
176,N,Apparently Normal,No Misuse,N,No Injury,44c430a1-2a85-4453-8d92-d3f96615c6f5,D,AC14740009,Shoulder/Lap Belt(s),F,ab5059ed-beaf-4906-8dda-075b9b3335ab,Opposite Direction Sideswipe,N,Intersection,Right Turn Lane,Dark No Lights,No Defects,"Two-way, Not Divided",Dry,Clear,Eleven o'clock,(Sport) Utility Vehicle,Disabling,N,Moving Constant Speed,2015-01-09 23:31,59,38.724725,-76.567235,3,2,우회전 차선 사고,기타
177,N,Apparently Normal,No Misuse,Y,No Injury,8a5f6f62-7d3c-4c7a-b511-9243bde3e15e,D,AC14740009,Shoulder Belt Only,M,f5540368-e5ff-4006-8629-b72d8f34b5b1,Opposite Direction Sideswipe,N,Intersection,Right Turn Lane,Dark No Lights,No Defects,"Two-way, Not Divided",Dry,Clear,Nine o'clock,(Sport) Utility Vehicle,Disabling,N,Starting From Lane,2015-01-09 23:31,18,38.724725,-76.567235,3,1,우회전 차선 사고,등속 주행 중 측면 추돌 사고
178,N,Apparently Normal,No Misuse,N,Possible Incapacitating Injury,9bacc4df-4c3a-42a9-bb9c-cb616f58e29e,D,AC1474000F,Shoulder/Lap Belt(s),F,e4745163-1c22-47a0-8ea5-2ffb6b544631,Same Direction Rear End,N,Non Intersection,Right Turn Lane,Dawn,No Defects,"Two-way, Not Divided",Dry,Clear,Six o'clock,Passenger Car,Disabling,N,Accelerating,2015-03-26 6:58,43,38.78572833,-76.55146833,2,0,기타,자차 사고
179,N,Apparently Normal,No Misuse,N,No Injury,6782f26d-889a-4074-b9ca-52b0dda49088,D,AC1484000L,Shoulder/Lap Belt(s),F,9c61c086-e792-4f5c-b363-d566f114ab08,Single Vehicle ,N,Non Intersection,Right Turn Lane,Dark No Lights,No Defects,"Two-way, Divided, Unprotected (painted >4 feet) Median",Dry,Clear,Seven o'clock,Passenger Car,Superficial,N,Moving Constant Speed,2015-01-01 0:51,21,38.99289167,-76.671265,2,2,기타,기타
180,N,Apparently Normal,No Misuse,Y,No Injury,3ce8dfd5-fbb6-4c4d-988d-da7c77758f5a,D,AC1490000L,Shoulder/Lap Belt(s),F,38288269-7d7f-4db2-8b74-bd33cd7e2ce6,Same Direction Rear End,N,Intersection Related,Right Turn Lane,Dark Lights On,No Defects,"Two-way, Not Divided",Dry,Clear,Twelve o'clock,Passenger Car,Functional,Y,Moving Constant Speed,2015-02-23 18:09,30,39.0120974,-76.68209445,3,2,우회전 차선 사고,기타
181,N,Apparently Normal,No Misuse,N,No Injury,f679bd43-7283-4f93-938e-4e1564d5ab8e,D,AC1490000L,Shoulder/Lap Belt(s),M,7193e2f8-3bb3-44a5-b55a-f7fcf2a35327,Same Direction Rear End,N,Intersection Related,Right Turn Lane,Dark Lights On,No Defects,"Two-way, Not Divided",Dry,Clear,Six o'clock,Passenger Car,Functional,N,Stopped in Traffic Lane,2015-02-23 18:09,36,39.0120974,-76.68209445,3,3,우회전 차선 사고,동일 방향 운행 중 추돌 사고
182,N,Apparently Normal,No Misuse,N,No Injury,d70602e7-fad3-4467-8248-e176a863950f,D,AC1492000L,Shoulder/Lap Belt(s),F,64474a36-c353-4ad5-a0a2-98658d1d659e,Same Direction Rear End Left Turn,N,Non Intersection,Acceleration Lane,Daylight,No Defects,"Two-way, Divided, Positive Median Barrier",Ice,Sleet,Six o'clock,Passenger Car,Functional,N,Moving Constant Speed,2015-02-10 7:15,53,38.98895439,-76.70533597,0,0,눈길사고,감속 중 사고
183,N,Apparently Normal,No Misuse,Y,No Injury,316c86cf-b894-4a62-8832-7a6f2bb85390,D,AC1492000L,Shoulder/Lap Belt(s),F,ce15d01d-d43c-4959-b77f-ad80a61a833c,Same Direction Rear End Left Turn,N,Non Intersection,Acceleration Lane,Daylight,No Defects,"Two-way, Divided, Positive Median Barrier",Ice,Sleet,Twelve o'clock,Passenger Car,Disabling,N,Moving Constant Speed,2015-02-10 7:15,21,38.98895439,-76.70533597,0,0,눈길사고,감속 중 사고
184,N,Apparently Normal,No Misuse,Y,No Injury,8064515a-fab7-4cf3-9452-387ce66038ea,D,AC1503000Z,Shoulder/Lap Belt(s),F,43913341-ae88-4457-8d17-27d2a059a780,Same Direction Rear End,N,Intersection Related,Right Turn Lane,Daylight,No Defects,"Two-way, Not Divided",Wet,Clear,Twelve o'clock,(Sport) Utility Vehicle,Superficial,N,Slowing or Stopping,2015-01-06 12:38,78,39.11906028,-76.59073862,3,3,우회전 차선 사고,동일 방향 운행 중 추돌 사고
185,N,Apparently Normal,No Misuse,N,No Injury,e4b880da-a80e-43f2-8184-780e46c144ca,D,AC1503000Z,Shoulder/Lap Belt(s),M,4418096e-4595-4e79-be17-0bbf4a3aa713,Same Direction Rear End,N,Intersection Related,Right Turn Lane,Daylight,No Defects,"Two-way, Not Divided",Wet,Clear,Six o'clock,Passenger Car,Functional,N,Stopped in Traffic Lane,2015-01-06 12:38,64,39.11906028,-76.59073862,3,3,우회전 차선 사고,동일 방향 운행 중 추돌 사고
186,N,Apparently Normal,No Misuse,Y,No Injury,032b5cff-1529-4398-bbea-5d6604a1a438,D,AC15030014,Shoulder/Lap Belt(s),F,eefba312-e392-4e59-8c23-24bc0e1bf7f0,Same Direction Rear End,N,Non Intersection,Right Turn Lane,Daylight,No Defects,"Two-way, Not Divided",Dry,Clear,Twelve o'clock,Passenger Car,Disabling,N,Slowing or Stopping,2015-02-12 8:00,32,39.08297085,-76.5886834,2,1,기타,등속 주행 사고
187,N,Apparently Normal,No Misuse,N,No Injury,ead56013-e371-488b-8faf-e7c8b4f5d0b2,D,AC15030014,Shoulder/Lap Belt(s),M,3db89434-7b3d-4b58-97f4-7873a707a847,Same Direction Rear End,N,Non Intersection,Right Turn Lane,Daylight,No Defects,"Two-way, Not Divided",Dry,Clear,Six o'clock,Passenger Car,Functional,N,Stopped in Traffic Lane,2015-02-12 8:00,59,39.08297085,-76.5886834,2,0,기타,자차 사고
188,N,Apparently Normal,No Misuse,N,No Injury,06bac2aa-9f9a-4bf7-ad7b-da37ada9b08f,D,AC15030015,Shoulder/Lap Belt(s),F,9dc073a0-9ea0-482a-977e-00a2680e66f1,Same Direction Rear End,N,Intersection Related,Right Turn Lane,Dark Lights On,Foreign Material,"Two-way, Not Divided",Oil,Clear,Six o'clock,Passenger Car,Functional,N,Stopped in Traffic Lane,2015-02-23 18:50,22,39.12976264,-76.55433834,3,3,우회전 차선 사고,동일 방향 운행 중 추돌 사고
189,N,Apparently Normal,No Misuse,N,No Injury,8f37569d-4e3f-4f11-8ce9-07ef8f39f83e,D,AC15030015,Shoulder/Lap Belt(s),M,7aa8da17-6637-4518-ab49-43fd95d0a26a,Same Direction Rear End,N,Intersection Related,Right Turn Lane,Dark Lights On,Foreign Material,"Two-way, Not Divided",Oil,Clear,Six o'clock,(Sport) Utility Vehicle,Functional,N,Stopped in Traffic Lane,2015-02-23 18:50,70,39.12976264,-76.55433834,3,3,우회전 차선 사고,동일 방향 운행 중 추돌 사고
190,N,Apparently Normal,No Misuse,N,No Injury,3675c54a-6481-4996-9314-f3c9a9d6f99c,D,AC15030015,Shoulder/Lap Belt(s),M,76da7a84-7df5-4b24-b2fd-75d72ae8fbbe,Same Direction Rear End,N,Intersection Related,Right Turn Lane,Dark Lights On,Foreign Material,"Two-way, Not Divided",Oil,Clear,Six o'clock,Passenger Car,Functional,N,Stopped in Traffic Lane,2015-02-23 18:50,54,39.12976264,-76.55433834,3,3,우회전 차선 사고,동일 방향 운행 중 추돌 사고
191,N,Apparently Normal,No Misuse,Y,No Injury,c881fd40-b47a-4dea-af98-30eef2fec2b3,D,AC1537000C,Shoulder/Lap Belt(s),F,ef404a9c-0745-483c-b72b-8af8635c36e5,Same Movement Angle,N,Intersection,Right Turn Lane,Dawn,No Defects,"Two-way, Not Divided",Dry,Clear,Twelve o'clock,Passenger Car,Disabling,N,Making Left Turn,2015-03-12 6:57,32,39.14395203,-76.59966158,3,0,우회전 차선 사고,기타
192,N,Apparently Normal,No Misuse,N,No Injury,22a73e61-abd7-4a01-acf4-f5251f666c0e,D,AC1537000C,Shoulder/Lap Belt(s),M,a66ae0cd-cf32-43a7-9609-29282a96b419,Same Movement Angle,N,Intersection,Right Turn Lane,Dawn,No Defects,"Two-way, Not Divided",Dry,Clear,Twelve o'clock,Passenger Car,Disabling,N,Moving Constant Speed,2015-03-12 6:57,30,39.14395203,-76.59966158,3,0,우회전 차선 사고,기타
193,N,Apparently Normal,No Misuse,N,No Injury,5f5880ae-6790-4d5f-9222-a5c69c999dad,D,AC1554000Y,Shoulder/Lap Belt(s),F,1cf766b8-8e39-4f9e-b701-7f304dae3ed4,Same Direction Rear End,N,Intersection Related,Right Turn Lane,Dark Lights On,No Defects,"Two-way, Divided, Positive Median Barrier",Dry,Clear,Six o'clock,Passenger Car,Superficial,N,Moving Constant Speed,2015-01-10 22:55,46,39.09761773,-76.56375305,3,2,우회전 차선 사고,기타
194,N,Apparently Normal,No Misuse,Y,No Injury,597e822e-9cef-43d0-a78d-5d81c7ee6e15,D,AC1554000Y,Shoulder/Lap Belt(s),F,4b82576c-139d-49c7-8a09-980870b87d5e,Same Direction Rear End,N,Intersection Related,Right Turn Lane,Dark Lights On,No Defects,"Two-way, Divided, Positive Median Barrier",Dry,Clear,One o'clock,Passenger Car,Superficial,N,Moving Constant Speed,2015-01-10 22:55,51,39.09761773,-76.56375305,3,2,우회전 차선 사고,기타
195,N,Apparently Normal,No Misuse,N,No Injury,62849495-5a82-4274-9e9c-12c7579669a4,D,AC15540010,Shoulder/Lap Belt(s),F,7fd2de88-a5ce-461c-9030-b767d96a59f3,Same Movement Angle,N,Intersection Related,Right Turn Lane,Daylight,No Defects,"Two-way, Divided, Unprotected (painted >4 feet) Median",Dry,Cloudy,One o'clock,Passenger Car,Disabling,N,Slowing or Stopping,2015-03-27 17:30,80,39.08242266,-76.58492088,3,0,우회전 차선 사고,기타
196,N,Apparently Normal,No Misuse,Y,No Injury,c80e0388-c599-425c-a2f7-7a6ad88b9a1b,D,AC15540010,Shoulder/Lap Belt(s),M,9b4f289c-7a34-4e75-ba76-9fb5f2eb5daa,Same Movement Angle,N,Intersection Related,Right Turn Lane,Daylight,No Defects,"Two-way, Divided, Unprotected (painted >4 feet) Median",Dry,Cloudy,Twelve o'clock,Passenger Car,Functional,N,Making Left Turn,2015-03-27 17:30,33,39.08242266,-76.58492088,3,0,우회전 차선 사고,기타
197,N,Apparently Normal,No Misuse,N,No Injury,246d3f2f-538a-446a-af2e-371a2495b22a,D,AC15610016,Shoulder/Lap Belt(s),F,20a56e98-a305-442e-a00c-8577afe28a09,Head On,N,Non Intersection,Right Turn Lane,Daylight,No Defects,"Two-way, Not Divided",Dry,Clear,Twelve o'clock,Passenger Car,Disabling,N,Stopped in Traffic Lane,2015-01-08 15:57,20,39.13699256,-76.56407475,2,0,기타,자차 사고
198,N,Apparently Normal,No Misuse,Y,No Injury,246218c0-974a-49a1-972e-1ef12b91fd7d,D,AC15610016,Shoulder/Lap Belt(s),F,2ea24248-582c-4746-a7a3-d703ff6a5ca3,Head On,N,Non Intersection,Right Turn Lane,Daylight,No Defects,"Two-way, Not Divided",Dry,Clear,Six o'clock,Van,Functional,N,Backing,2015-01-08 15:57,48,39.13699256,-76.56407475,2,0,기타,자차 사고
199,N,Apparently Normal,No Misuse,N,No Injury,0073dab6-def4-4b96-8d84-53cbbeebef44,D,AC15610017,Shoulder/Lap Belt(s),F,dcebddf5-d8c7-40ea-8d52-22e1246f8996,Same Movement Angle,N,Commercial Driveway,Right Turn Lane,Daylight,No Defects,"Two-way, Not Divided",Dry,Cloudy,Twelve o'clock,(Sport) Utility Vehicle,Disabling,N,Accelerating,2015-01-15 8:44,22,39.02971802,-76.50355405,3,0,우회전 차선 사고,기타
200,N,Apparently Normal,No Misuse,Y,No Injury,56a26ad1-74bf-4ad8-8349-3f4f190deb32,D,AC15610017,Shoulder/Lap Belt(s),M,b1f97126-52a5-4559-967a-a7832d4aef54,Same Movement Angle,N,Commercial Driveway,Right Turn Lane,Daylight,No Defects,"Two-way, Not Divided",Dry,Cloudy,Six o'clock,Pickup Truck,Functional,N,Backing,2015-01-15 8:44,59,39.02971802,-76.50355405,3,0,우회전 차선 사고,기타
201,N,Apparently Normal,No Misuse,Y,No Injury,3f637003-dd13-4389-89be-899b2412108f,D,AC15610018,Shoulder/Lap Belt(s),F,5942fe49-3d4b-4715-814e-58c687dc6abc,Single Vehicle ,N,Non Intersection,Right Turn Lane,Daylight,No Defects,"Two-way, Not Divided",Dry,Cloudy,One o'clock,Passenger Car,Disabling,N,Moving Constant Speed,2015-02-09 14:56,40,39.10078801,-76.55029356,2,2,기타,기타
202,N,Apparently Normal,No Misuse,N,No Injury,f4628c32-4867-43b6-a4b8-29bfe5e12fc2,D,AC15610019,Shoulder/Lap Belt(s),F,b969b1c9-f575-43aa-8b09-8a4f76b74eea,Same Direction Rear End,N,Intersection Related,Right Turn Lane,Daylight,No Defects,"Two-way, Divided, Positive Median Barrier",Dry,Cloudy,Six o'clock,(Sport) Utility Vehicle,Functional,N,Stopped in Traffic Lane,2015-02-11 17:12,51,39.04819208,-76.51949828,3,3,우회전 차선 사고,동일 방향 운행 중 추돌 사고
203,N,Apparently Normal,No Misuse,Y,No Injury,db57a5c9-f52d-4462-b74c-733f1970a161,D,AC15610019,Shoulder/Lap Belt(s),M,c5b83972-6ff0-49bb-a685-6eeaf30e87f6,Same Direction Rear End,N,Intersection Related,Right Turn Lane,Daylight,No Defects,"Two-way, Divided, Positive Median Barrier",Dry,Cloudy,Twelve o'clock,Passenger Car,Disabling,N,Slowing or Stopping,2015-02-11 17:12,57,39.04819208,-76.51949828,3,3,우회전 차선 사고,동일 방향 운행 중 추돌 사고
204,N,Apparently Normal,No Misuse,N,No Injury,fbe695b7-a861-49d2-8757-ecad67d1a305,D,AC1571000B,Shoulder/Lap Belt(s),F,d8a12c4f-fac1-4164-aa6f-d752550695a2,Same Direction Rear End,N,Non Intersection,Right Turn Lane,Daylight,No Defects,"Two-way, Divided, Unprotected (painted >4 feet) Median",Dry,Clear,Six o'clock,Passenger Car,Superficial,N,Slowing or Stopping,2015-01-07 13:47,46,38.90339078,-76.58612251,2,1,기타,등속 주행 사고
205,N,Apparently Normal,No Misuse,Y,No Injury,c59aeae1-6e90-40fa-95c2-36c6ace60515,D,AC1571000B,Shoulder/Lap Belt(s),M,a0b11d2e-85b8-4fc3-a305-15e5d879bf4d,Same Direction Rear End,N,Non Intersection,Right Turn Lane,Daylight,No Defects,"Two-way, Divided, Unprotected (painted >4 feet) Median",Dry,Clear,Twelve o'clock,Pickup Truck,Superficial,N,Slowing or Stopping,2015-01-07 13:47,52,38.90339078,-76.58612251,2,1,기타,등속 주행 사고
206,N,Apparently Normal,No Misuse,N,No Injury,a947b406-67cd-4d4a-b41d-c99ff30678f9,D,AC1571000D,Shoulder/Lap Belt(s),F,9501b97a-8992-42a3-80b2-12407362f771,Same Direction Rear End,N,Non Intersection,Left Turn Lane,Daylight,No Defects,"Two-way, Divided, Positive Median Barrier",Dry,Clear,Six o'clock,Passenger Car,Functional,N,Slowing or Stopping,2015-01-09 13:34,38,38.93364617,-76.56742752,1,3,좌회전 차선 사고,감속 중 사고
207,N,Apparently Normal,No Misuse,Y,No Injury,245e4ad9-7cc6-4d33-8810-ee38b29a86ba,D,AC1571000D,Shoulder/Lap Belt(s),F,1004fa61-be4b-4197-bb5e-ee4cd9db424b,Same Direction Rear End,N,Non Intersection,Left Turn Lane,Daylight,No Defects,"Two-way, Divided, Positive Median Barrier",Dry,Clear,Twelve o'clock,Passenger Car,Disabling,N,Moving Constant Speed,2015-01-09 13:34,31,38.93364617,-76.56742752,1,0,좌회전 차선 사고,등속 주행 중 측면 추돌 사고
208,N,Apparently Normal,No Misuse,Y,No Injury,f3c1d0a5-8aa4-411c-8f33-94d947dade5e,D,AC1571000J,Shoulder/Lap Belt(s),F,c08575e2-5438-4010-8619-e2c7f233c055,Single Vehicle ,N,Intersection,Right Turn Lane,Daylight,No Defects,"Two-way, Not Divided",Ice,Clear,Twelve o'clock,Passenger Car,Disabling,N,Slowing or Stopping,2015-02-15 8:00,33,38.8919347,-76.59665823,3,1,우회전 차선 사고,등속 주행 중 측면 추돌 사고
209,N,Apparently Normal,No Misuse,N,No Injury,4ff8afb1-7bdd-44de-9c51-cbf646ac1d25,D,AC15850001,Shoulder/Lap Belt(s),F,37d1fd39-7bd9-4814-9325-9f65a58889ae,Same Movement Angle,N,Intersection,Right Turn Lane,Daylight,No Defects,"Two-way, Not Divided",Dry,Cloudy,Eleven o'clock,(Sport) Utility Vehicle,Functional,N,Stopped in Traffic Lane,2015-02-11 13:28,48,39.16173696,-76.52287602,3,0,우회전 차선 사고,기타
210,N,Apparently Normal,No Misuse,Y,No Injury,eaa9a1a1-24ec-4b30-91de-812b7b5e6e13,D,AC16050013,Shoulder/Lap Belt(s),F,33ae7088-167e-4ebf-8ebb-b79ab4d14532,Opposite Direction Sideswipe,N,Non Intersection,Right Turn Lane,Dark Lights On,No Defects,"Two-way, Not Divided",Wet,Raining,Eleven o'clock,Station Wagon,Disabling,N,Moving Constant Speed,2015-03-03 17:33,54,39.13939749,-76.64678335,4,2,빗길사고,동일 방향 운행 중 추돌 사고
211,N,Apparently Normal,No Misuse,N,No Injury,62e2ea41-866c-4275-9083-0fb424bf6077,D,AC16200008,Shoulder/Lap Belt(s),F,252b7f27-bad9-43e2-8a37-eda38f3eb16f,Same Direction Rear End,N,Non Intersection,Right Turn Lane,Daylight,No Defects,"Two-way, Not Divided",Dry,Clear,Six o'clock,(Sport) Utility Vehicle,Disabling,N,Slowing or Stopping,2015-03-24 18:11,53,39.16002,-76.51992333,2,1,기타,등속 주행 사고
212,N,Apparently Normal,No Misuse,Y,No Injury,361509b5-c6c0-48bf-be3c-0e5ebc9f2d3e,D,AC16200008,Shoulder/Lap Belt(s),M,0081b845-311b-4899-b53d-72209cd45f81,Same Direction Rear End,N,Non Intersection,Right Turn Lane,Daylight,No Defects,"Two-way, Not Divided",Dry,Clear,Twelve o'clock,Passenger Car,Disabling,N,Slowing or Stopping,2015-03-24 18:11,27,39.16002,-76.51992333,2,1,기타,등속 주행 사고
213,N,Apparently Normal,No Misuse,N,No Injury,cd40011d-45ee-402c-b0c8-42540c74d2e9,D,AC16410011,Shoulder/Lap Belt(s),F,861a8bfb-9b6f-4a2b-a7ed-60044e25c3fe,Same Direction Rear End,N,Non Intersection,Right Turn Lane,Daylight,No Defects,"Two-way, Not Divided",Dry,Clear,Six o'clock,Passenger Car,Disabling,N,Stopped in Traffic Lane,2015-02-25 8:08,43,38.99710522,-76.6724164,2,0,기타,자차 사고
214,N,Apparently Normal,No Misuse,Y,No Injury,27146804-3f9c-4ae6-bbd6-53b67682abca,D,AC16410011,Shoulder/Lap Belt(s),M,d284f02a-aaab-4810-acd6-8505f71536f9,Same Direction Rear End,N,Non Intersection,Right Turn Lane,Daylight,No Defects,"Two-way, Not Divided",Dry,Clear,Twelve o'clock,Passenger Car,Functional,N,Moving Constant Speed,2015-02-25 8:08,45,38.99710522,-76.6724164,2,3,기타,등속 주행 중 측면 추돌 사고
215,N,Apparently Normal,No Misuse,N,No Injury,29276fc1-cf10-4b4e-adb9-941dbb3230f3,D,AC16410012,Shoulder/Lap Belt(s),F,9314ddcc-57a0-4a24-a829-e525d2c86d23,Same Direction Sideswipe,N,Non Intersection,Right Turn Lane,Daylight,No Defects,"Two-way, Not Divided",Dry,Clear,Ten o'clock,Passenger Car,Functional,N,Parked  ,2015-02-27 12:22,38,39.06714293,-76.69954183,2,0,기타,자차 사고
216,N,Apparently Normal,No Misuse,N,No Injury,20281d65-ac9d-49a1-8928-4719c621b4fd,D,AC16410013,Shoulder/Lap Belt(s),F,369a66ad-e36b-4155-985b-bc3b418fe8ab,Same Direction Rear End,N,Non Intersection,Acceleration Lane,Daylight,No Defects,One-way Trafficway,Dry,Clear,Six o'clock,(Sport) Utility Vehicle,Functional,N,Slowing or Stopping,2015-03-25 17:26,31,39.04112437,-76.67140102,1,3,좌회전 차선 사고,감속 중 사고
217,N,Apparently Normal,No Misuse,Y,No Injury,74dd9501-b2e5-4c4a-b99b-c79c95e1f172,D,AC16410013,Shoulder/Lap Belt(s),M,caedd3e2-d1bf-42e2-aeba-1209fec347fb,Same Direction Rear End,N,Non Intersection,Acceleration Lane,Daylight,No Defects,One-way Trafficway,Dry,Clear,Twelve o'clock,Passenger Car,Disabling,N,Moving Constant Speed,2015-03-25 17:26,21,39.04112437,-76.67140102,1,0,좌회전 차선 사고,등속 주행 중 측면 추돌 사고
218,N,Apparently Normal,No Misuse,Y,No Injury,3cad45af-a7ce-4a2d-917e-7ae365ae9188,D,AC16430008,Shoulder/Lap Belt(s),F,d2e62b57-2c25-40c0-8eb6-f249c13cf2b3,Same Direction Right Turn,N,Non Intersection,Right Turn Lane,Dark Lights On,No Defects,"Two-way, Not Divided",Dry,Clear,One o'clock,Passenger Car,Disabling,N,Moving Constant Speed,2015-01-02 18:20,42,39.0971786,-76.81563377,2,2,기타,기타