KEY_INDEX,CDL_FLAG,CONDITION_CODE,EQUIP_PROB_CODE,FAULT_FLAG,INJ_SEVER_CODE,PERSON_ID,PERSON_TYPE,REPORT_NO,SAF_EQUIP_CODE,SEX_CODE,VEHICLE_ID,COLLISION_TYPE_CODE,C_M_ZONE_FLAG,JUNCTION_CODE,LANE_CODE,LIGHT_CODE,RD_COND_CODE,RD_DIV_CODE,SURF_COND_CODE,WEATHER_CODE,AREA_DAMAGED_CODE_MAIN,BODY_TYPE_CODE,DAMAGE_CODE,HIT_AND_RUN_FLAG,MOVEMENT_CODE,TIME,AGE,LATITUDE,LONGITUDE,CLUSTER,SECOND_LABEL,FIRST_LABEL,SECOND_LABELING
219,N,Apparently Normal,No Misuse,N,No Injury,f573b3cc-a0f6-4f84-a895-7041db53fb3c,D,AC16560011,Shoulder/Lap Belt(s),F,c8c79f0a-de62-4f28-b8a0-67b3ca3648d7,Same Direction Sideswipe,N,Non Intersection,Right Turn Lane,Daylight,No Defects,"Two-way, Divided, Positive Median Barrier",Dry,Clear,Three o'clock,Passenger Car,Functional,N,Moving Constant Speed,2015-01-02 16:34,38,39.19062215,-76.61371708,2,2,기타,기타
220,N,Apparently Normal,No Misuse,Y,No Injury,074bfa8b-db63-40f7-9877-0c2178ca3406,D,AC1658000H,Shoulder/Lap Belt(s),F,522ddb0c-69ed-47c7-a2f6-aace12503193,Single Vehicle ,N,Non Intersection,Left Turn Lane,Dark Lights On,No Defects,"Two-way, Not Divided",Dry,Clear,Underside,Pickup Truck,Superficial,N,Passing,2015-02-06 3:20,54,39.17027983,-76.6308403,1,1,좌회전 차선 사고,등속 주행 사고
221,N,Apparently Normal,No Misuse,Y,No Injury,8560b6ed-1876-41be-aabf-f0a948b1390c,D,AC1667000J,Shoulder/Lap Belt(s),F,1118656d-aa8d-4cb9-a47b-0e1b0320c198,Head On Left Turn,N,Crossover Related,Right Turn Lane,Daylight,No Defects,One-way Trafficway,Dry,Clear,Three o'clock,(Sport) Utility Vehicle,Disabling,N,Making Left Turn,2015-02-25 14:23,18,39.13318732,-76.74519715,3,1,우회전 차선 사고,등속 주행 중 측면 추돌 사고
222,N,Apparently Normal,No Misuse,N,No Injury,63ef3d99-5a55-44e9-8df9-7f0d95b74641,D,AC1667000J,Shoulder/Lap Belt(s),M,8c765d50-be32-43f6-a017-fdd6ff6f84f8,Head On Left Turn,N,Crossover Related,Right Turn Lane,Daylight,No Defects,One-way Trafficway,Dry,Clear,Twelve o'clock,Fire Vehicle/Non Emergency,Disabling,N,Moving Constant Speed,2015-02-25 14:23,36,39.13318732,-76.74519715,3,2,우회전 차선 사고,기타
223,N,Apparently Normal,No Misuse,Y,No Injury,32bdec48-eb67-4729-b152-0e8afb394ba4,D,AC1667000N,Shoulder/Lap Belt(s),F,feee1c6d-5f43-49ad-9414-8cab26040f8e,Angle Meets Left Turn,N,Crossover Related,Right Turn Lane,Daylight,No Defects,"Two-way, Divided, Positive Median Barrier",Dry,Clear,One o'clock,Passenger Car,Disabling,N,Making Left Turn,2015-03-13 8:38,41,39.12215756,-76.77829742,3,1,우회전 차선 사고,등속 주행 중 측면 추돌 사고
224,N,Apparently Normal,No Misuse,N,No Injury,ec06b18f-c11c-4a4b-b9fb-281916ec89d2,D,AC1667000N,Shoulder/Lap Belt(s),M,866fabca-0525-4041-aeb9-364b5e880f89,Angle Meets Left Turn,N,Crossover Related,Right Turn Lane,Daylight,No Defects,"Two-way, Divided, Positive Median Barrier",Dry,Clear,Seven o'clock,Passenger Car,Disabling,N,Moving Constant Speed,2015-03-13 8:38,29,39.12215756,-76.77829742,3,2,우회전 차선 사고,기타
225,N,Apparently Normal,No Misuse,N,No Injury,8a7070c1-c137-4fe6-8572-3a5bca6db647,D,AC1667000P,Shoulder/Lap Belt(s),F,94e95eba-d150-4a92-ae18-b9c5acea31fe,Same Direction Rear End,N,Intersection Related,Right Turn Lane,Daylight,No Defects,"Two-way, Not Divided",Dry,Clear,Six o'clock,Passenger Car,Disabling,N,Stopped in Traffic Lane,2015-03-23 12:47,34,39.16269072,-76.66773485,3,3,우회전 차선 사고,동일 방향 운행 중 추돌 사고
226,N,Apparently Normal,No Misuse,N,No Injury,0f2093fa-4294-49d6-8b9b-2adb148e315b,D,AC1667000Q,Shoulder/Lap Belt(s),F,22338d2b-731f-40f4-9f54-aa2b85a74a23,Same Direction Rear End Right Turn,N,Commercial Driveway,Acceleration Lane,Daylight,No Defects,"Two-way, Not Divided",Dry,Clear,Five o'clock,Passenger Car,Disabling,N,Making Right Turn,2015-03-27 16:35,40,39.09925357,-76.83003785,1,1,좌회전 차선 사고,등속 주행 사고
227,N,Apparently Normal,No Misuse,N,No Injury,8c1e6618-0494-41af-a0e0-314594f0478e,D,AC1668000N,Shoulder/Lap Belt(s),F,b80e0073-baae-4c5e-816a-284e139c164b,Same Direction Rear End,N,Non Intersection,Right Turn Lane,Daylight,Foreign Material,"Two-way, Divided, Positive Median Barrier",Snow,Snow,Twelve o'clock,(Sport) Utility Vehicle,Disabling,N,Moving Constant Speed,2015-02-26 8:05,29,39.14957386,-76.70673609,0,3,눈길사고,자차 사고
228,N,Apparently Normal,No Misuse,Y,No Injury,4c812276-7adf-43be-91c0-9d000f89f5d8,D,AC1668000S,Shoulder/Lap Belt(s),F,143e41ed-6121-4e01-b363-e6d94c178ada,Same Movement Angle,N,Intersection,Left Turn Lane,Daylight,No Defects,"Two-way, Divided, Positive Median Barrier",Dry,Clear,Two o'clock,Passenger Car,Functional,N,Accelerating,2015-03-15 14:30,24,39.10820815,-76.71284616,1,1,좌회전 차선 사고,등속 주행 사고
229,N,Apparently Normal,No Misuse,N,No Injury,ed6ff1fa-9889-40c2-a141-aa0a1f51a462,D,AC1668000V,Shoulder/Lap Belt(s),F,e5d05a43-9908-4fdc-82c5-1a2b873ec2ab,Same Direction Rear End,N,Intersection,Right Turn Lane,Dark Lights On,No Defects,"Two-way, Divided, Unprotected (painted >4 feet) Median",Dry,Clear,Six o'clock,Passenger Car,Disabling,N,Making Left Turn,2015-03-22 20:26,24,39.14092134,-76.73063725,3,3,우회전 차선 사고,동일 방향 운행 중 추돌 사고
230,N,Apparently Normal,No Misuse,N,No Injury,f569eb2f-f769-4041-a3fd-87378fd7fb49,D,AC1668000V,Shoulder/Lap Belt(s),M,f9a09eed-868d-4207-a7b0-db0ee050a8c3,Same Direction Rear End,N,Intersection,Right Turn Lane,Dark Lights On,No Defects,"Two-way, Divided, Unprotected (painted >4 feet) Median",Dry,Clear,Ten o'clock,Passenger Car,Disabling,N,Moving Constant Speed,2015-03-22 20:26,40,39.14092134,-76.73063725,3,2,우회전 차선 사고,기타
231,N,Apparently Normal,No Misuse,Y,No Injury,55355408-d470-49d0-a819-33c8ccca1ec5,D,AC1668000V,Shoulder/Lap Belt(s),M,f1af0dcc-3031-4e0b-b2df-8b70c4526e72,Same Direction Rear End,N,Intersection,Right Turn Lane,Dark Lights On,No Defects,"Two-way, Divided, Unprotected (painted >4 feet) Median",Dry,Clear,Twelve o'clock,(Sport) Utility Vehicle,Disabling,N,Moving Constant Speed,2015-03-22 20:26,18,39.14092134,-76.73063725,3,2,우회전 차선 사고,기타
232,N,Apparently Normal,No Misuse,Y,No Injury,08895516-945a-409e-a453-8b9633fa2578,D,AC16690009,Shoulder/Lap Belt(s),F,951059de-3612-48fe-82f3-fa4363dc58af,Single Vehicle ,N,Non Intersection,Right Turn Lane,Dark No Lights,No Defects,"Two-way, Not Divided",Dry,Clear,Twelve o'clock,Passenger Car,Disabling,N,Moving Constant Speed,2015-01-25 1:06,20,38.77710492,-76.59539223,2,2,기타,기타
233,N,Apparently Normal,No Misuse,Y,No Injury,69171c45-2cb6-42ca-9df2-585299cdf301,D,AC1680000F,Shoulder/Lap Belt(s),F,f3dd43c5-aa35-4910-9a2d-98cf929a4b05,Single Vehicle ,N,Non Intersection,Right Turn Lane,Dark Lights On,No Defects,"Two-way, Not Divided",Dry,Cloudy,Four o'clock,"Cargo Van/Light Truck 2 axles (10,000 lbs (4,536 kg) or less)",Superficial,N,Backing,2015-01-27 21:00,49,39.0576504,-76.60416842,2,0,기타,자차 사고
234,N,Apparently Normal,No Misuse,N,No Injury,666a2966-cf2d-4b86-b714-e5c03e232c4d,D,AC1680000G,Shoulder/Lap Belt(s),F,c026e42e-df80-411f-b780-b5786d5a5511,Same Movement Angle,N,Intersection,Left Turn Lane,Daylight,No Defects,"Two-way, Divided, Unprotected (painted >4 feet) Median",Dry,Clear,Twelve o'clock,(Sport) Utility Vehicle,Disabling,N,Moving Constant Speed,2015-01-28 17:05,39,39.10072556,-76.62692428,1,0,좌회전 차선 사고,등속 주행 중 측면 추돌 사고
235,N,Apparently Normal,No Misuse,Y,No Injury,5816c6d7-3a8f-4f92-bcc6-2b634ca11e4d,D,AC1680000G,Shoulder/Lap Belt(s),M,a9f87e09-334a-49a9-9216-2719e53e4e08,Same Movement Angle,N,Intersection,Left Turn Lane,Daylight,No Defects,"Two-way, Divided, Unprotected (painted >4 feet) Median",Dry,Clear,Eight o'clock,Pickup Truck,Disabling,N,Accelerating,2015-01-28 17:05,60,39.10072556,-76.62692428,1,1,좌회전 차선 사고,등속 주행 사고
236,N,Apparently Normal,No Misuse,Y,No Injury,4132c8b4-b6cf-47cf-b0a4-376026056ecd,D,AC1680000J,Shoulder/Lap Belt(s),F,2e3bcc9b-ce47-42ca-9117-0dc12c6f3d92,Same Movement Angle,N,Non Intersection,Right Turn Lane,Daylight,No Defects,"Two-way, Divided, Unprotected (painted >4 feet) Median",Dry,Cloudy,Ten o'clock,All Terrain Vehicle (ATV),Disabling,N,Making U Turn,2015-03-27 16:53,24,39.13340166,-76.62298143,2,0,기타,자차 사고
237,N,Apparently Normal,No Misuse,N,No Injury,f89f2f79-73d5-4b7e-941e-0e3d8669dcc6,D,AC1680000J,Shoulder/Lap Belt(s),M,f78e4cb3-a030-485d-b2fd-3496e95ba6df,Same Movement Angle,N,Non Intersection,Right Turn Lane,Daylight,No Defects,"Two-way, Divided, Unprotected (painted >4 feet) Median",Dry,Cloudy,Twelve o'clock,"Other Light Trucks (10,000 lbs (4,536 kg))",Disabling,N,Moving Constant Speed,2015-03-27 16:53,26,39.13340166,-76.62298143,2,2,기타,기타
238,N,Apparently Normal,No Misuse,Y,No Injury,26789b34-cf38-4678-b869-f66f97797bff,D,AC16810009,Shoulder/Lap Belt(s),F,894d8092-655f-4e47-969f-b889f382282a,Single Vehicle ,N,Non Intersection,Right Turn Lane,Dark No Lights,No Defects,"Two-way, Not Divided",Snow,Snow,Twelve o'clock,Passenger Car,Disabling,N,Moving Constant Speed,2015-01-06 6:16,24,39.09128326,-76.4754653,0,0,눈길사고,감속 중 사고
239,N,Apparently Normal,No Misuse,Y,No Injury,b8101301-7da3-455f-b59f-95cf6b69c236,D,AC16880007,Shoulder/Lap Belt(s),F,47854ec9-4a70-4caf-a17c-876de165ddd2,Same Movement Angle,N,Intersection,Right Turn Lane,Dawn,No Defects,"Two-way, Divided, Positive Median Barrier",Wet,Raining,Twelve o'clock,(Sport) Utility Vehicle,Disabling,N,Moving Constant Speed,2015-03-04 6:18,19,38.99170418,-76.54760599,4,1,빗길사고,자차 사고
240,N,Apparently Normal,No Misuse,N,No Injury,942f4dd7-dff1-4c65-818c-0c5200e0d879,D,AC1697000B,Shoulder/Lap Belt(s),F,e20136ae-6712-4f40-b8e2-3c0921267708,Same Movement Angle,N,Intersection,Right Turn Lane,Dark No Lights,No Defects,"Two-way, Not Divided",Dry,Clear,Twelve o'clock,Passenger Car,Disabling,N,Moving Constant Speed,2015-01-11 17:58,41,39.10437412,-76.65402033,3,0,우회전 차선 사고,기타
241,N,Apparently Normal,No Misuse,N,No Injury,9311d033-7236-4264-8dd2-3d662deef5b5,D,AC1697000C,Shoulder/Lap Belt(s),F,e63ea21b-64d4-4f97-ba13-475493083031,Head On Left Turn,N,Non Intersection,Right Turn Lane,Daylight,No Defects,"Two-way, Not Divided",Dry,Clear,Twelve o'clock,(Sport) Utility Vehicle,Disabling,N,Moving Constant Speed,2015-01-22 14:26,31,39.07492693,-76.68143749,2,2,기타,기타
242,N,Had Been Drinking,No Misuse,Y,No Injury,ed255cf9-b675-4224-9b17-b9b2cd16d676,D,AC1697000C,Shoulder/Lap Belt(s),M,bd561d3f-c1d1-4324-a4e0-0cabe515e836,Head On Left Turn,N,Non Intersection,Right Turn Lane,Daylight,No Defects,"Two-way, Not Divided",Dry,Clear,Three o'clock,Passenger Car,Destroyed,Y,Making Left Turn,2015-01-22 14:26,25,39.07492693,-76.68143749,2,0,기타,자차 사고
243,N,Apparently Normal,No Misuse,Y,No Injury,e5f8ccdc-cb1d-48ca-828b-a00586469835,D,AC1697000D,Shoulder/Lap Belt(s),F,7c72dbfb-dfa1-4824-99b4-82567dd3c7a3,Single Vehicle ,N,Non Intersection,Right Turn Lane,Dark Lights On,No Defects,"Two-way, Not Divided",Slush,Sleet,Eleven o'clock,(Sport) Utility Vehicle,Disabling,N,Moving Constant Speed,2015-01-31 18:40,40,39.12981057,-76.67465687,0,0,눈길사고,감속 중 사고
244,Y,Apparently Normal,No Misuse,Y,No Injury,923d7b63-5045-42cc-bfa8-100dddb3431f,D,AC1697000F,Shoulder/Lap Belt(s),F,7bfb8a06-1b60-4338-b914-190ad8677fb3,Same Direction Sideswipe,N,Intersection,Right Turn Lane,Daylight,No Defects,"Two-way, Not Divided",Dry,Cloudy,Five o'clock,School Bus,Superficial,N,Making Left Turn,2015-02-05 7:40,55,39.11782915,-76.64302055,3,1,우회전 차선 사고,등속 주행 중 측면 추돌 사고
245,N,Apparently Normal,No Misuse,N,No Injury,5571ebf0-93dd-46ef-a3ac-6a7d1da74230,D,AC1697000Q,Shoulder/Lap Belt(s),F,9ebeb673-3988-4a91-9f1b-618bbe4f61a0,Angle Meets Left Turn Head On,N,Commercial Driveway,Right Turn Lane,Daylight,No Defects,"Two-way, Not Divided",Dry,Clear,Twelve o'clock,Passenger Car,Disabling,N,Moving Constant Speed,2015-03-25 15:30,61,39.08120848,-76.68875365,3,2,우회전 차선 사고,기타
246,N,Apparently Normal,No Misuse,Y,No Injury,389febad-d21f-45d1-8daf-e1ed6f486c4d,D,AC1697000Q,Shoulder/Lap Belt(s),M,a1481873-25f6-44dd-a932-041bbf553ab5,Angle Meets Left Turn Head On,N,Commercial Driveway,Right Turn Lane,Daylight,No Defects,"Two-way, Not Divided",Dry,Clear,Nine o'clock,Passenger Car,Disabling,N,Making Left Turn,2015-03-25 15:30,22,39.08120848,-76.68875365,3,1,우회전 차선 사고,등속 주행 중 측면 추돌 사고
247,N,Apparently Normal,No Misuse,Y,No Injury,7c7d7e45-1655-4854-98cd-8557c4efe741,D,AC1736000T,Shoulder/Lap Belt(s),F,ba58d928-785d-474a-9b8a-34ea5d83443a,Same Direction Rear End,N,Intersection Related,Right Turn Lane,Daylight,No Defects,"Two-way, Not Divided",Ice,Clear,Twelve o'clock,Passenger Car,Disabling,N,Slowing or Stopping,2015-02-15 9:52,39,39.04775702,-76.68804305,3,3,우회전 차선 사고,동일 방향 운행 중 추돌 사고
248,N,Apparently Normal,No Misuse,Y,No Injury,19177289-ec66-4593-8190-4e7062050ca5,D,AC1736000T,Shoulder/Lap Belt(s),F,be89844e-6691-4abe-bf1a-63bd905d03c7,Same Direction Rear End,N,Intersection Related,Right Turn Lane,Daylight,No Defects,"Two-way, Not Divided",Ice,Clear,Twelve o'clock,Passenger Car,Disabling,N,Moving Constant Speed,2015-02-15 9:52,19,39.04775702,-76.68804305,3,2,우회전 차선 사고,기타
249,N,Apparently Normal,No Misuse,N,No Injury,0f100a3a-39e5-41bc-b7f1-8ce676d5fe75,D,AC1736000Y,Shoulder/Lap Belt(s),F,97e84859-50ea-4e81-87fe-cc6b0517c8a6,Same Direction Right Turn,N,Intersection Related,Deceleration Lane,Daylight,No Defects,"Two-way, Not Divided",Dry,Clear,Twelve o'clock,Passenger Car,Disabling,N,Slowing or Stopping,2015-03-12 17:16,43,39.07186128,-76.71162372,3,1,우회전 차선 사고,등속 주행 중 측면 추돌 사고
250,N,Apparently Normal,No Misuse,Y,No Injury,eb8dd1e0-75b0-4ad7-924d-5b08a9ceeafb,D,AC1736000Y,Shoulder/Lap Belt(s),M,bbeb5522-beb1-4de7-aef2-9449dd5a1396,Same Direction Right Turn,N,Intersection Related,Deceleration Lane,Daylight,No Defects,"Two-way, Not Divided",Dry,Clear,Two o'clock,Passenger Car,Functional,N,Changing Lanes,2015-03-12 17:16,24,39.07186128,-76.71162372,3,1,우회전 차선 사고,등속 주행 중 측면 추돌 사고
251,N,Apparently Normal,No Misuse,Y,No Injury,cfe7fa09-3fb6-4006-9430-d6a59cd7f141,D,AC17360012,Shoulder/Lap Belt(s),F,b0be71fb-5804-4879-b89a-e4d828f622b3,Same Direction Right Turn,N,Intersection Related,Deceleration Lane,Daylight,No Defects,"Two-way, Divided, Unprotected (painted >4 feet) Median",Wet,Snow,Three o'clock,Passenger Car,Functional,N,Changing Lanes,2015-03-20 11:03,26,39.0226684,-76.69340353,4,0,빗길사고,등속 주행 중 사고
252,N,Apparently Normal,No Misuse,N,No Injury,8896e63d-2bb3-461c-bfd2-b9f62f337cc2,D,AC17360012,Shoulder/Lap Belt(s),M,1b87d4f4-61f2-4eea-b0d6-b748af76b2e6,Same Direction Right Turn,N,Intersection Related,Deceleration Lane,Daylight,No Defects,"Two-way, Divided, Unprotected (painted >4 feet) Median",Wet,Snow,Eleven o'clock,Passenger Car,Functional,N,Entering Traffic Lane,2015-03-20 11:03,64,39.0226684,-76.69340353,4,0,빗길사고,등속 주행 중 사고
253,N,Apparently Normal,No Misuse,N,No Injury,420d0123-6ca2-43d7-9d81-d1b94609abc1,D,AC1740000S,Shoulder/Lap Belt(s),F,ba724cef-fffe-4d90-a28c-280e6b819b42,Same Direction Rear End,N,Non Intersection,Right Turn Lane,Daylight,No Defects,"Two-way, Not Divided",Wet,Clear,Six o'clock,Passenger Car,Functional,N,Stopped in Traffic Lane,2015-01-20 7:29,39,39.13710075,-76.69077158,2,0,기타,자차 사고
254,N,Apparently Normal,No Misuse,Y,No Injury,c1cabf7f-c392-4026-b45a-d95348cabd84,D,AC1740000S,Shoulder/Lap Belt(s),M,08bf1101-d9e5-4de8-a1a3-3af1fac72685,Same Direction Rear End,N,Non Intersection,Right Turn Lane,Daylight,No Defects,"Two-way, Not Divided",Wet,Clear,Twelve o'clock,Passenger Car,Disabling,N,Slowing or Stopping,2015-01-20 7:29,53,39.13710075,-76.69077158,2,1,기타,등속 주행 사고
255,N,Apparently Normal,No Misuse,N,No Injury,32d0c51b-f73a-48cd-a9d2-55734f770ce2,D,AC1740000V,Shoulder/Lap Belt(s),F,906b9483-8a45-4445-bf6e-47ebc47e7576,Same Movement Angle,N,Intersection,Right Turn Lane,Dark Lights On,No Defects,"Two-way, Not Divided",Dry,Clear,Nine o'clock,Passenger Car,Functional,N,Making Left Turn,2015-01-30 18:54,33,39.12400118,-76.70323849,3,0,우회전 차선 사고,기타
256,N,Apparently Normal,No Misuse,Y,No Injury,02f4befa-97d4-467c-aebe-a4b47d6c5765,D,AC1740000V,Shoulder/Lap Belt(s),F,642d4e18-9e35-4b8a-ab43-ad9c9b76c632,Same Movement Angle,N,Intersection,Right Turn Lane,Dark Lights On,No Defects,"Two-way, Not Divided",Dry,Clear,Twelve o'clock,Passenger Car,Functional,N,Making Left Turn,2015-01-30 18:54,37,39.12400118,-76.70323849,3,0,우회전 차선 사고,기타
257,N,Apparently Normal,No Misuse,N,No Injury,90f2d999-fcfd-4a4a-b0ef-6a94ed5d4106,D,AC1740000Y,Shoulder/Lap Belt(s),F,5944e806-4499-4b67-97f6-4e89e99eac75,Same Direction Sideswipe,N,Non Intersection,Right Turn Lane,Daylight,No Defects,"Two-way, Divided, Positive Median Barrier",Dry,Clear,One o'clock,(Sport) Utility Vehicle,Functional,N,Moving Constant Speed,2015-02-10 10:22,28,39.15129612,-76.70843124,2,2,기타,기타
258,N,Apparently Normal,No Misuse,N,No Injury,dbf6f2d4-fe72-4083-8d1a-97e24e66de3a,D,AC1740000Z,Shoulder/Lap Belt(s),F,ae18f9d6-2e58-44ae-928d-8853b48210ac,Head On,N,Non Intersection,Right Turn Lane,Dark Lights On,No Defects,"Two-way, Not Divided",Snow,Snow,Eleven o'clock,(Sport) Utility Vehicle,Disabling,N,Moving Constant Speed,2015-02-14 21:06,56,39.13535317,-76.66894913,0,0,눈길사고,감속 중 사고
259,N,Apparently Normal,No Misuse,Y,No Injury,b6ab4efd-b2a4-49bc-9865-1b238461512e,D,AC1740000Z,Shoulder/Lap Belt(s),M,0769c969-ce06-49dc-8a2c-dfe31679322e,Head On,N,Non Intersection,Right Turn Lane,Dark Lights On,No Defects,"Two-way, Not Divided",Snow,Snow,Twelve o'clock,"Other Light Trucks (10,000 lbs (4,536 kg))",Disabling,N,Leaving Traffic Lane,2015-02-14 21:06,34,39.13535317,-76.66894913,0,2,눈길사고,미끌어짐에 의한 사고
260,N,Apparently Normal,No Misuse,Y,No Injury,31976c8d-4189-405f-9eb2-6ba1fecb3646,D,AC17400010,Shoulder/Lap Belt(s),F,5d13a71a-5ecb-4e50-ad3b-dfa057572252,Single Vehicle ,N,Non Intersection,Right Turn Lane,Daylight,No Defects,"Two-way, Not Divided",Dry,Clear,Twelve o'clock,(Sport) Utility Vehicle,Functional,N,Moving Constant Speed,2015-02-27 9:18,30,39.12786306,-76.67508602,2,2,기타,기타
261,N,Apparently Normal,No Misuse,Y,No Injury,ded8615a-bace-471f-8c49-c6b3c2a0284a,D,AC1756000C,Shoulder/Lap Belt(s),F,7c3d8026-efff-4250-b7f9-fcfbf92bef67,Single Vehicle ,N,Non Intersection,Left Turn Lane,Dark No Lights,No Defects,"Two-way, Divided, Positive Median Barrier",Wet,Raining,Twelve o'clock,Passenger Car,Destroyed,N,Slowing or Stopping,2015-03-31 20:00,30,39.21318778,-76.61484082,4,0,빗길사고,등속 주행 중 사고
262,N,Apparently Normal,No Misuse,N,No Injury,8587923a-e050-4b5d-a7ed-f5970a03e025,D,AC1775000N,Shoulder/Lap Belt(s),F,1046930e-c717-4ba4-8163-b2e94f6d1be1,Same Direction Rear End,N,Non Intersection,Right Turn Lane,Dark Lights On,No Defects,"Two-way, Divided, Positive Median Barrier",Dry,Clear,Five o'clock,Pickup Truck,Functional,N,Slowing or Stopping,2015-01-08 17:43,27,39.15654585,-76.66046262,2,1,기타,등속 주행 사고
263,N,Apparently Normal,No Misuse,Y,No Injury,b66a3d3e-0bae-47f6-ad3f-2ba2896aee66,D,AC1775000N,Shoulder/Lap Belt(s),M,2ba98698-5ea1-44ca-b43a-58a49a986a6d,Same Direction Rear End,N,Non Intersection,Right Turn Lane,Dark Lights On,No Defects,"Two-way, Divided, Positive Median Barrier",Dry,Clear,Twelve o'clock,Passenger Car,Disabling,N,Moving Constant Speed,2015-01-08 17:43,40,39.15654585,-76.66046262,2,3,기타,등속 주행 중 측면 추돌 사고
264,N,Apparently Normal,No Misuse,Y,No Injury,e383288f-e6c4-4e07-898d-c3990b3adc10,D,AC1775000P,Shoulder/Lap Belt(s),F,ba68b2f4-58d9-442d-83fd-e8e2c0ac7123,Same Direction Rear End,N,Intersection,Right Turn Lane,Daylight,No Defects,"Two-way, Not Divided",Dry,Cloudy,Twelve o'clock,Van,Functional,N,Moving Constant Speed,2015-02-01 10:27,47,39.12695587,-76.63835049,3,2,우회전 차선 사고,기타
265,N,Apparently Normal,No Misuse,N,No Injury,e8812f99-ccc6-403d-98e1-de0a459faf58,D,AC1775000P,Shoulder/Lap Belt(s),M,77a68414-8d8d-4f0c-9a99-9f97632e54a4,Same Direction Rear End,N,Intersection,Right Turn Lane,Daylight,No Defects,"Two-way, Not Divided",Dry,Cloudy,Nine o'clock,Van,Superficial,N,Making Left Turn,2015-02-01 10:27,35,39.12695587,-76.63835049,3,3,우회전 차선 사고,동일 방향 운행 중 추돌 사고
266,N,Apparently Normal,No Misuse,N,No Injury,34168e53-bc1d-4d9b-b706-d96e5260b789,D,AC1786000V,Shoulder/Lap Belt(s),F,5ecc53dc-e59d-4f71-9acf-a323192c1977,Same Direction Sideswipe,N,Intersection,Right Turn Lane,Daylight,No Defects,"Two-way, Not Divided",Wet,Raining,Twelve o'clock,Van,Functional,N,Moving Constant Speed,2015-03-31 16:33,44,39.13760421,-76.65539861,4,2,빗길사고,동일 방향 운행 중 추돌 사고
267,N,Influenced by Medications and/or Drugs and/or Alcohol,No Misuse,Y,Non-incapacitating Injury,467489e1-ae85-40d5-9480-343e569bc4c2,D,AC1786000V,Shoulder/Lap Belt(s),F,f44aa305-2686-4b17-9921-3920b4b38640,Same Direction Sideswipe,N,Intersection,Right Turn Lane,Daylight,No Defects,"Two-way, Not Divided",Wet,Raining,Eleven o'clock,Passenger Car,Disabling,N,Moving Constant Speed,2015-03-31 16:33,56,39.13760421,-76.65539861,4,2,빗길사고,동일 방향 운행 중 추돌 사고
268,N,Apparently Normal,No Misuse,N,Possible Incapacitating Injury,1e60070c-8257-4398-9222-dac2b25e3616,D,AC1786000V,Shoulder/Lap Belt(s),M,93844450-6921-4938-9b33-7f19a7d56ddc,Same Direction Sideswipe,N,Intersection,Right Turn Lane,Daylight,No Defects,"Two-way, Not Divided",Wet,Raining,Five o'clock,(Sport) Utility Vehicle,Disabling,N,Stopped in Traffic Lane,2015-03-31 16:33,49,39.13760421,-76.65539861,4,0,빗길사고,등속 주행 중 사고
269,N,Apparently Normal,No Misuse,N,No Injury,be73ee1e-ba76-44fc-a8c7-c1f5461b45df,D,AC1816000T,Shoulder/Lap Belt(s),F,7beb6a05-ceef-4469-a047-0bed74d05e58,Same Movement Angle,N,Commercial Driveway,Left Turn Lane,Daylight,No Defects,"Two-way, Divided, Unprotected (painted >4 feet) Median",Dry,Clear,One o'clock,Passenger Car,Disabling,N,Moving Constant Speed,2015-03-13 13:46,57,39.10917667,-76.63037333,1,0,좌회전 차선 사고,등속 주행 중 측면 추돌 사고
270,N,Apparently Normal,No Misuse,Y,No Injury,a3189a4b-d9b1-4202-b6c7-43f72c0750e5,D,AC1816000T,Shoulder/Lap Belt(s),M,1809be26-5eb9-463c-8ce0-ea5ee65a05b3,Same Movement Angle,N,Commercial Driveway,Left Turn Lane,Daylight,No Defects,"Two-way, Divided, Unprotected (painted >4 feet) Median",Dry,Clear,Twelve o'clock,Pickup Truck,Functional,N,Making Right Turn,2015-03-13 13:46,21,39.10917667,-76.63037333,1,1,좌회전 차선 사고,등속 주행 사고
271,N,Apparently Normal,No Misuse,N,Possible Incapacitating Injury,6ea32eb6-5d75-4c45-90d8-962839d3a83a,D,AC1830000F,Shoulder/Lap Belt(s),M,d00f2e5e-8125-4f94-9e32-e00b26ba875f,Head On Left Turn,N,Intersection,Right Turn Lane,Daylight,No Defects,"Two-way, Not Divided",Dry,Clear,Twelve o'clock,Passenger Car,Disabling,N,Moving Constant Speed,2015-01-29 7:23,26,39.14302927,-76.64291037,3,2,우회전 차선 사고,기타
272,N,Apparently Normal,No Misuse,N,No Injury,99a0dcb3-5d8d-4649-af2b-2af85674eaba,D,AC1846000R,Shoulder/Lap Belt(s),M,4171d790-9ec3-4e55-8c70-fa5939fa97bc,Same Direction Rear End,N,Non Intersection,Right Turn Lane,Daylight,Foreign Material,"Two-way, Divided, Unprotected (painted >4 feet) Median",Snow,Snow,Six o'clock,Passenger Car,Functional,N,Starting From Lane,2015-01-06 10:32,33,38.98168017,-76.58867598,0,1,눈길사고,등속 주행 사고