KEY_INDEX,CDL_FLAG,CONDITION_CODE,EQUIP_PROB_CODE,FAULT_FLAG,INJ_SEVER_CODE,PERSON_ID,PERSON_TYPE,REPORT_NO,SAF_EQUIP_CODE,SEX_CODE,VEHICLE_ID,COLLISION_TYPE_CODE,C_M_ZONE_FLAG,JUNCTION_CODE,LANE_CODE,LIGHT_CODE,RD_COND_CODE,RD_DIV_CODE,SURF_COND_CODE,WEATHER_CODE,AREA_DAMAGED_CODE_MAIN,BODY_TYPE_CODE,DAMAGE_CODE,HIT_AND_RUN_FLAG,MOVEMENT_CODE,TIME,AGE,LATITUDE,LONGITUDE,CLUSTER,SECOND_LABEL,FIRST_LABEL,SECOND_LABELING
273,N,Apparently Normal,No Misuse,Y,No Injury,00402674-ae05-4c64-a137-f14dba63e5da,D,AC1846000S,Shoulder/Lap Belt(s),F,ab3f50fc-35c4-48e4-ae15-8626e5b3dd6c,Same Direction Right Turn,N,Intersection,Left Turn Lane,Daylight,No Defects,"Two-way, Divided, Positive Median Barrier",Dry,Clear,One o'clock,Passenger Car,Disabling,N,Making Right Turn,2015-01-11 9:51,18,38.98729279,-76.54399037,1,1,좌회전 차선 사고,등속 주행 사고
274,N,Apparently Normal,No Misuse,N,Possible Incapacitating Injury,4cc5ff59-0568-4dcf-9e90-24426f915477,D,AC1846000S,Shoulder/Lap Belt(s),F,9807255c-4d8e-4297-8894-165f00a9327d,Same Direction Right Turn,N,Intersection,Left Turn Lane,Daylight,No Defects,"Two-way, Divided, Positive Median Barrier",Dry,Clear,Eleven o'clock,Passenger Car,Disabling,N,Moving Constant Speed,2015-01-11 9:51,28,38.98729279,-76.54399037,1,0,좌회전 차선 사고,등속 주행 중 측면 추돌 사고
275,N,Apparently Normal,No Misuse,N,No Injury,abdfefde-6d66-4ea1-a7c7-3148a0c983b3,D,AC1846000W,Shoulder/Lap Belt(s),F,e94ba8b3-d23b-4824-8fa6-9851008997e7,Same Direction Rear End,N,Intersection Related,Acceleration Lane,Daylight,No Defects,"Two-way, Divided, Positive Median Barrier",Dry,Clear,Six o'clock,Passenger Car,Functional,N,Stopped in Traffic Lane,2015-02-04 16:13,57,38.98728445,-76.53567553,1,2,좌회전 차선 사고,기타
276,N,Apparently Normal,No Misuse,Y,Possible Incapacitating Injury,d473a024-408e-4a49-8414-f12d9f871541,D,AC1846000W,Shoulder/Lap Belt(s),F,0d8b0edc-1e48-475b-ab49-427ce55dc564,Same Direction Rear End,N,Intersection Related,Acceleration Lane,Daylight,No Defects,"Two-way, Divided, Positive Median Barrier",Dry,Clear,Twelve o'clock,Passenger Car,Disabling,N,Moving Constant Speed,2015-02-04 16:13,78,38.98728445,-76.53567553,1,0,좌회전 차선 사고,등속 주행 중 측면 추돌 사고
277,Y,Apparently Normal,No Misuse,N,No Injury,3dd9896b-67bb-40fe-8f39-f9da09e2119b,D,AC1846000X,Shoulder/Lap Belt(s),F,305f4a5f-f2d6-406b-8575-4e4f65cae9c5,Same Direction Sideswipe,N,Intersection Related,Right Turn Lane,Daylight,No Defects,"Two-way, Divided, Positive Median Barrier",Dry,Clear,Four o'clock,School Bus,Superficial,N,Starting From Lane,2015-02-13 7:46,52,38.98613361,-76.54814243,3,1,우회전 차선 사고,등속 주행 중 측면 추돌 사고
278,N,Apparently Normal,No Misuse,Y,No Injury,1e736d35-85e8-4a58-bc0a-2c46071dac1a,D,AC1846000Y,Shoulder/Lap Belt(s),F,9ad06d6d-2aff-4753-a78e-99c56e289076,Same Direction Rear End,N,Intersection Related,Right Turn Lane,Daylight,Foreign Material,"Two-way, Not Divided with a Continuous Left Turn Lane",Snow,Snow,Twelve o'clock,Passenger Car,Disabling,N,Slowing or Stopping,2015-02-21 15:44,18,38.98373179,-76.53953791,0,1,눈길사고,등속 주행 사고
279,N,Apparently Normal,No Misuse,N,No Injury,56ef88c1-0581-46ec-8f64-43cd26640e0f,D,AC1846000Y,Shoulder/Lap Belt(s),M,f004c8b8-0cba-4a34-8c29-ed618b014456,Same Direction Rear End,N,Intersection Related,Right Turn Lane,Daylight,Foreign Material,"Two-way, Not Divided with a Continuous Left Turn Lane",Snow,Snow,Six o'clock,Pickup Truck,Superficial,N,Stopped in Traffic Lane,2015-02-21 15:44,59,38.98373179,-76.53953791,0,1,눈길사고,등속 주행 사고
280,N,Apparently Normal,No Misuse,N,No Injury,bc98ca30-5602-46b2-bd7a-a24c52f5c6da,D,AC1846000Z,Shoulder/Lap Belt(s),F,40d19d50-b4db-4753-bb22-5bac7069cef5,Same Direction Rear End,N,Intersection Related,Left Turn Lane,Dark Lights On,No Defects,"Two-way, Divided, Positive Median Barrier",Dry,Clear,Six o'clock,Passenger Car,Functional,N,Stopped in Traffic Lane,2015-02-20 19:21,45,38.98591678,-76.54524565,1,2,좌회전 차선 사고,기타
281,N,Apparently Normal,No Misuse,Y,No Injury,42a52ca9-eb99-47a4-83a6-d157ce0704ee,D,AC1846000Z,Shoulder/Lap Belt(s),F,171f8429-b8f6-4a70-9711-036078f79a5b,Same Direction Rear End,N,Intersection Related,Left Turn Lane,Dark Lights On,No Defects,"Two-way, Divided, Positive Median Barrier",Dry,Clear,Twelve o'clock,Passenger Car,Disabling,N,Slowing or Stopping,2015-02-20 19:21,23,38.98591678,-76.54524565,1,3,좌회전 차선 사고,감속 중 사고
282,N,Apparently Normal,No Misuse,N,No Injury,03b2173d-c500-4929-8170-712c0b20b31c,D,AC1852000H,Shoulder/Lap Belt(s),F,cb5e51fe-6a28-4610-82cb-629a6e8ce515,Same Direction Rear End,N,Non Intersection,Right Turn Lane,Dawn,No Defects,"Two-way, Divided, Unprotected (painted >4 feet) Median",Dry,Clear,Six o'clock,Passenger Car,Functional,N,Slowing or Stopping,2015-02-27 6:34,26,38.89472557,-76.59432893,2,1,기타,등속 주행 사고
283,N,Apparently Normal,No Misuse,Y,Non-incapacitating Injury,b429aae1-8c6b-4823-b3ab-258139d0f8e1,D,AC1852000H,Shoulder/Lap Belt(s),F,30d3f678-d660-472f-b586-3845fd01b659,Same Direction Rear End,N,Non Intersection,Right Turn Lane,Dawn,No Defects,"Two-way, Divided, Unprotected (painted >4 feet) Median",Dry,Clear,Twelve o'clock,Passenger Car,Disabling,N,Moving Constant Speed,2015-02-27 6:34,39,38.89472557,-76.59432893,2,3,기타,등속 주행 중 측면 추돌 사고
284,N,Apparently Normal,No Misuse,N,No Injury,19d03fe9-9026-4741-96e0-28abc886ec37,D,AC18660012,Shoulder/Lap Belt(s),F,6b86e04a-4869-4b40-83af-66a04b45d275,Same Direction Rear End,N,Intersection,Right Turn Lane,Dark Lights On,No Defects,"Two-way, Not Divided",Wet,Raining,Six o'clock,Passenger Car,Functional,N,Making Left Turn,2015-01-21 18:09,18,39.13504,-76.51939833,4,3,빗길사고,기타
285,N,Apparently Normal,No Misuse,Y,No Injury,9033a0cf-6113-49fb-8435-e3766c36274e,D,AC18660012,Shoulder/Lap Belt(s),M,212cb879-c59a-47e5-88a4-72873d23022b,Same Direction Rear End,N,Intersection,Right Turn Lane,Dark Lights On,No Defects,"Two-way, Not Divided",Wet,Raining,Twelve o'clock,Passenger Car,Disabling,N,Moving Constant Speed,2015-01-21 18:09,19,39.13504,-76.51939833,4,2,빗길사고,동일 방향 운행 중 추돌 사고
286,N,Apparently Normal,No Misuse,Y,No Injury,6ebaf99e-87ce-4cb4-8269-6897495135c8,D,AC18660013,Shoulder/Lap Belt(s),F,b19fac2a-2046-4145-a56a-1781fc7f6db9,Same Direction Rear End,N,Intersection Related,Left Turn Lane,Daylight,No Defects,"Two-way, Divided, Positive Median Barrier",Wet,Raining,Twelve o'clock,Passenger Car,Functional,N,Moving Constant Speed,2015-02-02 9:10,50,39.06137167,-76.53152667,4,2,빗길사고,동일 방향 운행 중 추돌 사고
287,N,Apparently Normal,No Misuse,N,No Injury,d50ae4fa-9f2a-4f61-8d98-452a9cd6a08f,D,AC18660013,Shoulder/Lap Belt(s),F,8b354d8e-7e7e-4da4-a250-8bdb4346a550,Same Direction Rear End,N,Intersection Related,Left Turn Lane,Daylight,No Defects,"Two-way, Divided, Positive Median Barrier",Wet,Raining,Six o'clock,Passenger Car,No Damage,N,Slowing or Stopping,2015-02-02 9:10,42,39.06137167,-76.53152667,4,3,빗길사고,기타
288,N,Apparently Normal,No Misuse,N,No Injury,b68b1df0-e6ad-4656-bf8b-aed13f40d956,D,AC18660015,Shoulder/Lap Belt(s),F,744bf132-53a0-435b-994c-20d007b0dc94,Same Direction Rear End,N,Intersection Related,Right Turn Lane,Daylight,No Defects,"Two-way, Divided, Positive Median Barrier",Dry,Cloudy,Six o'clock,Passenger Car,Functional,N,Slowing or Stopping,2015-02-09 16:21,26,39.02643333,-76.50163833,3,3,우회전 차선 사고,동일 방향 운행 중 추돌 사고
289,N,Apparently Normal,No Misuse,Y,No Injury,6d02956e-aaf3-483b-8ff3-cc83230e8a38,D,AC18660015,Shoulder/Lap Belt(s),F,78661ede-2f16-4537-8536-cc1c7092a3f3,Same Direction Rear End,N,Intersection Related,Right Turn Lane,Daylight,No Defects,"Two-way, Divided, Positive Median Barrier",Dry,Cloudy,Twelve o'clock,Passenger Car,Disabling,N,Moving Constant Speed,2015-02-09 16:21,81,39.02643333,-76.50163833,3,2,우회전 차선 사고,기타
290,N,Apparently Normal,No Misuse,N,No Injury,6338adf3-ffed-457f-bcdb-754da8064d3d,D,AC18660015,Shoulder/Lap Belt(s),M,3f520538-6523-44b9-8396-da6223996de2,Same Direction Rear End,N,Intersection Related,Right Turn Lane,Daylight,No Defects,"Two-way, Divided, Positive Median Barrier",Dry,Cloudy,Six o'clock,Passenger Car,Superficial,N,Slowing or Stopping,2015-02-09 16:21,47,39.02643333,-76.50163833,3,3,우회전 차선 사고,동일 방향 운행 중 추돌 사고
291,N,Apparently Normal,No Misuse,N,No Injury,94bab150-da71-4b3b-a684-79d929764953,D,AC18660015,Shoulder/Lap Belt(s),M,28ada850-e1e1-4aa2-88e8-18cc481c89cd,Same Direction Rear End,N,Intersection Related,Right Turn Lane,Daylight,No Defects,"Two-way, Divided, Positive Median Barrier",Dry,Cloudy,Six o'clock,Passenger Car,No Damage,N,Slowing or Stopping,2015-02-09 16:21,37,39.02643333,-76.50163833,3,3,우회전 차선 사고,동일 방향 운행 중 추돌 사고
292,N,Apparently Normal,No Misuse,N,No Injury,f65a7d36-2e09-4c25-b3b7-5b83a6fbc40c,D,AC18690013,Shoulder/Lap Belt(s),F,19953df7-7916-4209-bd82-2dbd3d515876,Same Movement Angle,N,Interchange Related,Acceleration Lane,Dark No Lights,No Defects,One-way Trafficway,Dry,Clear,Five o'clock,Passenger Car,Disabling,N,Moving Constant Speed,2015-03-30 21:26,43,39.05651736,-76.65727615,1,0,좌회전 차선 사고,등속 주행 중 측면 추돌 사고
293,N,Apparently Normal,No Misuse,N,No Injury,6c3a94a1-056c-4bc7-b0f9-64853afe0a80,D,AC1875000S,Shoulder/Lap Belt(s),F,c81a0596-fcec-4f32-9b0f-3466152c3cbe,Same Direction Rear End,N,Non Intersection,Left Turn Lane,Dark Lights On,No Defects,"Two-way, Divided, Positive Median Barrier",Dry,Clear,Seven o'clock,Passenger Car,Functional,N,Moving Constant Speed,2015-01-09 17:13,47,39.10096983,-76.70583017,1,0,좌회전 차선 사고,등속 주행 중 측면 추돌 사고
294,N,Apparently Normal,No Misuse,Y,No Injury,a46f1547-e31c-4684-bf6e-0cd4979f9ce0,D,AC1875000S,Shoulder/Lap Belt(s),F,c34dd3b0-ca42-470e-b46f-c54ea010e5ab,Same Direction Rear End,N,Non Intersection,Left Turn Lane,Dark Lights On,No Defects,"Two-way, Divided, Positive Median Barrier",Dry,Clear,One o'clock,Passenger Car,Disabling,N,Moving Constant Speed,2015-01-09 17:13,38,39.10096983,-76.70583017,1,0,좌회전 차선 사고,등속 주행 중 측면 추돌 사고
295,N,Apparently Normal,No Misuse,Y,No Injury,7740fca8-fd5b-41b5-8178-dd9111386ad7,D,AC1875000V,Shoulder/Lap Belt(s),F,264c404c-0e57-4658-bfdd-64fc39121615,Same Movement Angle,N,Intersection,Deceleration Lane,Daylight,No Defects,"Two-way, Divided, Positive Median Barrier",Dry,Clear,Twelve o'clock,Passenger Car,Functional,N,Moving Constant Speed,2015-01-21 11:06,68,39.15910338,-76.71822973,1,0,좌회전 차선 사고,등속 주행 중 측면 추돌 사고
296,N,Apparently Normal,No Misuse,N,Non-incapacitating Injury,584510b7-5a96-48d9-bca0-41808023aff7,D,AC1875000V,Shoulder/Lap Belt(s),F,ac67dc10-ed6b-4857-b2f8-b285771a4522,Same Movement Angle,N,Intersection,Deceleration Lane,Daylight,No Defects,"Two-way, Divided, Positive Median Barrier",Dry,Clear,Seven o'clock,Passenger Car,Functional,N,Making Left Turn,2015-01-21 11:06,30,39.15910338,-76.71822973,1,1,좌회전 차선 사고,등속 주행 사고
297,N,Apparently Normal,No Misuse,Y,No Injury,61cb3436-4d64-4f86-983b-8341dca0c700,D,AC1886001C,Shoulder/Lap Belt(s),F,d69c856f-c190-4896-90f1-e46b08b9da6d,Same Movement Angle,N,Intersection,Acceleration Lane,Dark No Lights,No Defects,"Two-way, Divided, Unprotected (painted >4 feet) Median",Dry,Clear,One o'clock,(Sport) Utility Vehicle,Disabling,N,Making Left Turn,2015-01-27 18:51,53,39.11880729,-76.51720047,1,1,좌회전 차선 사고,등속 주행 사고
298,N,Apparently Normal,No Misuse,N,Possible Incapacitating Injury,216e9ca1-6fbb-46dc-87a2-04eed22f6ae2,D,AC1886001C,None  ,M,84889d92-cf81-4c43-8744-9435e042b139,Same Movement Angle,N,Intersection,Acceleration Lane,Dark No Lights,No Defects,"Two-way, Divided, Unprotected (painted >4 feet) Median",Dry,Clear,Twelve o'clock,(Sport) Utility Vehicle,Disabling,N,Moving Constant Speed,2015-01-27 18:51,63,39.11880729,-76.51720047,1,0,좌회전 차선 사고,등속 주행 중 측면 추돌 사고
299,N,Apparently Normal,No Misuse,Y,No Injury,b237fbc6-1181-4e7c-a3eb-419076787e13,D,AC1886001D,Shoulder/Lap Belt(s),F,559227b2-294e-4d75-a923-5cb5c664a687,Same Direction Rear End,N,Non Intersection,Left Turn Lane,Dark Lights On,No Defects,"Two-way, Divided, Unprotected (painted >4 feet) Median",Dry,Clear,Twelve o'clock,Passenger Car,Disabling,N,Slowing or Stopping,2015-01-28 18:36,60,39.08097355,-76.54900074,1,3,좌회전 차선 사고,감속 중 사고
300,N,Apparently Normal,No Misuse,N,No Injury,15f6e068-0960-4711-abed-8309ae3a7330,D,AC1886001D,Shoulder/Lap Belt(s),M,3fad0389-7e75-403e-8e21-b386e5c5c575,Same Direction Rear End,N,Non Intersection,Left Turn Lane,Dark Lights On,No Defects,"Two-way, Divided, Unprotected (painted >4 feet) Median",Dry,Clear,Six o'clock,(Sport) Utility Vehicle,Functional,N,Stopped in Traffic Lane,2015-01-28 18:36,53,39.08097355,-76.54900074,1,2,좌회전 차선 사고,기타
301,N,Apparently Normal,No Misuse,N,No Injury,a1799c30-3b0d-4e47-ad79-7b2df2592ab3,D,AC1886001F,Shoulder/Lap Belt(s),F,44cf2b6c-0345-4ec5-8568-deb32a1de4ea,Same Direction Rear End,N,Non Intersection,Left Turn Lane,Dark Lights On,No Defects,One-way Trafficway,Wet,Wintry Mix,Six o'clock,(Sport) Utility Vehicle,Functional,N,Moving Constant Speed,2015-02-01 22:49,55,39.13481224,-76.59660459,4,2,빗길사고,동일 방향 운행 중 추돌 사고
302,N,Apparently Normal,No Misuse,Y,No Injury,e58bb901-11a0-43e9-95cd-0dae1d4e611e,D,AC1886001F,Shoulder/Lap Belt(s),F,c3d30234-9591-407a-9a0f-4f666e5daad8,Same Direction Rear End,N,Non Intersection,Left Turn Lane,Dark Lights On,No Defects,One-way Trafficway,Wet,Wintry Mix,Twelve o'clock,Passenger Car,Disabling,N,Moving Constant Speed,2015-02-01 22:49,22,39.13481224,-76.59660459,4,2,빗길사고,동일 방향 운행 중 추돌 사고
303,N,Apparently Normal,No Misuse,N,Possible Incapacitating Injury,b0462623-5288-4e4b-97c2-b938b31bed8d,D,AC1886001F,Shoulder/Lap Belt(s),M,f1a13760-463a-4e12-ad0c-3a3082f99d20,Same Direction Rear End,N,Non Intersection,Left Turn Lane,Dark Lights On,No Defects,One-way Trafficway,Wet,Wintry Mix,Six o'clock,Pickup Truck,Disabling,N,Moving Constant Speed,2015-02-01 22:49,32,39.13481224,-76.59660459,4,2,빗길사고,동일 방향 운행 중 추돌 사고
304,N,Apparently Normal,No Misuse,N,No Injury,c679ead4-4333-43ca-8d42-892494e7b230,D,AC1886001G,Shoulder/Lap Belt(s),F,fafc04a0-b1eb-40ad-8fe0-521c8f5fa03c,Same Movement Angle,N,Non Intersection,Right Turn Lane,Daylight,No Defects,"Two-way, Not Divided",Dry,Clear,One o'clock,Passenger Car,Disabling,N,Moving Constant Speed,2015-02-06 7:20,60,39.13131036,-76.56265587,2,2,기타,기타
305,N,Apparently Normal,No Misuse,Y,No Injury,fa92333f-284d-4efe-a0ee-5add70c48511,D,AC1886001G,Shoulder/Lap Belt(s),M,0171a2a2-c81c-4b57-99a2-c7048fa6797a,Same Movement Angle,N,Non Intersection,Right Turn Lane,Daylight,No Defects,"Two-way, Not Divided",Dry,Clear,Eleven o'clock,Passenger Car,Disabling,N,Entering Traffic Lane,2015-02-06 7:20,33,39.13131036,-76.56265587,2,0,기타,자차 사고
306,N,Apparently Normal,No Misuse,Y,No Injury,ca2644dc-5525-453c-8acd-c31dc596f0d4,D,AC1899000R,Shoulder/Lap Belt(s),M,a904a7c8-8fb1-452b-8da7-a5f0a875563a,Same Direction Rear End Left Turn,N,Non Intersection,Right Turn Lane,Dusk,No Defects,"Two-way, Not Divided",Dry,Clear,Twelve o'clock,Pickup Truck,Superficial,N,Moving Constant Speed,2015-01-15 16:30,48,38.84955116,-76.60713226,2,2,기타,기타
307,N,Apparently Normal,No Misuse,Y,No Injury,845bca20-93ce-4f9d-8a5c-cf06e850e0e3,D,AC19060010,Shoulder/Lap Belt(s),F,e2e8819d-f0e8-4862-a062-106ba9a98be9,Same Movement Angle,N,Commercial Driveway,Right Turn Lane,Daylight,No Defects,"Two-way, Not Divided",Dry,Clear,Eight o'clock,Passenger Car,Disabling,N,Starting From Lane,2015-02-07 15:08,42,38.92829333,-76.574715,3,0,우회전 차선 사고,기타
308,N,Apparently Normal,No Misuse,N,Possible Incapacitating Injury,0ac25c58-6ed0-40ab-a8d5-b12e39b00e6f,D,AC19060010,Shoulder/Lap Belt(s),F,459b4cd7-0f0a-4e1a-80b1-7325d9aaee82,Same Movement Angle,N,Commercial Driveway,Right Turn Lane,Daylight,No Defects,"Two-way, Not Divided",Dry,Clear,Twelve o'clock,Passenger Car,Destroyed,N,Moving Constant Speed,2015-02-07 15:08,66,38.92829333,-76.574715,3,0,우회전 차선 사고,기타
309,N,Apparently Normal,No Misuse,N,No Injury,ce944470-2b05-4d4d-8261-25ffb17400d7,D,AC19060011,Shoulder/Lap Belt(s),F,2f0c25fe-05be-47e5-9956-57de6dead13f,Same Direction Left Turn,N,Non Intersection,Right Turn Lane,Daylight,No Defects,"Two-way, Not Divided",Dry,Cloudy,Twelve o'clock,(Sport) Utility Vehicle,Destroyed,N,Moving Constant Speed,2015-02-16 15:05,45,38.92951,-76.561285,2,2,기타,기타
310,N,Apparently Normal,No Misuse,Y,No Injury,3989955d-02d5-40ca-a76f-8e2adb04b416,D,AC19060011,Shoulder/Lap Belt(s),M,25a83aae-d32f-452a-b62d-39e5a88a2393,Same Direction Left Turn,N,Non Intersection,Right Turn Lane,Daylight,No Defects,"Two-way, Not Divided",Dry,Cloudy,Ten o'clock,Van,Destroyed,N,Making U Turn,2015-02-16 15:05,41,38.92951,-76.561285,2,0,기타,자차 사고
311,N,Apparently Normal,No Misuse,N,No Injury,a56c04a4-5306-45e6-bfd7-0523b13505b3,D,AC1911001M,Shoulder/Lap Belt(s),F,86deebcf-adcc-435f-bb74-8b136392179e,Angle Meets Left Turn Head On,N,Intersection,Right Turn Lane,Daylight,No Defects,"Two-way, Divided, Unprotected (painted >4 feet) Median",Dry,Clear,Twelve o'clock,Passenger Car,Disabling,N,Making Left Turn,2015-02-07 16:32,54,38.97258062,-76.56295896,3,1,우회전 차선 사고,등속 주행 중 측면 추돌 사고
312,N,Apparently Normal,No Misuse,N,No Injury,b8974b0a-4235-4886-97f6-9413500e96b2,D,AC1916001C,Shoulder/Lap Belt(s),F,40940948-eef1-4a9f-a538-3a840402d054,Same Direction Rear End,N,Non Intersection,Right Turn Lane,Daylight,No Defects,"Two-way, Divided, Positive Median Barrier",Dry,Clear,Twelve o'clock,Passenger Car,Superficial,N,Slowing or Stopping,2015-02-24 16:45,29,39.20858935,-76.61472559,2,1,기타,등속 주행 사고
313,N,Apparently Normal,No Misuse,N,No Injury,00da4fe8-0089-43ea-9ffb-b133c73b8968,D,AC1916001C,Shoulder/Lap Belt(s),F,dbe9ba9d-1a19-44a9-8125-2728231ecd40,Same Direction Rear End,N,Non Intersection,Right Turn Lane,Daylight,No Defects,"Two-way, Divided, Positive Median Barrier",Dry,Clear,Seven o'clock,Passenger Car,Superficial,N,Slowing or Stopping,2015-02-24 16:45,28,39.20858935,-76.61472559,2,1,기타,등속 주행 사고
314,N,Apparently Normal,No Misuse,Y,No Injury,ca6e335c-d734-44d8-80b0-5f01ded36c59,D,AC1918000V,Shoulder/Lap Belt(s),F,07a75afd-7e29-4504-9926-5d4ed86e5c1f,Single Vehicle ,N,Intersection,Acceleration Lane,Daylight,No Defects,"Two-way, Divided, Positive Median Barrier",Dry,Clear,One o'clock,Passenger Car,Disabling,N,Moving Constant Speed,2015-02-03 13:38,68,38.93366703,-76.56742215,1,0,좌회전 차선 사고,등속 주행 중 측면 추돌 사고
315,N,Apparently Normal,No Misuse,Y,No Injury,4af69242-0927-4f68-af6b-7e28213226b4,D,AC19180010,Shoulder/Lap Belt(s),F,ce3902b8-f9e7-4598-8f9b-7bd2c0c6f956,Same Movement Angle,N,Intersection,Right Turn Lane,Daylight,No Defects,"Two-way, Divided, Unprotected (painted >4 feet) Median",Dry,Clear,Five o'clock,Passenger Car,Superficial,N,Making Left Turn,2015-03-18 18:01,46,38.8919848,-76.5967226,3,0,우회전 차선 사고,기타
316,N,Apparently Normal,No Misuse,Y,No Injury,a1257adb-ef28-4a5b-ab76-ec220b9549c1,D,AC19210014,Shoulder/Lap Belt(s),F,7c296b96-ae6d-42a4-9d2e-969163ff2c7d,Single Vehicle ,N,Non Intersection,Right Turn Lane,Daylight,No Defects,"Two-way, Not Divided",Slush,Wintry Mix,Twelve o'clock,Passenger Car,Superficial,N,Accelerating,2015-03-01 13:31,35,39.14495435,-76.54127722,0,2,눈길사고,미끌어짐에 의한 사고
317,N,Apparently Normal,No Misuse,Y,No Injury,a94932be-5ed8-4cc9-afdd-08f505f163b7,D,AC1930001F,Shoulder/Lap Belt(s),F,384ba3e3-d0bd-40bc-9437-aa36df0c463e,Single Vehicle ,N,Non Intersection,Right Turn Lane,Dark Lights On,No Defects,"Two-way, Divided, Positive Median Barrier",Wet,Raining,Twelve o'clock,(Sport) Utility Vehicle,Functional,N,Slowing or Stopping,2015-01-12 18:03,26,39.06999597,-76.71338797,4,0,빗길사고,등속 주행 중 사고
318,N,Apparently Normal,No Misuse,N,No Injury,27da5df6-758a-4e7e-920f-4367c20827c6,D,AC1930001H,Shoulder/Lap Belt(s),F,c9f266cd-63d4-4e38-b1fb-484a0ab1c931,Same Direction Rear End,N,Non Intersection,Right Turn Lane,Dark Lights On,No Defects,"Two-way, Divided, Positive Median Barrier",Dry,Clear,Six o'clock,Passenger Car,Superficial,N,Slowing or Stopping,2015-01-30 18:35,30,39.05445952,-76.65933609,2,1,기타,등속 주행 사고
319,N,Apparently Normal,No Misuse,Y,No Injury,76250337-82d1-4942-846d-18572e8da56a,D,AC1930001H,Shoulder/Lap Belt(s),M,06d03067-9ddd-431b-b35e-8f2fefc4aebe,Same Direction Rear End,N,Non Intersection,Right Turn Lane,Dark Lights On,No Defects,"Two-way, Divided, Positive Median Barrier",Dry,Clear,Twelve o'clock,Passenger Car,Disabling,N,Slowing or Stopping,2015-01-30 18:35,22,39.05445952,-76.65933609,2,1,기타,등속 주행 사고
320,Y,Apparently Normal,No Misuse,N,No Injury,221ebd49-d825-4ff5-8251-5be5bb1a3d1f,D,AC1930001R,Shoulder/Lap Belt(s),F,823fcb2c-e9b5-4629-a227-0b5117950762,Single Vehicle ,N,Non Intersection,Right Turn Lane,Daylight,No Defects,"Two-way, Not Divided",Dry,Clear,Six o'clock,School Bus,No Damage,N,Moving Constant Speed,2015-03-09 16:28,39,39.11407918,-76.70946121,2,2,기타,기타
321,N,Apparently Normal,No Misuse,Y,No Injury,b3a3bf05-faaf-4188-9006-61ef1433d198,D,AC1930001S,Shoulder/Lap Belt(s),F,d90899c3-91fa-4f4d-a8f3-b57e650451ee,Same Direction Rear End,N,Non Intersection,Right Turn Lane,Daylight,No Defects,"Two-way, Not Divided",Dry,Clear,Twelve o'clock,Passenger Car,Disabling,N,Slowing or Stopping,2015-03-18 9:38,89,39.07668434,-76.68321848,2,1,기타,등속 주행 사고
322,N,Apparently Normal,No Misuse,N,Non-incapacitating Injury,a2a24bec-9d01-4d87-b52c-71e94752ffb8,D,AC1930001S,Shoulder/Lap Belt(s),F,a731b383-6a43-498c-8935-61504d760cf6,Same Direction Rear End,N,Non Intersection,Right Turn Lane,Daylight,No Defects,"Two-way, Not Divided",Dry,Clear,Six o'clock,Passenger Car,Disabling,N,Stopped in Traffic Lane,2015-03-18 9:38,46,39.07668434,-76.68321848,2,0,기타,자차 사고
323,N,Apparently Normal,No Misuse,Y,No Injury,120d6f2a-941e-4606-8044-d79f444e6d47,D,AC19510012,Shoulder/Lap Belt(s),F,d4571b53-0c22-40b5-a64a-1451723bbfef,Single Vehicle ,N,Non Intersection,Right Turn Lane,Daylight,No Defects,"Two-way, Not Divided",Snow,Snow,Twelve o'clock,Passenger Car,Functional,N,Moving Constant Speed,2015-03-05 8:43,22,39.141468,-76.727203,0,0,눈길사고,감속 중 사고
324,N,Apparently Normal,No Misuse,N,No Injury,24c500f1-649d-4f6d-b21e-80c17566bcce,D,AC19600012,Shoulder/Lap Belt(s),F,8dd9f2b3-fb95-4957-b706-c7666be08612,Same Direction Rear End,N,Non Intersection,Right Turn Lane,Dark - Unknown Lighting,No Defects,"Two-way, Not Divided",Dry,Clear,Six o'clock,(Sport) Utility Vehicle,Functional,N,Slowing or Stopping,2015-02-11 18:36,61,38.8887781,-76.5989542,2,1,기타,등속 주행 사고
325,N,Apparently Normal,No Misuse,Y,No Injury,a32999dc-6221-4228-9797-fe4831ab406a,D,AC19600012,Shoulder/Lap Belt(s),M,2104470c-06d0-48c4-b6b1-9bbc9a7c5334,Same Direction Rear End,N,Non Intersection,Right Turn Lane,Dark - Unknown Lighting,No Defects,"Two-way, Not Divided",Dry,Clear,Twelve o'clock,Passenger Car,Disabling,N,Accelerating,2015-02-11 18:36,26,38.8887781,-76.5989542,2,0,기타,자차 사고
326,N,Apparently Normal,No Misuse,Y,No Injury,d298d264-3055-4811-8159-998bbc38eb1b,D,AC1962000Y,Shoulder/Lap Belt(s),F,255a5c94-04e0-4ab5-886f-eda1578e1652,Single Vehicle ,N,Intersection,Right Turn Lane,Daylight,No Defects,"Two-way, Not Divided",Ice,Snow,Twelve o'clock,(Sport) Utility Vehicle,Disabling,N,Skidding,2015-01-06 10:13,35,39.21548068,-76.66302681,0,2,눈길사고,미끌어짐에 의한 사고