KEY_INDEX,CDL_FLAG,CONDITION_CODE,EQUIP_PROB_CODE,FAULT_FLAG,INJ_SEVER_CODE,PERSON_ID,PERSON_TYPE,REPORT_NO,SAF_EQUIP_CODE,SEX_CODE,VEHICLE_ID,COLLISION_TYPE_CODE,C_M_ZONE_FLAG,JUNCTION_CODE,LANE_CODE,LIGHT_CODE,RD_COND_CODE,RD_DIV_CODE,SURF_COND_CODE,WEATHER_CODE,AREA_DAMAGED_CODE_MAIN,BODY_TYPE_CODE,DAMAGE_CODE,HIT_AND_RUN_FLAG,MOVEMENT_CODE,TIME,AGE,LATITUDE,LONGITUDE,CLUSTER,SECOND_LABEL,FIRST_LABEL,SECOND_LABELING
327,N,Apparently Normal,No Misuse,Y,No Injury,9c6e0e25-be61-48c8-b9a1-f2585210cc72,D,AC19620018,Shoulder/Lap Belt(s),F,48d38be9-8ed1-47f5-8fbb-7a276369c9a7,Same Direction Rear End,N,Non Intersection,Right Turn Lane,Daylight,No Defects,"Two-way, Not Divided",Dry,Clear,Twelve o'clock,Passenger Car,Superficial,N,Slowing or Stopping,2015-03-23 10:58,45,39.16239414,-76.62633419,2,1,기타,등속 주행 사고
328,N,Apparently Normal,No Misuse,N,Non-incapacitating Injury,5a559f0e-8096-4918-a0cf-c568ea78b94b,D,AC19620018,Shoulder/Lap Belt(s),M,e893fea3-6dea-4339-9518-a1672addb3a7,Same Direction Rear End,N,Non Intersection,Right Turn Lane,Daylight,No Defects,"Two-way, Not Divided",Dry,Clear,Six o'clock,(Sport) Utility Vehicle,Superficial,N,Slowing or Stopping,2015-03-23 10:58,58,39.16239414,-76.62633419,2,1,기타,등속 주행 사고
329,N,Apparently Normal,No Misuse,Y,No Injury,149c2eb4-28ec-499b-ae26-af08f17692ac,D,AC19620019,Shoulder/Lap Belt(s),F,838b59c1-580e-4d13-8be6-8cd8c00e38bf,Head On,N,Intersection,Right Turn Lane,Dark Lights On,No Defects,"Two-way, Not Divided",Dry,Clear,Twelve o'clock,(Sport) Utility Vehicle,Disabling,N,Skidding,2015-03-30 22:33,24,39.17350705,-76.60107851,3,1,우회전 차선 사고,등속 주행 중 측면 추돌 사고
330,N,Apparently Normal,No Misuse,N,No Injury,73782354-c30e-483d-a553-6bc3105090f2,D,AC19620019,Shoulder/Lap Belt(s),M,508665dc-c604-40b9-8d10-a872c6495e15,Head On,N,Intersection,Right Turn Lane,Dark Lights On,No Defects,"Two-way, Not Divided",Dry,Clear,Twelve o'clock,Passenger Car,Functional,N,Moving Constant Speed,2015-03-30 22:33,30,39.17350705,-76.60107851,3,2,우회전 차선 사고,기타
331,N,Apparently Normal,No Misuse,N,No Injury,c74d4ca0-a988-4226-ad65-e8e48e609e4a,D,AC1968001L,Shoulder/Lap Belt(s),F,68bef4d4-9b3c-45ea-a6ae-d3b778e66455,Same Direction Rear End,N,Non Intersection,Shoulder Area,Dark Lights On,No Defects,"Two-way, Divided, Positive Median Barrier",Wet,Clear,Five o'clock,(Sport) Utility Vehicle,Functional,N,Slowing or Stopping,2015-03-20 23:28,48,39.11382702,-76.57851567,4,3,빗길사고,기타
332,N,Apparently Normal,No Misuse,N,No Injury,3f8c7b00-f5bc-4293-a489-9ff9f1b6e08c,D,AC19690010,Shoulder/Lap Belt(s),F,031adece-d7dc-456b-a0e4-78e7e7ce58e1,Same Direction Right Turn,N,Intersection,Left Turn Lane,Daylight,No Defects,"Two-way, Divided, Positive Median Barrier",Wet,Cloudy,Three o'clock,Passenger Car,Functional,N,Slowing or Stopping,2015-03-27 14:13,34,39.05763374,-76.52803659,4,0,빗길사고,등속 주행 중 사고
333,N,Apparently Normal,No Misuse,Y,No Injury,d8f5fe16-4d1d-409e-aa90-21acb66e87be,D,AC1985000H,Shoulder/Lap Belt(s),F,38f250e7-1bd0-40ff-af72-8818800fba95,Same Direction Rear End Left Turn,N,Intersection Related,Left Turn Lane,Daylight,No Defects,"Two-way, Divided, Unprotected (painted >4 feet) Median",Dry,Cloudy,Twelve o'clock,Passenger Car,Destroyed,N,Moving Constant Speed,2015-02-27 9:00,21,39.12399286,-76.70323849,1,0,좌회전 차선 사고,등속 주행 중 측면 추돌 사고
334,N,Apparently Normal,No Misuse,N,Possible Incapacitating Injury,5f5bca0b-387b-44c6-83a3-37c97f6c5113,D,AC1985000H,Shoulder/Lap Belt(s),F,ee084499-fbff-4bdf-ac3b-57db605c339b,Same Direction Rear End Left Turn,N,Intersection Related,Left Turn Lane,Daylight,No Defects,"Two-way, Divided, Unprotected (painted >4 feet) Median",Dry,Cloudy,Six o'clock,Passenger Car,Disabling,N,Stopped in Traffic Lane,2015-02-27 9:00,39,39.12399286,-76.70323849,1,2,좌회전 차선 사고,기타
335,N,Apparently Normal,No Misuse,N,No Injury,b4119ee0-056a-4cd0-b8e0-e30a573e74e1,D,AC1985000K,Shoulder/Lap Belt(s),F,a1d576bc-f72e-4c3b-9830-6736a1cd106c,Same Direction Rear End,N,Intersection Related,Left Turn Lane,Daylight,No Defects,"Two-way, Divided, Unprotected (painted >4 feet) Median",Dry,Clear,Six o'clock,Passenger Car,Superficial,N,Stopped in Traffic Lane,2015-03-13 12:43,36,39.11768356,-76.7166388,1,2,좌회전 차선 사고,기타
336,N,Apparently Normal,No Misuse,Y,No Injury,de7e4de8-2631-4dd3-89f1-e2639f70249f,D,AC1985000K,Shoulder/Lap Belt(s),M,d556b6bd-88af-4def-ba69-32d4e4feadac,Same Direction Rear End,N,Intersection Related,Left Turn Lane,Daylight,No Defects,"Two-way, Divided, Unprotected (painted >4 feet) Median",Dry,Clear,Twelve o'clock,Pickup Truck,Functional,N,Moving Constant Speed,2015-03-13 12:43,49,39.11768356,-76.7166388,1,0,좌회전 차선 사고,등속 주행 중 측면 추돌 사고
337,N,Apparently Normal,No Misuse,N,No Injury,a13ad9fc-9da3-41fb-927b-0ac5cb55e4dd,D,AC19870017,Shoulder/Lap Belt(s),F,af2fd35d-efcc-4362-8f78-0d586b721d1a,Same Direction Rear End,N,Non Intersection,Left Turn Lane,Daylight,No Defects,One-way Trafficway,Dry,Clear,Six o'clock,Passenger Car,Superficial,N,Slowing or Stopping,2015-02-25 17:39,38,39.14574645,-76.64214849,1,3,좌회전 차선 사고,감속 중 사고
338,N,Apparently Normal,No Misuse,Y,No Injury,fee84db7-8fe0-49ca-af04-a45456c52a0d,D,AC19870017,Shoulder/Lap Belt(s),F,c7d1d4b5-42bb-464b-8957-3d9107cb97b0,Same Direction Rear End,N,Non Intersection,Left Turn Lane,Daylight,No Defects,One-way Trafficway,Dry,Clear,Twelve o'clock,Passenger Car,Superficial,N,Slowing or Stopping,2015-02-25 17:39,42,39.14574645,-76.64214849,1,3,좌회전 차선 사고,감속 중 사고
339,N,Apparently Normal,No Misuse,N,No Injury,f1375ed6-ce82-48c4-b075-4952b56a74f2,D,AC19870017,Shoulder/Lap Belt(s),M,a987f25a-1357-4cdf-a6ea-498afd3cb847,Same Direction Rear End,N,Non Intersection,Left Turn Lane,Daylight,No Defects,One-way Trafficway,Dry,Clear,Six o'clock,Passenger Car,Superficial,N,Slowing or Stopping,2015-02-25 17:39,71,39.14574645,-76.64214849,1,3,좌회전 차선 사고,감속 중 사고
340,N,Apparently Normal,No Misuse,N,No Injury,b2950d9a-b577-4ecb-ac29-7590b3fa5615,D,AC19870017,Shoulder/Lap Belt(s),M,25702d5c-45c2-4172-a337-b205076348c4,Same Direction Rear End,N,Non Intersection,Left Turn Lane,Daylight,No Defects,One-way Trafficway,Dry,Clear,Six o'clock,Passenger Car,Superficial,N,Slowing or Stopping,2015-02-25 17:39,31,39.14574645,-76.64214849,1,3,좌회전 차선 사고,감속 중 사고
341,N,Apparently Normal,No Misuse,N,Possible Incapacitating Injury,57d45b8a-aa33-4467-b0af-077d6572c0ff,D,AC19870017,Shoulder/Lap Belt(s),M,3e7f0fe8-9e9e-4eb3-b12b-cfcf505472c4,Same Direction Rear End,N,Non Intersection,Left Turn Lane,Daylight,No Defects,One-way Trafficway,Dry,Clear,Six o'clock,Passenger Car,Superficial,N,Slowing or Stopping,2015-02-25 17:39,45,39.14574645,-76.64214849,1,3,좌회전 차선 사고,감속 중 사고
342,N,Apparently Normal,No Misuse,Y,No Injury,0472f63e-2c5c-4ddd-a7e6-08eb5813f775,D,AC1987001C,Shoulder/Lap Belt(s),F,d34c628e-614f-4abf-aff3-55d5db571528,Single Vehicle ,N,Non Intersection,Right Turn Lane,Daylight,No Defects,"Two-way, Not Divided",Ice,Sleet,Two o'clock,Passenger Car,Disabling,N,Moving Constant Speed,2015-03-20 13:50,40,39.08484611,-76.66721106,0,0,눈길사고,감속 중 사고
343,N,Apparently Normal,No Misuse,N,No Injury,3825be87-67aa-42f7-afb7-5ac3ea182a2e,D,AC1990000Z,Shoulder/Lap Belt(s),F,f1cbe4ed-f94c-429c-b19d-3484a732b552,Same Direction Rear End,N,Non Intersection,Right Turn Lane,Daylight,No Defects,"Two-way, Not Divided",Snow,Snow,Six o'clock,Passenger Car,Superficial,N,Parked  ,2015-01-06 8:06,43,39.08577597,-76.63732445,0,1,눈길사고,등속 주행 사고
344,N,Apparently Normal,No Misuse,N,No Injury,5c8ca0f0-da98-4996-8bc4-126ca13f900e,D,AC1990000Z,Shoulder/Lap Belt(s),F,3b8a6a95-515b-4c3f-b560-00aeef273cbe,Same Direction Rear End,N,Non Intersection,Right Turn Lane,Daylight,No Defects,"Two-way, Not Divided",Snow,Snow,Six o'clock,Passenger Car,Superficial,N,Parked  ,2015-01-06 8:06,25,39.08577597,-76.63732445,0,1,눈길사고,등속 주행 사고
345,N,Apparently Normal,No Misuse,Y,No Injury,6eecb2dd-3282-48e2-b8c6-bb225d39bf6d,D,AC1990000Z,Shoulder/Lap Belt(s),M,1f396de8-91ca-433f-909c-30d542e425fc,Same Direction Rear End,N,Non Intersection,Right Turn Lane,Daylight,No Defects,"Two-way, Not Divided",Snow,Snow,Twelve o'clock,Passenger Car,Disabling,N,Slowing or Stopping,2015-01-06 8:06,65,39.08577597,-76.63732445,0,1,눈길사고,등속 주행 사고
346,N,Apparently Normal,No Misuse,Y,No Injury,06e685e3-c07e-4056-8756-be813d552aef,D,AC19900017,Shoulder/Lap Belt(s),F,4cf4b2c8-9b6e-443b-bce5-2d34fb2a2842,Same Direction Rear End,N,Non Intersection,Right Turn Lane,Daylight,No Defects,"Two-way, Divided, Unprotected (painted >4 feet) Median",Dry,Clear,Twelve o'clock,Passenger Car,Disabling,N,Slowing or Stopping,2015-02-24 15:07,26,39.14558004,-76.72670245,2,1,기타,등속 주행 사고
347,N,Apparently Normal,No Misuse,N,No Injury,85ec4371-a4fe-4299-9227-c0d9a99d5584,D,AC19900017,Shoulder/Lap Belt(s),M,97377f53-83af-4c83-87b3-6528a9c87116,Same Direction Rear End,N,Non Intersection,Right Turn Lane,Daylight,No Defects,"Two-way, Divided, Unprotected (painted >4 feet) Median",Dry,Clear,Six o'clock,Passenger Car,Functional,N,Slowing or Stopping,2015-02-24 15:07,63,39.14558004,-76.72670245,2,1,기타,등속 주행 사고
348,N,Apparently Normal,No Misuse,Y,No Injury,11a9e9aa-4e3f-4b87-927b-9e28d9006549,D,AC1990001C,Shoulder/Lap Belt(s),F,d056c065-b111-4c17-9b69-3a942b4dab49,Same Movement Angle,N,Non Intersection,Right Turn Lane,Daylight,No Defects,"Two-way, Divided, Unprotected (painted >4 feet) Median",Dry,Cloudy,Twelve o'clock,Passenger Car,Disabling,N,Making U Turn,2015-03-13 15:25,55,39.1235666,-76.78693572,2,0,기타,자차 사고
349,N,Apparently Normal,No Misuse,N,No Injury,cc79250b-54d6-498b-9370-ea35a95bed13,D,AC1990001C,Shoulder/Lap Belt(s),M,418dacdc-b179-4ae4-a841-fea037f25cd8,Same Movement Angle,N,Non Intersection,Right Turn Lane,Daylight,No Defects,"Two-way, Divided, Unprotected (painted >4 feet) Median",Dry,Cloudy,Eleven o'clock,Passenger Car,Disabling,N,Slowing or Stopping,2015-03-13 15:25,34,39.1235666,-76.78693572,2,1,기타,등속 주행 사고
350,N,Apparently Normal,No Misuse,Y,No Injury,7e67c6d5-1527-445f-aa2c-0b40acba810c,D,AC1991001C,Shoulder/Lap Belt(s),F,db4e06f7-5b5c-475f-a3b4-7a083f8d1341,Single Vehicle ,N,Non Intersection,Right Turn Lane,Daylight,No Defects,"Two-way, Not Divided",Snow,Snow,Twelve o'clock,Passenger Car,Disabling,N,Moving Constant Speed,2015-03-01 9:37,28,38.98326167,-76.61256167,0,0,눈길사고,감속 중 사고
351,N,Apparently Normal,No Misuse,Y,No Injury,3eb98fe2-a7e1-49a2-890f-242f0ffe280f,D,AC2002000R,Shoulder/Lap Belt(s),F,9e640160-82c5-45b4-a44a-9d6d43c0c4a4,Same Direction Rear End,N,Intersection,Right Turn Lane,Daylight,No Defects,"Two-way, Divided, Positive Median Barrier",Wet,Raining,Twelve o'clock,Passenger Car,Disabling,N,Slowing or Stopping,2015-01-12 11:18,50,39.09509697,-76.62317991,4,3,빗길사고,기타
352,Y,Apparently Normal,No Misuse,N,No Injury,95756e16-7810-4d72-8ee5-9f45c2e1be15,D,AC2002000R,Shoulder/Lap Belt(s),M,06fee9f4-baf8-44b2-9ce2-46edae70b689,Same Direction Rear End,N,Intersection,Right Turn Lane,Daylight,No Defects,"Two-way, Divided, Positive Median Barrier",Wet,Raining,Six o'clock,School Bus,No Damage,N,Stopped in Traffic Lane,2015-01-12 11:18,50,39.09509697,-76.62317991,4,3,빗길사고,기타
353,N,Apparently Normal,No Misuse,N,No Injury,bc5f426e-7568-41ed-808e-9354b0893bd6,D,AC2002000V,Shoulder/Lap Belt(s),F,d2a722da-9c82-4bd7-bd00-0ab9e4bba68e,Same Movement Angle,N,Non Intersection,Left Turn Lane,Dusk,No Defects,"Two-way, Not Divided",Wet,Raining,One o'clock,Passenger Car,Disabling,N,Moving Constant Speed,2015-03-03 17:11,22,39.12866204,-76.54720902,4,1,빗길사고,자차 사고
354,N,Apparently Normal,No Misuse,Y,No Injury,7849107e-66c2-4a00-85b3-5953b6d59c11,D,AC2002000V,Shoulder/Lap Belt(s),M,cb8e8521-b0a7-4a49-b910-bc879e7c797e,Same Movement Angle,N,Non Intersection,Left Turn Lane,Dusk,No Defects,"Two-way, Not Divided",Wet,Raining,Twelve o'clock,(Sport) Utility Vehicle,Functional,N,Making Right Turn,2015-03-03 17:11,39,39.12866204,-76.54720902,4,1,빗길사고,자차 사고
355,N,Apparently Normal,No Misuse,Y,No Injury,a012bf15-4654-4214-9835-7e42cd804eaf,D,AC2008000T,Shoulder/Lap Belt(s),F,b20f071d-322e-455b-be7f-3909b67b9f4e,Single Vehicle ,N,Intersection,Right Turn Lane,Daylight,No Defects,"Two-way, Divided, Unprotected (painted >4 feet) Median",Dry,Clear,Twelve o'clock,Passenger Car,Functional,N,Slowing or Stopping,2015-03-09 17:31,43,38.9145445,-76.55000925,3,1,우회전 차선 사고,등속 주행 중 측면 추돌 사고
356,N,Apparently Normal,No Misuse,Y,No Injury,4fa46e96-fdef-4d09-a935-fe2a8750e5ef,D,AC2009000X,Shoulder/Lap Belt(s),F,1b2fe3ec-2ba9-4a0b-bdab-3af53c4de59a,Single Vehicle ,N,Non Intersection,Left Turn Lane,Daylight,No Defects,"Two-way, Divided, Unprotected (painted >4 feet) Median",Wet,Raining,Twelve o'clock,Passenger Car,Disabling,N,Moving Constant Speed,2015-01-03 11:58,19,39.14768514,-76.69649005,4,2,빗길사고,동일 방향 운행 중 추돌 사고
357,N,Apparently Normal,No Misuse,Y,No Injury,8552719f-8baf-4b48-b0e4-71ab0b9c605e,D,AC20090010,Shoulder/Lap Belt(s),F,dd92445e-7553-4e12-9a2f-05404ed4b3f9,Single Vehicle ,N,Non Intersection,Right Turn Lane,Daylight,No Defects,"Two-way, Divided, Unprotected (painted >4 feet) Median",Dry,Clear,Twelve o'clock,Passenger Car,Functional,N,Moving Constant Speed,2015-01-23 8:10,20,39.00633667,-76.589885,2,2,기타,기타
358,N,Apparently Normal,No Misuse,Y,No Injury,c871cbce-02cc-44d2-8cd8-6b7a8f453332,D,AC20090011,Shoulder/Lap Belt(s),F,6c06bd8b-c3e6-4319-a8a7-6c954a3e0be5,Single Vehicle ,N,Non Intersection,Right Turn Lane,Dark - Unknown Lighting,No Defects,"Two-way, Divided, Unprotected (painted >4 feet) Median",Snow,Wintry Mix,Twelve o'clock,Passenger Car,Functional,N,Moving Constant Speed,2015-01-29 18:01,47,39.07361093,-76.6753006,0,0,눈길사고,감속 중 사고
359,N,Apparently Normal,No Misuse,Y,No Injury,c0d5b3ed-f6fa-46b3-9251-f51bd78bf05a,D,AC2011000R,Shoulder/Lap Belt(s),F,0dfe09bd-0b03-494e-ab3d-7ef8124e02a9,Head On Left Turn,N,Non Intersection,Right Turn Lane,Daylight,No Defects,"Two-way, Divided, Unprotected (painted >4 feet) Median",Dry,Clear,Twelve o'clock,Passenger Car,Destroyed,N,Accelerating,2015-01-02 12:03,21,39.13137519,-76.56256199,2,0,기타,자차 사고
360,N,Apparently Normal,No Misuse,N,Possible Incapacitating Injury,c43688b0-596e-4ddb-82aa-732191b3ac10,D,AC2011000R,Shoulder/Lap Belt(s),M,4d1e964f-31b1-4fbc-8785-3995cf6f3343,Head On Left Turn,N,Non Intersection,Right Turn Lane,Daylight,No Defects,"Two-way, Divided, Unprotected (painted >4 feet) Median",Dry,Clear,Twelve o'clock,Pickup Truck,Disabling,N,Moving Constant Speed,2015-01-02 12:03,77,39.13137519,-76.56256199,2,2,기타,기타
361,N,Apparently Normal,No Misuse,N,No Injury,21b7fac7-9d26-44de-8166-4d33814da3ea,D,AC2012000D,Shoulder/Lap Belt(s),F,1e0d52d7-eb81-4fd6-a54d-8b4a5421a5ec,Same Direction Rear End,Y,Non Intersection,Right Turn Lane,Daylight,No Defects,"Two-way, Not Divided",Dry,Clear,Six o'clock,(Sport) Utility Vehicle,Functional,N,Slowing or Stopping,2015-03-31 14:55,45,39.09479463,-76.79161047,2,1,기타,등속 주행 사고
362,N,Apparently Normal,No Misuse,Y,No Injury,4ea20cc2-8b63-4a66-9e88-cb69174af735,D,AC2012000D,Shoulder/Lap Belt(s),M,686e3094-4175-48de-8901-b650ef87b3ba,Same Direction Rear End,Y,Non Intersection,Right Turn Lane,Daylight,No Defects,"Two-way, Not Divided",Dry,Clear,Twelve o'clock,Passenger Car,Disabling,N,Slowing or Stopping,2015-03-31 14:55,45,39.09479463,-76.79161047,2,1,기타,등속 주행 사고
363,N,Apparently Normal,No Misuse,Y,No Injury,91b3dd40-5d43-49e1-82ed-98afd1812d7a,D,AC2015000G,Shoulder/Lap Belt(s),F,69fa9735-6f90-49e5-b8e3-edbe109f047d,Same Movement Angle,N,Intersection,Left Turn Lane,Daylight,No Defects,"Two-way, Divided, Positive Median Barrier",Wet,Clear,Eight o'clock,Passenger Car,Disabling,N,Starting From Lane,2015-01-04 12:47,35,39.11892383,-76.52285457,1,1,좌회전 차선 사고,등속 주행 사고
364,N,Apparently Normal,No Misuse,N,Possible Incapacitating Injury,96fad2e6-50f2-4ed1-86c4-b9773a70de74,D,AC2015000G,Shoulder/Lap Belt(s),M,c2751983-d341-456d-a1fc-128d2d0bda4d,Same Movement Angle,N,Intersection,Left Turn Lane,Daylight,No Defects,"Two-way, Divided, Positive Median Barrier",Wet,Clear,Twelve o'clock,Passenger Car,Destroyed,N,Moving Constant Speed,2015-01-04 12:47,33,39.11892383,-76.52285457,1,0,좌회전 차선 사고,등속 주행 중 측면 추돌 사고
365,N,Apparently Normal,No Misuse,N,No Injury,0f694e22-3750-442a-9af0-957042293a4e,D,AC2015000J,Shoulder/Lap Belt(s),F,c7685f6c-89fd-4b0a-83d2-35d9483595f5,Same Direction Rear End,N,Intersection,Left Turn Lane,Daylight,No Defects,"Two-way, Not Divided",Dry,Clear,Six o'clock,Passenger Car,Functional,N,Stopped in Traffic Lane,2015-02-23 11:04,63,39.06887979,-76.54417276,1,2,좌회전 차선 사고,기타
366,N,Apparently Normal,No Misuse,Y,No Injury,d6c68e36-aab8-4b50-950c-60bade4d253a,D,AC2015000J,Shoulder/Lap Belt(s),F,9b13c9f8-bff5-4ebb-9ce1-b4f702d9c48d,Same Direction Rear End,N,Intersection,Left Turn Lane,Daylight,No Defects,"Two-way, Not Divided",Dry,Clear,Twelve o'clock,Passenger Car,Destroyed,N,Moving Constant Speed,2015-02-23 11:04,39,39.06887979,-76.54417276,1,0,좌회전 차선 사고,등속 주행 중 측면 추돌 사고
367,N,Apparently Normal,No Misuse,Y,No Injury,6addcb6a-a67e-4b10-a8a0-62d1e3d39e4f,D,AC2018000K,Shoulder/Lap Belt(s),F,5bd1b27d-e610-4515-b1e4-047a03150231,Single Vehicle ,N,Non Intersection,Left Turn Lane,Dark No Lights,No Defects,"Two-way, Not Divided",Wet,Raining,Nine o'clock,Passenger Car,Disabling,N,Moving Constant Speed,2015-01-03 19:04,45,39.02445167,-76.45016333,4,2,빗길사고,동일 방향 운행 중 추돌 사고
368,N,Apparently Normal,No Misuse,Y,No Injury,5aad7499-8dd3-4585-a332-fc585fc0ea66,D,AC2018000L,Shoulder/Lap Belt(s),F,d4cc53ba-7d70-4abb-9bd4-bb9f7f87f9e4,Angle Meets Left Turn Head On,N,Non Intersection,Left Turn Lane,Daylight,No Defects,"Two-way, Not Divided",Wet,Raining,Twelve o'clock,Passenger Car,Disabling,N,Moving Constant Speed,2015-01-12 10:43,53,39.10707801,-76.48511052,4,2,빗길사고,동일 방향 운행 중 추돌 사고
369,N,Apparently Normal,No Misuse,N,No Injury,2d43b569-426c-40a9-8a8d-54a8ce502984,D,AC2018000L,Shoulder/Lap Belt(s),M,926c76f5-877f-46d2-b585-9b9b9abe9186,Angle Meets Left Turn Head On,N,Non Intersection,Left Turn Lane,Daylight,No Defects,"Two-way, Not Divided",Wet,Raining,Twelve o'clock,Pickup Truck,Disabling,N,Making Left Turn,2015-01-12 10:43,52,39.10707801,-76.48511052,4,0,빗길사고,등속 주행 중 사고
370,N,Apparently Normal,No Misuse,N,No Injury,c14ae866-ce4d-4c14-985b-62dfaf7dbda7,D,AC2018000N,Shoulder/Lap Belt(s),F,d89910c3-95b9-4f52-89ec-2a507ff67f6f,Same Direction Rear End,N,Non Intersection,Left Turn Lane,Daylight,No Defects,"Two-way, Divided, Unprotected (painted >4 feet) Median",Dry,Clear,Six o'clock,(Sport) Utility Vehicle,Disabling,N,Slowing or Stopping,2015-01-17 12:11,52,39.04946881,-76.52080536,1,3,좌회전 차선 사고,감속 중 사고
371,N,Apparently Normal,No Misuse,Y,No Injury,0b4f20fb-cbe7-442b-845e-02e381ec60e9,D,AC2018000N,Shoulder/Lap Belt(s),F,212ffd0b-8f8a-4394-91d9-8fa77f56e7ee,Same Direction Rear End,N,Non Intersection,Left Turn Lane,Daylight,No Defects,"Two-way, Divided, Unprotected (painted >4 feet) Median",Dry,Clear,Twelve o'clock,(Sport) Utility Vehicle,Disabling,N,Moving Constant Speed,2015-01-17 12:11,23,39.04946881,-76.52080536,1,0,좌회전 차선 사고,등속 주행 중 측면 추돌 사고
372,N,Apparently Normal,No Misuse,Y,No Injury,a70eac22-99c4-40c5-9601-c2b0ebf44d3f,D,AC2021000H,Shoulder/Lap Belt(s),F,b0def163-56f8-4632-8135-4607a5da6860,Same Movement Angle,N,Non Intersection,Left Turn Lane,Dark Lights On,No Defects,"Two-way, Not Divided",Dry,Clear,Three o'clock,Passenger Car,Superficial,N,Accelerating,2015-01-10 18:58,60,39.08560395,-76.69616818,1,1,좌회전 차선 사고,등속 주행 사고
373,N,Apparently Normal,No Misuse,N,No Injury,598423bf-9fa0-4800-ba96-4c0ab2d0e24b,D,AC2021000H,Shoulder/Lap Belt(s),M,7e35ac02-6a0a-4eca-ab9e-6311d98f3370,Same Movement Angle,N,Non Intersection,Left Turn Lane,Dark Lights On,No Defects,"Two-way, Not Divided",Dry,Clear,Twelve o'clock,Passenger Car,Destroyed,N,Moving Constant Speed,2015-01-10 18:58,19,39.08560395,-76.69616818,1,0,좌회전 차선 사고,등속 주행 중 측면 추돌 사고
374,N,Apparently Normal,No Misuse,Y,No Injury,1505d8ec-cb52-4976-9ddd-2e06db93610c,D,AC2021000R,Shoulder/Lap Belt(s),M,225c8d8f-840d-45e7-ad6b-66cb29136db3,Opposite Direction Sideswipe,N,Intersection,Left Turn Lane,Daylight,No Defects,"Two-way, Not Divided",Dry,Clear,Twelve o'clock,(Sport) Utility Vehicle,Functional,N,Accelerating,2015-03-07 17:47,41,39.15401023,-76.72356028,1,1,좌회전 차선 사고,등속 주행 사고
375,N,Apparently Normal,No Misuse,Y,No Injury,39d365b2-cad9-483c-90c4-5979e89c5821,D,AC2029000M,Shoulder/Lap Belt(s),F,c36195d8-25f7-4724-9de3-c15928c39117,Same Direction Rear End,N,Intersection Related,Right Turn Lane,Dark Lights On,No Defects,One-way Trafficway,Dry,Clear,Twelve o'clock,Passenger Car,Superficial,N,Moving Constant Speed,2015-01-25 18:40,36,39.09633333,-76.80345333,3,2,우회전 차선 사고,기타
376,N,Apparently Normal,No Misuse,N,Non-incapacitating Injury,03eb227a-2d22-4353-a31a-05ac0c7576a8,D,AC2029000M,Shoulder/Lap Belt(s),F,c58e36ad-4f89-4d23-92e3-edadc583536d,Same Direction Rear End,N,Intersection Related,Right Turn Lane,Dark Lights On,No Defects,One-way Trafficway,Dry,Clear,Six o'clock,(Sport) Utility Vehicle,Functional,N,Slowing or Stopping,2015-01-25 18:40,58,39.09633333,-76.80345333,3,3,우회전 차선 사고,동일 방향 운행 중 추돌 사고
377,N,Apparently Normal,No Misuse,N,No Injury,d94b0c9a-ac39-41ac-a6e9-1fb0cd97507f,D,AC2031000D,Shoulder/Lap Belt(s),F,3d87db52-fa88-4f2c-b9ee-c530557d3a28,Head On Left Turn,N,Non Intersection,Right Turn Lane,Daylight,No Defects,"Two-way, Not Divided",Dry,Clear,Twelve o'clock,Passenger Car,Disabling,N,Moving Constant Speed,2015-01-13 15:32,24,39.09148311,-76.69637203,2,2,기타,기타
378,N,Apparently Normal,No Misuse,Y,No Injury,e8380246-d8d0-4fdd-8099-44e00b74de49,D,AC2031000D,Shoulder/Lap Belt(s),M,bc67e7ec-1d4d-438e-80cb-56f399c5af80,Head On Left Turn,N,Non Intersection,Right Turn Lane,Daylight,No Defects,"Two-way, Not Divided",Dry,Clear,Twelve o'clock,(Sport) Utility Vehicle,Disabling,N,Accelerating,2015-01-13 15:32,52,39.09148311,-76.69637203,2,0,기타,자차 사고
379,N,Apparently Normal,No Misuse,N,No Injury,ab5c3ae9-91a3-41a2-bd96-7d8c4bb413b8,D,ADD5720003,Shoulder/Lap Belt(s),F,31a35c0a-b210-45b4-bde6-249966613cd5,Head On Left Turn,N,Intersection,Left Turn Lane,Dark Lights On,No Defects,"Two-way, Divided, Positive Median Barrier",Ice,Sleet,Twelve o'clock,Passenger Car,Disabling,N,Moving Constant Speed,2015-01-29 17:15,23,39.27825293,-76.57526493,1,0,좌회전 차선 사고,등속 주행 중 측면 추돌 사고
380,N,Apparently Normal,No Misuse,N,No Injury,18c61c81-1b6e-4359-94ad-f278d623a86d,D,ADD5720003,Shoulder/Lap Belt(s),F,ce0a2520-1251-48c4-ac19-33bbd9b57554,Head On Left Turn,N,Intersection,Left Turn Lane,Dark Lights On,No Defects,"Two-way, Divided, Positive Median Barrier",Ice,Sleet,Nine o'clock,Passenger Car,Disabling,N,Stopped in Traffic Lane,2015-01-29 17:15,28,39.27825293,-76.57526493,1,2,좌회전 차선 사고,기타
381,N,Apparently Normal,No Misuse,N,No Injury,2f0b9224-c061-4971-aff3-009b63c1840d,D,ADD7210011,Shoulder/Lap Belt(s),F,a879c062-2a7c-4b65-81ec-7eebca7e2d62,Same Movement Angle,N,Intersection,Right Turn Lane,Daylight,No Defects,"Two-way, Not Divided",Dry,Clear,Nine o'clock,Police Vehicle/Non Emergency,Superficial,N,Moving Constant Speed,2015-02-26 16:29,29,39.28653604,-76.59546062,3,0,우회전 차선 사고,기타