KEY_INDEX,CDL_FLAG,CONDITION_CODE,EQUIP_PROB_CODE,FAULT_FLAG,INJ_SEVER_CODE,PERSON_ID,PERSON_TYPE,REPORT_NO,SAF_EQUIP_CODE,SEX_CODE,VEHICLE_ID,COLLISION_TYPE_CODE,C_M_ZONE_FLAG,JUNCTION_CODE,LANE_CODE,LIGHT_CODE,RD_COND_CODE,RD_DIV_CODE,SURF_COND_CODE,WEATHER_CODE,AREA_DAMAGED_CODE_MAIN,BODY_TYPE_CODE,DAMAGE_CODE,HIT_AND_RUN_FLAG,MOVEMENT_CODE,TIME,AGE,LATITUDE,LONGITUDE,CLUSTER,SECOND_LABEL,FIRST_LABEL,SECOND_LABELING
382,N,Apparently Normal,No Misuse,Y,No Injury,b0e9af31-5c41-49be-8568-f647d0e5b38e,D,ADD7210011,Shoulder/Lap Belt(s),M,87a9b49b-8dc2-404b-91d9-4b3afc80535c,Same Movement Angle,N,Intersection,Right Turn Lane,Daylight,No Defects,"Two-way, Not Divided",Dry,Clear,Twelve o'clock,Passenger Car,Superficial,N,Accelerating,2015-02-26 16:29,42,39.28653604,-76.59546062,3,0,우회전 차선 사고,기타
383,N,Apparently Normal,No Misuse,N,No Injury,3351ce19-ea15-4375-a279-183aff902329,D,ADD721001G,Shoulder/Lap Belt(s),F,516a2e8a-a664-4591-a870-dccb0752b2a2,Head On Left Turn,N,Intersection,Right Turn Lane,Daylight,No Defects,"Two-way, Not Divided",Dry,Clear,Twelve o'clock,Passenger Car,Superficial,N,Moving Constant Speed,2015-03-24 8:04,25,39.29673317,-76.5821515,3,2,우회전 차선 사고,기타
384,N,Apparently Normal,No Misuse,Y,No Injury,ea88c07b-aa60-4494-b884-8f941ea69ef7,D,ADD721001G,Shoulder/Lap Belt(s),M,4e9ef3ef-d87d-41b9-a3a8-06ae532f831b,Head On Left Turn,N,Intersection,Right Turn Lane,Daylight,No Defects,"Two-way, Not Divided",Dry,Clear,Twelve o'clock,Police Vehicle/Non Emergency,Superficial,N,Making Left Turn,2015-03-24 8:04,26,39.29673317,-76.5821515,3,1,우회전 차선 사고,등속 주행 중 측면 추돌 사고
385,N,Apparently Normal,No Misuse,N,No Injury,b7c11306-fc27-476b-ae26-83de80d9555a,D,ADD905000Q,Shoulder/Lap Belt(s),F,f5738e7b-6da8-4b55-b9d9-de393e4797a4,Same Direction Rear End,N,Intersection Related,Right Turn Lane,Dark Lights On,No Defects,"Two-way, Divided, Unprotected (painted >4 feet) Median",Wet,Sleet,Six o'clock,Passenger Car,Superficial,N,Stopped in Traffic Lane,2015-01-23 18:00,28,39.3379652,-76.55175805,4,3,빗길사고,기타
386,N,Apparently Normal,No Misuse,Y,No Injury,e4ffffb4-d0bb-4229-a7c8-8c0e705b2bc0,D,ADD905000Q,Shoulder/Lap Belt(s),M,bc3811a4-1702-49ea-b572-65c433462855,Same Direction Rear End,N,Intersection Related,Right Turn Lane,Dark Lights On,No Defects,"Two-way, Divided, Unprotected (painted >4 feet) Median",Wet,Sleet,Twelve o'clock,Police Vehicle/Non Emergency,No Damage,N,Changing Lanes,2015-01-23 18:00,54,39.3379652,-76.55175805,4,3,빗길사고,기타
387,N,Apparently Normal,No Misuse,N,No Injury,4a642545-1666-4f9f-a077-c636377056cc,D,ADD905000V,Shoulder/Lap Belt(s),F,b38a6785-348a-424d-bd27-a16cc5c4a1fb,Head On Left Turn,N,Intersection Related,Acceleration Lane,Daylight,No Defects,"Two-way, Divided, Unprotected (painted >4 feet) Median",Dry,Clear,Twelve o'clock,Police Vehicle/Non Emergency,Functional,N,Moving Constant Speed,2015-02-19 9:35,40,39.27213189,-76.54305696,1,0,좌회전 차선 사고,등속 주행 중 측면 추돌 사고
388,N,Apparently Normal,No Misuse,Y,No Injury,4a0223de-8f43-4977-9d99-b8bc0b4935c6,D,ADD905000V,Shoulder/Lap Belt(s),M,3eca9a3b-a208-493c-b2ff-371bda26f80a,Head On Left Turn,N,Intersection Related,Acceleration Lane,Daylight,No Defects,"Two-way, Divided, Unprotected (painted >4 feet) Median",Dry,Clear,Four o'clock,Passenger Car,Functional,N,Making Left Turn,2015-02-19 9:35,23,39.27213189,-76.54305696,1,1,좌회전 차선 사고,등속 주행 사고
389,N,Apparently Normal,No Misuse,N,No Injury,67528fde-5144-434b-bd58-1d1dea2965a3,D,ADE7440003,Shoulder/Lap Belt(s),F,82ca1a3e-97a4-462f-9fdb-0475917e89f7,Same Direction Rear End,N,Non Intersection,Right Turn Lane,Daylight,No Defects,"Two-way, Divided, Unprotected (painted >4 feet) Median",Wet,Clear,Six o'clock,Passenger Car,Disabling,N,Stopped in Traffic Lane,2015-02-18 7:29,58,39.35299938,-76.68381929,2,0,기타,자차 사고
390,N,Apparently Normal,No Misuse,Y,No Injury,5530e408-943f-4bcc-bffe-9809fbd4ea7e,D,ADE7440003,Shoulder/Lap Belt(s),F,93a2525a-d976-4aec-b9b6-ee18efe94296,Same Direction Rear End,N,Non Intersection,Right Turn Lane,Daylight,No Defects,"Two-way, Divided, Unprotected (painted >4 feet) Median",Wet,Clear,Twelve o'clock,Passenger Car,Disabling,N,Moving Constant Speed,2015-02-18 7:29,39,39.35299938,-76.68381929,2,3,기타,등속 주행 중 측면 추돌 사고
391,N,Apparently Normal,No Misuse,Y,No Injury,271847b9-e85d-4564-9efd-2170120a6427,D,ADE7460002,Shoulder/Lap Belt(s),F,4a1c46ba-9649-4614-b585-6dc573f55619,Same Direction Rear End,N,Non Intersection,Left Turn Lane,Daylight,No Defects,"Two-way, Not Divided",Wet,Raining,Twelve o'clock,Passenger Car,Functional,N,Skidding,2015-01-12 14:27,66,39.26076045,-76.65904641,4,3,빗길사고,기타
392,N,Apparently Normal,No Misuse,N,No Injury,4bb3d930-e396-4077-99e7-a7d7c872e39e,D,ADE7460007,Shoulder/Lap Belt(s),F,09fe8deb-2e7f-47e2-9cc0-94cad75e08ba,Same Direction Rear End,N,Intersection Related,Right Turn Lane,Daylight,No Defects,"Two-way, Not Divided",Dry,Clear,Six o'clock,(Sport) Utility Vehicle,Superficial,N,Stopped in Traffic Lane,2015-01-27 15:34,57,39.33619772,-76.71100616,3,3,우회전 차선 사고,동일 방향 운행 중 추돌 사고
393,N,Apparently Normal,No Misuse,Y,No Injury,969b9ee1-3969-4dc4-848d-61287ae30a2e,D,ADE7460007,Shoulder/Lap Belt(s),M,42c4c918-1b5d-4ec8-b895-7c5527ac3af1,Same Direction Rear End,N,Intersection Related,Right Turn Lane,Daylight,No Defects,"Two-way, Not Divided",Dry,Clear,Twelve o'clock,Police Vehicle/Non Emergency,Superficial,N,Accelerating,2015-01-27 15:34,44,39.33619772,-76.71100616,3,3,우회전 차선 사고,동일 방향 운행 중 추돌 사고
394,N,Apparently Normal,No Misuse,Y,No Injury,00b64e15-4bf7-4e25-a6d5-778060e82550,D,ADE7460008,Shoulder/Lap Belt(s),F,846b822a-1862-4f20-8655-5d5f66a12c47,Same Direction Rear End,N,Non Intersection,Right Turn Lane,Dark Lights On,No Defects,"Two-way, Not Divided",Dry,Clear,Twelve o'clock,Passenger Car,No Damage,N,Slowing or Stopping,2015-01-28 17:50,23,39.29134036,-76.59834266,2,1,기타,등속 주행 사고
395,N,Apparently Normal,No Misuse,N,No Injury,8d860238-190c-4262-9ca2-b9df7e7161f4,D,ADE7460008,Shoulder/Lap Belt(s),M,9b97c3d5-f215-4720-930e-4da9e427296a,Same Direction Rear End,N,Non Intersection,Right Turn Lane,Dark Lights On,No Defects,"Two-way, Not Divided",Dry,Clear,Six o'clock,Police Vehicle/Non Emergency,Superficial,N,Stopped in Traffic Lane,2015-01-28 17:50,52,39.29134036,-76.59834266,2,0,기타,자차 사고
396,N,Apparently Normal,No Misuse,Y,No Injury,6380a6fa-b9d4-4719-8522-76c4b2e89e47,D,ADE746000B,Shoulder/Lap Belt(s),F,9103e2bd-86d5-493e-a08e-f7ab4b94a25a,Same Direction Right Turn,N,Intersection Related,Left Turn Lane,Daylight,No Defects,One-way Trafficway,Dry,Clear,Two o'clock,Police Vehicle/Emergency,Superficial,N,Making Right Turn,2015-02-05 13:20,35,39.30448346,-76.61608815,1,1,좌회전 차선 사고,등속 주행 사고
397,N,Apparently Normal,No Misuse,N,No Injury,446cac59-d496-4a42-bb8d-b4c4561de9d9,D,ADE746000B,Shoulder/Lap Belt(s),M,3750bba5-1fc2-4b3e-87bf-dd7590a6cd21,Same Direction Right Turn,N,Intersection Related,Left Turn Lane,Daylight,No Defects,One-way Trafficway,Dry,Clear,Eleven o'clock,Passenger Car,Superficial,N,Stopped in Traffic Lane,2015-02-05 13:20,23,39.30448346,-76.61608815,1,2,좌회전 차선 사고,기타
398,N,Apparently Normal,No Misuse,N,No Injury,c635bb62-abe9-42a3-9aa6-b487b324c1aa,D,ADE746000H,Shoulder/Lap Belt(s),F,4306f348-7a4b-44f2-9c3a-434a3bcc32f4,Same Movement Angle,N,Intersection,Right Turn Lane,Daylight,No Defects,"Two-way, Not Divided",Dry,Clear,Twelve o'clock,Passenger Car,Superficial,N,Stopped in Traffic Lane,2015-03-09 14:40,71,39.30677473,-76.58556461,3,0,우회전 차선 사고,기타
399,N,Apparently Normal,No Misuse,Y,No Injury,6d714367-9a0f-4a29-b5be-6c8ebf8bd833,D,ADE746000H,Shoulder/Lap Belt(s),M,a73e4780-ea4d-4049-83cf-fc00067e0016,Same Movement Angle,N,Intersection,Right Turn Lane,Daylight,No Defects,"Two-way, Not Divided",Dry,Clear,Twelve o'clock,Police Vehicle/Non Emergency,Superficial,N,Backing,2015-03-09 14:40,29,39.30677473,-76.58556461,3,0,우회전 차선 사고,기타
400,N,Apparently Normal,No Misuse,Y,No Injury,ae6877cc-99f4-46ab-a5ba-b29329d4b62e,D,ADE746000K,Shoulder/Lap Belt(s),F,ad34385b-71d7-4da3-a16a-0b5f09adfaeb,Head On Left Turn,N,Intersection,Right Turn Lane,Daylight,No Defects,"Two-way, Not Divided",Dry,Clear,Twelve o'clock,Passenger Car,Superficial,N,Making Left Turn,2015-03-30 13:41,77,39.31407976,-76.67654514,3,1,우회전 차선 사고,등속 주행 중 측면 추돌 사고
401,N,Apparently Normal,No Misuse,N,No Injury,2e61ad19-0d27-4fc0-a9fd-025add6be0a4,D,ADE746000K,Shoulder/Lap Belt(s),M,8b13a749-f97d-43a1-8008-30614a0fe677,Head On Left Turn,N,Intersection,Right Turn Lane,Daylight,No Defects,"Two-way, Not Divided",Dry,Clear,Nine o'clock,Police Vehicle/Non Emergency,Superficial,N,Moving Constant Speed,2015-03-30 13:41,40,39.31407976,-76.67654514,3,2,우회전 차선 사고,기타
402,N,Apparently Normal,No Misuse,N,No Injury,8041a6ac-46cc-4622-9f70-1de22b138e91,D,ADE8780001,Shoulder/Lap Belt(s),F,02839698-201a-4e25-b4e2-3c671a12c214,Same Direction Sideswipe,N,Intersection,Right Turn Lane,Daylight,No Defects,"Two-way, Divided, Unprotected (painted >4 feet) Median",Dry,Clear,Two o'clock,Passenger Car,Functional,N,Accelerating,2015-01-19 14:30,74,39.29521484,-76.64551601,3,1,우회전 차선 사고,등속 주행 중 측면 추돌 사고
403,N,Apparently Normal,No Misuse,N,No Injury,53f7b516-d8fe-456b-a004-fb06ffac2f55,D,ADF051001X,Shoulder/Lap Belt(s),F,b5982202-7d52-42f7-a240-5600bc8f4052,Same Movement Angle,N,Intersection,Left Turn Lane,Dark Lights On,No Defects,"Two-way, Not Divided",Dry,Clear,One o'clock,Police Vehicle/Non Emergency,Superficial,N,Moving Constant Speed,2015-01-09 17:30,33,39.34618001,-76.6096884,1,0,좌회전 차선 사고,등속 주행 중 측면 추돌 사고
404,N,Apparently Normal,No Misuse,Y,No Injury,73daeedc-34e2-4d1c-ad6b-0da55938040a,D,ADF051001X,Shoulder/Lap Belt(s),F,0edbd9ce-67bc-40aa-b7c6-0917652df6ae,Same Movement Angle,N,Intersection,Left Turn Lane,Dark Lights On,No Defects,"Two-way, Not Divided",Dry,Clear,Twelve o'clock,Passenger Car,Functional,N,Starting From Lane,2015-01-09 17:30,51,39.34618001,-76.6096884,1,1,좌회전 차선 사고,등속 주행 사고
405,N,Apparently Normal,No Misuse,N,No Injury,859c2691-e7b0-4bf4-8c65-dc3b4efaf367,D,ADF051001Z,Shoulder/Lap Belt(s),F,37a59243-372e-4649-aee8-64910b2b604f,Same Movement Angle,N,Intersection,Left Turn Lane,Daylight,No Defects,"Two-way, Not Divided",Dry,Clear,Twelve o'clock,Passenger Car,Superficial,N,Moving Constant Speed,2015-02-05 9:55,51,39.34113804,-76.66762009,1,0,좌회전 차선 사고,등속 주행 중 측면 추돌 사고
406,N,Apparently Normal,No Misuse,Y,No Injury,2ef72343-25ba-4b96-bc37-1424f3925d8d,D,ADF051001Z,Shoulder/Lap Belt(s),M,e53152f8-eea0-4562-a8a7-ee1643b7f358,Same Movement Angle,N,Intersection,Left Turn Lane,Daylight,No Defects,"Two-way, Not Divided",Dry,Clear,Three o'clock,Passenger Car,Functional,N,Making Left Turn,2015-02-05 9:55,25,39.34113804,-76.66762009,1,1,좌회전 차선 사고,등속 주행 사고
407,N,Apparently Normal,No Misuse,Y,No Injury,9cea5cf9-b547-4bc7-9bdc-3d638821eb1e,D,ADF0510021,Shoulder/Lap Belt(s),F,1a390fa9-3c16-4dca-abb5-7ec68e4d47e2,Same Direction Rear End,N,Non Intersection,Left Turn Lane,Daylight,No Defects,One-way Trafficway,Ice,Clear,Twelve o'clock,Passenger Car,Functional,N,Slowing or Stopping,2015-02-06 8:43,30,39.29302703,-76.64789915,1,3,좌회전 차선 사고,감속 중 사고
408,Y,Apparently Normal,No Misuse,N,Non-incapacitating Injury,a07156f0-a000-46d3-935f-09dcf87d66d5,D,ADF0510021,Shoulder/Lap Belt(s),M,87ec341d-2b50-4bfd-930e-2eb16b742c06,Same Direction Rear End,N,Non Intersection,Left Turn Lane,Daylight,No Defects,One-way Trafficway,Ice,Clear,Six o'clock,Pickup Truck,Functional,N,Stopped in Traffic Lane,2015-02-06 8:43,53,39.29302703,-76.64789915,1,2,좌회전 차선 사고,기타
409,N,Apparently Normal,No Misuse,Y,No Injury,235635ca-d70f-4e1f-96d9-1b4e1c0cb9ef,D,ADF0510026,Shoulder/Lap Belt(s),F,b745fdb9-2374-400f-a898-00467addf73d,Same Direction Sideswipe,N,Non Intersection,Deceleration Lane,Daylight,No Defects,One-way Trafficway,Dry,Clear,Four o'clock,Van,Superficial,N,Moving Constant Speed,2015-03-18 9:45,37,39.28891115,-76.61377475,1,0,좌회전 차선 사고,등속 주행 중 측면 추돌 사고
410,N,Apparently Normal,No Misuse,N,No Injury,87496ca4-7a51-42a3-b805-9546c437fc37,D,ADF0510026,Shoulder/Lap Belt(s),M,4aa2a23b-e380-4856-bbe0-9aa48da6f9eb,Same Direction Sideswipe,N,Non Intersection,Deceleration Lane,Daylight,No Defects,One-way Trafficway,Dry,Clear,Eleven o'clock,Police Vehicle/Non Emergency,Superficial,N,Moving Constant Speed,2015-03-18 9:45,46,39.28891115,-76.61377475,1,0,좌회전 차선 사고,등속 주행 중 측면 추돌 사고
411,N,Apparently Normal,No Misuse,N,No Injury,63200b82-4222-4efd-b7ca-e7a6e1ca818b,D,ADF0610005,Shoulder/Lap Belt(s),F,74696348-71fd-4ad7-9cd0-520cb8696c0f,Same Movement Angle,N,Intersection,Right Turn Lane,Daylight,No Defects,"Two-way, Not Divided",Dry,Cloudy,Twelve o'clock,Passenger Car,Disabling,N,Moving Constant Speed,2015-02-09 16:00,70,39.36037423,-76.62472218,3,0,우회전 차선 사고,기타
412,N,Apparently Normal,No Misuse,N,No Injury,4aa4e6a7-96c4-4000-b596-78a15013e17e,D,ADF0610005,Shoulder/Lap Belt(s),F,d022ca16-d0ea-445d-b0ee-b4f0529535c1,Same Movement Angle,N,Intersection,Right Turn Lane,Daylight,No Defects,"Two-way, Not Divided",Dry,Cloudy,Twelve o'clock,(Sport) Utility Vehicle,Disabling,N,Moving Constant Speed,2015-02-09 16:00,50,39.36037423,-76.62472218,3,0,우회전 차선 사고,기타
413,N,Apparently Normal,No Misuse,Y,No Injury,e7e6481b-7047-4f09-b91f-e579e25d6c24,D,ADF0610005,Shoulder/Lap Belt(s),M,8ac8495e-93ee-4866-bece-4d821bfd4d6a,Same Movement Angle,N,Intersection,Right Turn Lane,Daylight,No Defects,"Two-way, Not Divided",Dry,Cloudy,Twelve o'clock,Passenger Car,Disabling,N,Making Left Turn,2015-02-09 16:00,18,39.36037423,-76.62472218,3,0,우회전 차선 사고,기타
414,N,Apparently Normal,No Misuse,N,No Injury,4b4c034a-c3fc-4860-9c86-728195dc0ac7,D,ADF0610008,Shoulder/Lap Belt(s),F,1c81d1d9-c599-47f2-ac6c-3ebb44a2f075,Same Direction Rear End,N,Non Intersection,Left Turn Lane,Daylight,No Defects,"Two-way, Divided, Positive Median Barrier",Snow,Clear,Six o'clock,Van,Superficial,N,Stopped in Traffic Lane,2015-03-06 9:30,30,39.36611016,-76.59823537,1,2,좌회전 차선 사고,기타
415,N,Apparently Normal,No Misuse,N,No Injury,f97ecced-8e3f-4a37-b47e-5ac2a7d07221,D,ADF1510001,Shoulder/Lap Belt(s),F,75d7ebce-c63d-4d73-832f-a944f8af3b77,Same Direction Rear End,N,Non Intersection,Right Turn Lane,Dark Lights On,No Defects,"Two-way, Not Divided",Wet,Snow,Six o'clock,Passenger Car,Functional,N,Stopped in Traffic Lane,2015-02-16 18:40,26,39.28081959,-76.63520828,0,1,눈길사고,등속 주행 사고
416,N,Apparently Normal,No Misuse,N,No Injury,3a8ccdda-f0ca-42ba-ba46-3502832b3f5c,D,ADF1510002,Shoulder/Lap Belt(s),F,d3c51362-cd1f-4222-a998-9ca4e11d0ee6,Same Direction Sideswipe,N,Non Intersection,Right Turn Lane,Daylight,No Defects,"Two-way, Not Divided",Dry,Clear,Three o'clock,Passenger Car,Functional,N,Making Right Turn,2015-03-13 15:20,41,39.28846931,-76.63963661,2,0,기타,자차 사고
417,N,Apparently Normal,No Misuse,N,No Injury,d954e310-ac68-4aac-a433-904170fb5761,D,ADF2280006,Shoulder/Lap Belt(s),F,b34c3a17-2fe1-4a18-9f62-c2eacb79687a,Opposite Direction Sideswipe,N,Non Intersection,Right Turn Lane,Dark Lights On,No Defects,"Two-way, Not Divided",Dry,Clear,Eight o'clock,Passenger Car,Superficial,N,Stopped in Traffic Lane,2015-03-27 23:30,30,39.31432463,-76.66606307,2,0,기타,자차 사고
418,N,Apparently Normal,No Misuse,Y,No Injury,7e3a7adf-13d3-4aa2-b86e-2d5438918de2,D,ADF4360001,Shoulder/Lap Belt(s),F,7cfa20e9-03be-41a9-b8c6-ed57e45d8a2f,Same Direction Rear End Left Turn,N,Intersection Related,Right Turn Lane,Dark Lights On,No Defects,"Two-way, Not Divided",Dry,Clear,Twelve o'clock,Passenger Car,Functional,N,Moving Constant Speed,2015-01-27 18:00,21,39.29402958,-76.59187719,3,2,우회전 차선 사고,기타
419,N,Apparently Normal,No Misuse,N,No Injury,54a0e67d-c022-4f88-820c-5874fc18219b,D,ADF4360001,Shoulder/Lap Belt(s),M,98e24352-1e01-4c6c-b7b1-c53bcec916be,Same Direction Rear End Left Turn,N,Intersection Related,Right Turn Lane,Dark Lights On,No Defects,"Two-way, Not Divided",Dry,Clear,Six o'clock,Passenger Car,Functional,N,Making Left Turn,2015-01-27 18:00,36,39.29402958,-76.59187719,3,1,우회전 차선 사고,등속 주행 중 측면 추돌 사고
420,N,Apparently Normal,No Misuse,N,No Injury,85b1ffbf-0181-44f2-9d37-f4608bbfb37c,D,ADF4500004,Shoulder/Lap Belt(s),F,e92f44d1-279f-485d-978d-afedf4dcd058,Same Movement Angle,N,Intersection,Right Turn Lane,Daylight,No Defects,"Two-way, Divided, Unprotected (painted >4 feet) Median",Dry,Clear,Twelve o'clock,Passenger Car,Disabling,N,Moving Constant Speed,2015-01-15 14:10,26,39.36320285,-76.625036,3,0,우회전 차선 사고,기타
421,N,Apparently Normal,No Misuse,N,No Injury,4c92197f-3466-4537-bb97-f7a5bf4f8b46,D,ADF4510001,Shoulder/Lap Belt(s),F,d30e92b3-3b3a-4f86-b36d-bf5154463eee,Same Movement Angle,N,Intersection,Left Turn Lane,Dark Lights On,No Defects,"Two-way, Not Divided",Dry,Clear,One o'clock,(Sport) Utility Vehicle,Superficial,N,Moving Constant Speed,2015-01-15 10:15,47,39.36454661,-76.60998344,1,0,좌회전 차선 사고,등속 주행 중 측면 추돌 사고
422,N,Apparently Normal,No Misuse,N,No Injury,1ebaa057-7d64-420c-a75d-55be18254bbf,D,ADF5040005,Shoulder/Lap Belt(s),F,b2f71d4b-9184-43c1-a111-9b9a14905bf5,Same Direction Sideswipe,N,Non Intersection,Left Turn Lane,Daylight,No Defects,"Two-way, Divided, Positive Median Barrier",Dry,Clear,Seven o'clock,Passenger Car,Functional,N,Moving Constant Speed,2015-01-30 16:00,35,39.31699326,-76.63612962,1,0,좌회전 차선 사고,등속 주행 중 측면 추돌 사고
423,N,Apparently Normal,No Misuse,Y,No Injury,5dc525e0-7e09-432c-8003-2a0e14dfc7ca,D,ADF504000C,Shoulder/Lap Belt(s),F,e3860cae-852d-4863-94a0-e4f6520d202e,Same Direction Rear End,N,Intersection,Left Turn Lane,Daylight,No Defects,"Two-way, Not Divided",Dry,Clear,Twelve o'clock,Passenger Car,Disabling,N,Moving Constant Speed,2015-02-15 15:40,26,39.30474911,-76.62076592,1,0,좌회전 차선 사고,등속 주행 중 측면 추돌 사고
424,N,Apparently Normal,No Misuse,N,No Injury,b6f03388-9704-4852-9ea4-307819a0b0f2,D,ADF504000C,Shoulder/Lap Belt(s),M,66770ff1-b4eb-4ec4-bc17-83e12174e76c,Same Direction Rear End,N,Intersection,Left Turn Lane,Daylight,No Defects,"Two-way, Not Divided",Dry,Clear,Six o'clock,Passenger Car,Functional,N,Stopped in Traffic Lane,2015-02-15 15:40,51,39.30474911,-76.62076592,1,2,좌회전 차선 사고,기타
425,N,Apparently Normal,No Misuse,Y,No Injury,e68608ad-f3a6-464f-9ef6-9acb92b53299,D,ADF504000F,Shoulder/Lap Belt(s),F,760142d6-35f6-47cc-9bb6-3f1457665bcb,Same Direction Rear End,N,Non Intersection,Right Turn Lane,Dark Lights On,No Defects,One-way Trafficway,Dry,Clear,Twelve o'clock,Passenger Car,Disabling,N,Moving Constant Speed,2015-03-22 11:49,36,39.30753018,-76.63077593,2,3,기타,등속 주행 중 측면 추돌 사고
426,N,Apparently Normal,No Misuse,N,No Injury,75b23943-51fe-49da-9014-ff2e9c1d61a1,D,ADF504000G,Shoulder/Lap Belt(s),F,bf737222-6c8d-4aa4-810f-e48b27cb2b77,Same Direction Rear End,N,Non Intersection,Right Turn Lane,Daylight,No Defects,"Two-way, Divided, Positive Median Barrier",Dry,Clear,Six o'clock,Passenger Car,Superficial,N,Moving Constant Speed,2015-03-26 18:10,29,39.31630432,-76.63851142,2,3,기타,등속 주행 중 측면 추돌 사고
427,N,Apparently Normal,No Misuse,N,No Injury,c09a6d5b-78a2-4cf0-8aa7-da67332773b7,D,ADF5670001,Shoulder/Lap Belt(s),F,f38c4b1b-bb54-4e16-8d43-5876d75ff41e,Same Direction Both Left Turn,N,Non Intersection,Right Turn Lane,Daylight,No Defects,"Two-way, Divided, Positive Median Barrier",Dry,Clear,Twelve o'clock,Passenger Car,Superficial,N,Moving Constant Speed,2015-02-23 8:50,27,39.32813149,-76.64105415,2,2,기타,기타
428,N,Apparently Normal,No Misuse,Y,No Injury,f944314b-271c-419c-9e6a-6ec001506e94,D,ADF5670001,Shoulder/Lap Belt(s),M,9d66d400-a162-45e7-bb46-e384a1c678ae,Same Direction Both Left Turn,N,Non Intersection,Right Turn Lane,Daylight,No Defects,"Two-way, Divided, Positive Median Barrier",Dry,Clear,Twelve o'clock,Passenger Car,Disabling,N,Moving Constant Speed,2015-02-23 8:50,24,39.32813149,-76.64105415,2,2,기타,기타
429,N,Apparently Normal,No Misuse,N,No Injury,b6442a99-173d-47dc-9ce8-48098cf6314b,D,ADF6020002,Shoulder/Lap Belt(s),F,f9579ee7-1f16-4bd7-b85b-2acf7204f299,Same Direction Rear End,N,Non Intersection,Acceleration Lane,Dark - Unknown Lighting,No Defects,One-way Trafficway,Snow,Snow,Twelve o'clock,(Sport) Utility Vehicle,Functional,N,Slowing or Stopping,2015-02-14 20:20,20,39.29629733,-76.61393166,0,1,눈길사고,등속 주행 사고
430,N,Apparently Normal,No Misuse,N,No Injury,cf3cd9f3-3215-4d03-bddc-cb93b6b6be57,D,ADF6860006,Shoulder/Lap Belt(s),F,f43fd505-6d73-48d3-8107-10e8047222fb,Same Movement Angle,N,Intersection,Right Turn Lane,Dark Lights On,No Defects,"Two-way, Divided, Positive Median Barrier",Dry,Clear,Two o'clock,Passenger Car,Disabling,N,Moving Constant Speed,2015-03-01 1:20,36,39.29392268,-76.59380436,3,0,우회전 차선 사고,기타
431,N,Apparently Normal,No Misuse,Y,No Injury,5ac91b6c-b07e-44eb-a0c9-bdc16676fc2c,D,ADF6860007,Shoulder/Lap Belt(s),F,b4ce4592-9759-49d6-895d-a294fe0f9546,Same Direction Left Turn,N,Non Intersection,Left Turn Lane,Dark Lights On,"Holes, Ruts, Etc.","Two-way, Not Divided",Wet,Cloudy,Nine o'clock,Passenger Car,Functional,N,Moving Constant Speed,2015-03-02 0:20,28,39.29533419,-76.58912659,4,2,빗길사고,동일 방향 운행 중 추돌 사고
432,N,Apparently Normal,No Misuse,N,No Injury,6e9be27b-5c22-47f9-9c56-25d03104918a,D,ADF6860007,Shoulder/Lap Belt(s),M,99e5a56f-9a51-4fdd-84f2-3b2ba220e2f5,Same Direction Left Turn,N,Non Intersection,Left Turn Lane,Dark Lights On,"Holes, Ruts, Etc.","Two-way, Not Divided",Wet,Cloudy,Ten o'clock,Passenger Car,Superficial,N,Moving Constant Speed,2015-03-02 0:20,63,39.29533419,-76.58912659,4,2,빗길사고,동일 방향 운행 중 추돌 사고
433,N,Apparently Normal,No Misuse,N,No Injury,e0a83e5a-0e07-4887-94ce-d7a07196623e,D,ADF6860007,Shoulder/Lap Belt(s),M,e5a9f5e0-7ec7-47e8-a269-7d745a5b7a5c,Same Direction Left Turn,N,Non Intersection,Left Turn Lane,Dark Lights On,"Holes, Ruts, Etc.","Two-way, Not Divided",Wet,Cloudy,One o'clock,Passenger Car,Functional,N,Moving Constant Speed,2015-03-02 0:20,33,39.29533419,-76.58912659,4,2,빗길사고,동일 방향 운행 중 추돌 사고
434,N,Apparently Normal,No Misuse,N,No Injury,64d9341d-948c-4fb9-9668-c61f5c72e758,D,ADF7030002,Shoulder/Lap Belt(s),F,735e69c4-bd4b-44b7-af1b-f154dfcdf460,Same Movement Angle,N,Intersection,Acceleration Lane,Daylight,No Defects,"Two-way, Divided, Positive Median Barrier",Dry,Clear,Three o'clock,Passenger Car,Functional,N,Moving Constant Speed,2015-01-05 15:00,48,39.31100842,-76.61481678,1,0,좌회전 차선 사고,등속 주행 중 측면 추돌 사고
435,N,Apparently Normal,No Misuse,Y,No Injury,26793c74-417e-499f-bbd8-034129c1e6aa,D,ADF7030002,Shoulder/Lap Belt(s),F,17cbc502-f1d7-4676-88aa-78e69259a37e,Same Movement Angle,N,Intersection,Acceleration Lane,Daylight,No Defects,"Two-way, Divided, Positive Median Barrier",Dry,Clear,Twelve o'clock,Passenger Car,Functional,N,Moving Constant Speed,2015-01-05 15:00,25,39.31100842,-76.61481678,1,0,좌회전 차선 사고,등속 주행 중 측면 추돌 사고