KEY_INDEX,CDL_FLAG,CONDITION_CODE,EQUIP_PROB_CODE,FAULT_FLAG,INJ_SEVER_CODE,PERSON_ID,PERSON_TYPE,REPORT_NO,SAF_EQUIP_CODE,SEX_CODE,VEHICLE_ID,COLLISION_TYPE_CODE,C_M_ZONE_FLAG,JUNCTION_CODE,LANE_CODE,LIGHT_CODE,RD_COND_CODE,RD_DIV_CODE,SURF_COND_CODE,WEATHER_CODE,AREA_DAMAGED_CODE_MAIN,BODY_TYPE_CODE,DAMAGE_CODE,HIT_AND_RUN_FLAG,MOVEMENT_CODE,TIME,AGE,LATITUDE,LONGITUDE,CLUSTER,SECOND_LABEL,FIRST_LABEL,SECOND_LABELING
436,N,Apparently Normal,No Misuse,Y,No Injury,0c7dc02f-2f58-42dd-859a-d3d85e2bb9b6,D,ADF7800005,Shoulder/Lap Belt(s),F,90ca075a-9b38-4383-88db-06ee4ad97006,Head On Left Turn,N,Intersection,Right Turn Lane,Daylight,No Defects,"Two-way, Divided, Unprotected (painted >4 feet) Median",Dry,Clear,Four o'clock,(Sport) Utility Vehicle,Disabling,N,Accelerating,2015-03-12 7:24,33,39.33637406,-76.60950601,3,1,우회전 차선 사고,등속 주행 중 측면 추돌 사고
437,N,Apparently Normal,No Misuse,N,Possible Incapacitating Injury,b75fa159-82e9-4138-9398-e17499afb3e6,D,ADF7800005,Shoulder/Lap Belt(s),F,1750aa60-67fa-4b43-a7e0-dfb28e0b58ba,Head On Left Turn,N,Intersection,Right Turn Lane,Daylight,No Defects,"Two-way, Divided, Unprotected (painted >4 feet) Median",Dry,Clear,Twelve o'clock,Passenger Car,Destroyed,N,Moving Constant Speed,2015-03-12 7:24,24,39.33637406,-76.60950601,3,2,우회전 차선 사고,기타
438,N,Apparently Normal,No Misuse,N,No Injury,eafdc885-bf78-4d6b-80a0-901f7b608661,D,ADF7800005,Shoulder/Lap Belt(s),M,88a18a66-debb-46e2-b9b8-c2889c9a8b99,Head On Left Turn,N,Intersection,Right Turn Lane,Daylight,No Defects,"Two-way, Divided, Unprotected (painted >4 feet) Median",Dry,Clear,Eleven o'clock,(Sport) Utility Vehicle,Superficial,N,Stopped in Traffic Lane,2015-03-12 7:24,70,39.33637406,-76.60950601,3,1,우회전 차선 사고,등속 주행 중 측면 추돌 사고
439,N,Apparently Normal,No Misuse,N,No Injury,0facf533-2eb3-42fc-8940-a73e3b722210,D,ADF7800007,Shoulder/Lap Belt(s),F,aafe3536-568a-42c7-bf84-e069f86a9db2,Same Direction Rear End,N,Non Intersection,Right Turn Lane,Daylight,No Defects,"Two-way, Divided, Unprotected (painted >4 feet) Median",Dry,Clear,Six o'clock,Passenger Car,Superficial,N,Slowing or Stopping,2015-03-19 7:25,45,39.36048207,-76.60114288,2,1,기타,등속 주행 사고
440,N,Apparently Normal,No Misuse,Y,No Injury,bcc430a5-78d4-4449-a5a1-2e27d7c272b1,D,ADF7800007,Shoulder/Lap Belt(s),F,f79d7bbb-eca6-4cc4-9eb7-f1ccdc7d9385,Same Direction Rear End,N,Non Intersection,Right Turn Lane,Daylight,No Defects,"Two-way, Divided, Unprotected (painted >4 feet) Median",Dry,Clear,Twelve o'clock,(Sport) Utility Vehicle,No Damage,N,Slowing or Stopping,2015-03-19 7:25,35,39.36048207,-76.60114288,2,1,기타,등속 주행 사고
441,N,Apparently Normal,No Misuse,N,No Injury,5c8e47b2-d0bc-407d-8a97-714a9792f335,D,ADF783000H,Shoulder/Lap Belt(s),F,9f7245f7-469b-4963-83d5-fe5d6b8c1bd6,Angle Meets Left Turn Head On,N,Intersection,Right Turn Lane,Daylight,No Defects,"Two-way, Divided, Unprotected (painted >4 feet) Median",Snow,Snow,Eleven o'clock,Passenger Car,Superficial,N,Stopped in Traffic Lane,2015-03-05 14:00,20,39.28881399,-76.63377732,0,2,눈길사고,미끌어짐에 의한 사고
442,N,Apparently Normal,No Misuse,N,No Injury,d9dad924-17b8-4237-948c-89d6584fada4,D,ADF784001W,Shoulder/Lap Belt(s),F,5872541f-a11f-40ae-82b7-69113f1948c9,Same Direction Left Turn,N,Non Intersection,Right Turn Lane,Dawn,No Defects,"Two-way, Not Divided",Dry,Clear,Two o'clock,Passenger Car,Functional,N,Moving Constant Speed,2015-02-06 6:04,35,39.31356173,-76.64592773,2,2,기타,기타
443,N,Apparently Normal,No Misuse,Y,No Injury,0da1023b-a907-4731-b5c2-a747ff0cdfc3,D,ADF784001W,Shoulder/Lap Belt(s),M,e07573c5-5834-4b93-8f20-3bcc9d771c4d,Same Direction Left Turn,N,Non Intersection,Right Turn Lane,Dawn,No Defects,"Two-way, Not Divided",Dry,Clear,Eleven o'clock,Police Vehicle/Non Emergency,Disabling,N,Making U Turn,2015-02-06 6:04,33,39.31356173,-76.64592773,2,0,기타,자차 사고
444,N,Apparently Normal,No Misuse,Y,No Injury,ab06bc5f-0fc1-4bc7-950a-4c13b25c9ed6,D,ADF784001X,Shoulder/Lap Belt(s),F,99060c4b-d842-4b68-ae5a-c254c7699ff6,Same Direction Sideswipe,N,Non Intersection,Right Turn Lane,Daylight,No Defects,"Two-way, Divided, Positive Median Barrier",Dry,Clear,Two o'clock,Police Vehicle/Emergency,Superficial,N,Passing,2015-02-11 12:01,31,39.30938248,-76.64634883,2,0,기타,자차 사고
445,Y,Apparently Normal,No Misuse,N,Non-incapacitating Injury,8c7816aa-c2fe-417f-91d1-3e144c115adf,D,ADF784001X,Shoulder/Lap Belt(s),M,58f3a9a9-ccd3-4674-ab24-3e3e1d8dc539,Same Direction Sideswipe,N,Non Intersection,Right Turn Lane,Daylight,No Defects,"Two-way, Divided, Positive Median Barrier",Dry,Clear,Seven o'clock,(Sport) Utility Vehicle,Superficial,N,Stopped in Traffic Lane,2015-02-11 12:01,64,39.30938248,-76.64634883,2,0,기타,자차 사고
446,Y,Apparently Normal,No Misuse,Y,No Injury,8ac1be8b-6a98-4149-b16a-73e1c8d04478,D,ADF784001Z,Shoulder/Lap Belt(s),F,71f2101e-399d-4115-8e34-93cc94aa93b8,Same Direction Sideswipe,N,Non Intersection,Left Turn Lane,Daylight,No Defects,One-way Trafficway,Dry,Clear,Four o'clock,Transit Bus,Superficial,N,Slowing or Stopping,2015-02-27 14:26,40,39.30485958,-76.63055331,1,3,좌회전 차선 사고,감속 중 사고
447,N,Apparently Normal,No Misuse,N,No Injury,df2bbfd7-d8dc-4303-ac9c-7479122de6f4,D,ADF7840020,Shoulder/Lap Belt(s),F,634d6d19-f85b-4cd1-bf01-0d2e8f9127d0,Same Direction Sideswipe,N,Non Intersection,Left Turn Lane,Daylight,No Defects,"Two-way, Not Divided",Wet,Sleet,Two o'clock,Passenger Car,Functional,N,Moving Constant Speed,2015-03-03 14:30,73,39.34868526,-76.67519867,4,2,빗길사고,동일 방향 운행 중 추돌 사고
448,N,Apparently Normal,No Misuse,N,No Injury,3f7455e2-fa11-4989-aecb-3069370b7013,D,ADF796001D,Shoulder/Lap Belt(s),F,a77401cd-6872-4276-b0e2-7f734d235387,Same Direction Right Turn,N,Intersection,Left Turn Lane,Daylight,No Defects,One-way Trafficway,Dry,Clear,Eleven o'clock,Passenger Car,Disabling,N,Moving Constant Speed,2015-01-25 16:10,31,39.28979279,-76.60816625,1,0,좌회전 차선 사고,등속 주행 중 측면 추돌 사고
449,N,Apparently Normal,No Misuse,Y,No Injury,caaf5d18-b748-406c-a82f-068d03609d71,D,ADF796001D,Shoulder/Lap Belt(s),M,b6074484-6894-4908-b805-6db3d67425a8,Same Direction Right Turn,N,Intersection,Left Turn Lane,Daylight,No Defects,One-way Trafficway,Dry,Clear,Three o'clock,Police Vehicle/Non Emergency,Functional,N,Making Right Turn,2015-01-25 16:10,26,39.28979279,-76.60816625,1,1,좌회전 차선 사고,등속 주행 사고
450,N,Apparently Normal,No Misuse,N,No Injury,d72de83e-8a98-44a2-8b0f-a5c9f8ab6a44,D,ADF796001H,Shoulder/Lap Belt(s),F,3f97925a-2658-4f82-8d48-951e3c9af4ca,Same Direction Right Turn,N,Intersection,Right Turn Lane,Daylight,No Defects,"Two-way, Not Divided",Dry,Cloudy,Twelve o'clock,Passenger Car,Superficial,N,Stopped in Traffic Lane,2015-03-03 11:25,36,39.35687978,-76.59569263,3,1,우회전 차선 사고,등속 주행 중 측면 추돌 사고
451,N,Apparently Normal,No Misuse,Y,No Injury,06b64382-b1ea-4947-ac2b-c56e3876fed4,D,ADF796001H,Shoulder/Lap Belt(s),M,02ba7451-436b-4883-912e-55bfa77690da,Same Direction Right Turn,N,Intersection,Right Turn Lane,Daylight,No Defects,"Two-way, Not Divided",Dry,Cloudy,Three o'clock,Police Vehicle/Emergency,Superficial,N,Making Right Turn,2015-03-03 11:25,24,39.35687978,-76.59569263,3,1,우회전 차선 사고,등속 주행 중 측면 추돌 사고
452,N,Apparently Normal,No Misuse,N,No Injury,f092bc99-c4f3-403d-8a34-062e48afc3ae,D,ADF819000J,Shoulder/Lap Belt(s),M,a080994c-50c6-4835-9288-6c9efde498e8,Same Movement Angle,N,Intersection,Right Turn Lane,Daylight,"Holes, Ruts, Etc.","Two-way, Not Divided",Ice,Wintry Mix,Seven o'clock,Police Vehicle/Non Emergency,Functional,N,Moving Constant Speed,2015-03-01 13:17,47,39.27321992,-76.65903568,0,0,눈길사고,감속 중 사고
453,N,Apparently Normal,No Misuse,N,No Injury,f90032bb-bf58-442f-8dc9-7451d9fa10f4,D,ADF9900005,Shoulder/Lap Belt(s),F,ae6ca5c2-ecdc-4eeb-9eb6-8a6d0f9da45a,Same Direction Sideswipe,N,Non Intersection,Acceleration Lane,Daylight,No Defects,"Two-way, Divided, Positive Median Barrier",Dry,Clear,Ten o'clock,Passenger Car,Superficial,N,Moving Constant Speed,2015-01-28 12:54,87,39.31884422,-76.6546905,1,0,좌회전 차선 사고,등속 주행 중 측면 추돌 사고
454,N,Apparently Normal,No Misuse,Y,No Injury,64f53fc7-3d61-4203-8b7e-7eb3f7ed9966,D,ADF9900005,Shoulder/Lap Belt(s),M,0a98943c-3129-4cae-8b4f-8389698b1d45,Same Direction Sideswipe,N,Non Intersection,Acceleration Lane,Daylight,No Defects,"Two-way, Divided, Positive Median Barrier",Dry,Clear,Two o'clock,"Cargo Van/Light Truck 2 axles (10,000 lbs (4,536 kg) or less)",Superficial,N,Moving Constant Speed,2015-01-28 12:54,25,39.31884422,-76.6546905,1,0,좌회전 차선 사고,등속 주행 중 측면 추돌 사고
455,N,Apparently Normal,No Misuse,N,No Injury,e6d8bc44-973b-46c1-9075-795605f6835c,D,ADF9900007,Shoulder/Lap Belt(s),F,064476be-6213-4fc3-ba0e-2dda1f64aa7f,Same Direction Rear End Left Turn,N,Non Intersection,Left Turn Lane,Dark Lights On,No Defects,"Two-way, Not Divided",Wet,Clear,Twelve o'clock,Passenger Car,Superficial,N,Starting From Lane,2015-02-22 20:11,23,39.32738457,-76.68240577,4,0,빗길사고,등속 주행 중 사고
456,N,Apparently Normal,No Misuse,N,No Injury,3b0ac3fa-8312-418d-955b-4ee9a623bc70,D,ADF990000C,Shoulder/Lap Belt(s),F,9df7475c-7504-43fc-beac-de7e25fb8d6b,Same Direction Sideswipe,N,Non Intersection,Right Turn Lane,Daylight,No Defects,"Two-way, Divided, Unprotected (painted >4 feet) Median",Dry,Clear,Ten o'clock,Passenger Car,Superficial,N,Moving Constant Speed,2015-03-15 15:20,36,39.34635387,-76.68843269,2,2,기타,기타
457,N,Apparently Normal,No Misuse,Y,No Injury,278c0b15-3166-4bd7-8e92-abf5d93bb720,D,ADF990000C,Shoulder/Lap Belt(s),M,e2163834-e108-43b3-93fe-70b4f3635a72,Same Direction Sideswipe,N,Non Intersection,Right Turn Lane,Daylight,No Defects,"Two-way, Divided, Unprotected (painted >4 feet) Median",Dry,Clear,Two o'clock,Passenger Car,Superficial,N,Moving Constant Speed,2015-03-15 15:20,31,39.34635387,-76.68843269,2,2,기타,기타
458,N,Apparently Normal,No Misuse,N,No Injury,6974b32c-0ecb-45bb-8b7b-0072bb7e8924,D,ADF990000F,Shoulder/Lap Belt(s),F,2af60799-fa47-47fa-a0a5-cbd6dc9922ab,Same Direction Left Turn,N,Non Intersection,Left Turn Lane,Daylight,No Defects,"Two-way, Divided, Positive Median Barrier",Dry,Clear,One o'clock,Passenger Car,Superficial,N,Starting From Lane,2015-03-22 10:05,71,39.34827043,-76.6921556,1,1,좌회전 차선 사고,등속 주행 사고
459,N,Apparently Normal,No Misuse,Y,No Injury,378f1b96-8bc0-4ba0-aef2-29bddfe2f810,D,ADF990000F,Shoulder/Lap Belt(s),F,ed1ad9f2-5b71-4cc4-ae0f-1ebead2d1fe0,Same Direction Left Turn,N,Non Intersection,Left Turn Lane,Daylight,No Defects,"Two-way, Divided, Positive Median Barrier",Dry,Clear,Eleven o'clock,Passenger Car,Superficial,N,Changing Lanes,2015-03-22 10:05,30,39.34827043,-76.6921556,1,1,좌회전 차선 사고,등속 주행 사고
460,N,Apparently Normal,No Misuse,N,No Injury,0d841915-3388-4b9c-870b-834de8cbc2bf,D,ADF9940004,Shoulder/Lap Belt(s),F,7ee9828b-4931-4dfe-8761-39a3852c0f70,Same Movement Angle,N,Intersection,Left Turn Lane,Dark Lights On,No Defects,"Two-way, Not Divided",Dry,Clear,Eleven o'clock,Passenger Car,Functional,N,Moving Constant Speed,2015-02-08 22:38,28,39.31603456,-76.54786348,1,0,좌회전 차선 사고,등속 주행 중 측면 추돌 사고
461,N,Apparently Normal,No Misuse,Y,No Injury,f4c3053e-b4c6-4834-9f71-253ffe5ffb47,D,ADG1240002,Shoulder/Lap Belt(s),F,b432efbf-c6a4-4b7b-809a-9a632b6fe2ab,Same Direction Rear End,N,Non Intersection,Right Turn Lane,Dark Lights On,No Defects,"Two-way, Not Divided",Dry,Clear,Twelve o'clock,(Sport) Utility Vehicle,Disabling,N,Moving Constant Speed,2015-01-10 20:57,37,39.30067072,-76.63107902,2,3,기타,등속 주행 중 측면 추돌 사고
462,N,Apparently Normal,No Misuse,Y,No Injury,ebc8fbd9-f6f7-4993-afda-477a9810714e,D,ADG1810001,Shoulder/Lap Belt(s),F,4e3655dc-2b2d-4981-8d40-33b9a477aa17,Same Movement Angle,N,Non Intersection,Right Turn Lane,Daylight,No Defects,"Two-way, Not Divided",Wet,Raining,Twelve o'clock,Passenger Car,Functional,N,Slowing or Stopping,2015-01-03 15:56,33,39.25819352,-76.66278005,4,1,빗길사고,자차 사고
463,N,Apparently Normal,No Misuse,Y,No Injury,49f3f31e-d058-45c8-84cc-7a09dfc0d6d0,D,ADG1820002,Shoulder/Lap Belt(s),F,a5c3e9b9-ceed-4114-8ec8-5b1a6a99fdfb,Same Movement Angle,N,Intersection,Right Turn Lane,Dark Lights On,No Defects,One-way Trafficway,Dry,Clear,Twelve o'clock,Passenger Car,Disabling,N,Moving Constant Speed,2015-02-06 2:30,64,39.31089221,-76.61375999,3,0,우회전 차선 사고,기타
464,N,Apparently Normal,No Misuse,Y,No Injury,e54c892e-583d-4b8a-a828-41c33989cc3d,D,ADG3290002,Shoulder/Lap Belt(s),M,c49ef1aa-426b-4c5d-bc5a-4ad10777c608,Same Direction Rear End,N,Intersection,Left Turn Lane,Daylight,No Defects,"Two-way, Divided, Positive Median Barrier",Dry,Clear,Twelve o'clock,(Sport) Utility Vehicle,No Damage,N,Accelerating,2015-02-10 10:00,39,39.34507199,-76.64786696,1,3,좌회전 차선 사고,감속 중 사고
465,N,Apparently Normal,No Misuse,N,No Injury,a702f780-f3ac-402a-b5e7-2e68c9a181e2,D,ADG4110001,Shoulder/Lap Belt(s),F,fae72bff-9848-45b3-8a53-c1c772e0ee2c,Same Direction Sideswipe,N,Non Intersection,Right Turn Lane,Dark Lights On,No Defects,"Two-way, Divided, Positive Median Barrier",Wet,Raining,Two o'clock,Passenger Car,Functional,N,Changing Lanes,2015-01-03 17:15,24,39.28742933,-76.5451169,4,0,빗길사고,등속 주행 중 사고
466,N,Apparently Normal,No Misuse,N,No Injury,a640380c-9b8a-4a8f-9cb2-c1d6e89d1648,D,ADG4110004,Shoulder/Lap Belt(s),F,4d7bab2a-2774-4931-ad75-e699ebe3d956,Same Movement Angle,N,Intersection,Right Turn Lane,Daylight,No Defects,One-way Trafficway,Dry,Clear,Four o'clock,Passenger Car,Disabling,N,Moving Constant Speed,2015-02-02 13:35,58,39.29769219,-76.58955574,3,0,우회전 차선 사고,기타
467,N,Apparently Normal,No Misuse,Y,No Injury,1125b2e3-251a-4d1a-a1dc-397a006513e5,D,ADG4580001,Shoulder/Lap Belt(s),F,cc498259-dcb6-40f3-ae22-80c30378f018,Same Movement Angle,N,Intersection,Right Turn Lane,Daylight,No Defects,"Two-way, Not Divided",Dry,Clear,Twelve o'clock,Passenger Car,Destroyed,N,Accelerating,2015-02-05 13:59,24,39.30507289,-76.58127308,3,0,우회전 차선 사고,기타
468,N,Apparently Normal,No Misuse,N,Non-incapacitating Injury,190317b6-9b7f-421b-96e9-73a576c370d3,D,ADG4580001,Shoulder/Lap Belt(s),F,6b9b40c7-c63c-4cfe-be21-84de251aef9b,Same Movement Angle,N,Intersection,Right Turn Lane,Daylight,No Defects,"Two-way, Not Divided",Dry,Clear,Twelve o'clock,Passenger Car,Disabling,N,Moving Constant Speed,2015-02-05 13:59,24,39.30507289,-76.58127308,3,0,우회전 차선 사고,기타
469,N,Apparently Normal,No Misuse,Y,No Injury,973c219b-1488-43f2-acf5-a674b2236790,D,ADG4930004,Shoulder/Lap Belt(s),F,413c3df9-0198-4c65-9348-b223eb50546f,Single Vehicle ,N,Non Intersection,Left Turn Lane,Daylight,No Defects,One-way Trafficway,Dry,Clear,One o'clock,Van,Disabling,N,Moving Constant Speed,2015-01-27 12:10,32,39.30054514,-76.55221134,1,0,좌회전 차선 사고,등속 주행 중 측면 추돌 사고
470,N,Apparently Normal,No Misuse,N,No Injury,aa05fb84-ed5f-4ea5-b22b-43d8db203f4a,D,ADG5570001,Shoulder/Lap Belt(s),F,9adc2323-4054-474f-bba8-ba104cc0e0cf,Same Direction Sideswipe,N,Non Intersection,Right Turn Lane,Dawn,No Defects,One-way Trafficway,Dry,Clear,Four o'clock,Passenger Car,Superficial,N,Moving Constant Speed,2015-01-17 6:52,50,39.30550769,-76.6314666,2,2,기타,기타
471,N,Apparently Normal,No Misuse,Y,No Injury,31470407-99a7-4e8b-a6fc-d68daa5d4eb5,D,ADG5840001,Shoulder/Lap Belt(s),F,bd1e6105-39c3-47d5-ac06-a0419ae703ed,Single Vehicle ,N,Non Intersection,Acceleration Lane,Dark Lights On,No Defects,"Two-way, Divided, Positive Median Barrier",Wet,Wintry Mix,Eleven o'clock,Station Wagon,Disabling,N,Moving Constant Speed,2015-01-23 17:00,44,39.30102149,-76.62251741,4,2,빗길사고,동일 방향 운행 중 추돌 사고
472,N,Apparently Normal,No Misuse,N,No Injury,0cbde396-0d33-4ee0-b469-b96493cb2538,D,ADG6840006,Shoulder/Lap Belt(s),F,ea09ed8d-02a2-401f-a411-05a02e107d0c,Same Movement Angle,N,Intersection,Left Turn Lane,Daylight,No Defects,"Two-way, Not Divided with a Continuous Left Turn Lane",Wet,Clear,Twelve o'clock,Passenger Car,Disabling,N,Moving Constant Speed,2015-01-27 11:02,26,39.35486598,-76.67952776,4,1,빗길사고,자차 사고
473,N,Apparently Normal,No Misuse,N,No Injury,dbe7bf77-8ac4-4b64-bb45-443c62aead22,D,ADG7500001,Shoulder/Lap Belt(s),F,1fbfa296-4ca5-4a6d-afbe-8e4504dff3d5,Same Movement Angle,N,Intersection,Right Turn Lane,Daylight,No Defects,"Two-way, Divided, Unprotected (painted >4 feet) Median",Wet,Raining,Eleven o'clock,(Sport) Utility Vehicle,Disabling,N,Moving Constant Speed,2015-01-04 9:55,51,39.29472911,-76.65634476,4,1,빗길사고,자차 사고
474,N,Apparently Normal,No Misuse,Y,No Injury,e28e3a90-fdf5-4585-b9d0-22d465e435e9,D,ADG7500001,Shoulder/Lap Belt(s),M,ac1f0d87-b514-40fe-948f-17d57aa984c7,Same Movement Angle,N,Intersection,Right Turn Lane,Daylight,No Defects,"Two-way, Divided, Unprotected (painted >4 feet) Median",Wet,Raining,Twelve o'clock,(Sport) Utility Vehicle,Disabling,N,Making Left Turn,2015-01-04 9:55,44,39.29472911,-76.65634476,4,1,빗길사고,자차 사고
475,N,Apparently Normal,No Misuse,N,No Injury,f7de9392-24df-404f-af38-dfed7dd910d5,D,ADG7720002,Shoulder/Lap Belt(s),M,3c0427d5-878a-4d67-9adc-bcdd8616f87d,Same Movement Angle,N,Intersection,Right Turn Lane,Daylight,No Defects,One-way Trafficway,Dry,Clear,Seven o'clock,(Sport) Utility Vehicle,Superficial,N,Making Left Turn,2015-03-13 10:33,31,39.30437034,-76.63148202,3,0,우회전 차선 사고,기타
476,N,Apparently Normal,No Misuse,N,No Injury,6080a164-4257-46c9-8692-cd142a1a73a4,D,ADG8810001,Shoulder/Lap Belt(s),F,99dd58cc-5e4c-4924-a951-de7fb18367b6,Same Direction Rear End,N,Railway Grade Crossing,Right Turn Lane,Daylight,No Defects,"Two-way, Not Divided",Wet,Raining,Six o'clock,Passenger Car,Functional,N,Moving Constant Speed,2015-01-03 12:55,21,39.27725009,-76.5607971,4,2,빗길사고,동일 방향 운행 중 추돌 사고
477,N,Apparently Normal,No Misuse,N,No Injury,650061ec-19f2-413f-a72f-1f3754bfbd79,D,ADG8810001,Shoulder/Lap Belt(s),M,5dc27181-3293-4258-9b6a-f0a10f16f74a,Same Direction Rear End,N,Railway Grade Crossing,Right Turn Lane,Daylight,No Defects,"Two-way, Not Divided",Wet,Raining,Six o'clock,Passenger Car,Functional,N,Moving Constant Speed,2015-01-03 12:55,24,39.27725009,-76.5607971,4,2,빗길사고,동일 방향 운행 중 추돌 사고
478,N,Apparently Normal,No Misuse,Y,No Injury,d55d100e-ecc4-4624-8890-e4854aa12584,D,ADG8810001,Shoulder/Lap Belt(s),M,4685893f-f760-48a8-9185-1af61982b25c,Same Direction Rear End,N,Railway Grade Crossing,Right Turn Lane,Daylight,No Defects,"Two-way, Not Divided",Wet,Raining,Twelve o'clock,Passenger Car,Functional,N,Moving Constant Speed,2015-01-03 12:55,44,39.27725009,-76.5607971,4,2,빗길사고,동일 방향 운행 중 추돌 사고
479,N,Apparently Normal,No Misuse,Y,No Injury,ce8cb464-763e-48e8-b863-94c7a97ebfb7,D,ADG9020002,Shoulder/Lap Belt(s),F,26aa3898-b7a8-4006-a6ad-52f00aaae955,Single Vehicle ,N,Intersection Related,Acceleration Lane,Dark No Lights,No Defects,"Two-way, Divided, Positive Median Barrier",Dry,Clear,Twelve o'clock,Van,Disabling,N,Moving Constant Speed,2015-01-28 19:00,29,39.32849665,-76.60339594,1,0,좌회전 차선 사고,등속 주행 중 측면 추돌 사고
480,N,Apparently Normal,No Misuse,Y,No Injury,8a4a13e4-b1d9-4289-af98-ee284c6132eb,D,ADG9470001,Shoulder/Lap Belt(s),F,62eea792-80cc-4506-a893-fcd07b8a69b5,Single Vehicle ,N,Non Intersection,Left Turn Lane,Dark Lights On,No Defects,"Two-way, Not Divided",Ice,Cloudy,Ten o'clock,Passenger Car,Disabling,N,Moving Constant Speed,2015-01-10 19:40,29,39.29572028,-76.57996953,0,0,눈길사고,감속 중 사고
481,N,Apparently Normal,No Misuse,Y,No Injury,25b75e70-4c43-46c8-8163-e5c8b122c705,D,ADG9470006,Shoulder/Lap Belt(s),F,cb889bba-9592-4eb2-8a60-b371a3523141,Same Movement Angle,N,Intersection Related,Right Turn Lane,Daylight,No Defects,"Two-way, Not Divided",Snow,Clear,Twelve o'clock,Passenger Car,Disabling,N,Starting From Lane,2015-03-06 17:30,27,39.29061276,-76.58813886,3,0,우회전 차선 사고,기타
482,N,Apparently Normal,No Misuse,N,Possible Incapacitating Injury,a5bec766-4d50-4a38-a6c9-0c1979bcebde,D,ADG9470006,Shoulder/Lap Belt(s),M,255ce4f0-35fe-4edc-adcb-89f34b306991,Same Movement Angle,N,Intersection Related,Right Turn Lane,Daylight,No Defects,"Two-way, Not Divided",Snow,Clear,Three o'clock,Pickup Truck,Disabling,N,Moving Constant Speed,2015-03-06 17:30,39,39.29061276,-76.58813886,3,0,우회전 차선 사고,기타
483,N,Apparently Normal,No Misuse,N,No Injury,1d4ea5f5-e991-47fc-b498-9ae7bce617f8,D,ADG9940007,Shoulder/Lap Belt(s),F,86223c8d-5005-4466-ab61-fe20c9cf1da0,Same Movement Angle,N,Intersection,Left Turn Lane,Daylight,No Defects,"Two-way, Divided, Positive Median Barrier",Dry,Clear,Eleven o'clock,Passenger Car,Disabling,N,Moving Constant Speed,2015-03-15 15:10,27,39.25144139,-76.64597332,1,0,좌회전 차선 사고,등속 주행 중 측면 추돌 사고
484,N,Apparently Normal,No Misuse,Y,No Injury,cc74c199-d831-4d3d-ad9d-c26d62d7ef53,D,ADG9940007,Shoulder/Lap Belt(s),M,2ad0eacc-ba79-489e-8863-751c5df46f8e,Same Movement Angle,N,Intersection,Left Turn Lane,Daylight,No Defects,"Two-way, Divided, Positive Median Barrier",Dry,Clear,Twelve o'clock,Passenger Car,Functional,N,Accelerating,2015-03-15 15:10,55,39.25144139,-76.64597332,1,1,좌회전 차선 사고,등속 주행 사고
485,N,Apparently Normal,No Misuse,N,No Injury,8fecb8f7-bd4a-4f37-a6b8-895748f22314,D,ADH0020006,Shoulder/Lap Belt(s),F,e82b0f5a-e706-4403-81d4-5f9c44352467,Same Direction Right Turn,N,Non Intersection,Left Turn Lane,Daylight,No Defects,"Two-way, Divided, Positive Median Barrier",Dry,Clear,Non-collision,"Medium/Heavy Truck 2 axles (10,000 lbs (4,536 kg) or less)",No Damage,N,Moving Constant Speed,2015-02-27 14:30,50,39.3284842,-76.60267711,1,0,좌회전 차선 사고,등속 주행 중 측면 추돌 사고
486,N,Apparently Normal,No Misuse,Y,No Injury,4478849d-4810-4f97-b7f0-bd5d22983e0a,D,ADH0020006,Shoulder/Lap Belt(s),M,0ce2fab8-aa7b-476e-8d8e-f6b1cc2fb45d,Same Direction Right Turn,N,Non Intersection,Left Turn Lane,Daylight,No Defects,"Two-way, Divided, Positive Median Barrier",Dry,Clear,Four o'clock,"Medium/Heavy Truck 2 axles (10,000 lbs (4,536 kg) or less)",Superficial,N,Changing Lanes,2015-02-27 14:30,49,39.3284842,-76.60267711,1,1,좌회전 차선 사고,등속 주행 사고
487,N,Apparently Normal,No Misuse,Y,No Injury,9ba8662a-354a-4328-981a-a53aad39f428,D,ADH1330002,Shoulder/Lap Belt(s),F,38f2ef39-021e-4d74-b1b6-92421b0715b6,Same Movement Angle,N,Intersection,Right Turn Lane,Daylight,No Defects,One-way Trafficway,Dry,Clear,One o'clock,Passenger Car,Disabling,N,Moving Constant Speed,2015-01-30 12:14,48,39.29289308,-76.64714813,3,0,우회전 차선 사고,기타
488,N,Apparently Normal,No Misuse,N,No Injury,16be9a33-4d68-4dc1-a432-707296c5bde1,D,ADH1330002,Shoulder/Lap Belt(s),M,6fcd15a7-9469-4050-9b55-45bbcc19c132,Same Movement Angle,N,Intersection,Right Turn Lane,Daylight,No Defects,One-way Trafficway,Dry,Clear,Twelve o'clock,Passenger Car,Disabling,N,Moving Constant Speed,2015-01-30 12:14,76,39.29289308,-76.64714813,3,0,우회전 차선 사고,기타
489,N,Apparently Normal,No Misuse,N,No Injury,f958b6e2-6d68-46a0-a136-9ce7bda9a68b,D,ADH1500007,Shoulder/Lap Belt(s),F,5d3830c0-fe95-4ac0-9267-53a9ef050b9f,Same Movement Angle,N,Intersection,Right Turn Lane,Daylight,No Defects,"Two-way, Not Divided",Dry,Clear,Three o'clock,Passenger Car,Superficial,N,Moving Constant Speed,2015-02-26 8:59,37,39.23212017,-76.5908432,3,0,우회전 차선 사고,기타