KEY_INDEX,CDL_FLAG,CONDITION_CODE,EQUIP_PROB_CODE,FAULT_FLAG,INJ_SEVER_CODE,PERSON_ID,PERSON_TYPE,REPORT_NO,SAF_EQUIP_CODE,SEX_CODE,VEHICLE_ID,COLLISION_TYPE_CODE,C_M_ZONE_FLAG,JUNCTION_CODE,LANE_CODE,LIGHT_CODE,RD_COND_CODE,RD_DIV_CODE,SURF_COND_CODE,WEATHER_CODE,AREA_DAMAGED_CODE_MAIN,BODY_TYPE_CODE,DAMAGE_CODE,HIT_AND_RUN_FLAG,MOVEMENT_CODE,TIME,AGE,LATITUDE,LONGITUDE,CLUSTER,SECOND_LABEL,FIRST_LABEL,SECOND_LABELING
707,N,Apparently Normal,No Misuse,Y,No Injury,4e68eaa1-a488-4bdf-8bb1-f447d0e7e2e2,D,ADI9740005,Shoulder/Lap Belt(s),F,9fad9fc2-347f-42d3-96e6-4ca0015e352b,Same Direction Rear End,N,Non Intersection,Right Turn Lane,Daylight,No Defects,"Two-way, Not Divided",Dry,Clear,Twelve o'clock,Passenger Car,Disabling,N,Moving Constant Speed,2015-03-28 12:33,48,39.34868941,-76.60966694,2,3,기타,등속 주행 중 측면 추돌 사고
708,N,Apparently Normal,No Misuse,N,No Injury,ad77aaa7-621a-4132-9281-165c332fc374,D,ADI9740005,Shoulder/Lap Belt(s),M,279201ea-8ff5-4c24-9e29-438f1586f7ab,Same Direction Rear End,N,Non Intersection,Right Turn Lane,Daylight,No Defects,"Two-way, Not Divided",Dry,Clear,Six o'clock,Pickup Truck,Functional,N,Slowing or Stopping,2015-03-28 12:33,35,39.34868941,-76.60966694,2,1,기타,등속 주행 사고
709,N,Apparently Normal,No Misuse,Y,No Injury,711ba5df-fd44-402d-867b-0041176dc65e,D,ADI9750009,Shoulder/Lap Belt(s),F,2fe130b6-893f-4753-ad74-9dd5c1225d21,Opposite Direction Both Left Turn,N,Intersection,Right Turn Lane,Dark Lights On,No Defects,"Two-way, Not Divided",Dry,Clear,Two o'clock,Passenger Car,Functional,N,Making Left Turn,2015-03-15 19:50,30,39.3383635,-76.6968441,3,1,우회전 차선 사고,등속 주행 중 측면 추돌 사고
710,N,Apparently Normal,No Misuse,N,No Injury,e6fe837f-ce02-4da7-a101-6d62b9ef285e,D,ADI975000C,Shoulder/Lap Belt(s),F,9d4299cc-89e9-4c8f-8d43-425bda623fba,Single Vehicle ,N,Intersection Related,Right Turn Lane,Dark Lights On,No Defects,"Two-way, Not Divided",Dry,Clear,Ten o'clock,Passenger Car,Disabling,N,Moving Constant Speed,2015-03-17 0:45,19,39.34123449,-76.67376637,3,2,우회전 차선 사고,기타
711,N,Apparently Normal,No Misuse,N,No Injury,bfc117df-db5b-4b5a-b49b-090859825402,D,ADI9890006,Shoulder/Lap Belt(s),F,7836c844-cc5a-426d-82f8-fdff977abadd,Same Direction Rear End,N,Non Intersection,Right Turn Lane,Dark Lights On,No Defects,One-way Trafficway,Dry,Clear,Six o'clock,Ambulance/Non Emergency,Functional,N,Stopped in Traffic Lane,2015-01-07 19:58,39,39.32203971,-76.61563754,2,0,기타,자차 사고
712,N,Apparently Normal,No Misuse,N,No Injury,3039e9be-a55e-40e3-af96-9b9b4478b7d2,D,ADI9890008,Shoulder/Lap Belt(s),F,01e40574-6285-421f-94ee-67e33d2f97ad,Same Direction Rear End Right Turn,N,Intersection,Right Turn Lane,Daylight,No Defects,One-way Trafficway,Dry,Clear,Twelve o'clock,Passenger Car,Disabling,N,Making Right Turn,2015-01-16 8:15,44,39.31642053,-76.61531568,3,1,우회전 차선 사고,등속 주행 중 측면 추돌 사고
713,N,Apparently Normal,No Misuse,N,Possible Incapacitating Injury,f13bee17-18dc-4f95-af7e-2720781af0c7,D,ADI9890008,Shoulder/Lap Belt(s),F,2a6a21b4-5766-4e85-8095-0a594ffb1bcc,Same Direction Rear End Right Turn,N,Intersection,Right Turn Lane,Daylight,No Defects,One-way Trafficway,Dry,Clear,Six o'clock,Passenger Car,Functional,N,Stopped in Traffic Lane,2015-01-16 8:15,48,39.31642053,-76.61531568,3,1,우회전 차선 사고,등속 주행 중 측면 추돌 사고
714,N,Apparently Normal,No Misuse,Y,No Injury,0d5e34cb-e6fb-451c-8fd9-52e8ea14d90e,D,ADI9890009,Shoulder/Lap Belt(s),F,6d05ead7-3da6-43c5-beba-0ea812e1fb9b,Same Movement Angle,N,Intersection,Right Turn Lane,Daylight,No Defects,One-way Trafficway,Dry,Clear,Three o'clock,Passenger Car,Functional,N,Starting From Lane,2015-01-28 15:30,29,39.31418767,-76.61809444,3,0,우회전 차선 사고,기타
715,N,Apparently Normal,No Misuse,N,No Injury,9e143920-4895-4bac-a523-6f8f6d53c518,D,ADI9970003,Shoulder/Lap Belt(s),M,5e5ced39-8aa9-4c03-b63b-1d0da53ad6ee,Same Direction Left Turn,N,Intersection,Right Turn Lane,Daylight,No Defects,One-way Trafficway,Dry,Clear,Three o'clock,(Sport) Utility Vehicle,Superficial,N,Accelerating,2015-02-02 15:00,34,39.28876625,-76.59950137,3,1,우회전 차선 사고,등속 주행 중 측면 추돌 사고
716,N,Apparently Normal,No Misuse,Y,No Injury,348c11cc-7b7e-4ad8-bd77-c1977308ac12,D,ADJ0050003,Shoulder/Lap Belt(s),F,80ade8e7-0fef-4e92-950f-e088ae1c56f8,Same Direction Sideswipe,N,Intersection Related,Right Turn Lane,Daylight,No Defects,One-way Trafficway,Dry,Clear,Eleven o'clock,Passenger Car,Superficial,N,Moving Constant Speed,2015-01-28 10:00,27,39.31518998,-76.61602512,3,2,우회전 차선 사고,기타
717,N,Apparently Normal,No Misuse,N,No Injury,119a24be-721a-4eff-bfce-6bc3b7cd1801,D,ADJ0050003,Shoulder/Lap Belt(s),M,0706a41a-4d67-43ab-97cf-9439026c0cd5,Same Direction Sideswipe,N,Intersection Related,Right Turn Lane,Daylight,No Defects,One-way Trafficway,Dry,Clear,Three o'clock,Passenger Car,Superficial,N,Moving Constant Speed,2015-01-28 10:00,62,39.31518998,-76.61602512,3,2,우회전 차선 사고,기타
718,N,Apparently Normal,No Misuse,N,No Injury,cedf07e3-1496-4f67-8359-d96f2a4ef21e,D,ADJ0050005,Shoulder/Lap Belt(s),F,3a98356f-b062-4d00-9d60-e282feb66055,Same Direction Sideswipe,N,Intersection,Acceleration Lane,Daylight,No Defects,"Two-way, Divided, Positive Median Barrier",Dry,Clear,Five o'clock,Passenger Car,Superficial,N,Moving Constant Speed,2015-02-04 9:11,22,39.36127426,-76.64682627,1,0,좌회전 차선 사고,등속 주행 중 측면 추돌 사고
719,N,Apparently Normal,No Misuse,Y,No Injury,2c9c9eab-8149-4fd4-a883-fd85bd27f697,D,ADJ0050005,Shoulder/Lap Belt(s),F,6a81ec17-f55b-4928-b3a8-678a6498d8fe,Same Direction Sideswipe,N,Intersection,Acceleration Lane,Daylight,No Defects,"Two-way, Divided, Positive Median Barrier",Dry,Clear,Twelve o'clock,Passenger Car,Superficial,N,Accelerating,2015-02-04 9:11,43,39.36127426,-76.64682627,1,1,좌회전 차선 사고,등속 주행 사고
720,N,Apparently Normal,No Misuse,Y,No Injury,49b92d22-a782-486b-9de5-601bbc3b03db,D,ADJ005000C,Shoulder/Lap Belt(s),F,6eff47d8-d8a4-4e80-a368-06d1c4b96433,Same Direction Right Turn,N,Non Intersection,Left Turn Lane,Dark Lights On,No Defects,"Two-way, Divided, Positive Median Barrier",Wet,Raining,One o'clock,Passenger Car,Superficial,N,Changing Lanes,2015-03-04 18:00,50,39.3586571,-76.65322065,4,0,빗길사고,등속 주행 중 사고
721,N,Apparently Normal,No Misuse,N,No Injury,ed1498b0-5c23-4354-887b-0dd4389cea33,D,ADJ0210001,Shoulder/Lap Belt(s),F,f6f467e3-aa1f-479a-a929-d1f7a18a259b,Same Direction Sideswipe,N,Intersection Related,Left Turn Lane,Dark Lights On,No Defects,"Two-way, Divided, Positive Median Barrier",Dry,Clear,Ten o'clock,Passenger Car,Functional,N,Accelerating,2015-01-02 22:38,32,39.28204405,-76.64655268,1,1,좌회전 차선 사고,등속 주행 사고
722,N,Apparently Normal,No Misuse,N,No Injury,ce9b2396-85e2-4eef-95b0-c9b50b14fa99,D,ADJ0210004,Shoulder/Lap Belt(s),F,d0c75415-fe3c-4beb-a03d-3f1e90b9c3a2,Same Direction Sideswipe,N,Non Intersection,Acceleration Lane,Dark Lights On,No Defects,One-way Trafficway,Dry,Clear,Ten o'clock,Passenger Car,Functional,N,Moving Constant Speed,2015-01-08 16:47,67,39.28575192,-76.64504528,1,0,좌회전 차선 사고,등속 주행 중 측면 추돌 사고
723,N,Apparently Normal,No Misuse,Y,No Injury,bbd4f37a-b519-4549-ab31-da6c317fabf3,D,ADJ0210006,Shoulder/Lap Belt(s),M,c7d3a796-e4f4-4cbf-a973-f18b8c757ff8,Angle Meets Left Turn Head On,N,Intersection,Right Turn Lane,Daylight,No Defects,"Two-way, Not Divided",Snow,Snow,Twelve o'clock,Passenger Car,Superficial,N,Making Right Turn,2015-03-05 15:00,21,39.2833956,-76.63933486,0,2,눈길사고,미끌어짐에 의한 사고
724,N,Apparently Normal,No Misuse,N,No Injury,6bbcd0e8-ba00-477a-bd5e-c6c55ccb079d,D,ADJ0220001,Shoulder/Lap Belt(s),F,2d632a0d-6c38-47a5-afa0-037df21015ff,Same Direction Sideswipe,N,Intersection,Left Turn Lane,Dark Lights On,No Defects,"Two-way, Divided, Positive Median Barrier",Ice,Raining,Two o'clock,Passenger Car,Superficial,N,Moving Constant Speed,2015-01-19 1:53,21,39.31252751,-76.56689644,4,2,빗길사고,동일 방향 운행 중 추돌 사고
725,N,Apparently Normal,No Misuse,N,No Injury,b81af0e2-9d43-4b4b-a324-495a01a14b47,D,ADJ0250003,Shoulder/Lap Belt(s),F,62729ecd-3161-4973-8e53-446723ddd5fe,Same Direction Right Turn,N,Non Intersection,Left Turn Lane,Daylight,No Defects,"Two-way, Divided, Positive Median Barrier",Wet,Raining,Eleven o'clock,(Sport) Utility Vehicle,Superficial,N,Moving Constant Speed,2015-01-04 11:25,43,39.33132656,-76.64191246,4,2,빗길사고,동일 방향 운행 중 추돌 사고
726,N,Apparently Normal,No Misuse,N,No Injury,eb95bbf6-4d2f-499a-96ee-3e6dc3a5b97b,D,ADJ0250003,Shoulder/Lap Belt(s),F,f3998d21-090b-43cc-96f3-814b1f5a6631,Same Direction Right Turn,N,Non Intersection,Left Turn Lane,Daylight,No Defects,"Two-way, Divided, Positive Median Barrier",Wet,Raining,Nine o'clock,(Sport) Utility Vehicle,Functional,N,Moving Constant Speed,2015-01-04 11:25,43,39.33132656,-76.64191246,4,2,빗길사고,동일 방향 운행 중 추돌 사고
727,N,Apparently Normal,No Misuse,Y,No Injury,8e3481bc-d26c-4290-a19f-0af41d3d2826,D,ADJ0250003,Shoulder/Lap Belt(s),F,7b902a4f-ce4d-4650-ba74-a89ac789dd6a,Same Direction Right Turn,N,Non Intersection,Left Turn Lane,Daylight,No Defects,"Two-way, Divided, Positive Median Barrier",Wet,Raining,Three o'clock,Passenger Car,Functional,N,Moving Constant Speed,2015-01-04 11:25,47,39.33132656,-76.64191246,4,2,빗길사고,동일 방향 운행 중 추돌 사고
728,N,Apparently Normal,No Misuse,Y,No Injury,55dadad0-22e7-4bda-be09-e898f5ec9a1c,D,ADJ0410007,Shoulder/Lap Belt(s),F,e8fbac2c-2b85-49f3-8f6e-0ae54c843e2c,Head On Left Turn,N,Intersection,Right Turn Lane,Dark Lights On,No Defects,"Two-way, Not Divided",Dry,Clear,One o'clock,Passenger Car,Disabling,N,Making Left Turn,2015-02-10 19:05,29,39.27018832,-76.64840341,3,1,우회전 차선 사고,등속 주행 중 측면 추돌 사고
729,N,Apparently Normal,No Misuse,N,No Injury,c592c67e-8744-486b-8022-089f1e448e60,D,ADJ041000L,Shoulder/Lap Belt(s),F,e230bfd2-dc46-4a69-b7d3-37935eeeb5f1,Same Movement Angle,N,Intersection,Left Turn Lane,Daylight,No Defects,"Two-way, Not Divided",Wet,Raining,Twelve o'clock,Passenger Car,Superficial,N,Moving Constant Speed,2015-03-14 12:30,52,39.27756153,-76.67157099,4,1,빗길사고,자차 사고
730,N,Apparently Normal,No Misuse,N,No Injury,1ac4a3a7-cbd2-4382-bf67-4ef807ac59cf,D,ADJ041000N,Shoulder/Lap Belt(s),F,dc1f5de0-fa38-4859-bda5-0da97a8fe8ca,Same Direction Right Turn,N,Non Intersection,Right Turn Lane,Daylight,No Defects,"Two-way, Not Divided",Dry,Clear,Eight o'clock,Passenger Car,Functional,N,Moving Constant Speed,2015-03-22 10:45,31,39.30999983,-76.70663953,2,2,기타,기타
731,N,Apparently Normal,No Misuse,Y,No Injury,f94e5fd2-8e5a-40f1-b2c3-1a95608d1380,D,ADJ041000N,Shoulder/Lap Belt(s),M,a0c44d30-6eb3-437f-b4c6-5a00b7b7493c,Same Direction Right Turn,N,Non Intersection,Right Turn Lane,Daylight,No Defects,"Two-way, Not Divided",Dry,Clear,One o'clock,Passenger Car,Disabling,N,Moving Constant Speed,2015-03-22 10:45,56,39.30999983,-76.70663953,2,2,기타,기타
732,N,Apparently Normal,No Misuse,N,No Injury,a60e69b3-8ff8-4198-851a-0d27d4fc7420,D,ADJ0420001,Shoulder/Lap Belt(s),F,fb9a5a50-6a31-4057-995e-6b5865ffdedd,Single Vehicle ,N,Non Intersection,Right Turn Lane,Daylight,No Defects,"Two-way, Divided, Unprotected (painted >4 feet) Median",Dry,Clear,Seven o'clock,Passenger Car,No Damage,N,Slowing or Stopping,2015-01-15 16:30,25,39.26733102,-76.65176153,2,1,기타,등속 주행 사고
733,N,Apparently Normal,No Misuse,Y,No Injury,f5343537-023f-4376-a723-33bf257fda26,D,ADJ0420002,Shoulder/Lap Belt(s),F,5d8ea47e-500f-491e-809b-8e37cc759b9f,Single Vehicle ,N,Non Intersection,Right Turn Lane,Dark Lights On,No Defects,"Two-way, Divided, Positive Median Barrier",Dry,Clear,Eleven o'clock,Passenger Car,Superficial,N,Slowing or Stopping,2015-02-25 21:00,45,39.29433783,-76.67231798,2,1,기타,등속 주행 사고
734,N,Apparently Normal,No Misuse,N,No Injury,06422ecf-121b-4e94-ad13-95858db45f6d,D,ADJ0470001,Shoulder/Lap Belt(s),F,fd9e76ff-4dd3-4b09-b74e-02ba225240b8,Same Direction Rear End,N,Non Intersection,Right Turn Lane,Dark Lights On,No Defects,"Two-way, Not Divided",Dry,Clear,Seven o'clock,Passenger Car,Functional,N,Stopped in Traffic Lane,2015-01-01 2:45,20,39.26247999,-76.6407752,2,0,기타,자차 사고
735,N,Apparently Normal,No Misuse,N,No Injury,601b9a5c-4850-4fe5-b0c6-3caa661d1020,D,ADJ0470005,Shoulder/Lap Belt(s),F,4a9c5049-75c9-4f5e-bc1d-c27861332833,Same Movement Angle,N,Intersection,Right Turn Lane,Dusk,No Defects,"Two-way, Not Divided",Dry,Clear,Eleven o'clock,(Sport) Utility Vehicle,Functional,N,Moving Constant Speed,2015-02-06 18:15,45,39.27032122,-76.59292459,3,0,우회전 차선 사고,기타
736,N,Apparently Normal,No Misuse,Y,No Injury,e654d14e-9bb7-4ee8-8e8c-7d89fa8e63d7,D,ADJ0470006,Shoulder/Lap Belt(s),F,1f108d3f-9849-43d1-a30b-0d7a9d729a0d,Same Direction Left Turn,N,Intersection,Right Turn Lane,Daylight,No Defects,One-way Trafficway,Dry,Clear,Ten o'clock,(Sport) Utility Vehicle,Functional,N,Making Left Turn,2015-02-13 17:15,33,39.25346647,-76.61785841,3,1,우회전 차선 사고,등속 주행 중 측면 추돌 사고
737,N,Apparently Normal,No Misuse,N,No Injury,2b6fcc9e-8266-4870-a869-7cb3efc84fc5,D,ADJ0470006,Shoulder/Lap Belt(s),M,e26155c7-7f39-4aec-a8fa-e04fb5f000c4,Same Direction Left Turn,N,Intersection,Right Turn Lane,Daylight,No Defects,One-way Trafficway,Dry,Clear,One o'clock,Passenger Car,No Damage,N,Moving Constant Speed,2015-02-13 17:15,32,39.25346647,-76.61785841,3,2,우회전 차선 사고,기타
738,N,Apparently Normal,No Misuse,Y,No Injury,b90347b6-996e-4aa5-bb88-8ed8282d5507,D,ADJ047000D,Shoulder/Lap Belt(s),F,715b546c-54ee-46a3-b20f-c22ce5bd3cba,Same Direction Left Turn,N,Intersection,Right Turn Lane,Daylight,No Defects,One-way Trafficway,Dry,Clear,Nine o'clock,Passenger Car,Functional,N,Making Left Turn,2015-03-16 15:51,23,39.22764901,-76.58710957,3,1,우회전 차선 사고,등속 주행 중 측면 추돌 사고
739,N,Apparently Normal,No Misuse,N,No Injury,c8899ab9-4dea-46d3-8a64-d8dffb655e6b,D,ADJ0610001,Shoulder/Lap Belt(s),F,2edbb0f8-0cf5-4363-9334-21d31b2d8e33,Same Movement Angle,N,Intersection,Right Turn Lane,Daylight,No Defects,"Two-way, Not Divided with a Continuous Left Turn Lane",Dry,Clear,One o'clock,Passenger Car,Functional,N,Negotiating a Curve,2015-01-05 15:50,33,39.28319058,-76.64339639,3,0,우회전 차선 사고,기타
740,N,Apparently Normal,No Misuse,Y,No Injury,6679a209-973f-4aee-ace0-c2fc42b03247,D,ADJ0610001,Shoulder/Lap Belt(s),F,2c1b0210-8e7d-4053-b937-abb25db518c6,Same Movement Angle,N,Intersection,Right Turn Lane,Daylight,No Defects,"Two-way, Not Divided with a Continuous Left Turn Lane",Dry,Clear,Eleven o'clock,Passenger Car,Disabling,N,Starting From Lane,2015-01-05 15:50,35,39.28319058,-76.64339639,3,0,우회전 차선 사고,기타
741,N,Apparently Normal,No Misuse,N,No Injury,b7b1fcce-f9b1-44ec-a7a6-5c12b2024b6f,D,ADJ0610004,Shoulder/Lap Belt(s),F,5d140bc3-32f6-47fb-85a9-96338766b1ac,Same Movement Angle,N,Intersection,Deceleration Lane,Dusk,No Defects,"Two-way, Divided, Positive Median Barrier",Dry,Clear,Nine o'clock,(Sport) Utility Vehicle,Disabling,N,Moving Constant Speed,2015-01-14 17:00,31,39.28607786,-76.62752643,1,0,좌회전 차선 사고,등속 주행 중 측면 추돌 사고
742,N,Apparently Normal,No Misuse,N,No Injury,dd10ebe1-f8b1-4793-96c0-b3e143979436,D,ADJ065000B,Shoulder/Lap Belt(s),F,0923e8c5-29e2-4f8e-a7cd-31342bd32422,Same Movement Angle,N,Intersection,Left Turn Lane,Daylight,Shoulder Defect,"Two-way, Divided, Unprotected (painted >4 feet) Median",Dry,Clear,One o'clock,Passenger Car,Functional,N,Moving Constant Speed,2015-03-24 8:00,49,39.32238,-76.58931971,1,0,좌회전 차선 사고,등속 주행 중 측면 추돌 사고
743,N,Apparently Normal,No Misuse,Y,No Injury,8ea19d63-b7c1-4ff3-8ea5-9ec67952177b,D,ADJ065000B,Shoulder/Lap Belt(s),F,3dd0b8a5-2cb6-4a8f-9294-58a18d4ea473,Same Movement Angle,N,Intersection,Left Turn Lane,Daylight,Shoulder Defect,"Two-way, Divided, Unprotected (painted >4 feet) Median",Dry,Clear,Eleven o'clock,Passenger Car,Functional,N,Making Left Turn,2015-03-24 8:00,21,39.32238,-76.58931971,1,1,좌회전 차선 사고,등속 주행 사고
744,N,Apparently Normal,No Misuse,Y,No Injury,1865c22c-1454-4227-a924-5638610c5e26,D,ADJ086000B,Shoulder/Lap Belt(s),F,48c78c3c-c94b-4654-82d6-ad3a134c8f58,Same Direction Rear End,N,Intersection,Right Turn Lane,Dark Lights On,No Defects,"Two-way, Not Divided",Wet,Raining,One o'clock,Passenger Car,Superficial,N,Accelerating,2015-03-01 22:00,23,39.31175552,-76.60258055,4,3,빗길사고,기타
745,N,Apparently Normal,No Misuse,N,No Injury,7cc8672a-7401-4732-9c99-fa35d2033256,D,ADJ086000B,Shoulder/Lap Belt(s),M,e3afe12b-9618-47b0-ae8f-786cf6014a12,Same Direction Rear End,N,Intersection,Right Turn Lane,Dark Lights On,No Defects,"Two-way, Not Divided",Wet,Raining,Eleven o'clock,Passenger Car,Disabling,N,Accelerating,2015-03-01 22:00,56,39.31175552,-76.60258055,4,3,빗길사고,기타
746,N,Apparently Normal,No Misuse,N,No Injury,ca6cf682-26fb-4911-8443-89fda6f1d694,D,ADJ0890002,Shoulder/Lap Belt(s),F,9ad6ed37-0bf9-4655-b7c1-7360c1cfcda5,Same Movement Angle,N,Intersection,Right Turn Lane,Dark Lights On,No Defects,"Two-way, Divided, Positive Median Barrier",Dry,Clear,Twelve o'clock,Passenger Car,Superficial,N,Moving Constant Speed,2015-02-05 18:36,42,39.31443358,-76.67125247,3,0,우회전 차선 사고,기타
747,N,Apparently Normal,No Misuse,N,No Injury,7b294faf-ef6d-4d3d-bbc7-ea64ca7be724,D,ADJ1000003,Shoulder/Lap Belt(s),F,3725f9d2-bba6-47ad-8aae-70be3cf1d8e2,Same Movement Angle,N,Intersection,Right Turn Lane,Dark Lights On,No Defects,One-way Trafficway,Dry,Clear,Twelve o'clock,(Sport) Utility Vehicle,Disabling,N,Moving Constant Speed,2015-02-06 2:30,80,39.28653925,-76.61353804,3,0,우회전 차선 사고,기타
748,N,Apparently Normal,No Misuse,Y,No Injury,ba66888f-8298-4fe2-9568-16d6cd737408,D,ADJ1000003,Shoulder/Lap Belt(s),M,28307061-07a3-4f69-9525-d034b31ac543,Same Movement Angle,N,Intersection,Right Turn Lane,Dark Lights On,No Defects,One-way Trafficway,Dry,Clear,Four o'clock,Passenger Car,Disabling,N,Moving Constant Speed,2015-02-06 2:30,23,39.28653925,-76.61353804,3,0,우회전 차선 사고,기타
749,N,Apparently Normal,No Misuse,N,No Injury,34abe191-8572-461e-95b8-e1cf211cd333,D,ADJ1000008,Shoulder/Lap Belt(s),F,b898c2fa-5412-4a14-acf6-c8ad2b28d9fe,Same Movement Angle,N,Intersection,Right Turn Lane,Dawn,No Defects,"Two-way, Divided, Positive Median Barrier",Dry,Clear,Twelve o'clock,(Sport) Utility Vehicle,Disabling,N,Moving Constant Speed,2015-03-16 7:02,57,39.31097522,-76.61790803,3,0,우회전 차선 사고,기타
750,N,Apparently Normal,No Misuse,Y,No Injury,4e078c67-5f62-417a-bdcf-1d563a54955c,D,ADJ1000008,Shoulder/Lap Belt(s),M,983075c0-8823-4369-b1d6-202176a995fe,Same Movement Angle,N,Intersection,Right Turn Lane,Dawn,No Defects,"Two-way, Divided, Positive Median Barrier",Dry,Clear,Eight o'clock,(Sport) Utility Vehicle,Disabling,N,Moving Constant Speed,2015-03-16 7:02,46,39.31097522,-76.61790803,3,0,우회전 차선 사고,기타
751,N,Apparently Normal,No Misuse,Y,No Injury,ad2f5432-e9f5-46b1-aaa6-049e0581916b,D,ADJ1010001,Shoulder/Lap Belt(s),F,567070bd-2114-458c-821a-77ef06e79a09,Same Direction Rear End,N,Intersection Related,Right Turn Lane,Daylight,No Defects,"Two-way, Divided, Positive Median Barrier",Dry,Clear,Twelve o'clock,Passenger Car,Disabling,N,Moving Constant Speed,2015-02-03 13:24,47,39.31574196,-76.63966209,3,2,우회전 차선 사고,기타
752,N,Apparently Normal,No Misuse,N,No Injury,e86e17e6-5e7c-4680-aef4-0e56929e3224,D,ADJ1010001,Shoulder/Lap Belt(s),M,1ddc774b-2602-4d7f-9eb1-e1e1826c7421,Same Direction Rear End,N,Intersection Related,Right Turn Lane,Daylight,No Defects,"Two-way, Divided, Positive Median Barrier",Dry,Clear,Six o'clock,(Sport) Utility Vehicle,Superficial,N,Stopped in Traffic Lane,2015-02-03 13:24,67,39.31574196,-76.63966209,3,3,우회전 차선 사고,동일 방향 운행 중 추돌 사고
753,N,Apparently Normal,No Misuse,Y,No Injury,096a0741-678c-4e24-88be-b24f261fd1b0,D,ADJ1010002,Shoulder/Lap Belt(s),F,3b54ae55-7a2a-4c46-b31c-1cbd0c7a65e1,Head On Left Turn,N,Intersection,Right Turn Lane,Daylight,No Defects,"Two-way, Divided, Unprotected (painted >4 feet) Median",Dry,Clear,Eleven o'clock,Passenger Car,Functional,N,Making Left Turn,2015-02-05 15:18,43,39.30087827,-76.61755666,3,1,우회전 차선 사고,등속 주행 중 측면 추돌 사고
754,N,Apparently Normal,No Misuse,N,No Injury,84af27fe-738b-435b-87eb-5a1c3ebb8959,D,ADJ1010002,Shoulder/Lap Belt(s),M,e5ddf736-4189-42af-8455-d2ad46616403,Head On Left Turn,N,Intersection,Right Turn Lane,Daylight,No Defects,"Two-way, Divided, Unprotected (painted >4 feet) Median",Dry,Clear,Ten o'clock,Passenger Car,Superficial,N,Starting From Lane,2015-02-05 15:18,40,39.30087827,-76.61755666,3,1,우회전 차선 사고,등속 주행 중 측면 추돌 사고
755,N,Apparently Normal,No Misuse,N,No Injury,ce7a6cc2-9ec8-4dc8-81b2-5e7fb4b10f0f,D,ADJ1140001,Shoulder/Lap Belt(s),F,b4085f17-3fb4-473e-a592-1848926e21ce,Same Movement Angle,N,Intersection,Left Turn Lane,Daylight,No Defects,One-way Trafficway,Dry,Clear,Twelve o'clock,Passenger Car,Destroyed,N,Moving Constant Speed,2015-01-10 16:00,32,39.30506458,-76.60177588,1,0,좌회전 차선 사고,등속 주행 중 측면 추돌 사고
756,N,Apparently Normal,No Misuse,N,No Injury,6035db44-d3bb-4824-be6c-9fd260c214f1,D,ADJ1140001,Shoulder/Lap Belt(s),M,9c4106e4-bf6e-496d-976b-b9034fcbd1c4,Same Movement Angle,N,Intersection,Left Turn Lane,Daylight,No Defects,One-way Trafficway,Dry,Clear,Eleven o'clock,(Sport) Utility Vehicle,Destroyed,N,Moving Constant Speed,2015-01-10 16:00,55,39.30506458,-76.60177588,1,0,좌회전 차선 사고,등속 주행 중 측면 추돌 사고
757,N,Apparently Normal,No Misuse,N,No Injury,2a295081-06d5-4144-b737-16bac4b2c36d,D,ADJ1160003,Shoulder/Lap Belt(s),F,0e858643-6fc8-4b2c-9314-7ee6da166a44,Same Direction Rear End,N,Non Intersection,Right Turn Lane,Daylight,No Defects,"Two-way, Divided, Positive Median Barrier",Dry,Cloudy,Twelve o'clock,Passenger Car,Superficial,N,Slowing or Stopping,2015-01-14 14:55,25,39.31389715,-76.67754292,2,1,기타,등속 주행 사고
758,N,Apparently Normal,No Misuse,N,Non-incapacitating Injury,ee7c2253-1df9-4d7b-8f51-963fc6002e17,D,ADJ1160004,Shoulder/Lap Belt(s),F,0ed41b35-fc88-40a0-9880-ffb390f71871,Same Movement Angle,N,Intersection,Left Turn Lane,Daylight,No Defects,"Two-way, Divided, Positive Median Barrier",Dry,Cloudy,Twelve o'clock,Passenger Car,Disabling,N,Moving Constant Speed,2015-01-29 15:55,60,39.31444499,-76.67122364,1,0,좌회전 차선 사고,등속 주행 중 측면 추돌 사고
759,N,Apparently Normal,No Misuse,N,No Injury,9535689c-c2e7-4633-a72b-3a092a2bb242,D,ADJ1330001,Shoulder/Lap Belt(s),F,9cd66425-b219-433a-af27-6c9c31bdc28f,Same Direction Rear End,N,Non Intersection,Right Turn Lane,Dusk,No Defects,"Two-way, Divided, Positive Median Barrier",Dry,Clear,Six o'clock,(Sport) Utility Vehicle,Functional,N,Stopped in Traffic Lane,2015-03-08 19:20,41,39.28049108,-76.58012778,2,0,기타,자차 사고
760,N,Apparently Normal,No Misuse,N,No Injury,b488f47b-77ef-48a7-b86b-654f38886b62,D,ADJ1330001,Shoulder/Lap Belt(s),F,f56a32ec-5719-4c75-8157-d22591425aa8,Same Direction Rear End,N,Non Intersection,Right Turn Lane,Dusk,No Defects,"Two-way, Divided, Positive Median Barrier",Dry,Clear,Six o'clock,Passenger Car,No Damage,N,Stopped in Traffic Lane,2015-03-08 19:20,27,39.28049108,-76.58012778,2,0,기타,자차 사고