KEY_INDEX,CDL_FLAG,CONDITION_CODE,EQUIP_PROB_CODE,FAULT_FLAG,INJ_SEVER_CODE,PERSON_ID,PERSON_TYPE,REPORT_NO,SAF_EQUIP_CODE,SEX_CODE,VEHICLE_ID,COLLISION_TYPE_CODE,C_M_ZONE_FLAG,JUNCTION_CODE,LANE_CODE,LIGHT_CODE,RD_COND_CODE,RD_DIV_CODE,SURF_COND_CODE,WEATHER_CODE,AREA_DAMAGED_CODE_MAIN,BODY_TYPE_CODE,DAMAGE_CODE,HIT_AND_RUN_FLAG,MOVEMENT_CODE,TIME,AGE,LATITUDE,LONGITUDE,CLUSTER,SECOND_LABEL,FIRST_LABEL,SECOND_LABELING
761,N,Apparently Normal,No Misuse,Y,No Injury,d575b228-55ef-411c-94c9-73ddcc2686e9,D,ADJ1330001,Shoulder/Lap Belt(s),M,4dcf245b-6be9-48fe-9af3-351c60ae9bc7,Same Direction Rear End,N,Non Intersection,Right Turn Lane,Dusk,No Defects,"Two-way, Divided, Positive Median Barrier",Dry,Clear,Twelve o'clock,Passenger Car,Disabling,N,Slowing or Stopping,2015-03-08 19:20,31,39.28049108,-76.58012778,2,1,기타,등속 주행 사고
762,N,Apparently Normal,No Misuse,Y,No Injury,4328977a-f9a5-457d-a1f5-90411b91a917,D,ADJ1340005,Shoulder/Lap Belt(s),F,6bf3fdaa-25da-42fc-a7fc-4dcc420ba6f0,Same Direction Sideswipe,N,Non Intersection,Left Turn Lane,Dark Lights On,No Defects,One-way Trafficway,Snow,Blowing Snow,One o'clock,Passenger Car,Functional,N,Changing Lanes,2015-02-14 19:45,22,39.26650869,-76.66753292,0,2,눈길사고,미끌어짐에 의한 사고
763,N,Apparently Normal,No Misuse,N,No Injury,2e79c9fa-6cf9-463e-899e-d907df575266,D,ADJ1340005,Shoulder/Lap Belt(s),M,2d729281-383b-4212-ade3-cedd89db6c7e,Same Direction Sideswipe,N,Non Intersection,Left Turn Lane,Dark Lights On,No Defects,One-way Trafficway,Snow,Blowing Snow,Twelve o'clock,Ambulance/Non Emergency,Superficial,N,Moving Constant Speed,2015-02-14 19:45,27,39.26650869,-76.66753292,0,0,눈길사고,감속 중 사고
764,N,Apparently Normal,No Misuse,N,No Injury,f42004eb-8ef6-4da9-ac1c-c31a75f7cb51,D,ADJ1340005,Shoulder/Lap Belt(s),M,2b2add7a-d424-44f1-b73f-2e59d289b524,Same Direction Sideswipe,N,Non Intersection,Left Turn Lane,Dark Lights On,No Defects,One-way Trafficway,Snow,Blowing Snow,Twelve o'clock,Passenger Car,Disabling,N,Moving Constant Speed,2015-02-14 19:45,26,39.26650869,-76.66753292,0,0,눈길사고,감속 중 사고
765,N,Apparently Normal,No Misuse,N,No Injury,0f63242f-25ce-497e-a06f-a0bacea976d5,D,ADJ1340008,Shoulder/Lap Belt(s),F,b1d38bc6-337b-4d1a-921b-2ae673414f4a,Same Direction Rear End,N,Non Intersection,Right Turn Lane,Dark Lights On,No Defects,"Two-way, Divided, Unprotected (painted >4 feet) Median",Dry,Clear,One o'clock,Passenger Car,Disabling,N,Moving Constant Speed,2015-03-07 23:34,23,39.28364265,-76.67215705,2,3,기타,등속 주행 중 측면 추돌 사고
766,N,Apparently Normal,No Misuse,N,No Injury,eb455270-c420-444e-9747-57ec221d3772,D,ADJ134000B,Shoulder/Lap Belt(s),M,3e514219-c431-47a0-90b2-d495b67810b8,Opposite Direction Sideswipe,Y,Non Intersection,Right Turn Lane,Daylight,No Defects,"Two-way, Divided, Positive Median Barrier",Dry,Clear,Nine o'clock,School Bus,Superficial,N,Moving Constant Speed,2015-03-25 8:30,77,39.29380643,-76.6862601,2,2,기타,기타
767,N,Apparently Normal,No Misuse,N,No Injury,e754f1e6-f462-497c-8134-7948cfbd1995,D,ADJ1620001,Shoulder/Lap Belt(s),M,0c57685f-82a1-4888-bcdb-c156235b0cfc,Same Direction Right Turn,N,Non Intersection,Left Turn Lane,Dark Lights On,No Defects,One-way Trafficway,Snow,Sleet,Eleven o'clock,Station Wagon,Functional,N,Slowing or Stopping,2015-01-29 16:56,44,39.32214761,-76.61212921,0,1,눈길사고,등속 주행 사고
768,N,Apparently Normal,No Misuse,N,No Injury,bac8618c-53e3-4562-a50a-7ee01372c7f6,D,ADJ1680001,Shoulder/Lap Belt(s),F,a57411b8-a503-4ca2-a467-593ec4a8456d,Same Movement Angle,N,Intersection,Right Turn Lane,Daylight,No Defects,"Two-way, Divided, Positive Median Barrier",Dry,Clear,Eleven o'clock,Van,Disabling,N,Moving Constant Speed,2015-03-03 7:15,36,39.32300248,-76.54278874,3,0,우회전 차선 사고,기타
769,N,Apparently Normal,No Misuse,Y,No Injury,c6b29ce4-b501-4f3b-a65f-659afaf3fc91,D,ADJ1680001,Shoulder/Lap Belt(s),F,65946ecf-749d-45bf-ac4f-e070c2d2f1b9,Same Movement Angle,N,Intersection,Right Turn Lane,Daylight,No Defects,"Two-way, Divided, Positive Median Barrier",Dry,Clear,One o'clock,Van,Superficial,N,Making Left Turn,2015-03-03 7:15,40,39.32300248,-76.54278874,3,0,우회전 차선 사고,기타
770,N,Apparently Normal,No Misuse,N,No Injury,a9463e1d-9efa-4ee6-89b3-a1322ec8dc8a,D,ADJ1740001,Shoulder/Lap Belt(s),F,85eeee91-03f9-4448-8d8f-3bd57612f367,Single Vehicle ,N,Non Intersection,Left Turn Lane,Daylight,No Defects,"Two-way, Divided, Unprotected (painted >4 feet) Median",Dry,Clear,Twelve o'clock,Recreational Vehicle,No Damage,N,Moving Constant Speed,2015-01-28 7:30,55,39.3380188,-76.55192435,1,0,좌회전 차선 사고,등속 주행 중 측면 추돌 사고
771,N,Apparently Normal,No Misuse,N,No Injury,29f58c3a-519b-47ba-a5ee-c9bfc08c257b,D,ADJ1760006,Shoulder/Lap Belt(s),F,6ae3640a-ae1a-44dd-9098-1e5c6bb6d30c,Same Direction Rear End,N,Intersection Related,Right Turn Lane,Daylight,No Defects,"Two-way, Divided, Unprotected (painted >4 feet) Median",Ice,Blowing Snow,Six o'clock,Passenger Car,Superficial,N,Slowing or Stopping,2015-02-15 10:00,37,39.27228139,-76.61163568,0,1,눈길사고,등속 주행 사고
772,N,Apparently Normal,No Misuse,N,No Injury,6d2436e7-d7d0-43ce-90f0-47ebd1517887,D,ADJ1790002,Shoulder/Lap Belt(s),F,ceeff4a6-65b1-4ad0-8b36-4282a180d7dc,Same Direction Sideswipe,N,Non Intersection,Left Turn Lane,Daylight,No Defects,"Two-way, Divided, Positive Median Barrier",Dry,Clear,One o'clock,Passenger Car,Superficial,N,Moving Constant Speed,2015-01-08 10:30,68,39.36159362,-76.64571047,1,0,좌회전 차선 사고,등속 주행 중 측면 추돌 사고
773,N,Apparently Normal,No Misuse,Y,No Injury,f52f7f06-2e74-4a29-8f11-54ae7ad0358d,D,ADJ1790002,Shoulder/Lap Belt(s),M,8db3f60e-6ad6-4727-9e5f-3252b4e9acd9,Same Direction Sideswipe,N,Non Intersection,Left Turn Lane,Daylight,No Defects,"Two-way, Divided, Positive Median Barrier",Dry,Clear,Seven o'clock,(Sport) Utility Vehicle,No Damage,N,Changing Lanes,2015-01-08 10:30,69,39.36159362,-76.64571047,1,1,좌회전 차선 사고,등속 주행 사고
774,N,Apparently Normal,No Misuse,N,No Injury,4b243e04-37c5-460b-8d8b-3ed83e2354ec,D,ADJ1790004,Shoulder/Lap Belt(s),F,47da213a-0ccd-4aae-b37b-367c4041487c,Same Direction Rear End,N,Intersection Related,Right Turn Lane,Daylight,Loose Surface Material,"Two-way, Divided, Positive Median Barrier",Dry,Clear,Six o'clock,Passenger Car,Superficial,N,Stopped in Traffic Lane,2015-01-27 15:50,33,39.3571639,-76.65484071,3,3,우회전 차선 사고,동일 방향 운행 중 추돌 사고
775,N,Apparently Normal,No Misuse,Y,No Injury,2ffffdda-e398-4867-bac6-fe688dce42f0,D,ADJ1790004,Shoulder/Lap Belt(s),M,af579396-8c07-421b-a987-2eb15ed6119f,Same Direction Rear End,N,Intersection Related,Right Turn Lane,Daylight,Loose Surface Material,"Two-way, Divided, Positive Median Barrier",Dry,Clear,Twelve o'clock,Passenger Car,No Damage,N,Skidding,2015-01-27 15:50,23,39.3571639,-76.65484071,3,3,우회전 차선 사고,동일 방향 운행 중 추돌 사고
776,N,Apparently Normal,No Misuse,N,No Injury,f0f59adc-6eff-4187-a31c-f30d3f1d62cd,D,ADJ1790005,Shoulder/Lap Belt(s),F,9de1d9aa-b421-455a-938a-535b6667074d,Same Direction Rear End,N,Intersection Related,Left Turn Lane,Dark Lights On,No Defects,"Two-way, Divided, Positive Median Barrier",Dry,Clear,Six o'clock,(Sport) Utility Vehicle,Superficial,N,Stopped in Traffic Lane,2015-01-31 18:30,56,39.36146297,-76.64604843,1,2,좌회전 차선 사고,기타
777,N,Apparently Normal,No Misuse,N,No Injury,c601f4e6-a3b4-46dd-b000-53f2e4bf429a,D,ADJ1790005,Shoulder/Lap Belt(s),F,4c051067-9cac-46d9-b9af-faa4a26be2a7,Same Direction Rear End,N,Intersection Related,Left Turn Lane,Dark Lights On,No Defects,"Two-way, Divided, Positive Median Barrier",Dry,Clear,Six o'clock,Passenger Car,Superficial,N,Stopped in Traffic Lane,2015-01-31 18:30,50,39.36146297,-76.64604843,1,2,좌회전 차선 사고,기타
778,N,Apparently Normal,No Misuse,Y,No Injury,3b49507b-106f-4ddd-9652-d1068e03a8eb,D,ADJ1790009,Shoulder/Lap Belt(s),F,dbcc5cbd-6ed4-4f8a-9d82-f6bc7da0839b,Single Vehicle ,N,Non Intersection,Left Turn Lane,Daylight,No Defects,"Two-way, Divided, Unprotected (painted >4 feet) Median",Snow,Snow,Six o'clock,Passenger Car,Superficial,N,Skidding,2015-03-05 9:35,40,39.36226137,-76.62494749,0,2,눈길사고,미끌어짐에 의한 사고
779,N,Apparently Normal,No Misuse,N,No Injury,4f7bd1e4-647e-4fae-b339-0f90deda127c,D,ADJ1870008,Shoulder/Lap Belt(s),F,eeb21bef-9ee3-48e2-b825-374f7d9c297d,Same Direction Rear End,N,Non Intersection,Left Turn Lane,Daylight,No Defects,"Two-way, Divided, Unprotected (painted >4 feet) Median",Dry,Clear,Six o'clock,Passenger Car,Superficial,N,Stopped in Traffic Lane,2015-03-26 8:45,36,39.31531377,-76.59688622,1,2,좌회전 차선 사고,기타
780,N,Apparently Normal,No Misuse,Y,No Injury,b360abd8-d78e-4369-8488-69874ce73080,D,ADJ1870008,Shoulder/Lap Belt(s),F,17ec8284-cb08-458c-bb46-5dc133141476,Same Direction Rear End,N,Non Intersection,Left Turn Lane,Daylight,No Defects,"Two-way, Divided, Unprotected (painted >4 feet) Median",Dry,Clear,Twelve o'clock,Passenger Car,Disabling,N,Slowing or Stopping,2015-03-26 8:45,21,39.31531377,-76.59688622,1,3,좌회전 차선 사고,감속 중 사고
781,N,Apparently Normal,No Misuse,N,No Injury,c7f550e4-06a7-43c0-9d3c-665009beecd2,D,ADJ1880003,Shoulder/Lap Belt(s),F,7189206f-08db-4ffb-ae18-544fc976d07b,Same Movement Angle,N,Intersection,Right Turn Lane,Daylight,No Defects,"Two-way, Divided, Unprotected (painted >4 feet) Median",Dry,Clear,Twelve o'clock,Passenger Car,Disabling,N,Moving Constant Speed,2015-02-05 8:16,50,39.30644267,-76.65251255,3,0,우회전 차선 사고,기타
782,N,Apparently Normal,No Misuse,Y,No Injury,101a6bb1-7c2e-4251-a359-e35160386774,D,ADJ1880003,Shoulder/Lap Belt(s),F,4ac81d40-3b36-4121-ae5d-debd48095ab7,Same Movement Angle,N,Intersection,Right Turn Lane,Daylight,No Defects,"Two-way, Divided, Unprotected (painted >4 feet) Median",Dry,Clear,Eleven o'clock,Passenger Car,Disabling,N,Accelerating,2015-02-05 8:16,20,39.30644267,-76.65251255,3,0,우회전 차선 사고,기타
783,N,Apparently Normal,No Misuse,N,No Injury,20e288e2-70b2-4ff7-becd-e23716bd9904,D,ADJ197000M,Shoulder/Lap Belt(s),F,16e4d8cb-6d48-4580-a6df-9ba5afbe854e,Same Movement Angle,N,Intersection,Left Turn Lane,Daylight,No Defects,"Two-way, Divided, Unprotected (painted >4 feet) Median",Dry,Clear,Eleven o'clock,(Sport) Utility Vehicle,Disabling,N,Making Right Turn,2015-01-28 13:05,56,39.3398405,-76.59365416,1,1,좌회전 차선 사고,등속 주행 사고
784,N,Apparently Normal,No Misuse,Y,No Injury,45c87f4d-6a48-457c-b242-c9c638bbda82,D,ADJ2030006,Shoulder/Lap Belt(s),F,f4c8b94a-dd38-4802-b96e-b68f1cdd3355,Same Movement Angle,N,Intersection,Right Turn Lane,Dark Lights On,No Defects,"Two-way, Not Divided",Dry,Clear,Twelve o'clock,Passenger Car,Destroyed,N,Moving Constant Speed,2015-03-07 18:12,22,39.29031072,-76.59885764,3,0,우회전 차선 사고,기타
785,N,Apparently Normal,No Misuse,N,Possible Incapacitating Injury,86805c32-ff1a-4ce6-9310-d479aae42821,D,ADJ2030006,Shoulder/Lap Belt(s),F,1b12cf74-cc18-46a4-8bf9-7577e47f263f,Same Movement Angle,N,Intersection,Right Turn Lane,Dark Lights On,No Defects,"Two-way, Not Divided",Dry,Clear,Twelve o'clock,Passenger Car,Destroyed,N,Moving Constant Speed,2015-03-07 18:12,46,39.29031072,-76.59885764,3,0,우회전 차선 사고,기타
786,N,Apparently Normal,No Misuse,N,No Injury,7f1482cf-52b6-4750-aa20-3125f5a0afcf,D,ADJ2030008,Shoulder/Lap Belt(s),F,fded119d-d5b0-41c6-b37f-92349917d464,Same Direction Rear End,N,Intersection,Right Turn Lane,Daylight,No Defects,"Two-way, Not Divided",Wet,Snow,Twelve o'clock,Passenger Car,Superficial,N,Moving Constant Speed,2015-03-20 11:18,33,39.29164758,-76.59070373,4,2,빗길사고,동일 방향 운행 중 추돌 사고
787,N,Apparently Normal,No Misuse,Y,No Injury,746e744d-518e-436d-a8c5-ed76a25a3031,D,ADJ2030008,Shoulder/Lap Belt(s),M,b91aa401-da08-40d2-ac7f-1a48f7752d5c,Same Direction Rear End,N,Intersection,Right Turn Lane,Daylight,No Defects,"Two-way, Not Divided",Wet,Snow,Six o'clock,Passenger Car,No Damage,N,Backing,2015-03-20 11:18,35,39.29164758,-76.59070373,4,3,빗길사고,기타
788,N,Apparently Normal,No Misuse,N,No Injury,99b0ee74-6f1b-4803-9876-888c8c3d642a,D,ADJ2040009,Shoulder/Lap Belt(s),F,50b0b741-699d-42d7-9c62-72e7dc7f3e8d,Same Movement Angle,N,Intersection,Left Turn Lane,Daylight,No Defects,"Two-way, Divided, Positive Median Barrier",Wet,Snow,Two o'clock,Passenger Car,Functional,N,Moving Constant Speed,2015-01-21 14:12,53,39.25128894,-76.6459921,4,1,빗길사고,자차 사고
789,N,Apparently Normal,No Misuse,N,No Injury,0f18f6c6-1776-4470-b4eb-68cb7e0a6e47,D,ADJ211000G,Shoulder/Lap Belt(s),F,41bfa328-36ae-42f4-9576-06d24d2b29bc,Same Direction Left Turn,N,Intersection Related,Right Turn Lane,Dark Lights On,No Defects,"Two-way, Not Divided",Wet,Clear,Four o'clock,Passenger Car,Superficial,N,Moving Constant Speed,2015-03-08 1:50,50,39.28592631,-76.66787624,4,2,빗길사고,동일 방향 운행 중 추돌 사고
790,Y,Apparently Normal,No Misuse,N,No Injury,b1577207-9ca6-4723-8adf-e5c4e16a0ffa,D,ADJ2140002,Shoulder/Lap Belt(s),F,7c12c502-9f5d-4fae-ba77-7f843b700582,Single Vehicle ,N,Non Intersection,Right Turn Lane,Daylight,No Defects,"Two-way, Divided, Unprotected (painted >4 feet) Median",Dry,Clear,One o'clock,Passenger Car,Disabling,N,Moving Constant Speed,2015-02-07 11:40,50,39.34629994,-76.65291488,2,2,기타,기타
791,N,Apparently Normal,No Misuse,N,No Injury,724f2f91-1668-425f-8843-e777b55d9ead,D,ADJ2140003,Shoulder/Lap Belt(s),F,ce12f65c-50fe-406d-b2a1-edca0c4febc2,Same Direction Rear End,N,Non Intersection,Right Turn Lane,Daylight,"Holes, Ruts, Etc.","Two-way, Divided, Unprotected (painted >4 feet) Median",Wet,Clear,Six o'clock,Passenger Car,Superficial,N,Slowing or Stopping,2015-02-18 16:10,23,39.340717,-76.660876,2,1,기타,등속 주행 사고
792,N,Apparently Normal,No Misuse,Y,No Injury,c7336ef6-1cd6-4548-beb8-fc7ce5bf0ee9,D,ADJ2140003,Shoulder/Lap Belt(s),F,5ac32525-e513-4b5d-8d4e-eece287a97a1,Same Direction Rear End,N,Non Intersection,Right Turn Lane,Daylight,"Holes, Ruts, Etc.","Two-way, Divided, Unprotected (painted >4 feet) Median",Wet,Clear,Twelve o'clock,(Sport) Utility Vehicle,Superficial,N,Moving Constant Speed,2015-02-18 16:10,29,39.340717,-76.660876,2,3,기타,등속 주행 중 측면 추돌 사고
793,N,Apparently Normal,No Misuse,N,No Injury,73624155-a4be-4128-a302-1f1359cf39b5,D,ADJ2140008,Shoulder/Lap Belt(s),F,8ee0a7f7-86c0-4157-b3ca-1b268ee163d6,Single Vehicle ,N,Non Intersection,Right Turn Lane,Daylight,No Defects,"Two-way, Divided, Unprotected (painted >4 feet) Median",Dry,Clear,Twelve o'clock,Passenger Car,Functional,N,Moving Constant Speed,2015-03-17 7:50,59,39.35613731,-76.66453421,2,2,기타,기타
794,N,Apparently Normal,No Misuse,N,No Injury,a1d81183-be46-4d8e-8986-e94c259ee73a,D,ADJ2150004,Shoulder/Lap Belt(s),F,6d10330b-8e0c-4763-adaf-8e9fef495064,Same Direction Sideswipe,N,Non Intersection,Right Turn Lane,Daylight,No Defects,"Two-way, Not Divided",Dry,Clear,Seven o'clock,Passenger Car,Superficial,N,Moving Constant Speed,2015-01-17 12:06,32,39.34976796,-76.66560709,2,2,기타,기타
795,N,Apparently Normal,No Misuse,N,No Injury,2efa1c91-9cb4-42cd-8ae8-f29845d06381,D,ADJ2150005,Shoulder/Lap Belt(s),M,dd0ef1c3-228d-4e6c-8407-dced9149d63c,Same Movement Angle,N,Intersection,Left Turn Lane,Daylight,No Defects,"Two-way, Not Divided",Dry,Clear,Twelve o'clock,Passenger Car,Disabling,N,Moving Constant Speed,2015-02-11 16:33,81,39.31810965,-76.609447,1,0,좌회전 차선 사고,등속 주행 중 측면 추돌 사고
796,N,Apparently Normal,No Misuse,N,No Injury,bc87daa4-fb09-44f1-9293-7a2e6fde7478,D,ADJ2160009,Shoulder/Lap Belt(s),F,6558f64e-7c3c-42ee-9333-8a8e90738fa1,Same Direction Rear End,N,Non Intersection,Left Turn Lane,Daylight,No Defects,"Two-way, Divided, Unprotected (painted >4 feet) Median",Dry,Clear,Six o'clock,Passenger Car,Disabling,N,Slowing or Stopping,2015-03-27 7:40,26,39.29602749,-76.56979859,1,3,좌회전 차선 사고,감속 중 사고
797,N,Apparently Normal,No Misuse,Y,No Injury,4b7098dc-8f6f-43fc-916c-a635bd8fad1a,D,ADJ2160009,Shoulder/Lap Belt(s),M,fe7535b8-6314-4d04-9fcb-061ab0045b32,Same Direction Rear End,N,Non Intersection,Left Turn Lane,Daylight,No Defects,"Two-way, Divided, Unprotected (painted >4 feet) Median",Dry,Clear,Twelve o'clock,Passenger Car,Disabling,N,Moving Constant Speed,2015-03-27 7:40,36,39.29602749,-76.56979859,1,0,좌회전 차선 사고,등속 주행 중 측면 추돌 사고
798,N,Apparently Normal,No Misuse,Y,No Injury,ac3097c8-1300-4a45-90d5-074367c60aa6,D,ADJ2280001,Shoulder/Lap Belt(s),F,8b228d4c-810b-454f-a04b-f219bb236e0d,Single Vehicle ,N,Non Intersection,Right Turn Lane,Daylight,No Defects,"Two-way, Divided, Unprotected (painted >4 feet) Median",Snow,Snow,Twelve o'clock,Passenger Car,Disabling,N,Skidding,2015-01-06 9:18,39,39.33817265,-76.60220504,0,2,눈길사고,미끌어짐에 의한 사고
799,N,Apparently Normal,No Misuse,N,No Injury,620e7842-9e30-409f-b72d-0372b9c3c84a,D,ADJ2290001,Shoulder/Lap Belt(s),F,873c8679-d6e8-4a5a-a911-8c5e30904782,Same Direction Sideswipe,N,Non Intersection,Left Turn Lane,Dark Lights On,No Defects,One-way Trafficway,Dry,Clear,Five o'clock,Passenger Car,Superficial,N,Moving Constant Speed,2015-01-01 4:20,22,39.29652981,-76.6262269,1,0,좌회전 차선 사고,등속 주행 중 측면 추돌 사고
800,N,Apparently Normal,No Misuse,N,No Injury,140548cb-242a-4f86-9649-a7cfc45e63fb,D,ADJ2360001,Shoulder/Lap Belt(s),F,545feda8-ed7f-4480-a595-256da8187cd3,Same Direction Rear End Left Turn,N,Non Intersection,Left Turn Lane,Daylight,No Defects,"Two-way, Divided, Positive Median Barrier",Dry,Clear,Six o'clock,Passenger Car,Superficial,N,Moving Constant Speed,2015-01-05 14:00,55,39.32028844,-76.63045406,1,0,좌회전 차선 사고,등속 주행 중 측면 추돌 사고
801,N,Apparently Normal,No Misuse,N,No Injury,1cf9631c-5692-497a-a90d-3d8014b528f1,D,ADJ2360001,Shoulder/Lap Belt(s),M,ff00574f-ed65-4998-85ef-5b9b482b57b0,Same Direction Rear End Left Turn,N,Non Intersection,Left Turn Lane,Daylight,No Defects,"Two-way, Divided, Positive Median Barrier",Dry,Clear,Twelve o'clock,Passenger Car,Disabling,N,Moving Constant Speed,2015-01-05 14:00,60,39.32028844,-76.63045406,1,0,좌회전 차선 사고,등속 주행 중 측면 추돌 사고
802,N,Apparently Normal,No Misuse,N,No Injury,2f20b1f2-162e-4746-9fe5-0c34c187b98b,D,ADJ2360001,Shoulder/Lap Belt(s),M,2ab88b07-da2d-4cf1-86e3-50d9859b5530,Same Direction Rear End Left Turn,N,Non Intersection,Left Turn Lane,Daylight,No Defects,"Two-way, Divided, Positive Median Barrier",Dry,Clear,Six o'clock,Passenger Car,Functional,N,Moving Constant Speed,2015-01-05 14:00,37,39.32028844,-76.63045406,1,0,좌회전 차선 사고,등속 주행 중 측면 추돌 사고
803,N,Apparently Normal,No Misuse,N,No Injury,fc5435a1-f0bd-43ce-880f-45fcb1c397ea,D,ADJ2360001,Shoulder/Lap Belt(s),M,28eb965f-5c29-4eaf-b711-72286c4969c9,Same Direction Rear End Left Turn,N,Non Intersection,Left Turn Lane,Daylight,No Defects,"Two-way, Divided, Positive Median Barrier",Dry,Clear,One o'clock,Passenger Car,Functional,N,Moving Constant Speed,2015-01-05 14:00,27,39.32028844,-76.63045406,1,0,좌회전 차선 사고,등속 주행 중 측면 추돌 사고
804,N,Apparently Normal,No Misuse,N,No Injury,61d2e347-289d-415e-bed3-5ad23bef2299,D,ADJ2360004,Shoulder/Lap Belt(s),F,f754343e-0789-45c2-8a6c-6f106546f4cc,Same Direction Rear End,N,Non Intersection,Acceleration Lane,Daylight,No Defects,"Two-way, Divided, Positive Median Barrier",Wet,Clear,Six o'clock,Passenger Car,Functional,N,Moving Constant Speed,2015-01-27 9:46,53,39.34492679,-76.64264202,4,2,빗길사고,동일 방향 운행 중 추돌 사고
805,N,Apparently Normal,No Misuse,N,No Injury,2d286dbd-413e-49a5-9b10-2f72816f1f71,D,ADJ2360004,Shoulder/Lap Belt(s),F,29197489-8fe1-4eb3-89d4-291b0cfeb95d,Same Direction Rear End,N,Non Intersection,Acceleration Lane,Daylight,No Defects,"Two-way, Divided, Positive Median Barrier",Wet,Clear,Six o'clock,Passenger Car,Superficial,N,Slowing or Stopping,2015-01-27 9:46,37,39.34492679,-76.64264202,4,3,빗길사고,기타
806,N,Apparently Normal,No Misuse,N,Possible Incapacitating Injury,d37c2bb1-a90f-4443-8c30-a5d191947d88,D,ADJ2360004,Shoulder/Lap Belt(s),F,5b023d81-3231-4aa1-94cc-9351b91a61e0,Same Direction Rear End,N,Non Intersection,Acceleration Lane,Daylight,No Defects,"Two-way, Divided, Positive Median Barrier",Wet,Clear,Twelve o'clock,Passenger Car,Disabling,N,Moving Constant Speed,2015-01-27 9:46,43,39.34492679,-76.64264202,4,2,빗길사고,동일 방향 운행 중 추돌 사고
807,N,Apparently Normal,No Misuse,N,No Injury,c8af84ea-b9a7-4d03-a5c2-2e8ce87b3ff6,D,ADJ2360006,Shoulder/Lap Belt(s),F,c4150af5-fc56-4f11-a0ec-50cdd01bf895,Same Direction Rear End,N,Non Intersection,Right Turn Lane,Dark Lights On,No Defects,"Two-way, Not Divided",Wet,Clear,Six o'clock,Passenger Car,Superficial,N,Moving Constant Speed,2015-02-09 18:00,35,39.32947593,-76.60359979,2,3,기타,등속 주행 중 측면 추돌 사고
808,N,Apparently Normal,No Misuse,N,No Injury,e0d795c4-67fa-453f-a7fa-cf98d2be9983,D,ADJ2410008,Shoulder/Lap Belt(s),F,2e3b9c1f-8272-41f7-adaf-f3cdeb652867,Same Movement Angle,N,Intersection,Left Turn Lane,Daylight,No Defects,"Two-way, Divided, Positive Median Barrier",Dry,Clear,Eleven o'clock,Passenger Car,Superficial,N,Moving Constant Speed,2015-03-21 18:39,38,39.28707019,-76.62829354,1,0,좌회전 차선 사고,등속 주행 중 측면 추돌 사고
809,N,Using Drugs,No Misuse,Y,No Injury,c0e79def-553e-4078-b1eb-7fb19fb778f0,D,ADJ2410008,Shoulder/Lap Belt(s),F,2f025a75-8029-4b75-bd91-853a42ed99bf,Same Movement Angle,N,Intersection,Left Turn Lane,Daylight,No Defects,"Two-way, Divided, Positive Median Barrier",Dry,Clear,Twelve o'clock,Passenger Car,Superficial,N,Moving Constant Speed,2015-03-21 18:39,31,39.28707019,-76.62829354,1,0,좌회전 차선 사고,등속 주행 중 측면 추돌 사고
810,N,Apparently Normal,No Misuse,N,No Injury,d52e0e75-15f3-419b-80ed-f2c04150aa9f,D,ADJ2450005,Shoulder/Lap Belt(s),F,a5ee4ed3-f699-4f61-9a43-fab1bb4e06d4,Same Movement Angle,N,Intersection,Right Turn Lane,Daylight,No Defects,"Two-way, Not Divided",Wet,Raining,One o'clock,Passenger Car,Functional,N,Moving Constant Speed,2015-03-04 16:55,24,39.309977,-76.587445,4,1,빗길사고,자차 사고
811,N,Apparently Normal,No Misuse,N,No Injury,a273e6b4-09b8-45a4-8fb9-cc1f0b53b9f8,D,ADJ2450006,Shoulder/Lap Belt(s),F,1ab648d7-eff8-4df8-bcee-e987478c4b32,Same Direction Right Turn,N,Intersection,Left Turn Lane,Daylight,No Defects,One-way Trafficway,Wet,Raining,Ten o'clock,Passenger Car,Superficial,N,Moving Constant Speed,2015-03-04 15:00,79,39.29831489,-76.59458756,4,2,빗길사고,동일 방향 운행 중 추돌 사고
812,N,Apparently Normal,No Misuse,N,No Injury,fb2c8cfb-4261-42b5-80a5-7d5d1e84e980,D,ADJ2450009,Shoulder/Lap Belt(s),F,7ff04a9c-19f4-41a7-8664-028ab81f58ce,Same Direction Sideswipe,N,Intersection,Left Turn Lane,Daylight,No Defects,"Two-way, Divided, Positive Median Barrier",Dry,Clear,Eight o'clock,(Sport) Utility Vehicle,Functional,N,Moving Constant Speed,2015-03-17 12:55,52,39.30011238,-76.55366242,1,0,좌회전 차선 사고,등속 주행 중 측면 추돌 사고
813,Y,Apparently Normal,No Misuse,Y,No Injury,84aef189-1265-410c-ad6c-a1054cf43631,D,ADJ245000C,Shoulder/Lap Belt(s),F,deb543b5-91fa-4fad-bb11-dae1018a3e5b,Same Direction Rear End,N,Intersection,Right Turn Lane,Daylight,No Defects,"Two-way, Divided, Unprotected (painted >4 feet) Median",Dry,Clear,Twelve o'clock,School Bus,Superficial,N,Starting From Parked,2015-03-30 13:40,39,39.306072,-76.576874,3,3,우회전 차선 사고,동일 방향 운행 중 추돌 사고
814,N,Apparently Normal,No Misuse,N,No Injury,0917c1e3-7621-4332-83b7-bdebad1cce9d,D,ADJ245000C,Shoulder/Lap Belt(s),M,d8f9940e-37b0-4d29-a3c3-02d50853b3f4,Same Direction Rear End,N,Intersection,Right Turn Lane,Daylight,No Defects,"Two-way, Divided, Unprotected (painted >4 feet) Median",Dry,Clear,Six o'clock,Pickup Truck,Functional,N,Moving Constant Speed,2015-03-30 13:40,84,39.306072,-76.576874,3,2,우회전 차선 사고,기타