KEY_INDEX,CDL_FLAG,CONDITION_CODE,EQUIP_PROB_CODE,FAULT_FLAG,INJ_SEVER_CODE,PERSON_ID,PERSON_TYPE,REPORT_NO,SAF_EQUIP_CODE,SEX_CODE,VEHICLE_ID,COLLISION_TYPE_CODE,C_M_ZONE_FLAG,JUNCTION_CODE,LANE_CODE,LIGHT_CODE,RD_COND_CODE,RD_DIV_CODE,SURF_COND_CODE,WEATHER_CODE,AREA_DAMAGED_CODE_MAIN,BODY_TYPE_CODE,DAMAGE_CODE,HIT_AND_RUN_FLAG,MOVEMENT_CODE,TIME,AGE,LATITUDE,LONGITUDE,CLUSTER,SECOND_LABEL,FIRST_LABEL,SECOND_LABELING
815,N,Apparently Normal,No Misuse,Y,No Injury,4248722e-ae3c-458b-bf20-5284d61f46a0,D,ADJ2470003,Shoulder/Lap Belt(s),F,5c214669-c253-4b29-b58f-3ad55a53ca1d,Single Vehicle ,N,Intersection,Deceleration Lane,Daylight,No Defects,"Two-way, Divided, Positive Median Barrier",Snow,Snow,Eleven o'clock,(Sport) Utility Vehicle,Disabling,N,Slowing or Stopping,2015-01-06 10:00,43,39.24899667,-76.64002419,0,1,눈길사고,등속 주행 사고
816,N,Apparently Normal,No Misuse,N,No Injury,0b30a7ac-58ea-4ef6-af6c-56123999e056,D,ADJ247000B,Shoulder/Lap Belt(s),F,5a3cff7a-c294-4581-aaa2-46e99e54cb8e,Same Direction Sideswipe,N,Intersection,Left Turn Lane,Dark Lights On,No Defects,One-way Trafficway,Dry,Clear,Five o'clock,Passenger Car,Superficial,N,Accelerating,2015-02-06 22:48,36,39.28625017,-76.62205875,1,1,좌회전 차선 사고,등속 주행 사고
817,N,Apparently Normal,No Misuse,Y,No Injury,7617dbdb-d46b-4a4d-8d86-a02baf36cab1,D,ADJ247000H,Shoulder/Lap Belt(s),F,41d264a3-0af3-469e-a1c9-46c521e9f459,Same Movement Angle,N,Intersection,Right Turn Lane,Daylight,No Defects,One-way Trafficway,Dry,Cloudy,Twelve o'clock,Passenger Car,Disabling,N,Moving Constant Speed,2015-03-04 11:20,70,39.28557131,-76.63798034,3,0,우회전 차선 사고,기타
818,N,Apparently Normal,No Misuse,Y,No Injury,635a4817-db6f-4fe2-9d1d-26f07f3f062e,D,ADJ247000M,Shoulder/Lap Belt(s),F,3314fe68-63cb-4da5-a650-bf718540e462,Same Direction Rear End,N,Intersection,Right Turn Lane,Daylight,No Defects,One-way Trafficway,Dry,Clear,Twelve o'clock,Passenger Car,Superficial,N,Moving Constant Speed,2015-03-23 16:30,59,39.28032084,-76.61575556,3,2,우회전 차선 사고,기타
819,N,Apparently Normal,No Misuse,N,No Injury,b29213e9-c7f3-45a4-b657-93dc9209a2ba,D,ADJ247000M,Shoulder/Lap Belt(s),M,1b98464a-db63-4ec4-baaf-6517652e7fd2,Same Direction Rear End,N,Intersection,Right Turn Lane,Daylight,No Defects,One-way Trafficway,Dry,Clear,Six o'clock,Passenger Car,Superficial,Y,Moving Constant Speed,2015-03-23 16:30,29,39.28032084,-76.61575556,3,2,우회전 차선 사고,기타
820,N,Apparently Normal,No Misuse,Y,No Injury,f814f0ec-6348-435c-b24a-f220aa9d356d,D,ADJ2520001,Shoulder/Lap Belt(s),F,72bc1012-3f42-46c2-8296-e10c611299bb,Same Movement Angle,N,Intersection,Right Turn Lane,Daylight,No Defects,"Two-way, Not Divided",Dry,Clear,Twelve o'clock,Passenger Car,Functional,N,Accelerating,2015-01-23 12:08,20,39.34161618,-76.66617036,3,0,우회전 차선 사고,기타
821,N,Apparently Normal,No Misuse,N,No Injury,4d747457-a5dc-46a5-a81a-6137b5236e95,D,ADJ2520001,Shoulder/Lap Belt(s),M,c6f73932-4212-4108-9e86-c509dd76410c,Same Movement Angle,N,Intersection,Right Turn Lane,Daylight,No Defects,"Two-way, Not Divided",Dry,Clear,Twelve o'clock,Passenger Car,Disabling,N,Moving Constant Speed,2015-01-23 12:08,60,39.34161618,-76.66617036,3,0,우회전 차선 사고,기타
822,N,Apparently Normal,No Misuse,N,No Injury,76773eff-90fc-4f87-9733-49a91a5cb5b9,D,ADJ2520002,Shoulder/Lap Belt(s),M,a18033cc-c402-4306-8546-4df49d46e90a,Same Movement Angle,N,Intersection,Right Turn Lane,Daylight,No Defects,One-way Trafficway,Wet,Snow,Twelve o'clock,Passenger Car,Functional,N,Moving Constant Speed,2015-01-26 11:26,40,39.33602346,-76.6626513,4,1,빗길사고,자차 사고
823,N,Apparently Normal,No Misuse,Y,No Injury,067f1fff-59b0-4cb5-bfd4-a8e2d83558d1,D,ADJ2520004,Shoulder/Lap Belt(s),F,0c11f5ac-f01c-4293-8bb8-a88e3cb30884,Same Movement Angle,N,Intersection,Right Turn Lane,Daylight,No Defects,One-way Trafficway,Wet,Snow,Two o'clock,Passenger Car,Functional,N,Moving Constant Speed,2015-01-26 11:26,59,39.33601931,-76.66264594,4,1,빗길사고,자차 사고
824,N,Apparently Normal,No Misuse,N,No Injury,85f0483a-c454-48a6-a2ec-ff8de1ba1457,D,ADJ2520004,Shoulder/Lap Belt(s),M,07863a7f-5c83-4232-9777-bdcca9531a3d,Same Movement Angle,N,Intersection,Right Turn Lane,Daylight,No Defects,One-way Trafficway,Wet,Snow,Twelve o'clock,Passenger Car,Functional,N,Moving Constant Speed,2015-01-26 11:26,40,39.33601931,-76.66264594,4,1,빗길사고,자차 사고
825,N,Apparently Normal,Belt(s) Misused,N,No Injury,10ddfc2b-b5f6-4dcd-a446-4d951f6462a9,D,ADJ2560007,Shoulder/Lap Belt(s),F,f775036c-2d27-4ef9-a848-4b05026dd2cd,Same Direction Rear End Left Turn,N,Intersection Related,Left Turn Lane,Daylight,No Defects,"Two-way, Divided, Positive Median Barrier",Dry,Clear,Six o'clock,Passenger Car,Superficial,N,Slowing or Stopping,2015-02-07 17:00,39,39.28339352,-76.62609816,1,3,좌회전 차선 사고,감속 중 사고
826,N,Apparently Normal,No Misuse,N,No Injury,a6d5ccd5-92ac-47e9-b408-6e4a2d10c60b,D,ADJ256000C,Shoulder/Lap Belt(s),F,b88f4952-f5a8-42ca-aebd-6ae7b532faee,Same Direction Sideswipe,N,Non Intersection,Right Turn Lane,Daylight,No Defects,One-way Trafficway,Dry,Clear,Seven o'clock,Passenger Car,Destroyed,N,Parked  ,2015-03-06 16:25,23,39.28393746,-76.64672434,2,0,기타,자차 사고
827,N,Apparently Normal,No Misuse,Y,No Injury,e2a0c224-2adc-4ed8-96dd-06f5111f53b5,D,ADJ256000C,Shoulder/Lap Belt(s),M,95822177-e803-4602-a8b8-df6f8068b4a7,Same Direction Sideswipe,N,Non Intersection,Right Turn Lane,Daylight,No Defects,One-way Trafficway,Dry,Clear,One o'clock,Passenger Car,Superficial,N,Moving Constant Speed,2015-03-06 16:25,42,39.28393746,-76.64672434,2,2,기타,기타
828,N,Apparently Normal,No Misuse,N,No Injury,2eb2bba1-82d4-4ca2-8079-cb0d499c2ae3,D,ADJ256000D,Shoulder/Lap Belt(s),F,f0515e5b-d063-48ef-b1ca-22e4ee9e3a03,Same Direction Rear End,N,Intersection Related,Right Turn Lane,Daylight,No Defects,One-way Trafficway,Dry,Clear,Six o'clock,Passenger Car,Superficial,N,Stopped in Traffic Lane,2015-03-23 14:10,67,39.28679823,-76.646837,3,3,우회전 차선 사고,동일 방향 운행 중 추돌 사고
829,N,Apparently Normal,No Misuse,N,No Injury,9a5f1302-4484-4b42-a914-7433426cc1c7,D,ADJ256000F,Shoulder/Lap Belt(s),F,55940bbd-e597-4eab-aef6-981264f61fc2,Same Direction Sideswipe,N,Intersection,Right Turn Lane,Dark Lights On,No Defects,"Two-way, Not Divided",Dry,Clear,Five o'clock,Passenger Car,Superficial,N,Accelerating,2015-03-25 21:04,44,39.28199007,-76.64654732,3,1,우회전 차선 사고,등속 주행 중 측면 추돌 사고
830,N,Apparently Normal,No Misuse,N,No Injury,ad7de920-4ac3-4341-82ed-dfb4076be199,D,ADJ2580003,Shoulder/Lap Belt(s),F,bcc31a79-dcb9-45ab-93ad-31a89fe69193,Same Direction Rear End,N,Non Intersection,Acceleration Lane,Dark Lights On,No Defects,One-way Trafficway,Dry,Clear,Six o'clock,Passenger Car,Superficial,N,Slowing or Stopping,2015-03-08 21:15,27,39.28758415,-76.62217677,1,3,좌회전 차선 사고,감속 중 사고
831,N,Apparently Normal,No Misuse,Y,No Injury,8a67b8ff-b493-4fd2-a56d-a7cc652bcea1,D,ADJ2580003,Shoulder/Lap Belt(s),F,59f4b3fb-c31f-4514-9611-ca0d3c032b8f,Same Direction Rear End,N,Non Intersection,Acceleration Lane,Dark Lights On,No Defects,One-way Trafficway,Dry,Clear,Twelve o'clock,Passenger Car,Superficial,N,Moving Constant Speed,2015-03-08 21:15,32,39.28758415,-76.62217677,1,0,좌회전 차선 사고,등속 주행 중 측면 추돌 사고
832,N,Apparently Normal,No Misuse,N,No Injury,fcaa97b9-f317-464b-9135-aeeda4883250,D,ADJ2600001,Shoulder/Lap Belt(s),F,b3cf4389-de70-4674-8f83-b575c830e3ca,Single Vehicle ,N,Non Intersection,Left Turn Lane,Daylight,No Defects,"Two-way, Divided, Positive Median Barrier",Dry,Clear,Twelve o'clock,(Sport) Utility Vehicle,Superficial,N,Moving Constant Speed,2015-01-13 14:46,41,39.33801499,-76.66529059,1,0,좌회전 차선 사고,등속 주행 중 측면 추돌 사고
833,N,Apparently Normal,No Misuse,N,No Injury,dc64b3f7-2606-4e01-aef8-3cc33d46b8eb,D,ADJ2600003,Shoulder/Lap Belt(s),F,c7f13033-2e7f-4a48-a2ff-b7f6d18fc4de,Same Direction Sideswipe,N,Intersection,Right Turn Lane,Daylight,No Defects,"Two-way, Divided, Positive Median Barrier",Dry,Clear,Four o'clock,Passenger Car,Functional,N,Stopped in Traffic Lane,2015-03-09 10:37,28,39.31538297,-76.65913224,3,1,우회전 차선 사고,등속 주행 중 측면 추돌 사고
834,N,Apparently Normal,No Misuse,N,No Injury,d8422b3e-7599-4683-aad0-e1e1d2aeda35,D,ADJ2600006,Shoulder/Lap Belt(s),F,d3e29bf2-d502-4ac1-9db7-663da6756e2f,Same Direction Rear End,N,Non Intersection,Left Turn Lane,Daylight,No Defects,"Two-way, Divided, Positive Median Barrier",Wet,Raining,Six o'clock,Van,Functional,N,Parked  ,2015-03-27 10:30,31,39.32048764,-76.65977597,4,3,빗길사고,기타
835,N,Apparently Normal,No Misuse,N,No Injury,3bdb3b47-b5ec-447f-a73b-41b19328f635,D,ADJ2620004,Shoulder/Lap Belt(s),F,e861d704-9e7a-4443-9c3d-db65b55161e6,Same Movement Angle,N,Intersection,Right Turn Lane,Daylight,No Defects,"Two-way, Divided, Unprotected (painted >4 feet) Median",Dry,Clear,Five o'clock,Passenger Car,Disabling,N,Moving Constant Speed,2015-02-06 10:09,46,39.36198349,-76.69162989,3,0,우회전 차선 사고,기타
836,N,Apparently Normal,No Misuse,N,No Injury,e9cc783a-1892-4b28-9b53-703d79340141,D,ADJ2620006,Lap Belt Only,F,9d85fce6-3670-4243-a7ba-f9d1f4a3c0f0,Same Direction Right Turn,N,Intersection,Left Turn Lane,Dark Lights On,No Defects,"Two-way, Divided, Unprotected (painted >4 feet) Median",Ice,Clear,Eight o'clock,Pickup Truck,Superficial,N,Accelerating,2015-02-24 22:17,35,39.33048839,-76.65417552,1,1,좌회전 차선 사고,등속 주행 사고
837,N,Apparently Normal,No Misuse,N,No Injury,d569f311-39d6-4152-affd-518c505487ac,D,ADJ262000B,Lap Belt Only,F,67eabed8-47db-49ae-83f8-c26d5ee737fd,Same Movement Angle,N,Intersection Related,Right Turn Lane,Daylight,No Defects,"Two-way, Not Divided",Dry,Clear,One o'clock,Passenger Car,Functional,N,Moving Constant Speed,2015-03-22 11:20,58,39.31456743,-76.66070402,3,0,우회전 차선 사고,기타
838,N,Apparently Normal,No Misuse,N,No Injury,ed46ac34-1be6-4975-8907-ac6d51d688d4,D,ADJ262000C,Lap Belt Only,F,e63fc863-305d-47db-8660-80db2de628bd,Same Direction Rear End,N,Intersection,Right Turn Lane,Daylight,No Defects,"Two-way, Not Divided",Dry,Clear,Six o'clock,Pickup Truck,Superficial,N,Moving Constant Speed,2015-03-22 13:00,74,39.339297,-76.68470979,3,2,우회전 차선 사고,기타
839,N,Apparently Normal,No Misuse,Y,No Injury,0381dbb3-0bb6-4eb8-9951-01c26259a6f6,D,ADJ2650004,Shoulder/Lap Belt(s),F,1c331211-762b-4b7a-9aa2-dc6d08a30af3,Same Movement Angle,N,Commercial Driveway,Left Turn Lane,Daylight,No Defects,"Two-way, Not Divided",Dry,Clear,Twelve o'clock,Passenger Car,Functional,N,Making Left Turn,2015-02-18 10:35,32,39.29447,-76.664026,1,1,좌회전 차선 사고,등속 주행 사고
840,N,Apparently Normal,No Misuse,N,No Injury,1d54c475-0191-49e8-ab65-aea86040b336,D,ADJ2650009,Shoulder/Lap Belt(s),F,ac178d0e-c8fa-409c-a107-e1aa203d8951,Angle Meets Right Turn,N,Intersection Related,Right Turn Lane,Daylight,No Defects,"Two-way, Not Divided",Dry,Clear,Four o'clock,Passenger Car,Superficial,N,Making Right Turn,2015-03-23 15:15,37,39.31522733,-76.64863676,3,1,우회전 차선 사고,등속 주행 중 측면 추돌 사고
841,N,Apparently Normal,No Misuse,N,No Injury,f817c690-e176-4bfa-8ce2-eea47be1835b,D,ADJ265000B,Shoulder/Lap Belt(s),F,eedae87b-91cd-412f-9205-814075bf3c12,Same Direction Rear End,N,Intersection,Left Turn Lane,Dark Lights On,No Defects,"Two-way, Divided, Positive Median Barrier",Wet,Raining,Twelve o'clock,Passenger Car,Functional,N,Slowing or Stopping,2015-03-26 22:15,27,39.29761332,-76.64574265,4,3,빗길사고,기타
842,N,Apparently Normal,No Misuse,Y,No Injury,60901045-3ba3-485e-b626-131b59c1c174,D,ADJ265000B,Shoulder/Lap Belt(s),F,5e3f276e-3822-4e77-bdd5-d443c9cd2570,Same Direction Rear End,N,Intersection,Left Turn Lane,Dark Lights On,No Defects,"Two-way, Divided, Positive Median Barrier",Wet,Raining,Six o'clock,Passenger Car,Superficial,N,Slowing or Stopping,2015-03-26 22:15,53,39.29761332,-76.64574265,4,3,빗길사고,기타
843,N,Apparently Normal,No Misuse,N,No Injury,9743e8ec-d755-4f92-8969-527516425b7f,D,ADJ2740002,Shoulder/Lap Belt(s),F,4a216a74-5071-45eb-b71b-5310b41e7ffd,Same Direction Rear End,N,Intersection Related,Left Turn Lane,Dark Lights On,No Defects,"Two-way, Divided, Positive Median Barrier",Dry,Cloudy,Six o'clock,Passenger Car,Superficial,N,Stopped in Traffic Lane,2015-01-08 18:30,47,39.29344109,-76.69245601,1,2,좌회전 차선 사고,기타
844,N,Apparently Normal,No Misuse,Y,No Injury,01cd9143-9bbf-44f2-98c1-e339d9f48d4c,D,ADJ2740002,Shoulder/Lap Belt(s),F,5655c1ea-32a2-4df7-841d-cdd460a82507,Same Direction Rear End,N,Intersection Related,Left Turn Lane,Dark Lights On,No Defects,"Two-way, Divided, Positive Median Barrier",Dry,Cloudy,Twelve o'clock,Passenger Car,Superficial,Y,Moving Constant Speed,2015-01-08 18:30,17,39.29344109,-76.69245601,1,0,좌회전 차선 사고,등속 주행 중 측면 추돌 사고
845,N,Apparently Normal,No Misuse,N,No Injury,60b849b8-c293-4a40-9fea-5512ce9e2e91,D,ADJ2900005,Shoulder/Lap Belt(s),F,15159845-ec78-44c6-8ee0-01873caa8abd,Same Movement Angle,N,Intersection Related,Right Turn Lane,Dark Lights On,No Defects,"Two-way, Divided, Unprotected (painted >4 feet) Median",Dry,Clear,Eleven o'clock,Passenger Car,Functional,N,Starting From Lane,2015-02-05 17:47,31,39.3052705,-76.71080232,3,0,우회전 차선 사고,기타
846,N,Apparently Normal,No Misuse,Y,No Injury,c8145715-2ddb-4a40-aae4-ddbd01b5dfe2,D,ADJ2900005,Shoulder/Lap Belt(s),M,1c7c4bf3-bcb5-4b96-8ff1-b6b2cd863dd8,Same Movement Angle,N,Intersection Related,Right Turn Lane,Dark Lights On,No Defects,"Two-way, Divided, Unprotected (painted >4 feet) Median",Dry,Clear,Twelve o'clock,Pickup Truck,Disabling,N,Passing,2015-02-05 17:47,44,39.3052705,-76.71080232,3,0,우회전 차선 사고,기타
847,N,Apparently Normal,No Misuse,Y,No Injury,6ae8b65a-b939-42ae-bf9a-f8bbaeb55aae,D,ADJ2950002,Shoulder/Lap Belt(s),F,d9cfcf8b-f03c-4d76-87d9-9cabc9fe7f0e,Same Movement Angle,N,Intersection,Right Turn Lane,Dark No Lights,No Defects,"Two-way, Divided, Unprotected (painted >4 feet) Median",Dry,Clear,Nine o'clock,Passenger Car,Disabling,N,Moving Constant Speed,2015-01-09 17:12,23,39.284116,-76.64982498,3,0,우회전 차선 사고,기타
848,N,Apparently Normal,No Misuse,N,No Injury,c533711a-3803-4227-b577-6976f8a7f637,D,ADJ2950002,Shoulder/Lap Belt(s),M,f96eed85-7d68-47c8-95f9-f7077dc19612,Same Movement Angle,N,Intersection,Right Turn Lane,Dark No Lights,No Defects,"Two-way, Divided, Unprotected (painted >4 feet) Median",Dry,Clear,Twelve o'clock,Pickup Truck,Functional,N,Moving Constant Speed,2015-01-09 17:12,59,39.284116,-76.64982498,3,0,우회전 차선 사고,기타
849,N,Apparently Normal,No Misuse,N,No Injury,d695d1f6-835c-4424-ba55-5ad3290d2e19,D,ADJ2950003,Shoulder/Lap Belt(s),F,55fcbbbd-ec33-4dec-b3f9-57227bc913b6,Same Movement Angle,N,Intersection,Right Turn Lane,Daylight,No Defects,"Two-way, Divided, Unprotected (painted >4 feet) Median",Dry,Clear,Twelve o'clock,Passenger Car,Superficial,N,Moving Constant Speed,2015-01-17 14:20,41,39.28407448,-76.65122509,3,0,우회전 차선 사고,기타
850,N,Apparently Normal,No Misuse,N,No Injury,3a3fdcea-888d-4627-bdbc-cad26ab20ecb,D,ADJ2970002,Shoulder/Lap Belt(s),F,c569243d-85a0-472c-bdbd-9767867cace3,Same Movement Angle,N,Intersection,Left Turn Lane,Daylight,No Defects,"Two-way, Not Divided with a Continuous Left Turn Lane",Dry,Clear,Four o'clock,Passenger Car,Functional,N,Moving Constant Speed,2015-03-28 12:30,29,39.28583496,-76.67250037,1,0,좌회전 차선 사고,등속 주행 중 측면 추돌 사고
851,N,Apparently Normal,No Misuse,Y,No Injury,60a5d4cd-453d-484f-971c-8bb1022076cb,D,ADJ2970002,Shoulder/Lap Belt(s),M,36cc79a7-5e85-4e7b-8813-a9e3e43b4d3f,Same Movement Angle,N,Intersection,Left Turn Lane,Daylight,No Defects,"Two-way, Not Divided with a Continuous Left Turn Lane",Dry,Clear,Twelve o'clock,Passenger Car,Disabling,N,Moving Constant Speed,2015-03-28 12:30,23,39.28583496,-76.67250037,1,0,좌회전 차선 사고,등속 주행 중 측면 추돌 사고
852,N,Apparently Normal,No Misuse,Y,No Injury,864200e0-2766-4eb2-a341-3526a13a983f,D,ADJ3090001,Shoulder/Lap Belt(s),F,1927f8b7-b2ad-4d8a-ba57-b309e79b1648,Same Direction Rear End,N,Intersection Related,Right Turn Lane,Daylight,No Defects,"Two-way, Divided, Unprotected (painted >4 feet) Median",Dry,Clear,Twelve o'clock,Passenger Car,Functional,N,Moving Constant Speed,2015-01-05 7:30,22,39.28581005,-76.64852142,3,2,우회전 차선 사고,기타
853,N,Apparently Normal,No Misuse,N,No Injury,755c79ae-6597-416a-b626-1d7e29c40cba,D,ADJ3090001,Shoulder/Lap Belt(s),M,61220bd2-248f-4a1a-a1d3-63e326e45503,Same Direction Rear End,N,Intersection Related,Right Turn Lane,Daylight,No Defects,"Two-way, Divided, Unprotected (painted >4 feet) Median",Dry,Clear,Six o'clock,Fire Vehicle/Emergency,Superficial,N,Stopped in Traffic Lane,2015-01-05 7:30,31,39.28581005,-76.64852142,3,3,우회전 차선 사고,동일 방향 운행 중 추돌 사고
854,N,Apparently Normal,No Misuse,N,Possible Incapacitating Injury,5f8e17af-b2e4-48df-9461-507cbc8f0531,D,ADJ3090001,Shoulder/Lap Belt(s),M,a674645e-4868-4594-8d15-2f7d283f4ba5,Same Direction Rear End,N,Intersection Related,Right Turn Lane,Daylight,No Defects,"Two-way, Divided, Unprotected (painted >4 feet) Median",Dry,Clear,Twelve o'clock,Passenger Car,Disabling,N,Stopped in Traffic Lane,2015-01-05 7:30,69,39.28581005,-76.64852142,3,3,우회전 차선 사고,동일 방향 운행 중 추돌 사고
855,N,Apparently Normal,No Misuse,N,No Injury,71689d45-788d-4e12-a037-f71180047b3d,D,ADJ3090003,Shoulder/Lap Belt(s),F,03e3f60f-ec88-4845-9f6e-d22ea4895dd5,Same Movement Angle,N,Intersection,Right Turn Lane,Daylight,No Defects,"Two-way, Not Divided",Dry,Clear,Twelve o'clock,Passenger Car,Functional,N,Moving Constant Speed,2015-02-28 7:30,59,39.28641625,-76.63947701,3,0,우회전 차선 사고,기타
856,N,Apparently Normal,No Misuse,Y,No Injury,555dee37-eb05-4bdd-b140-1931177003dd,D,ADJ3090003,Shoulder/Lap Belt(s),F,a970c0ad-05b7-41e1-b154-1f00e4b20a80,Same Movement Angle,N,Intersection,Right Turn Lane,Daylight,No Defects,"Two-way, Not Divided",Dry,Clear,Eleven o'clock,Passenger Car,Disabling,N,Accelerating,2015-02-28 7:30,59,39.28641625,-76.63947701,3,0,우회전 차선 사고,기타
857,N,Apparently Normal,No Misuse,N,No Injury,fdd04bfb-1f4f-46d0-8ebf-3ec1e2c8ef14,D,ADJ3110001,Shoulder/Lap Belt(s),F,76760308-de4b-40ab-a099-9f11fff50596,Same Direction Rear End,N,Non Intersection,Right Turn Lane,Dawn,No Defects,"Two-way, Divided, Unprotected (painted >4 feet) Median",Snow,Wintry Mix,Six o'clock,(Sport) Utility Vehicle,Superficial,N,Stopped in Traffic Lane,2015-01-06 7:10,53,39.30999153,-76.64336756,0,1,눈길사고,등속 주행 사고
858,N,Apparently Normal,No Misuse,N,No Injury,8c3b9888-2741-470f-b091-8d24f10315de,D,ADJ3110005,Shoulder/Lap Belt(s),F,08a9168c-2210-4c18-8f58-9b29d6090755,Same Movement Angle,N,Alley,Right Turn Lane,Daylight,No Defects,One-way Trafficway,Wet,Clear,Twelve o'clock,Passenger Car,Superficial,N,Moving Constant Speed,2015-02-27 8:00,28,39.314183,-76.6406887,4,1,빗길사고,자차 사고
859,N,Apparently Normal,No Misuse,Y,No Injury,ef620259-2c52-442a-839a-0992f6d9f0e0,D,ADJ3200005,Shoulder/Lap Belt(s),F,bd447409-e554-4482-8c90-7631a756898f,Same Movement Angle,N,Intersection,Right Turn Lane,Daylight,No Defects,One-way Trafficway,Wet,Raining,Ten o'clock,Recreational Vehicle,Disabling,N,Moving Constant Speed,2015-03-20 10:20,51,39.29755105,-76.64745927,4,1,빗길사고,자차 사고
860,N,Apparently Normal,No Misuse,N,No Injury,9599683e-25a0-492e-b2a5-af8265ae7bd8,D,ADJ3200005,Shoulder/Lap Belt(s),M,a151d24d-5841-45af-9fee-0defea8bb840,Same Movement Angle,N,Intersection,Right Turn Lane,Daylight,No Defects,One-way Trafficway,Wet,Raining,One o'clock,Recreational Vehicle,Disabling,N,Moving Constant Speed,2015-03-20 10:20,32,39.29755105,-76.64745927,4,1,빗길사고,자차 사고
861,N,Apparently Normal,No Misuse,N,No Injury,0a07d990-3c98-40ef-8150-a2318f64dc3c,D,ADJ3230007,Shoulder/Lap Belt(s),F,07833de9-21cb-427a-a801-f2f14672bec4,Same Direction Both Left Turn,N,Intersection,Right Turn Lane,Daylight,No Defects,One-way Trafficway,Wet,Raining,One o'clock,Passenger Car,Superficial,N,Making Left Turn,2015-03-10 14:17,27,39.31193918,-76.64826393,4,0,빗길사고,등속 주행 중 사고
862,N,Apparently Normal,No Misuse,Y,No Injury,eb599906-3c61-46af-a535-de9437f8a0d2,D,ADJ3230007,Shoulder/Lap Belt(s),F,05d5e291-3ed3-4b3a-9856-9b1a1ff04dff,Same Direction Both Left Turn,N,Intersection,Right Turn Lane,Daylight,No Defects,One-way Trafficway,Wet,Raining,Eleven o'clock,Passenger Car,Disabling,N,Making Left Turn,2015-03-10 14:17,37,39.31193918,-76.64826393,4,0,빗길사고,등속 주행 중 사고
863,N,Apparently Normal,No Misuse,N,No Injury,c225081c-e6f8-4551-b247-40106ce3b4c9,D,ADJ3290006,Shoulder/Lap Belt(s),F,9b38d8c9-2a6c-4051-ae41-957343808496,Head On Left Turn,N,Intersection,Left Turn Lane,Dark Lights On,No Defects,"Two-way, Divided, Unprotected (painted >4 feet) Median",Wet,Raining,Eleven o'clock,Passenger Car,Destroyed,N,Making Left Turn,2015-03-26 22:55,51,39.30997908,-76.64234161,4,0,빗길사고,등속 주행 중 사고
864,N,Had Been Drinking,No Misuse,Y,No Injury,908a57bb-60a6-4de6-9063-472b42653b4b,D,ADJ3290006,Shoulder/Lap Belt(s),F,603f5127-d201-4d8f-b0ea-214e7a372a66,Head On Left Turn,N,Intersection,Left Turn Lane,Dark Lights On,No Defects,"Two-way, Divided, Unprotected (painted >4 feet) Median",Wet,Raining,Twelve o'clock,Passenger Car,Destroyed,N,Moving Constant Speed,2015-03-26 22:55,29,39.30997908,-76.64234161,4,2,빗길사고,동일 방향 운행 중 추돌 사고
865,N,Apparently Normal,No Misuse,N,No Injury,63b73344-3d46-440a-bc19-e4426756ebcb,D,ADJ3330004,Shoulder Belt Only,F,03bf479e-14a4-47b2-8caf-b33b9b6ca3cd,Same Movement Angle,N,Intersection,Right Turn Lane,Daylight,No Defects,"Two-way, Not Divided",Wet,Snow,One o'clock,Passenger Car,Functional,N,Accelerating,2015-03-01 16:50,34,39.30247852,-76.63961381,4,1,빗길사고,자차 사고
866,N,Apparently Normal,No Misuse,N,No Injury,9e792d29-3c1e-45ff-b668-4a3777916f7b,D,ADJ3330005,Shoulder Belt Only,F,3b1566fb-703f-4808-b64e-4ece704522e5,Same Direction Rear End,N,Non Intersection,Right Turn Lane,Daylight,No Defects,"Two-way, Divided, Positive Median Barrier",Wet,Snow,Six o'clock,Passenger Car,Superficial,N,Stopped in Traffic Lane,2015-03-05 14:45,25,39.28709406,-76.62833512,4,3,빗길사고,기타
867,N,Apparently Normal,No Misuse,N,No Injury,262c596f-44c7-424e-a076-790a8e24d406,D,ADJ3410001,Shoulder/Lap Belt(s),F,704b26b8-165d-4c05-8132-d92b11bd92d1,Same Direction Rear End,N,Non Intersection,Left Turn Lane,Dark Lights On,No Defects,One-way Trafficway,Dry,Clear,Six o'clock,Passenger Car,Disabling,N,Stopped in Traffic Lane,2015-01-16 17:00,23,39.31132801,-76.62528813,1,2,좌회전 차선 사고,기타
868,N,Apparently Normal,No Misuse,Y,No Injury,be5e80c4-a3a4-4307-8c69-ef73af873e51,D,ADJ3410001,Shoulder/Lap Belt(s),F,12197a85-c826-460a-8ff7-992f753e8405,Same Direction Rear End,N,Non Intersection,Left Turn Lane,Dark Lights On,No Defects,One-way Trafficway,Dry,Clear,Twelve o'clock,Passenger Car,Disabling,N,Moving Constant Speed,2015-01-16 17:00,24,39.31132801,-76.62528813,1,0,좌회전 차선 사고,등속 주행 중 측면 추돌 사고
869,N,Apparently Normal,No Misuse,N,No Injury,71a8cdc9-c386-4ad7-800b-02a7c83519cc,D,ADJ3420002,Shoulder/Lap Belt(s),F,cb0eb8fb-6e8a-4b1b-9e48-e4ca4bdccf74,Same Direction Right Turn,N,Intersection,Left Turn Lane,Daylight,No Defects,One-way Trafficway,Dry,Cloudy,Ten o'clock,Van,Superficial,N,Moving Constant Speed,2015-02-09 13:53,57,39.2929429,-76.64403677,1,0,좌회전 차선 사고,등속 주행 중 측면 추돌 사고