KEY_INDEX,CDL_FLAG,CONDITION_CODE,EQUIP_PROB_CODE,FAULT_FLAG,INJ_SEVER_CODE,PERSON_ID,PERSON_TYPE,REPORT_NO,SAF_EQUIP_CODE,SEX_CODE,VEHICLE_ID,COLLISION_TYPE_CODE,C_M_ZONE_FLAG,JUNCTION_CODE,LANE_CODE,LIGHT_CODE,RD_COND_CODE,RD_DIV_CODE,SURF_COND_CODE,WEATHER_CODE,AREA_DAMAGED_CODE_MAIN,BODY_TYPE_CODE,DAMAGE_CODE,HIT_AND_RUN_FLAG,MOVEMENT_CODE,TIME,AGE,LATITUDE,LONGITUDE,CLUSTER,SECOND_LABEL,FIRST_LABEL,SECOND_LABELING
870,N,Apparently Normal,Air Bag Failed,Y,Possible Incapacitating Injury,2c62b0a4-a88d-4398-813e-77bd9cff1ee4,D,ADJ3420002,Shoulder/Lap Belt(s),F,61bc9120-309b-4725-9c29-68c778c9c64d,Same Direction Right Turn,N,Intersection,Left Turn Lane,Daylight,No Defects,One-way Trafficway,Dry,Cloudy,Twelve o'clock,Passenger Car,Disabling,N,Changing Lanes,2015-02-09 13:53,58,39.2929429,-76.64403677,1,1,좌회전 차선 사고,등속 주행 사고
871,N,Apparently Normal,No Misuse,Y,No Injury,cf8fde8d-4e6f-4717-ac17-5091f1a040ea,D,ADJ3420003,Shoulder/Lap Belt(s),F,89f192c2-7030-4466-8a6b-3dba85b434e6,Same Movement Angle,N,Intersection,Left Turn Lane,Daylight,No Defects,"Two-way, Divided, Positive Median Barrier",Ice,Cloudy,Twelve o'clock,Passenger Car,Functional,N,Slowing or Stopping,2015-02-19 15:29,46,39.29334145,-76.65633202,1,1,좌회전 차선 사고,등속 주행 사고
872,N,Apparently Normal,No Misuse,N,Possible Incapacitating Injury,71a782c9-4dce-4084-b646-b1432ba88bb4,D,ADJ3420003,Shoulder/Lap Belt(s),F,b93e22f5-5007-463c-8862-d4d2536fadf2,Same Movement Angle,N,Intersection,Left Turn Lane,Daylight,No Defects,"Two-way, Divided, Positive Median Barrier",Ice,Cloudy,Twelve o'clock,Passenger Car,Functional,N,Slowing or Stopping,2015-02-19 15:29,61,39.29334145,-76.65633202,1,1,좌회전 차선 사고,등속 주행 사고
873,N,Apparently Normal,No Misuse,N,No Injury,97b6cf52-9f89-45ef-8843-8d11cf85277f,D,ADJ353000C,Shoulder/Lap Belt(s),F,9d07b5c0-6fb7-404e-9f35-821d6c573617,Same Direction Rear End,N,Non Intersection,Left Turn Lane,Dark Lights On,No Defects,One-way Trafficway,Dry,Clear,Six o'clock,Passenger Car,Superficial,N,Slowing or Stopping,2015-02-10 23:12,36,39.31143178,-76.6149509,1,3,좌회전 차선 사고,감속 중 사고
874,N,Apparently Normal,No Misuse,N,No Injury,926146ab-2b25-4c6b-aff2-4baa88b3b1e0,D,ADJ353000C,Shoulder/Lap Belt(s),M,a1af67a0-e301-42f9-9720-ebf4258176f4,Same Direction Rear End,N,Non Intersection,Left Turn Lane,Dark Lights On,No Defects,One-way Trafficway,Dry,Clear,Six o'clock,Passenger Car,Superficial,N,Slowing or Stopping,2015-02-10 23:12,45,39.31143178,-76.6149509,1,3,좌회전 차선 사고,감속 중 사고
875,N,Apparently Normal,No Misuse,N,No Injury,654ae8ab-05e5-4719-b4db-a6ead14661ef,D,ADJ3550003,Shoulder/Lap Belt(s),F,b5d17093-8b6b-47ea-a7b6-519bf7732aa5,Same Direction Rear End,N,Non Intersection,Right Turn Lane,Dark Lights On,No Defects,"Two-way, Divided, Positive Median Barrier",Dry,Clear,Six o'clock,Van,Functional,N,Stopped in Traffic Lane,2015-02-04 17:55,46,39.29394759,-76.68402314,2,0,기타,자차 사고
876,N,Apparently Normal,No Misuse,N,No Injury,a117835e-228d-416c-b2da-056c92e3c55f,D,ADJ3550003,Shoulder/Lap Belt(s),M,81090592-077f-40ae-ab36-d8c685100840,Same Direction Rear End,N,Non Intersection,Right Turn Lane,Dark Lights On,No Defects,"Two-way, Divided, Positive Median Barrier",Dry,Clear,Six o'clock,Station Wagon,Disabling,N,Stopped in Traffic Lane,2015-02-04 17:55,42,39.29394759,-76.68402314,2,0,기타,자차 사고
877,N,Ill,No Misuse,Y,Possible Incapacitating Injury,74507f71-5654-4acc-bc05-207731692ec8,D,ADJ3550003,Shoulder/Lap Belt(s),M,2705a97f-ae24-4156-91ed-f8cd79d73a8e,Same Direction Rear End,N,Non Intersection,Right Turn Lane,Dark Lights On,No Defects,"Two-way, Divided, Positive Median Barrier",Dry,Clear,Twelve o'clock,(Sport) Utility Vehicle,Disabling,N,Moving Constant Speed,2015-02-04 17:55,37,39.29394759,-76.68402314,2,3,기타,등속 주행 중 측면 추돌 사고
878,N,Apparently Normal,No Misuse,N,No Injury,418edc58-a1a7-4861-8212-0b4c967afb1a,D,ADJ3550005,Shoulder/Lap Belt(s),F,0c4f7008-7e1b-435d-8ce8-e20d13d3a960,Same Direction Rear End,N,Intersection Related,Acceleration Lane,Daylight,No Defects,"Two-way, Divided, Positive Median Barrier",Ice,Cloudy,Six o'clock,Passenger Car,Superficial,N,Moving Constant Speed,2015-02-23 8:41,56,39.29359885,-76.68418407,0,3,눈길사고,자차 사고
879,N,Apparently Normal,No Misuse,N,No Injury,5067b859-97d3-4938-a277-b22592103366,D,ADJ3550005,Shoulder/Lap Belt(s),M,d1c92b42-f2b9-4157-81a4-b91fa15d55da,Same Direction Rear End,N,Intersection Related,Acceleration Lane,Daylight,No Defects,"Two-way, Divided, Positive Median Barrier",Ice,Cloudy,Five o'clock,Van,Superficial,N,Moving Constant Speed,2015-02-23 8:41,58,39.29359885,-76.68418407,0,3,눈길사고,자차 사고
880,N,Apparently Normal,No Misuse,Y,No Injury,144eb956-c59b-4a81-a679-94d4be79c8d7,D,ADJ3550005,Shoulder/Lap Belt(s),M,34b50acd-a670-435c-9caf-3c4bf0d0fad3,Same Direction Rear End,N,Intersection Related,Acceleration Lane,Daylight,No Defects,"Two-way, Divided, Positive Median Barrier",Ice,Cloudy,Eleven o'clock,(Sport) Utility Vehicle,Superficial,N,Moving Constant Speed,2015-02-23 8:41,23,39.29359885,-76.68418407,0,3,눈길사고,자차 사고
881,N,Apparently Normal,No Misuse,Y,No Injury,8cf945a9-a014-4062-aeb7-14aed73d638b,D,ADJ3550006,Shoulder/Lap Belt(s),F,22a69dd6-1176-4d3a-8fd5-7d0c4d318925,Same Direction Rear End,Y,Non Intersection,Right Turn Lane,Daylight,No Defects,"Two-way, Divided, Positive Median Barrier",Dry,Clear,Twelve o'clock,Passenger Car,Disabling,N,Moving Constant Speed,2015-02-28 12:13,25,39.29389777,-76.67519331,2,3,기타,등속 주행 중 측면 추돌 사고
882,N,Apparently Normal,No Misuse,N,No Injury,2b3ec645-9667-4060-ae8a-eb4ccef231b3,D,ADJ3550006,Shoulder/Lap Belt(s),M,7f0d972d-aa88-42f4-9087-645ac9f2b634,Same Direction Rear End,Y,Non Intersection,Right Turn Lane,Daylight,No Defects,"Two-way, Divided, Positive Median Barrier",Dry,Clear,Six o'clock,(Sport) Utility Vehicle,Superficial,N,Moving Constant Speed,2015-02-28 12:13,69,39.29389777,-76.67519331,2,3,기타,등속 주행 중 측면 추돌 사고
883,N,Apparently Normal,No Misuse,Y,No Injury,54845b22-f970-481e-b2f1-488f0175fbe8,D,ADJ3640003,Shoulder/Lap Belt(s),F,eafc9429-58b8-4ecb-982e-a75a46dac79e,Same Direction Rear End,N,Non Intersection,Right Turn Lane,Daylight,Shoulder Defect,"Two-way, Divided, Positive Median Barrier",Slush,Clear,Twelve o'clock,Passenger Car,Disabling,N,Moving Constant Speed,2015-02-28 12:12,45,39.35642559,-76.65696234,2,3,기타,등속 주행 중 측면 추돌 사고
884,N,Apparently Normal,No Misuse,N,No Injury,ada912f1-ade1-477f-bcc8-e5c35083318c,D,ADJ3640003,Shoulder/Lap Belt(s),M,7f89365e-79dc-4030-ba7c-eed87f3d5107,Same Direction Rear End,N,Non Intersection,Right Turn Lane,Daylight,Shoulder Defect,"Two-way, Divided, Positive Median Barrier",Slush,Clear,Six o'clock,Passenger Car,Functional,N,Moving Constant Speed,2015-02-28 12:12,51,39.35642559,-76.65696234,2,3,기타,등속 주행 중 측면 추돌 사고
885,N,Apparently Normal,No Misuse,N,No Injury,ec8dd49a-7656-4879-b1c6-e080dfc141b0,D,ADJ3700005,Shoulder/Lap Belt(s),F,4f235890-3cd4-4482-a4d2-32dd0c4e49b3,Same Direction Sideswipe,N,Non Intersection,Acceleration Lane,Daylight,No Defects,One-way Trafficway,Dry,Clear,Six o'clock,Passenger Car,Superficial,N,Moving Constant Speed,2015-03-31 12:15,28,39.29862507,-76.59002244,1,0,좌회전 차선 사고,등속 주행 중 측면 추돌 사고
886,N,Apparently Normal,No Misuse,N,No Injury,6423b504-5033-4030-b0bf-667b51108b0c,D,ADJ3760002,Shoulder/Lap Belt(s),F,2f0a983a-72b8-418f-8da6-f183b0f7a6d2,Head On Left Turn,N,Intersection,Right Turn Lane,Daylight,No Defects,"Two-way, Not Divided",Dry,Cloudy,Eleven o'clock,Station Wagon,Functional,N,Stopped in Traffic Lane,2015-01-22 15:30,46,39.28939733,-76.58909976,3,1,우회전 차선 사고,등속 주행 중 측면 추돌 사고
887,N,Had Been Drinking,No Misuse,Y,No Injury,2dc4d145-0fd5-4295-901c-80dd7ca0f059,D,ADJ3760002,Shoulder/Lap Belt(s),M,647c4b0f-7c3d-4b2f-a4e8-338783ae50a2,Head On Left Turn,N,Intersection,Right Turn Lane,Daylight,No Defects,"Two-way, Not Divided",Dry,Cloudy,Eleven o'clock,Pickup Truck,Functional,N,Making Left Turn,2015-01-22 15:30,42,39.28939733,-76.58909976,3,1,우회전 차선 사고,등속 주행 중 측면 추돌 사고
888,N,Apparently Normal,No Misuse,Y,No Injury,16b3fef2-cbc6-487e-95d3-16128c35b9e5,D,ADJ3840004,Shoulder/Lap Belt(s),F,91e2a7db-05b4-4a99-ad03-cf76e9f58392,Same Direction Rear End,N,Non Intersection,Right Turn Lane,Daylight,No Defects,"Two-way, Divided, Positive Median Barrier",Dry,Clear,Twelve o'clock,Van,Superficial,N,Slowing or Stopping,2015-02-14 12:00,28,39.32831822,-76.6046083,2,1,기타,등속 주행 사고
889,N,Apparently Normal,No Misuse,Y,No Injury,8fd1796f-3f2c-41fd-9f9b-e8cb136d4d10,D,ADJ3900001,Shoulder/Lap Belt(s),F,0f370cb0-47cb-45b0-8a98-a0ebdffe5a1c,Same Movement Angle,N,Intersection,Right Turn Lane,Dark Lights On,No Defects,"Two-way, Not Divided",Dry,Clear,Seven o'clock,Passenger Car,Disabling,N,Accelerating,2015-01-14 17:30,55,39.31203123,-76.67429209,3,0,우회전 차선 사고,기타
890,N,Apparently Normal,No Misuse,N,No Injury,ff1e6871-bfa9-481c-b638-c7942a5d71c6,D,ADJ3900001,Shoulder/Lap Belt(s),M,59463ba6-96a5-4a98-81e2-f950be6b00d0,Same Movement Angle,N,Intersection,Right Turn Lane,Dark Lights On,No Defects,"Two-way, Not Divided",Dry,Clear,Twelve o'clock,Passenger Car,Functional,N,Moving Constant Speed,2015-01-14 17:30,40,39.31203123,-76.67429209,3,0,우회전 차선 사고,기타
891,N,Apparently Normal,No Misuse,N,No Injury,99c1be47-8fde-4c27-96b5-c6c4a88a6144,D,ADJ3900003,Shoulder/Lap Belt(s),F,54b8c012-4c8e-4a75-99e7-2003a654df4c,Same Direction Right Turn,N,Non Intersection,Left Turn Lane,Daylight,No Defects,One-way Trafficway,Dry,Clear,Seven o'clock,Passenger Car,Superficial,N,Moving Constant Speed,2015-01-20 17:05,36,39.30505623,-76.67394876,1,0,좌회전 차선 사고,등속 주행 중 측면 추돌 사고
892,N,Apparently Normal,No Misuse,N,No Injury,7e87123c-11c1-42dc-b5ac-7ce1e8add415,D,ADJ3900007,Shoulder/Lap Belt(s),F,91f7f95d-229c-4d38-bb03-dd7dedf07126,Head On Left Turn,N,Non Intersection,Right Turn Lane,Daylight,No Defects,"Two-way, Divided, Unprotected (painted >4 feet) Median",Dry,Clear,Eleven o'clock,Passenger Car,Functional,N,Moving Constant Speed,2015-01-21 9:00,35,39.2719548,-76.6772747,2,2,기타,기타
893,N,Apparently Normal,No Misuse,Y,No Injury,2e0914a4-97d4-4aab-a076-ce7ea1be58e8,D,ADJ3900007,Shoulder/Lap Belt(s),M,9a6266b0-cd60-40d3-b06b-ca914429e7b2,Head On Left Turn,N,Non Intersection,Right Turn Lane,Daylight,No Defects,"Two-way, Divided, Unprotected (painted >4 feet) Median",Dry,Clear,Twelve o'clock,Passenger Car,Functional,N,Making Left Turn,2015-01-21 9:00,37,39.2719548,-76.6772747,2,0,기타,자차 사고
894,N,Apparently Normal,No Misuse,N,No Injury,9fae3683-7a05-42d9-9f9e-2ca2dd86312f,D,ADJ3900009,Shoulder/Lap Belt(s),F,7d9b50e6-6d72-475e-b808-eb6966705e0d,Angle Meets Right Turn,N,Non Intersection,Left Turn Lane,Daylight,No Defects,"Two-way, Divided, Unprotected (painted >4 feet) Median",Dry,Clear,Eleven o'clock,Passenger Car,Functional,N,Moving Constant Speed,2015-01-27 15:15,26,39.29332647,-76.68940097,1,0,좌회전 차선 사고,등속 주행 중 측면 추돌 사고
895,N,Apparently Normal,No Misuse,N,No Injury,de9ef263-3182-4e01-81e2-b11166dbfb7a,D,ADJ390000H,Shoulder/Lap Belt(s),F,518caffd-ef27-47b8-a0c8-9377a942f9d8,Same Direction Rear End,N,Non Intersection,Right Turn Lane,Daylight,No Defects,One-way Trafficway,Ice,Clear,One o'clock,Passenger Car,Superficial,N,Slowing or Stopping,2015-02-15 11:00,45,39.30694643,-76.67218521,2,1,기타,등속 주행 사고
896,N,Apparently Normal,No Misuse,Y,No Injury,583211cc-f861-43a8-b22f-21d0328aeae8,D,ADJ390000J,Shoulder/Lap Belt(s),F,b496f069-58d7-49af-84be-0d901747d50b,Same Direction Rear End,N,Non Intersection,Right Turn Lane,Daylight,No Defects,"Two-way, Divided, Unprotected (painted >4 feet) Median",Dry,Clear,Twelve o'clock,(Sport) Utility Vehicle,No Damage,N,Slowing or Stopping,2015-02-12 14:00,57,39.27443612,-76.67155087,2,1,기타,등속 주행 사고
897,N,Apparently Normal,No Misuse,N,No Injury,8aa42f7d-79a3-4cf8-9096-df82192a22ef,D,ADJ390000L,Shoulder/Lap Belt(s),F,bbad54b8-6da4-4f7c-8bab-ce44f2e7e11f,Same Direction Rear End,N,Non Intersection,Left Turn Lane,Daylight,No Defects,"Two-way, Divided, Positive Median Barrier",Dry,Clear,Six o'clock,Passenger Car,Superficial,N,Slowing or Stopping,2015-03-21 9:00,31,39.29455371,-76.67235017,1,3,좌회전 차선 사고,감속 중 사고
898,N,Apparently Normal,No Misuse,N,No Injury,f773a82f-80f5-4998-a6f6-6c07181489c6,D,ADJ3930004,Shoulder/Lap Belt(s),F,fe639541-34b6-439f-a44d-3a6fd5f2ac24,Same Direction Rear End,N,Non Intersection,Right Turn Lane,Dark Lights On,No Defects,"Two-way, Not Divided",Dry,Clear,Six o'clock,Passenger Car,Functional,N,Slowing or Stopping,2015-02-27 18:18,27,39.29289308,-76.65625691,2,1,기타,등속 주행 사고
899,N,Apparently Normal,No Misuse,Y,No Injury,5eb909a8-593f-43ba-9218-03b4ab9c4532,D,ADJ3940004,Shoulder/Lap Belt(s),F,78c0a186-eca8-4173-b9bd-38a42fdfc678,Single Vehicle ,N,Non Intersection,Left Turn Lane,Daylight,No Defects,"Two-way, Divided, Positive Median Barrier",Wet,Raining,Twelve o'clock,(Sport) Utility Vehicle,Disabling,N,Moving Constant Speed,2015-03-26 12:11,23,39.31648693,-76.63785696,4,2,빗길사고,동일 방향 운행 중 추돌 사고
900,N,Had Been Drinking,No Misuse,Y,No Injury,ad17e3af-b44a-4a97-8d2c-73f9a1b7a207,D,ADJ4140005,Shoulder/Lap Belt(s),M,c0097145-3743-4461-84a2-a1ad12b99baa,Same Direction Rear End,N,Intersection Related,Right Turn Lane,Dark Lights On,No Defects,"Two-way, Divided, Unprotected (painted >4 feet) Median",Wet,Clear,Twelve o'clock,Pickup Truck,Functional,N,Slowing or Stopping,2015-03-07 19:00,56,39.31346966,-76.56808197,4,3,빗길사고,기타
901,N,Apparently Normal,No Misuse,N,No Injury,d1eaf18e-b3bb-400b-a47a-a8429d07ec41,D,ADJ4240002,Shoulder/Lap Belt(s),F,e90494f4-c2b9-4700-92fd-5d28593b38e1,Same Direction Rear End,N,Non Intersection,Left Turn Lane,Daylight,No Defects,"Two-way, Divided, Positive Median Barrier",Snow,Snow,Four o'clock,(Sport) Utility Vehicle,Superficial,N,Moving Constant Speed,2015-01-06 7:30,46,39.29161437,-76.60324574,0,3,눈길사고,자차 사고
902,N,Apparently Normal,No Misuse,Y,No Injury,e068c21c-53bf-42f6-bb8c-c84e0faa3190,D,ADJ4240002,Shoulder/Lap Belt(s),F,66597fe5-880d-4591-ae17-69a0eaf1a162,Same Direction Rear End,N,Non Intersection,Left Turn Lane,Daylight,No Defects,"Two-way, Divided, Positive Median Barrier",Snow,Snow,Six o'clock,Passenger Car,Superficial,N,Skidding,2015-01-06 7:30,56,39.29161437,-76.60324574,0,2,눈길사고,미끌어짐에 의한 사고
903,N,Apparently Normal,No Misuse,N,No Injury,a123a931-2caf-40e9-8c62-334bbfaf08d0,D,ADJ4240002,Shoulder/Lap Belt(s),M,e61b99f7-eba9-4e18-bf39-56bf84067049,Same Direction Rear End,N,Non Intersection,Left Turn Lane,Daylight,No Defects,"Two-way, Divided, Positive Median Barrier",Snow,Snow,Twelve o'clock,Passenger Car,Disabling,N,Moving Constant Speed,2015-01-06 7:30,25,39.29161437,-76.60324574,0,3,눈길사고,자차 사고
904,N,Apparently Normal,No Misuse,Y,No Injury,f05a4b54-51ba-453c-8753-1fbfa672255b,D,ADJ4240003,Shoulder/Lap Belt(s),F,cc9414d2-8f18-499b-ab62-05d4d77a7392,Same Direction Right Turn,N,Non Intersection,Right Turn Lane,Daylight,No Defects,"Two-way, Not Divided",Dry,Clear,Ten o'clock,Passenger Car,Functional,N,Passing,2015-01-09 9:45,28,39.28870812,-76.59554243,2,0,기타,자차 사고
905,N,Apparently Normal,No Misuse,N,No Injury,2855d50d-c854-41e7-89f2-1186c6407f4d,D,ADJ4240003,Shoulder/Lap Belt(s),M,08b6eebb-2e07-426a-ac78-2945c3f575c8,Same Direction Right Turn,N,Non Intersection,Right Turn Lane,Daylight,No Defects,"Two-way, Not Divided",Dry,Clear,One o'clock,"Other Light Trucks (10,000 lbs (4,536 kg))",No Damage,N,Making Right Turn,2015-01-09 9:45,27,39.28870812,-76.59554243,2,0,기타,자차 사고
906,N,Apparently Normal,No Misuse,Y,No Injury,6b19dc94-4f15-4aa2-a86b-67e945986767,D,ADJ4240004,Shoulder/Lap Belt(s),F,a9a65200-8492-4119-9b5e-9b1459258bee,Same Movement Angle,N,Intersection,Right Turn Lane,Daylight,No Defects,"Two-way, Not Divided",Dry,Clear,Eleven o'clock,Passenger Car,Functional,N,Accelerating,2015-01-10 10:20,46,39.2895551,-76.58612251,3,0,우회전 차선 사고,기타
907,N,Apparently Normal,No Misuse,N,No Injury,a38d69dd-8c0c-473c-9f08-fe78035910ef,D,ADJ4240004,Shoulder/Lap Belt(s),M,54b55197-abe4-45c3-b292-650ab91b53c9,Same Movement Angle,N,Intersection,Right Turn Lane,Daylight,No Defects,"Two-way, Not Divided",Dry,Clear,Twelve o'clock,Passenger Car,Functional,N,Moving Constant Speed,2015-01-10 10:20,30,39.2895551,-76.58612251,3,0,우회전 차선 사고,기타
908,N,Apparently Normal,No Misuse,N,No Injury,224c6b47-3669-4435-a548-90d927c91bea,D,ADJ4240005,Shoulder/Lap Belt(s),F,d3f494f7-2d63-4202-aee0-6c3d2be3f725,Same Movement Angle,N,Intersection,Right Turn Lane,Daylight,No Defects,"Two-way, Not Divided",Dry,Clear,One o'clock,Passenger Car,Disabling,N,Moving Constant Speed,2015-01-10 13:50,47,39.29164758,-76.59049988,3,0,우회전 차선 사고,기타
909,N,Apparently Normal,No Misuse,Y,No Injury,0003fe63-f059-44ad-bb8d-d051a51869f1,D,ADJ4240005,Shoulder/Lap Belt(s),M,63f7dff1-cb12-425b-aaef-8c3a9361d492,Same Movement Angle,N,Intersection,Right Turn Lane,Daylight,No Defects,"Two-way, Not Divided",Dry,Clear,Twelve o'clock,Passenger Car,Disabling,N,Moving Constant Speed,2015-01-10 13:50,21,39.29164758,-76.59049988,3,0,우회전 차선 사고,기타
910,N,Apparently Normal,No Misuse,Y,No Injury,8fa13fe9-4c95-4a4a-89cd-c9ea665a1df7,D,ADJ424000C,Shoulder/Lap Belt(s),F,0d4cffce-49e4-4a7a-8322-94ef4ff6b4e9,Same Direction Rear End,N,Intersection,Right Turn Lane,Daylight,No Defects,"Two-way, Not Divided",Ice,Clear,Twelve o'clock,Passenger Car,Superficial,N,Skidding,2015-02-10 9:00,36,39.29106634,-76.57322645,3,3,우회전 차선 사고,동일 방향 운행 중 추돌 사고
911,N,Apparently Normal,No Misuse,N,No Injury,99be6caa-2a87-4157-ba16-2b360f2c617d,D,ADJ424000C,Shoulder/Lap Belt(s),M,02ff72c5-26ff-4a35-b216-5a8e69a04343,Same Direction Rear End,N,Intersection,Right Turn Lane,Daylight,No Defects,"Two-way, Not Divided",Ice,Clear,Six o'clock,Passenger Car,Superficial,N,Slowing or Stopping,2015-02-10 9:00,52,39.29106634,-76.57322645,3,3,우회전 차선 사고,동일 방향 운행 중 추돌 사고
912,N,Apparently Normal,No Misuse,Y,No Injury,22894f05-2e32-4de9-9ef3-4f1d01ff829c,D,ADJ4320001,Shoulder/Lap Belt(s),F,7b8fbc7b-a1f8-4a97-8e6e-9940ba3b78c8,Same Direction Right Turn,N,Non Intersection,Right Turn Lane,Daylight,No Defects,"Two-way, Divided, Unprotected (painted >4 feet) Median",Dry,Clear,Eleven o'clock,(Sport) Utility Vehicle,Disabling,N,Moving Constant Speed,2015-01-14 13:15,50,39.3482725,-76.67453751,2,2,기타,기타
913,N,Apparently Normal,No Misuse,N,No Injury,273d30b3-4057-4100-bd14-a59eed27fcf0,D,ADJ4320001,Shoulder/Lap Belt(s),M,fa3b62c6-1712-4a91-9445-fbc309ccbc1f,Same Direction Right Turn,N,Non Intersection,Right Turn Lane,Daylight,No Defects,"Two-way, Divided, Unprotected (painted >4 feet) Median",Dry,Clear,One o'clock,Pickup Truck,Disabling,N,Moving Constant Speed,2015-01-14 13:15,73,39.3482725,-76.67453751,2,2,기타,기타
914,N,Apparently Normal,No Misuse,Y,No Injury,2decdfdc-0cf6-4f2f-b02d-48670c6e648e,D,ADJ4430001,Shoulder/Lap Belt(s),F,9c681e85-26c0-4f32-89bf-671d3a4ce40b,Same Movement Angle,N,Intersection,Right Turn Lane,Daylight,No Defects,"Two-way, Not Divided",Dry,Cloudy,Twelve o'clock,Passenger Car,Functional,N,Moving Constant Speed,2015-01-01 15:15,30,39.28749369,-76.57078832,3,0,우회전 차선 사고,기타
915,N,Apparently Normal,No Misuse,N,No Injury,1881baca-69d6-49be-94a5-893f15692564,D,ADJ4430001,Shoulder/Lap Belt(s),M,5e69cabd-9270-46b1-8f26-e26ad33f906c,Same Movement Angle,N,Intersection,Right Turn Lane,Daylight,No Defects,"Two-way, Not Divided",Dry,Cloudy,Nine o'clock,Passenger Car,Functional,N,Moving Constant Speed,2015-01-01 15:15,28,39.28749369,-76.57078832,3,0,우회전 차선 사고,기타
916,N,Apparently Normal,No Misuse,N,No Injury,56079f3d-1625-469d-8b01-b6082679f725,D,ADJ4430003,Shoulder/Lap Belt(s),F,30f33afb-57d5-4aa3-9dd6-1ffed6eca2b3,Same Movement Angle,N,Intersection,Right Turn Lane,Daylight,No Defects,"Two-way, Not Divided",Dry,Cloudy,Twelve o'clock,Passenger Car,Functional,N,Moving Constant Speed,2015-01-16 14:11,44,39.29562168,-76.58208713,3,0,우회전 차선 사고,기타
917,N,Apparently Normal,No Misuse,Y,No Injury,ae2708dc-fc42-41ce-a6f1-b38b4cfb5185,D,ADJ4430003,Shoulder/Lap Belt(s),F,ec2a9779-4d60-4d2e-8486-379c4efdf3e5,Same Movement Angle,N,Intersection,Right Turn Lane,Daylight,No Defects,"Two-way, Not Divided",Dry,Cloudy,Three o'clock,Passenger Car,Disabling,N,Making Left Turn,2015-01-16 14:11,28,39.29562168,-76.58208713,3,0,우회전 차선 사고,기타
918,N,Apparently Normal,No Misuse,Y,No Injury,1b22f79b-5756-4c88-b097-7c5e96573c6c,D,ADJ4430004,Shoulder/Lap Belt(s),F,a3f72409-4fab-4cda-b591-bfa619b6e8be,Single Vehicle ,N,Intersection,Right Turn Lane,Daylight,No Defects,"Two-way, Not Divided",Dry,Cloudy,Twelve o'clock,Passenger Car,Disabling,N,Making Left Turn,2015-01-25 12:52,42,39.28651797,-76.56897381,3,1,우회전 차선 사고,등속 주행 중 측면 추돌 사고
919,N,Apparently Normal,No Misuse,N,No Injury,422a6be2-f151-43b2-a08c-2744e1470403,D,ADJ4430005,Shoulder/Lap Belt(s),F,c66f1fe0-ae4d-49e3-be5e-aad5ea2641d2,Same Direction Right Turn,N,Non Intersection,Right Turn Lane,Daylight,No Defects,"Two-way, Not Divided",Dry,Cloudy,Eleven o'clock,Passenger Car,Superficial,N,Slowing or Stopping,2015-01-31 10:20,24,39.28867906,-76.56636536,2,1,기타,등속 주행 사고
920,N,Apparently Normal,No Misuse,Y,No Injury,77d67e76-ab5b-4ade-b6d9-93c5927463dc,D,ADJ4430005,Shoulder/Lap Belt(s),M,d21b15b4-6f18-4100-94e9-0984e9c1af7b,Same Direction Right Turn,N,Non Intersection,Right Turn Lane,Daylight,No Defects,"Two-way, Not Divided",Dry,Cloudy,One o'clock,Passenger Car,Functional,Y,Passing,2015-01-31 10:20,24,39.28867906,-76.56636536,2,0,기타,자차 사고
921,N,Apparently Normal,No Misuse,Y,No Injury,173d1d0f-ae84-4a90-9620-82be5890532b,D,ADJ4460002,Shoulder/Lap Belt(s),F,d8a39190-07d0-4951-bc26-9c8299b62c5c,Same Direction Rear End,N,Non Intersection,Left Turn Lane,Daylight,No Defects,"Two-way, Not Divided",Dry,Clear,Twelve o'clock,Pickup Truck,Functional,N,Slowing or Stopping,2015-02-24 9:28,26,39.29423819,-76.5867126,1,3,좌회전 차선 사고,감속 중 사고
922,N,Apparently Normal,No Misuse,N,No Injury,e2a69c15-7347-4686-9bed-9a7a3a7055ff,D,ADJ4460002,Shoulder/Lap Belt(s),M,767f40f2-ddac-4eb0-812c-f80299acf8a6,Same Direction Rear End,N,Non Intersection,Left Turn Lane,Daylight,No Defects,"Two-way, Not Divided",Dry,Clear,Six o'clock,(Sport) Utility Vehicle,Superficial,N,Slowing or Stopping,2015-02-24 9:28,44,39.29423819,-76.5867126,1,3,좌회전 차선 사고,감속 중 사고
923,N,Apparently Normal,No Misuse,N,No Injury,4c858944-eb51-4f1d-a260-a02c4c37436c,D,ADJ4480002,Shoulder/Lap Belt(s),F,9ae27218-dc76-4778-b831-c44be93d2cae,Same Movement Angle,N,Intersection,Right Turn Lane,Daylight,No Defects,One-way Trafficway,Dry,Clear,One o'clock,Passenger Car,Functional,N,Moving Constant Speed,2015-02-24 15:10,26,39.31256901,-76.63777113,3,0,우회전 차선 사고,기타
924,N,Had Been Drinking,No Misuse,Y,No Injury,1177472f-66b2-44bc-9309-ec0bba41a12e,D,ADJ4480002,Shoulder/Lap Belt(s),M,361064c5-40c3-44d0-a058-3ae148674d5c,Same Movement Angle,N,Intersection,Right Turn Lane,Daylight,No Defects,One-way Trafficway,Dry,Clear,One o'clock,Passenger Car,Disabling,Y,Moving Constant Speed,2015-02-24 15:10,45,39.31256901,-76.63777113,3,0,우회전 차선 사고,기타