KEY_INDEX,CDL_FLAG,CONDITION_CODE,EQUIP_PROB_CODE,FAULT_FLAG,INJ_SEVER_CODE,PERSON_ID,PERSON_TYPE,REPORT_NO,SAF_EQUIP_CODE,SEX_CODE,VEHICLE_ID,COLLISION_TYPE_CODE,C_M_ZONE_FLAG,JUNCTION_CODE,LANE_CODE,LIGHT_CODE,RD_COND_CODE,RD_DIV_CODE,SURF_COND_CODE,WEATHER_CODE,AREA_DAMAGED_CODE_MAIN,BODY_TYPE_CODE,DAMAGE_CODE,HIT_AND_RUN_FLAG,MOVEMENT_CODE,TIME,AGE,LATITUDE,LONGITUDE,CLUSTER,SECOND_LABEL,FIRST_LABEL,SECOND_LABELING
925,N,Apparently Normal,No Misuse,N,No Injury,de86feaf-1302-4cb6-bcea-f4b30c55f633,D,ADJ4490004,Shoulder/Lap Belt(s),F,14916820-feec-4889-91a4-b3ddd23793bc,Same Direction Rear End,N,Intersection Related,Left Turn Lane,Daylight,No Defects,"Two-way, Divided, Positive Median Barrier",Dry,Clear,Six o'clock,Van,Superficial,N,Slowing or Stopping,2015-02-27 14:14,31,39.29370679,-76.68219924,1,3,좌회전 차선 사고,감속 중 사고
926,N,Apparently Normal,No Misuse,N,No Injury,85a5c74b-1e87-4b49-a0e1-76c0ac7b8a43,D,ADJ4490008,Shoulder/Lap Belt(s),F,cde4a11c-f93c-4cf6-a3ac-61242cac4152,Same Direction Sideswipe,N,Intersection,Left Turn Lane,Daylight,No Defects,"Two-way, Divided, Positive Median Barrier",Snow,Snow,Seven o'clock,Passenger Car,Functional,N,Moving Constant Speed,2015-03-05 14:30,56,39.29331655,-76.65626764,0,0,눈길사고,감속 중 사고
927,N,Apparently Normal,No Misuse,Y,No Injury,3fcfd13d-71ab-4d49-9631-f339dc6f51fa,D,ADJ4500005,Shoulder/Lap Belt(s),F,8832610e-b22b-4090-aed1-64b4fc18cebf,Same Movement Angle,N,Intersection,Right Turn Lane,Dark Lights On,No Defects,One-way Trafficway,Dry,Clear,Nine o'clock,Passenger Car,Disabling,N,Moving Constant Speed,2015-03-21 20:50,34,39.29292214,-76.64718032,3,0,우회전 차선 사고,기타
928,N,Apparently Normal,No Misuse,N,Possible Incapacitating Injury,82a6926f-cacc-47e2-940d-9261ea3abe91,D,ADJ4500005,Shoulder/Lap Belt(s),F,aad746ba-7639-4ea2-a359-bce18db9e436,Same Movement Angle,N,Intersection,Right Turn Lane,Dark Lights On,No Defects,One-way Trafficway,Dry,Clear,Twelve o'clock,Passenger Car,Disabling,N,Accelerating,2015-03-21 20:50,25,39.29292214,-76.64718032,3,0,우회전 차선 사고,기타
929,N,Apparently Normal,No Misuse,N,No Injury,5f7c80d3-ec8d-4149-9f4d-8b53af292e1b,D,ADJ4550003,Shoulder/Lap Belt(s),F,59460bd4-537c-4f91-bafc-20b810040904,Same Direction Right Turn,N,Interchange Related,Right Turn Lane,Daylight,No Defects,One-way Trafficway,Dry,Clear,Nine o'clock,Van,Functional,N,Moving Constant Speed,2015-02-05 17:30,32,39.25870857,-76.6645503,3,2,우회전 차선 사고,기타
930,N,Apparently Normal,No Misuse,N,No Injury,05f1dfdf-88ba-48de-b4ff-b39ab99d211f,D,ADJ4550009,Shoulder/Lap Belt(s),M,43b8791a-acd5-45e2-b014-689e94cb5de7,Same Direction Sideswipe,N,Non Intersection,Right Turn Lane,Daylight,No Defects,One-way Trafficway,Wet,Clear,Nine o'clock,Van,Superficial,N,Parked  ,2015-02-25 11:23,68,39.29533419,-76.6772747,2,0,기타,자차 사고
931,N,Apparently Normal,No Misuse,N,No Injury,2d075d1d-5e47-48f5-b0b9-ae661938f4c7,D,ADJ4570001,Shoulder Belt Only,F,897e8a32-541e-4714-823e-86222e24bda4,Same Direction Rear End Left Turn,N,Non Intersection,Left Turn Lane,Daylight,No Defects,"Two-way, Divided, Positive Median Barrier",Wet,Raining,Six o'clock,Low Speed Vehicle,Superficial,N,Moving Constant Speed,2015-01-04 11:13,46,39.28753105,-76.54526979,4,2,빗길사고,동일 방향 운행 중 추돌 사고
932,N,Apparently Normal,No Misuse,N,No Injury,f06bf49e-18d9-46b7-a8d7-041f44ec6d14,D,ADJ4650003,Shoulder/Lap Belt(s),F,bc95e3a6-5ab7-4fd4-bbe8-3acf71f89502,Same Direction Rear End Right Turn,N,Intersection,Left Turn Lane,Daylight,No Defects,"Two-way, Not Divided",Dry,Clear,Two o'clock,Passenger Car,Superficial,N,Moving Constant Speed,2015-01-05 13:40,41,39.31083618,-76.62341326,1,0,좌회전 차선 사고,등속 주행 중 측면 추돌 사고
933,N,Apparently Normal,No Misuse,N,No Injury,fb7973b6-c09f-48d1-a218-a368ef2d44d8,D,ADJ4650003,Shoulder/Lap Belt(s),M,2afa5160-38ee-4689-a586-64b90014ee82,Same Direction Rear End Right Turn,N,Intersection,Left Turn Lane,Daylight,No Defects,"Two-way, Not Divided",Dry,Clear,Six o'clock,(Sport) Utility Vehicle,Disabling,N,Slowing or Stopping,2015-01-05 13:40,50,39.31083618,-76.62341326,1,3,좌회전 차선 사고,감속 중 사고
934,N,Apparently Normal,No Misuse,N,No Injury,f534c7e9-dfc3-4c68-9d7e-0219a809b969,D,ADJ4660001,Shoulder/Lap Belt(s),F,af921cc1-6103-48ec-8bcb-96111e7271c6,Same Movement Angle,N,Intersection,Right Turn Lane,Daylight,No Defects,"Two-way, Not Divided",Dry,Clear,Twelve o'clock,Passenger Car,Superficial,N,Stopped in Traffic Lane,2015-02-18 12:33,37,39.316676,-76.650441,3,0,우회전 차선 사고,기타
935,N,Apparently Normal,No Misuse,N,No Injury,365beb7c-c189-4433-85f8-78f81654424d,D,ADJ4660001,Shoulder/Lap Belt(s),M,d97f8388-b879-40cd-b878-a832f7c826f7,Same Movement Angle,N,Intersection,Right Turn Lane,Daylight,No Defects,"Two-way, Not Divided",Dry,Clear,One o'clock,"Cargo Van/Light Truck 2 axles (10,000 lbs (4,536 kg) or less)",Superficial,N,Stopped in Traffic Lane,2015-02-18 12:33,40,39.316676,-76.650441,3,0,우회전 차선 사고,기타
936,N,Apparently Normal,No Misuse,Y,No Injury,e3867667-0689-4045-b299-23a1d57c78aa,D,ADJ4660001,Shoulder/Lap Belt(s),M,15c0437d-8ae9-46d2-82d9-b998259a85d5,Same Movement Angle,N,Intersection,Right Turn Lane,Daylight,No Defects,"Two-way, Not Divided",Dry,Clear,Two o'clock,Passenger Car,Disabling,N,Making Left Turn,2015-02-18 12:33,25,39.316676,-76.650441,3,0,우회전 차선 사고,기타
937,N,Apparently Normal,No Misuse,N,No Injury,acabfb11-0d2d-489b-9fb7-18332b1b9a87,D,ADJ4740001,Shoulder/Lap Belt(s),F,7679ff23-91ff-490e-a57a-792f563c0ca9,Same Direction Right Turn,N,Intersection Related,Deceleration Lane,Dark Lights On,No Defects,One-way Trafficway,Wet,Raining,Eleven o'clock,(Sport) Utility Vehicle,Superficial,N,Starting From Lane,2015-01-03 22:30,52,39.28781287,-76.61212452,4,0,빗길사고,등속 주행 중 사고
938,N,Apparently Normal,No Misuse,N,No Injury,418a4d18-5cb8-46b6-b3c7-654bb4225617,D,ADJ474000C,Shoulder/Lap Belt(s),F,d6a2a62d-2de5-49ca-a106-546db62ed4f8,Same Movement Angle,N,Intersection,Right Turn Lane,Daylight,No Defects,"Two-way, Divided, Unprotected (painted >4 feet) Median",Dry,Clear,Twelve o'clock,(Sport) Utility Vehicle,Disabling,N,Moving Constant Speed,2015-03-17 11:52,31,39.27736429,-76.55612469,3,0,우회전 차선 사고,기타
939,N,Apparently Normal,No Misuse,N,No Injury,2f8e97fa-d06c-4dc9-8478-865487f5337e,D,ADJ475000H,Shoulder/Lap Belt(s),F,d8485d61-d0c4-4a38-a575-63f8571aee32,Same Movement Angle,N,Intersection,Right Turn Lane,Daylight,No Defects,"Two-way, Not Divided",Dry,Clear,Eleven o'clock,Passenger Car,Disabling,N,Making Left Turn,2015-03-31 12:00,63,39.35194991,-76.60977691,3,0,우회전 차선 사고,기타
940,N,Apparently Normal,No Misuse,Y,No Injury,a4976649-8b45-418f-9dd9-48935825a654,D,ADJ475000H,Shoulder/Lap Belt(s),F,9ae7f226-afaa-4f81-8a5d-3226d4262e5b,Same Movement Angle,N,Intersection,Right Turn Lane,Daylight,No Defects,"Two-way, Not Divided",Dry,Clear,Twelve o'clock,Passenger Car,Superficial,N,Slowing or Stopping,2015-03-31 12:00,31,39.35194991,-76.60977691,3,0,우회전 차선 사고,기타
941,N,Apparently Normal,No Misuse,Y,No Injury,360d8a5d-4e06-4dfc-9844-c21f8a8f13a0,D,ADJ4790002,Shoulder/Lap Belt(s),F,67c7a2d4-40c5-46f4-a50f-6948a3d6bdbe,Single Vehicle ,N,Non Intersection,Left Turn Lane,Dark Lights On,No Defects,"Two-way, Not Divided",Wet,Raining,Twelve o'clock,Passenger Car,Disabling,N,Accelerating,2015-01-11 23:47,25,39.34180702,-76.67966723,4,0,빗길사고,등속 주행 중 사고
942,N,Apparently Normal,No Misuse,Y,No Injury,78c46409-3194-411a-bbf7-a39a7b67c8d3,D,ADJ4840003,Shoulder/Lap Belt(s),F,4d4794f5-b071-469c-ab2b-c564db1244b8,Same Movement Angle,N,Intersection Related,Right Turn Lane,Daylight,No Defects,"Two-way, Divided, Unprotected (painted >4 feet) Median",Dry,Clear,Twelve o'clock,Passenger Car,Functional,N,Accelerating,2015-01-30 15:10,25,39.28536993,-76.59828365,3,0,우회전 차선 사고,기타
943,N,Apparently Normal,No Misuse,N,No Injury,5be5af64-4310-4a98-9e95-53d38614f606,D,ADJ4840003,Shoulder/Lap Belt(s),M,94ea6786-3374-485a-bae8-c93f3fd839df,Same Movement Angle,N,Intersection Related,Right Turn Lane,Daylight,No Defects,"Two-way, Divided, Unprotected (painted >4 feet) Median",Dry,Clear,One o'clock,Pickup Truck,Superficial,N,Moving Constant Speed,2015-01-30 15:10,43,39.28536993,-76.59828365,3,0,우회전 차선 사고,기타
944,N,Apparently Normal,No Misuse,Y,No Injury,58ece5b5-6233-4e0f-97ef-df622a007fa6,D,ADJ4870006,Shoulder/Lap Belt(s),F,d889b430-6122-4805-8ef3-d4ac3f902288,Head On Left Turn,N,Intersection,Right Turn Lane,Dawn,No Defects,"Two-way, Divided, Unprotected (painted >4 feet) Median",Wet,Wintry Mix,Twelve o'clock,Passenger Car,Destroyed,N,Making Left Turn,2015-03-20 6:59,55,39.35116591,-76.534722,4,0,빗길사고,등속 주행 중 사고
945,N,Apparently Normal,No Misuse,N,No Injury,991010a1-20dc-4bfd-af3a-4070c076d062,D,ADJ4870006,Shoulder/Lap Belt(s),M,34c59152-fd81-4bce-9e25-2e751e32c3f1,Head On Left Turn,N,Intersection,Right Turn Lane,Dawn,No Defects,"Two-way, Divided, Unprotected (painted >4 feet) Median",Wet,Wintry Mix,Ten o'clock,Passenger Car,Superficial,N,Moving Constant Speed,2015-03-20 6:59,47,39.35116591,-76.534722,4,2,빗길사고,동일 방향 운행 중 추돌 사고
946,N,Apparently Normal,No Misuse,N,Possible Incapacitating Injury,4fbe3b0c-71c0-414f-804f-fd7336579742,D,ADJ4870006,Shoulder/Lap Belt(s),M,9485efc5-a67a-47f0-a176-eedea34353d8,Head On Left Turn,N,Intersection,Right Turn Lane,Dawn,No Defects,"Two-way, Divided, Unprotected (painted >4 feet) Median",Wet,Wintry Mix,Twelve o'clock,Passenger Car,Destroyed,N,Moving Constant Speed,2015-03-20 6:59,39,39.35116591,-76.534722,4,2,빗길사고,동일 방향 운행 중 추돌 사고
947,Y,Apparently Normal,No Misuse,Y,No Injury,e74ab2b4-e969-48b4-85b7-43bc949b0b4e,D,ADJ4930003,Shoulder/Lap Belt(s),F,e7b427b1-d446-4c58-8bbf-20391ac3cf5b,Opposite Direction Sideswipe,N,Non Intersection,Right Turn Lane,Daylight,No Defects,"Two-way, Not Divided",Snow,Snow,One o'clock,"Medium/Heavy Truck 2 axles (10,000 lbs (4,536 kg) or less)",No Damage,N,Backing,2015-01-06 13:30,41,39.28266273,-76.69304073,0,2,눈길사고,미끌어짐에 의한 사고
948,N,Apparently Normal,No Misuse,Y,No Injury,31cf88ba-501b-464e-9fdb-7a826e62ae50,D,ADJ4930006,Shoulder/Lap Belt(s),F,5306fe68-7201-4697-b474-adb0d1605330,Single Vehicle ,N,Non Intersection,Right Turn Lane,Dark No Lights,No Defects,"Two-way, Not Divided",Ice,Clear,Twelve o'clock,Passenger Car,Disabling,N,Moving Constant Speed,2015-01-17 22:03,30,39.30146151,-76.69574976,2,2,기타,기타
949,N,Apparently Normal,No Misuse,Y,No Injury,cb86746e-41ce-4b0b-a385-3fd55f15bc85,D,ADJ4940009,Shoulder/Lap Belt(s),F,89eb5fb2-9337-48a3-9f23-890bbe1211de,Same Direction Rear End,N,Non Intersection,Right Turn Lane,Daylight,No Defects,"Two-way, Divided, Unprotected (painted >4 feet) Median",Dry,Clear,Twelve o'clock,Passenger Car,Functional,N,Moving Constant Speed,2015-02-14 14:40,37,39.24860617,-76.63989812,2,3,기타,등속 주행 중 측면 추돌 사고
950,N,Apparently Normal,No Misuse,N,No Injury,18d15fa4-eb58-42e4-86d1-2353a943b14c,D,ADJ4940009,Shoulder/Lap Belt(s),M,87dba2bc-4ed4-4288-b10c-d22fb6939683,Same Direction Rear End,N,Non Intersection,Right Turn Lane,Daylight,No Defects,"Two-way, Divided, Unprotected (painted >4 feet) Median",Dry,Clear,Six o'clock,Passenger Car,Functional,N,Stopped in Traffic Lane,2015-02-14 14:40,42,39.24860617,-76.63989812,2,0,기타,자차 사고
951,N,Apparently Normal,No Misuse,Y,No Injury,5d6eba76-40b7-44ad-a77b-80bac87eaffe,D,ADJ4980006,Shoulder/Lap Belt(s),F,04c76364-dac4-408a-8476-1eb17e0c52ac,Same Movement Angle,N,Intersection,Right Turn Lane,Daylight,No Defects,"Two-way, Not Divided",Dry,Clear,Twelve o'clock,Passenger Car,Superficial,N,Entering Traffic Lane,2015-02-27 7:45,31,39.29084578,-76.6016411,3,0,우회전 차선 사고,기타
952,N,Apparently Normal,No Misuse,N,No Injury,ed54aacd-97b2-4dc6-b62e-d9f8bccbf365,D,ADJ4980006,Shoulder/Lap Belt(s),M,dca397f8-cc44-4306-b576-f0192fb7501e,Same Movement Angle,N,Intersection,Right Turn Lane,Daylight,No Defects,"Two-way, Not Divided",Dry,Clear,One o'clock,Passenger Car,Superficial,N,Moving Constant Speed,2015-02-27 7:45,28,39.29084578,-76.6016411,3,0,우회전 차선 사고,기타
953,N,Apparently Normal,No Misuse,Y,No Injury,418b2605-cdda-46e8-951f-0cefed40deb7,D,ADJ501000D,Shoulder/Lap Belt(s),F,53f96460-20dd-40e4-a1c5-f8aa745e684d,Same Direction Rear End,N,Non Intersection,Right Turn Lane,Daylight,No Defects,"Two-way, Not Divided",Ice,Blowing Snow,Twelve o'clock,Passenger Car,Superficial,N,Slowing or Stopping,2015-02-15 9:15,28,39.2806032,-76.56678915,0,1,눈길사고,등속 주행 사고
954,N,Apparently Normal,No Misuse,N,No Injury,176d489c-950e-4140-8f40-c2b55b24b819,D,ADJ501000D,Shoulder/Lap Belt(s),M,76de398d-0b7b-4a81-979a-257358d8953f,Same Direction Rear End,N,Non Intersection,Right Turn Lane,Daylight,No Defects,"Two-way, Not Divided",Ice,Blowing Snow,Six o'clock,Passenger Car,Superficial,N,Stopped in Traffic Lane,2015-02-15 9:15,47,39.2806032,-76.56678915,0,1,눈길사고,등속 주행 사고
955,N,Apparently Normal,No Misuse,N,No Injury,dc18ed26-9c01-4c03-af65-7e0456c6a4ba,D,ADJ5040002,Shoulder/Lap Belt(s),F,1e9b3d27-2393-47b8-ac3e-7dff239bd4f0,Same Direction Rear End,N,Non Intersection,Left Turn Lane,Dark Lights On,No Defects,"Two-way, Divided, Positive Median Barrier",Wet,Raining,Six o'clock,Passenger Car,Superficial,N,Moving Constant Speed,2015-01-23 18:55,31,39.29345123,-76.69266656,4,2,빗길사고,동일 방향 운행 중 추돌 사고
956,N,Apparently Normal,No Misuse,Y,No Injury,c983dc0a-0775-490e-af58-7db3f0b8ca2e,D,ADJ5040002,Shoulder/Lap Belt(s),M,654c8c71-fa82-42ce-ab3c-72b6b6986742,Same Direction Rear End,N,Non Intersection,Left Turn Lane,Dark Lights On,No Defects,"Two-way, Divided, Positive Median Barrier",Wet,Raining,Twelve o'clock,Passenger Car,Superficial,N,Moving Constant Speed,2015-01-23 18:55,55,39.29345123,-76.69266656,4,2,빗길사고,동일 방향 운행 중 추돌 사고
957,N,Apparently Normal,No Misuse,N,No Injury,18c23566-727e-49d0-8fb0-14e860ea9a9a,D,ADJ5040006,Shoulder/Lap Belt(s),F,8033f549-2436-4303-9a7a-55ea09039fa3,Same Direction Rear End,N,Non Intersection,Right Turn Lane,Daylight,No Defects,"Two-way, Not Divided",Dry,Cloudy,Twelve o'clock,Passenger Car,Superficial,N,Moving Constant Speed,2015-03-11 17:30,45,39.3088718,-76.70833334,2,3,기타,등속 주행 중 측면 추돌 사고
958,N,Apparently Normal,No Misuse,N,No Injury,03fc7bfc-fb14-4aed-896d-3fcab2bdf734,D,ADJ5060003,Shoulder/Lap Belt(s),F,f7319da6-2f5b-4a96-868b-7500a3eeebb9,Same Direction Right Turn,N,Non Intersection,Right Turn Lane,Daylight,No Defects,"Two-way, Divided, Positive Median Barrier",Snow,Snow,Five o'clock,(Sport) Utility Vehicle,Functional,N,Skidding,2015-03-05 14:18,40,39.26131205,-76.6355744,0,2,눈길사고,미끌어짐에 의한 사고
959,N,Apparently Normal,No Misuse,Y,No Injury,6ffad086-fff2-4fa9-ba5c-9b24ce5c5fc9,D,ADJ5060003,Shoulder/Lap Belt(s),M,dc21b68b-040a-49db-8649-b5c3beab99dd,Same Direction Right Turn,N,Non Intersection,Right Turn Lane,Daylight,No Defects,"Two-way, Divided, Positive Median Barrier",Snow,Snow,Eight o'clock,Passenger Car,Disabling,N,Skidding,2015-03-05 14:18,61,39.26131205,-76.6355744,0,2,눈길사고,미끌어짐에 의한 사고
960,N,Apparently Normal,No Misuse,N,No Injury,f58f1d0f-a665-4c45-85f9-8e6e440f95be,D,ADJ508000B,Shoulder/Lap Belt(s),F,536b3223-eae3-4b78-bb83-ef736f6d1af5,Same Movement Angle,N,Intersection,Right Turn Lane,Daylight,No Defects,"Two-way, Not Divided",Wet,Raining,Twelve o'clock,Passenger Car,Functional,N,Moving Constant Speed,2015-03-10 14:20,65,39.28576853,-76.58879668,4,1,빗길사고,자차 사고
961,N,Apparently Normal,No Misuse,Y,No Injury,2a72607e-59d8-44b2-bf67-31cb31e1b6d0,D,ADJ5090003,Shoulder Belt Only,F,7bbcf4c2-dd09-426b-bf21-785d8412453d,Same Movement Angle,N,Intersection,Right Turn Lane,Dark Lights On,No Defects,"Two-way, Divided, Positive Median Barrier",Wet,Wintry Mix,Twelve o'clock,Van,Disabling,N,Making Left Turn,2015-01-29 20:45,35,39.30019956,-76.53552532,4,1,빗길사고,자차 사고
962,N,Apparently Normal,No Misuse,N,No Injury,fd53d955-bb08-4399-8569-a9d7d5520568,D,ADJ5090003,Shoulder/Lap Belt(s),M,9fda82d5-2a25-435d-9795-966734921ced,Same Movement Angle,N,Intersection,Right Turn Lane,Dark Lights On,No Defects,"Two-way, Divided, Positive Median Barrier",Wet,Wintry Mix,Seven o'clock,Pickup Truck,Functional,N,Moving Constant Speed,2015-01-29 20:45,30,39.30019956,-76.53552532,4,1,빗길사고,자차 사고
963,N,Apparently Normal,No Misuse,Y,No Injury,aa1a94b0-ca5e-4198-a94d-cbc03b148540,D,ADJ5090008,Shoulder/Lap Belt(s),F,c2042ef5-577c-43a8-9615-4f59821049b7,Same Direction Rear End,N,Intersection Related,Right Turn Lane,Daylight,No Defects,"Two-way, Divided, Positive Median Barrier",Dry,Clear,Twelve o'clock,Passenger Car,Superficial,N,Moving Constant Speed,2015-02-28 12:06,24,39.28054922,-76.56660944,3,2,우회전 차선 사고,기타
964,N,Apparently Normal,No Misuse,N,Possible Incapacitating Injury,b4c269ba-00fc-4a0f-a481-82d9bc662c2a,D,ADJ5090008,Shoulder/Lap Belt(s),F,9fe221f0-2eb0-46d5-860a-a9c9d73de7cd,Same Direction Rear End,N,Intersection Related,Right Turn Lane,Daylight,No Defects,"Two-way, Divided, Positive Median Barrier",Dry,Clear,Six o'clock,Passenger Car,Superficial,N,Stopped in Traffic Lane,2015-02-28 12:06,22,39.28054922,-76.56660944,3,3,우회전 차선 사고,동일 방향 운행 중 추돌 사고
965,N,Apparently Normal,No Misuse,N,No Injury,1cb661d0-a18b-47b0-8d74-6dedd129b4a3,D,ADJ5140001,Shoulder/Lap Belt(s),F,8b09f54c-b705-4e7b-b215-966360f3393d,Same Direction Rear End Right Turn,N,Intersection,Acceleration Lane,Daylight,No Defects,"Two-way, Divided, Positive Median Barrier",Dry,Cloudy,Twelve o'clock,Passenger Car,Disabling,N,Making Right Turn,2015-01-25 13:09,42,39.3004083,-76.62183478,1,1,좌회전 차선 사고,등속 주행 사고
966,Y,Apparently Normal,No Misuse,Y,No Injury,13921042-5bf6-4389-806e-c3bfb9727c43,D,ADJ5140001,Shoulder/Lap Belt(s),M,9fea096a-0f89-4896-a76f-f298b66ac64a,Same Direction Rear End Right Turn,N,Intersection,Acceleration Lane,Daylight,No Defects,"Two-way, Divided, Positive Median Barrier",Dry,Cloudy,Twelve o'clock,Van,Superficial,N,Moving Constant Speed,2015-01-25 13:09,58,39.3004083,-76.62183478,1,0,좌회전 차선 사고,등속 주행 중 측면 추돌 사고
967,N,Apparently Normal,No Misuse,Y,No Injury,39aab302-f147-4c8a-adc7-716b3427d117,D,ADJ5140002,Shoulder/Lap Belt(s),F,1ec7f4e6-c0c9-47f2-a7b1-2e5e92518f90,Same Movement Angle,N,Intersection,Right Turn Lane,Daylight,No Defects,"Two-way, Divided, Unprotected (painted >4 feet) Median",Dry,Clear,Twelve o'clock,Passenger Car,Superficial,N,Moving Constant Speed,2015-01-31 9:00,29,39.30177174,-76.62676871,3,0,우회전 차선 사고,기타
968,N,Apparently Normal,No Misuse,N,No Injury,ba131648-3ccf-4ce4-adf9-38191f3e7203,D,ADJ5140002,Shoulder/Lap Belt(s),M,02b32fa5-3ff2-48a8-aeec-d4fd4a016d29,Same Movement Angle,N,Intersection,Right Turn Lane,Daylight,No Defects,"Two-way, Divided, Unprotected (painted >4 feet) Median",Dry,Clear,Seven o'clock,Passenger Car,Disabling,N,Moving Constant Speed,2015-01-31 9:00,38,39.30177174,-76.62676871,3,0,우회전 차선 사고,기타
969,N,Apparently Normal,No Misuse,Y,No Injury,b148dbee-b475-42a4-9a7f-ba3018e8a7ad,D,ADJ5150001,Lap Belt Only,F,6a074bb1-597a-4d1f-b38d-73245a2212a2,Same Direction Rear End Left Turn,N,Intersection,Right Turn Lane,Dark Lights On,No Defects,"Two-way, Divided, Positive Median Barrier",Dry,Clear,Seven o'clock,Passenger Car,Superficial,Y,Accelerating,2015-02-25 22:31,28,39.31521695,-76.67445302,3,1,우회전 차선 사고,등속 주행 중 측면 추돌 사고
970,N,Apparently Normal,No Misuse,Y,No Injury,94114d13-fb0b-4b3e-9733-8dee4d5b44bc,D,ADJ5150001,Lap Belt Only,M,b56fb8fa-fd8b-4047-9d89-fc3ef89f8e6f,Same Direction Rear End Left Turn,N,Intersection,Right Turn Lane,Dark Lights On,No Defects,"Two-way, Divided, Positive Median Barrier",Dry,Clear,Twelve o'clock,Passenger Car,Disabling,N,Accelerating,2015-02-25 22:31,22,39.31521695,-76.67445302,3,1,우회전 차선 사고,등속 주행 중 측면 추돌 사고
971,N,Apparently Normal,No Misuse,N,No Injury,3d7feaf2-2032-4e16-a363-8bca6fd2de1c,D,ADJ5170002,Shoulder/Lap Belt(s),F,72b11dfb-f68b-4e2c-a0f2-6fb6c84f50b9,Same Direction Rear End,N,Non Intersection,Right Turn Lane,Dark Lights On,No Defects,One-way Trafficway,Dry,Clear,Six o'clock,Passenger Car,Superficial,N,Moving Constant Speed,2015-01-02 22:00,37,39.30185171,-76.70871019,2,3,기타,등속 주행 중 측면 추돌 사고
972,N,Apparently Normal,No Misuse,Y,No Injury,12134f97-58a1-4ff5-8206-81083c07c442,D,ADJ5170002,Shoulder/Lap Belt(s),M,16aac91b-c67c-463b-8250-72b7c892f0f9,Same Direction Rear End,N,Non Intersection,Right Turn Lane,Dark Lights On,No Defects,One-way Trafficway,Dry,Clear,Twelve o'clock,Passenger Car,Superficial,N,Moving Constant Speed,2015-01-02 22:00,25,39.30185171,-76.70871019,2,3,기타,등속 주행 중 측면 추돌 사고
973,N,Apparently Normal,No Misuse,N,No Injury,03d708b8-5c98-424b-b8ca-056c7d0b5213,D,ADJ5170009,Shoulder/Lap Belt(s),F,7c63b691-8ee4-4e8e-b2bc-1d701e74e0f8,Same Direction Rear End,N,Intersection Related,Right Turn Lane,Dark Lights On,No Defects,"Two-way, Not Divided",Ice,Clear,Six o'clock,Passenger Car,No Damage,N,Stopped in Traffic Lane,2015-02-15 21:45,45,39.31409636,-76.67262912,3,3,우회전 차선 사고,동일 방향 운행 중 추돌 사고
974,N,Apparently Normal,No Misuse,N,No Injury,3e5c0ba7-1e40-4399-af75-085381467248,D,ADJ5170009,Shoulder/Lap Belt(s),M,0ed7b047-e94d-407f-a94f-0fe71a53f632,Same Direction Rear End,N,Intersection Related,Right Turn Lane,Dark Lights On,No Defects,"Two-way, Not Divided",Ice,Clear,Six o'clock,Passenger Car,Functional,N,Stopped in Traffic Lane,2015-02-15 21:45,29,39.31409636,-76.67262912,3,3,우회전 차선 사고,동일 방향 운행 중 추돌 사고
975,N,Apparently Normal,No Misuse,N,No Injury,9a760a61-3ada-415a-8152-a56433579cd1,D,ADJ5210001,Shoulder/Lap Belt(s),F,4e91baa3-3f80-4cd9-87d4-20100d150e78,Opposite Direction Both Left Turn,N,Non Intersection,Right Turn Lane,Daylight,No Defects,"Two-way, Divided, Unprotected (painted >4 feet) Median",Dry,Cloudy,One o'clock,Passenger Car,Functional,N,Moving Constant Speed,2015-01-22 8:20,27,39.28566058,-76.64993763,2,2,기타,기타
976,N,Apparently Normal,No Misuse,N,No Injury,f690d6b0-f18e-435b-b39c-be08a22d5272,D,ADJ5230002,Shoulder/Lap Belt(s),M,9f9e3dd8-dac6-40cc-98e1-adce927ed65d,Same Direction Rear End Left Turn,N,Intersection,Left Turn Lane,Dark Lights On,No Defects,"Two-way, Divided, Unprotected (painted >4 feet) Median",Dry,Clear,Six o'clock,Passenger Car,Functional,N,Making Left Turn,2015-01-14 18:44,22,39.33194066,-76.66083813,1,1,좌회전 차선 사고,등속 주행 사고
977,N,Apparently Normal,No Misuse,N,No Injury,31f58faf-959d-4f66-ba1c-a2d373e2d6aa,D,ADJ5300001,Shoulder/Lap Belt(s),F,2187522a-039a-4ae0-bb1f-773b6cea337e,Same Direction Rear End,N,Intersection Related,Right Turn Lane,Dark Lights On,No Defects,One-way Trafficway,Dry,Clear,Seven o'clock,Passenger Car,Functional,N,Moving Constant Speed,2015-01-08 17:26,41,39.28767014,-76.61499381,3,2,우회전 차선 사고,기타
978,N,Apparently Normal,No Misuse,Y,No Injury,cc278bf8-e220-4b75-aaff-77b12aed884f,D,ADJ5300001,Shoulder/Lap Belt(s),M,bd76a34e-32b6-4b5b-93d7-b8506df87808,Same Direction Rear End,N,Intersection Related,Right Turn Lane,Dark Lights On,No Defects,One-way Trafficway,Dry,Clear,One o'clock,Passenger Car,Disabling,N,Moving Constant Speed,2015-01-08 17:26,33,39.28767014,-76.61499381,3,2,우회전 차선 사고,기타