KEY_INDEX,CDL_FLAG,CONDITION_CODE,EQUIP_PROB_CODE,FAULT_FLAG,INJ_SEVER_CODE,PERSON_ID,PERSON_TYPE,REPORT_NO,SAF_EQUIP_CODE,SEX_CODE,VEHICLE_ID,COLLISION_TYPE_CODE,C_M_ZONE_FLAG,JUNCTION_CODE,LANE_CODE,LIGHT_CODE,RD_COND_CODE,RD_DIV_CODE,SURF_COND_CODE,WEATHER_CODE,AREA_DAMAGED_CODE_MAIN,BODY_TYPE_CODE,DAMAGE_CODE,HIT_AND_RUN_FLAG,MOVEMENT_CODE,TIME,AGE,LATITUDE,LONGITUDE,CLUSTER,SECOND_LABEL,FIRST_LABEL,SECOND_LABELING
979,N,Apparently Normal,No Misuse,Y,No Injury,a5d1939e-24b6-40d5-8717-ef33174cf0a9,D,ADJ531000J,Shoulder/Lap Belt(s),F,5f9091d8-3c2f-4947-ad73-cdbec3f8becd,Same Movement Angle,N,Intersection,Left Turn Lane,Dark Lights On,No Defects,"Two-way, Divided, Unprotected (painted >4 feet) Median",Ice,Clear,One o'clock,Passenger Car,Superficial,N,Moving Constant Speed,2015-02-05 18:57,23,39.32930995,-76.59789741,1,0,좌회전 차선 사고,등속 주행 중 측면 추돌 사고
980,N,Apparently Normal,No Misuse,N,No Injury,cf057a22-93bb-43be-96d1-0b99403096fd,D,ADJ531000J,Shoulder/Lap Belt(s),M,288461c8-8412-4e9d-9899-c8f8e34dad55,Same Movement Angle,N,Intersection,Left Turn Lane,Dark Lights On,No Defects,"Two-way, Divided, Unprotected (painted >4 feet) Median",Ice,Clear,Eight o'clock,Passenger Car,Superficial,N,Moving Constant Speed,2015-02-05 18:57,47,39.32930995,-76.59789741,1,0,좌회전 차선 사고,등속 주행 중 측면 추돌 사고
981,Y,Apparently Normal,No Misuse,Y,No Injury,e7919ce1-5297-4892-ab36-292373550633,D,ADJ531000K,Shoulder/Lap Belt(s),F,e6df0304-a704-4bb3-bb52-0b9a699a432e,Same Direction Sideswipe,N,Non Intersection,Right Turn Lane,Daylight,No Defects,One-way Trafficway,Dry,Clear,Ten o'clock,School Bus,Superficial,N,Slowing or Stopping,2015-02-05 17:10,38,39.32298381,-76.57067567,2,1,기타,등속 주행 사고
982,N,Apparently Normal,No Misuse,Y,No Injury,7b8bf2a8-98a7-4cc4-989b-d91ee6718fcc,D,ADJ531000M,Shoulder/Lap Belt(s),F,a1907225-2cce-44b2-ab63-9bdc30efb40c,Angle Meets Left Turn Head On,N,Intersection,Left Turn Lane,Daylight,No Defects,"Two-way, Divided, Unprotected (painted >4 feet) Median",Dry,Clear,Twelve o'clock,Passenger Car,Superficial,N,Accelerating,2015-02-11 8:00,37,39.33840499,-76.54105872,1,1,좌회전 차선 사고,등속 주행 사고
983,Y,Apparently Normal,No Misuse,N,No Injury,884c3a93-0a36-452a-947c-f73a54e18995,D,ADJ531000M,Shoulder/Lap Belt(s),M,546da7ed-51c2-48ab-9254-ad1bec3163e3,Angle Meets Left Turn Head On,N,Intersection,Left Turn Lane,Daylight,No Defects,"Two-way, Divided, Unprotected (painted >4 feet) Median",Dry,Clear,Nine o'clock,School Bus,Superficial,N,Accelerating,2015-02-11 8:00,28,39.33840499,-76.54105872,1,1,좌회전 차선 사고,등속 주행 사고
984,N,Apparently Normal,No Misuse,N,No Injury,2a53c920-c4be-4e3e-9daf-e3bb0fce1f59,D,ADJ531000R,Shoulder/Lap Belt(s),F,5a8324a8-df3c-429d-b320-d17efad178a4,Same Direction Rear End,N,Non Intersection,Left Turn Lane,Daylight,No Defects,"Two-way, Divided, Unprotected (painted >4 feet) Median",Wet,Clear,Six o'clock,Passenger Car,Superficial,N,Stopped in Traffic Lane,2015-02-18 14:30,36,39.317082,-76.594993,1,2,좌회전 차선 사고,기타
985,N,Apparently Normal,No Misuse,Y,No Injury,d885dfdc-b2fe-4ea0-879c-9ce46f2555b2,D,ADJ531000R,Shoulder/Lap Belt(s),F,23ff5d1e-e99e-4e3d-a417-4ed9dfd50306,Same Direction Rear End,N,Non Intersection,Left Turn Lane,Daylight,No Defects,"Two-way, Divided, Unprotected (painted >4 feet) Median",Wet,Clear,Twelve o'clock,Passenger Car,Functional,N,Moving Constant Speed,2015-02-18 14:30,45,39.317082,-76.594993,1,0,좌회전 차선 사고,등속 주행 중 측면 추돌 사고
986,N,Apparently Normal,No Misuse,N,No Injury,6b2598cf-266d-424a-b9de-e84edd1a319d,D,ADJ531001B,Shoulder/Lap Belt(s),F,bb44d7ee-be31-4586-8473-e431519f66f9,Same Movement Angle,N,Intersection,Left Turn Lane,Dark Lights On,No Defects,"Two-way, Divided, Positive Median Barrier",Dry,Clear,Nine o'clock,Passenger Car,Superficial,N,Moving Constant Speed,2015-03-30 22:50,28,39.33095727,-76.59514546,1,0,좌회전 차선 사고,등속 주행 중 측면 추돌 사고
987,N,Apparently Normal,No Misuse,Y,No Injury,4a6aa1c7-7947-4f00-969b-9e7ea9289234,D,ADJ531001B,Shoulder/Lap Belt(s),M,5ee8b430-4746-4640-a646-5807d2c94ced,Same Movement Angle,N,Intersection,Left Turn Lane,Dark Lights On,No Defects,"Two-way, Divided, Positive Median Barrier",Dry,Clear,Twelve o'clock,Passenger Car,Superficial,N,Moving Constant Speed,2015-03-30 22:50,40,39.33095727,-76.59514546,1,0,좌회전 차선 사고,등속 주행 중 측면 추돌 사고
988,N,Apparently Normal,No Misuse,Y,No Injury,669c2876-c979-44fa-b890-c9a256ef9f35,D,ADJ5350001,Shoulder/Lap Belt(s),F,0f84274b-574d-4b92-b95e-792c4ce1478e,Angle Meets Right Turn,N,Intersection,Acceleration Lane,Dark No Lights,No Defects,"Two-way, Divided, Positive Median Barrier",Snow,Snow,Ten o'clock,Passenger Car,Disabling,N,Making Left Turn,2015-01-06 20:29,26,39.31086419,-76.64824784,0,2,눈길사고,미끌어짐에 의한 사고
989,N,Apparently Normal,No Misuse,N,No Injury,4e6d4ab1-e1c3-4a15-bf79-13625a616e01,D,ADJ5350001,Shoulder/Lap Belt(s),M,c5b1e71c-67a2-494f-be22-f12308a54d54,Angle Meets Right Turn,N,Intersection,Acceleration Lane,Dark No Lights,No Defects,"Two-way, Divided, Positive Median Barrier",Snow,Snow,One o'clock,Passenger Car,Functional,N,Moving Constant Speed,2015-01-06 20:29,48,39.31086419,-76.64824784,0,0,눈길사고,감속 중 사고
990,N,Apparently Normal,No Misuse,Y,No Injury,6566076c-9bf8-47a2-b380-19142970b70e,D,ADJ5380002,Shoulder/Lap Belt(s),F,77cb3b93-5b47-4f0a-b436-d8b838331191,Single Vehicle ,N,Intersection,Right Turn Lane,Daylight,No Defects,One-way Trafficway,Dry,Cloudy,Twelve o'clock,Passenger Car,No Damage,N,Starting From Lane,2015-01-23 14:45,39,39.31936298,-76.6171664,3,1,우회전 차선 사고,등속 주행 중 측면 추돌 사고
991,N,Apparently Normal,No Misuse,Y,No Injury,645b8a87-e350-4cfa-9704-7e4f62b3b2a1,D,ADJ5390001,Shoulder/Lap Belt(s),F,3860efa6-793e-49a7-8300-26957b9314ec,Same Direction Left Turn,N,Intersection,Left Turn Lane,Dark Lights On,No Defects,"Two-way, Not Divided",Wet,Raining,Seven o'clock,Passenger Car,Functional,N,Moving Constant Speed,2015-01-24 0:22,32,39.27801935,-76.65869772,4,2,빗길사고,동일 방향 운행 중 추돌 사고
992,N,Apparently Normal,No Misuse,Y,No Injury,6c859cf5-3d22-4661-ae1d-7647d874ecf8,D,ADJ5390001,Shoulder/Lap Belt(s),M,10027ff1-8abb-49b2-8084-31ea2977915f,Same Direction Left Turn,N,Intersection,Left Turn Lane,Dark Lights On,No Defects,"Two-way, Not Divided",Wet,Raining,One o'clock,Passenger Car,Superficial,N,Moving Constant Speed,2015-01-24 0:22,42,39.27801935,-76.65869772,4,2,빗길사고,동일 방향 운행 중 추돌 사고
993,Y,Apparently Normal,No Misuse,N,No Injury,5dd7a176-7676-46fd-84ce-e611e35e4425,D,ADJ5390003,Shoulder/Lap Belt(s),F,bc2183c1-e2ef-4655-81a5-f0dc01cfb864,Same Movement Angle,N,Intersection,Right Turn Lane,Daylight,No Defects,"Two-way, Not Divided",Dry,Clear,One o'clock,Pickup Truck,Functional,N,Moving Constant Speed,2015-02-11 10:28,66,39.28408019,-76.65122978,3,0,우회전 차선 사고,기타
994,N,Apparently Normal,No Misuse,N,No Injury,8075a9e2-69d4-48fe-84b5-d0b38da5f264,D,ADJ5400005,Shoulder/Lap Belt(s),F,62ce82e6-00f9-47be-8d34-f3bdc959136f,Same Direction Rear End,N,Intersection,Right Turn Lane,Dark Lights On,No Defects,"Two-way, Divided, Positive Median Barrier",Dry,Cloudy,Six o'clock,Passenger Car,Superficial,N,Stopped in Traffic Lane,2015-01-24 19:00,26,39.34232146,-76.54560506,3,3,우회전 차선 사고,동일 방향 운행 중 추돌 사고
995,N,Apparently Normal,No Misuse,N,No Injury,64a1a3bb-2551-4e91-a5a7-a537264632e1,D,ADJ5400009,Shoulder/Lap Belt(s),F,daa9aad2-5155-4c17-bd15-1c0f1dc9e5a7,Same Movement Angle,N,Intersection,Left Turn Lane,Daylight,No Defects,"Two-way, Divided, Positive Median Barrier",Dry,Cloudy,Three o'clock,(Sport) Utility Vehicle,Functional,N,Moving Constant Speed,2015-02-12 12:25,24,39.3631199,-76.55120015,1,0,좌회전 차선 사고,등속 주행 중 측면 추돌 사고
996,N,Apparently Normal,No Misuse,Y,No Injury,544e914d-9fb3-4116-b2be-fc607f55a764,D,ADJ5400009,Shoulder/Lap Belt(s),F,92828d57-af07-400f-810e-f8d8e6f65bd5,Same Movement Angle,N,Intersection,Left Turn Lane,Daylight,No Defects,"Two-way, Divided, Positive Median Barrier",Dry,Cloudy,Twelve o'clock,Passenger Car,Functional,N,Making Right Turn,2015-02-12 12:25,83,39.3631199,-76.55120015,1,1,좌회전 차선 사고,등속 주행 사고
997,N,Apparently Normal,No Misuse,Y,No Injury,7ebb030d-addd-4aca-a23f-362c06b409d0,D,ADJ540000T,Shoulder/Lap Belt(s),F,fca5f8f6-1f9f-4393-9687-bee61cd97c2d,Same Movement Angle,N,Intersection,Right Turn Lane,Daylight,No Defects,"Two-way, Divided, Positive Median Barrier",Dry,Cloudy,Twelve o'clock,Passenger Car,Functional,N,Moving Constant Speed,2015-03-12 18:00,18,39.37011217,-76.58341885,3,0,우회전 차선 사고,기타
998,N,Apparently Normal,No Misuse,N,No Injury,b7f01871-869b-4d8a-9a0c-a4cc467d8b78,D,ADJ540000T,Shoulder/Lap Belt(s),M,f569837b-fb3a-4305-ba56-6c6a57420dd9,Same Movement Angle,N,Intersection,Right Turn Lane,Daylight,No Defects,"Two-way, Divided, Positive Median Barrier",Dry,Cloudy,Eleven o'clock,Passenger Car,Functional,N,Accelerating,2015-03-12 18:00,39,39.37011217,-76.58341885,3,0,우회전 차선 사고,기타
999,N,Apparently Normal,No Misuse,N,No Injury,28dab734-31f0-4ecd-9a92-9a31c4218218,D,ADJ547000D,Shoulder/Lap Belt(s),F,37c2a901-e11a-47aa-862f-d2f75bc2a4d1,Same Direction Right Turn,N,Intersection,Left Turn Lane,Daylight,No Defects,One-way Trafficway,Snow,Snow,Five o'clock,Passenger Car,Superficial,N,Moving Constant Speed,2015-01-06 10:20,43,39.28788604,-76.61073446,0,0,눈길사고,감속 중 사고
1000,N,Apparently Normal,No Misuse,Y,No Injury,3f101923-fe70-430a-a29b-5c59d606522e,D,ADJ547000D,Shoulder/Lap Belt(s),F,7f6987a4-ddf0-478b-851e-d5d6a20ebb85,Same Direction Right Turn,N,Intersection,Left Turn Lane,Daylight,No Defects,One-way Trafficway,Snow,Snow,Eleven o'clock,Passenger Car,Superficial,N,Moving Constant Speed,2015-01-06 10:20,22,39.28788604,-76.61073446,0,0,눈길사고,감속 중 사고
1001,N,Apparently Normal,No Misuse,N,No Injury,4e511256-bb67-43be-ba56-8b47e83eeeca,D,ADJ547000L,Shoulder/Lap Belt(s),F,26e8be14-d507-4a97-88f7-88764531a4e0,Same Direction Rear End Left Turn,N,Non Intersection,Left Turn Lane,Dark Lights On,No Defects,"Two-way, Divided, Positive Median Barrier",Dry,Clear,Six o'clock,Passenger Car,Functional,N,Moving Constant Speed,2015-01-19 22:30,33,39.31069298,-76.62277222,1,0,좌회전 차선 사고,등속 주행 중 측면 추돌 사고
1002,N,Apparently Normal,No Misuse,N,No Injury,3dacea55-face-4207-aaa8-29452e897a48,D,ADJ547000X,Shoulder/Lap Belt(s),F,5cfd6f73-7eea-44d6-be8c-a1ad4059f309,Same Direction Left Turn,N,Intersection,Right Turn Lane,Daylight,No Defects,One-way Trafficway,Dry,Clear,Eleven o'clock,Passenger Car,Functional,N,Slowing or Stopping,2015-02-09 8:30,35,39.29474468,-76.62390947,3,1,우회전 차선 사고,등속 주행 중 측면 추돌 사고
1003,N,Apparently Normal,No Misuse,N,No Injury,cbcb9af5-3ea3-4a80-9bc6-d46d04c71440,D,ADJ547001M,Shoulder/Lap Belt(s),F,cfbe595d-b4d0-4275-8bf2-55bc95742604,Same Direction Sideswipe,N,Non Intersection,Acceleration Lane,Daylight,No Defects,"Two-way, Divided, Positive Median Barrier",Dry,Clear,Ten o'clock,Passenger Car,Functional,N,Moving Constant Speed,2015-02-25 15:00,28,39.31041904,-76.63359761,1,0,좌회전 차선 사고,등속 주행 중 측면 추돌 사고
1004,N,Apparently Normal,No Misuse,N,No Injury,8b5ccf1d-ba92-4ec4-af87-5e75cea1acf3,D,ADJ5470024,Shoulder/Lap Belt(s),F,f61a98cc-6d88-491a-a25a-945d5419a766,Same Direction Left Turn,N,Non Intersection,Right Turn Lane,Daylight,No Defects,One-way Trafficway,Wet,Raining,One o'clock,Passenger Car,Disabling,N,Moving Constant Speed,2015-03-10 16:30,25,39.31109974,-76.61376536,4,2,빗길사고,동일 방향 운행 중 추돌 사고
1005,N,Apparently Normal,No Misuse,Y,No Injury,c09a50ba-c427-4d35-83c1-b24830622e4b,D,ADJ5470024,Shoulder/Lap Belt(s),M,1954e604-bd4a-4647-a402-33c471701b6b,Same Direction Left Turn,N,Non Intersection,Right Turn Lane,Daylight,No Defects,One-way Trafficway,Wet,Raining,Seven o'clock,Passenger Car,Functional,N,Moving Constant Speed,2015-03-10 16:30,29,39.31109974,-76.61376536,4,2,빗길사고,동일 방향 운행 중 추돌 사고
1006,N,Apparently Normal,No Misuse,N,No Injury,72d86a81-a3f3-4f8e-8653-2f8f72cce658,D,ADJ547002R,Shoulder/Lap Belt(s),F,be862b1b-211c-43dc-a832-11a7bff4bc78,Single Vehicle ,N,Non Intersection,Right Turn Lane,Daylight,"Holes, Ruts, Etc.","Two-way, Not Divided",Wet,Raining,Underside,Passenger Car,Disabling,N,Moving Constant Speed,2015-03-31 16:50,26,39.30237475,-76.63499236,4,2,빗길사고,동일 방향 운행 중 추돌 사고
1007,N,Apparently Normal,No Misuse,Y,No Injury,036b8c39-bcc7-4ccc-a318-f8e972198141,D,ADJ5510003,Shoulder/Lap Belt(s),F,d2d38fd8-6441-4b6f-9981-50891ddd541e,Same Movement Angle,N,Non Intersection,Right Turn Lane,Daylight,No Defects,"Two-way, Not Divided",Dry,Clear,One o'clock,Passenger Car,Disabling,N,Moving Constant Speed,2015-02-11 13:04,29,39.33662922,-76.68401241,2,2,기타,기타
1008,N,Apparently Normal,No Misuse,N,No Injury,870d568e-cafb-4f61-b4ee-cef63649f01a,D,ADJ5630007,Shoulder/Lap Belt(s),F,ad945663-623e-4359-85fa-0ad745392537,Same Direction Left Turn,N,Non Intersection,Right Turn Lane,Daylight,No Defects,One-way Trafficway,Dry,Clear,Three o'clock,(Sport) Utility Vehicle,Superficial,N,Moving Constant Speed,2015-02-19 8:45,44,39.29995671,-76.58093244,2,2,기타,기타
1009,N,Apparently Normal,No Misuse,N,No Injury,3289c18f-9a0d-42c6-8d5a-01a3fc4adbce,D,ADJ563000C,Shoulder/Lap Belt(s),F,b36d9dd4-afba-4643-8f70-2453d6cbebae,Same Movement Angle,N,Intersection,Right Turn Lane,Dark Lights On,No Defects,"Two-way, Not Divided",Dry,Clear,Two o'clock,Van,Superficial,N,Moving Constant Speed,2015-03-25 19:30,69,39.31556143,-76.60954356,3,0,우회전 차선 사고,기타
1010,N,Apparently Normal,No Misuse,Y,No Injury,6616b885-31a4-44a3-a408-dc273fbacfa6,D,ADJ563000C,Shoulder/Lap Belt(s),M,aa85c625-e2fd-4fd1-85e2-ac06ae3a4d19,Same Movement Angle,N,Intersection,Right Turn Lane,Dark Lights On,No Defects,"Two-way, Not Divided",Dry,Clear,Twelve o'clock,Passenger Car,Superficial,N,Starting From Parked,2015-03-25 19:30,22,39.31556143,-76.60954356,3,0,우회전 차선 사고,기타
1011,N,Apparently Normal,No Misuse,N,No Injury,81ec9667-c729-4de1-97ea-2fd0593923c9,D,ADJ566000B,Shoulder/Lap Belt(s),F,db04915b-315c-4c7e-b903-cdc80f691094,Same Direction Rear End,N,Intersection Related,Right Turn Lane,Dark Lights On,No Defects,"Two-way, Not Divided",Dry,Clear,Six o'clock,Passenger Car,Functional,N,Stopped in Traffic Lane,2015-03-09 20:35,40,39.36240654,-76.69972211,3,3,우회전 차선 사고,동일 방향 운행 중 추돌 사고
1012,N,Apparently Normal,No Misuse,N,No Injury,904dfe6b-d663-4584-a6b5-41eaf8e87e34,D,ADJ566000B,Shoulder/Lap Belt(s),M,4714fb06-8e81-4256-8534-87bb0638e228,Same Direction Rear End,N,Intersection Related,Right Turn Lane,Dark Lights On,No Defects,"Two-way, Not Divided",Dry,Clear,Six o'clock,Passenger Car,Superficial,N,Stopped in Traffic Lane,2015-03-09 20:35,53,39.36240654,-76.69972211,3,3,우회전 차선 사고,동일 방향 운행 중 추돌 사고
1013,N,Apparently Normal,No Misuse,N,No Injury,21344880-b171-4c2a-b3cc-c45a607f3541,D,ADJ569000F,Shoulder/Lap Belt(s),F,90d4aae7-3cdc-428f-bc84-f926fc1d62bc,Same Direction Right Turn,N,Non Intersection,Acceleration Lane,Daylight,No Defects,One-way Trafficway,Dry,Clear,Eleven o'clock,Ambulance/Non Emergency,No Damage,N,Stopped in Traffic Lane,2015-03-25 10:30,41,39.29254019,-76.612553,1,2,좌회전 차선 사고,기타
1014,N,Apparently Normal,No Misuse,Y,No Injury,0b61f540-27a9-45c6-8d80-6be67bd79270,D,ADJ569000F,Shoulder/Lap Belt(s),M,e3f4b6e9-87a3-432c-8dce-c791b3101ef6,Same Direction Right Turn,N,Non Intersection,Acceleration Lane,Daylight,No Defects,One-way Trafficway,Dry,Clear,Three o'clock,Van,Superficial,N,Changing Lanes,2015-03-25 10:30,63,39.29254019,-76.612553,1,1,좌회전 차선 사고,등속 주행 사고
1015,N,Apparently Normal,No Misuse,Y,No Injury,555e3b40-348e-46e6-9431-0a06e3c11b22,D,ADJ569000G,Shoulder/Lap Belt(s),F,2d0d6b9a-3284-4866-a2f4-c5e1078b2500,Same Direction Right Turn,N,Intersection,Deceleration Lane,Daylight,No Defects,One-way Trafficway,Dry,Clear,Eleven o'clock,Passenger Car,Superficial,N,Accelerating,2015-03-31 11:00,36,39.28611315,-76.62207484,3,1,우회전 차선 사고,등속 주행 중 측면 추돌 사고
1016,N,Apparently Normal,No Misuse,N,No Injury,b26635bb-5f17-4d57-90a6-35d3c83e1e9a,D,ADJ569000G,Shoulder/Lap Belt(s),M,ad48509e-3980-4fe3-a0ba-89b67d413242,Same Direction Right Turn,N,Intersection,Deceleration Lane,Daylight,No Defects,One-way Trafficway,Dry,Clear,Three o'clock,Passenger Car,Superficial,N,Making Right Turn,2015-03-31 11:00,39,39.28611315,-76.62207484,3,1,우회전 차선 사고,등속 주행 중 측면 추돌 사고
1017,N,Apparently Normal,No Misuse,N,No Injury,dd586b31-afe9-44e8-84d3-6e12bb60b924,D,ADJ5770003,Shoulder/Lap Belt(s),M,d5adc847-cdf5-4dbc-9435-98be0a9316f5,Same Direction Rear End,N,Non Intersection,Right Turn Lane,Dark Lights On,No Defects,"Two-way, Divided, Unprotected (painted >4 feet) Median",Dry,Clear,Six o'clock,Recreational Vehicle,Functional,N,Slowing or Stopping,2015-02-11 20:54,19,39.33963306,-76.54932261,2,1,기타,등속 주행 사고
1018,N,Apparently Normal,No Misuse,N,No Injury,b7089f2d-b2da-40d7-a27f-11eab3905347,D,ADJ5770004,Shoulder/Lap Belt(s),F,7cc6e3ed-c3c6-4605-bc02-384265b5eb69,Same Direction Rear End,N,Non Intersection,Left Turn Lane,Dark Lights On,No Defects,"Two-way, Divided, Unprotected (painted >4 feet) Median",Ice,Sleet,Six o'clock,Passenger Car,Superficial,N,Slowing or Stopping,2015-02-25 18:40,67,39.36852798,-76.57388091,0,1,눈길사고,등속 주행 사고
1019,N,Apparently Normal,No Misuse,N,No Injury,05c948b3-24dd-4a52-a871-0526fbd72f16,D,ADJ5770004,Shoulder/Lap Belt(s),F,afa54f70-c0a2-4f70-96c5-78fc3b255b04,Same Direction Rear End,N,Non Intersection,Left Turn Lane,Dark Lights On,No Defects,"Two-way, Divided, Unprotected (painted >4 feet) Median",Ice,Sleet,Six o'clock,Passenger Car,Superficial,N,Stopped in Traffic Lane,2015-02-25 18:40,31,39.36852798,-76.57388091,0,1,눈길사고,등속 주행 사고
1020,N,Apparently Normal,No Misuse,Y,No Injury,78780646-a159-4502-b4d6-426118c5488b,D,ADJ5790003,Shoulder/Lap Belt(s),F,ce79dde9-cd44-44d5-a5f8-efd4c8621a0e,Angle Meets Left Turn Head On,N,Intersection,Right Turn Lane,Daylight,No Defects,"Two-way, Not Divided",Dry,Clear,Nine o'clock,Passenger Car,Functional,N,Moving Constant Speed,2015-02-12 13:44,26,39.34561544,-76.68731689,3,2,우회전 차선 사고,기타
1021,N,Apparently Normal,No Misuse,N,No Injury,57456bf2-00a1-43c5-a02a-008c9cb94dc0,D,ADJ5790003,Shoulder/Lap Belt(s),M,29f90e38-567b-438f-acf8-2c2512919bda,Angle Meets Left Turn Head On,N,Intersection,Right Turn Lane,Daylight,No Defects,"Two-way, Not Divided",Dry,Clear,Twelve o'clock,Passenger Car,Functional,N,Moving Constant Speed,2015-02-12 13:44,58,39.34561544,-76.68731689,3,2,우회전 차선 사고,기타
1022,N,Apparently Normal,No Misuse,N,No Injury,25a97757-67eb-454f-a171-c706647f0ac6,D,ADJ5790005,Shoulder/Lap Belt(s),F,53b4e86e-bf1a-4a49-a3b8-a588f79816ba,Same Direction Rear End,N,Non Intersection,Right Turn Lane,Daylight,No Defects,"Two-way, Divided, Positive Median Barrier",Ice,Blowing Snow,Eleven o'clock,Passenger Car,Superficial,N,Stopped in Traffic Lane,2015-02-21 15:08,50,39.33048009,-76.65959358,0,1,눈길사고,등속 주행 사고
1023,N,Apparently Normal,No Misuse,N,No Injury,44b5a907-54e8-4502-9d84-8603847edaff,D,ADJ6240001,Shoulder/Lap Belt(s),F,70d478a2-b1e7-4932-8724-4cf420bc4f32,Same Direction Rear End,N,Intersection Related,Left Turn Lane,Dark Lights On,No Defects,"Two-way, Divided, Unprotected (painted >4 feet) Median",Dry,Clear,Six o'clock,Passenger Car,Functional,N,Stopped in Traffic Lane,2015-01-07 23:15,53,39.33110214,-76.56156823,1,2,좌회전 차선 사고,기타
1024,N,Apparently Normal,No Misuse,Y,No Injury,eb15f854-d709-40db-b5ee-05553aea5b91,D,ADJ6240004,Shoulder/Lap Belt(s),F,b55f4573-f811-4b0f-ab81-950309824513,Same Movement Angle,N,Intersection,Left Turn Lane,Dusk,No Defects,"Two-way, Divided, Unprotected (painted >4 feet) Median",Dry,Clear,Twelve o'clock,(Sport) Utility Vehicle,Functional,N,Moving Constant Speed,2015-01-31 16:40,41,39.32361873,-76.54074222,1,0,좌회전 차선 사고,등속 주행 중 측면 추돌 사고
1025,N,Apparently Normal,No Misuse,N,Possible Incapacitating Injury,acc8d332-bed3-48d9-8f84-7bec7255b9bc,D,ADJ6240004,Shoulder/Lap Belt(s),M,cf3fbe7c-5218-40e8-9dc3-0c91a7dc28ea,Same Movement Angle,N,Intersection,Left Turn Lane,Dusk,No Defects,"Two-way, Divided, Unprotected (painted >4 feet) Median",Dry,Clear,Nine o'clock,Passenger Car,Functional,N,Accelerating,2015-01-31 16:40,64,39.32361873,-76.54074222,1,1,좌회전 차선 사고,등속 주행 사고
1026,N,Apparently Normal,No Misuse,N,No Injury,ea200ab5-92d9-4673-92c2-d11f7c958024,D,ADJ6240008,Shoulder/Lap Belt(s),F,d9b1f66f-23cf-48ce-848b-0a2b3606af2b,Same Direction Rear End Left Turn,N,Non Intersection,Right Turn Lane,Daylight,No Defects,"Two-way, Not Divided",Dry,Clear,Seven o'clock,Passenger Car,Superficial,Y,Slowing or Stopping,2015-03-10 8:30,51,39.32191937,-76.57326132,2,1,기타,등속 주행 사고
1027,N,Apparently Normal,No Misuse,N,No Injury,43e8d9df-9a0b-4acf-ac5d-e0e0e808de9c,D,ADJ6250002,Shoulder/Lap Belt(s),F,03b9bab1-32d9-4b67-89a7-294933fba39e,Same Direction Rear End,N,Non Intersection,Right Turn Lane,Daylight,No Defects,"Two-way, Not Divided",Dry,Clear,Six o'clock,Passenger Car,Superficial,N,Stopped in Traffic Lane,2015-03-02 9:22,20,39.35409031,-76.69932246,2,0,기타,자차 사고
1028,N,Apparently Normal,No Misuse,N,No Injury,f689a594-9c33-4f14-a275-52434cd354e1,D,ADJ6250002,Shoulder/Lap Belt(s),M,dc2732bb-c401-4c8e-acde-26e2567f7ea2,Same Direction Rear End,N,Non Intersection,Right Turn Lane,Daylight,No Defects,"Two-way, Not Divided",Dry,Clear,Six o'clock,Passenger Car,Superficial,N,Stopped in Traffic Lane,2015-03-02 9:22,83,39.35409031,-76.69932246,2,0,기타,자차 사고
1029,N,Apparently Normal,No Misuse,Y,No Injury,d787af0c-63f3-443f-9f4c-857ebb1235cf,D,ADJ6250002,Shoulder/Lap Belt(s),M,be237ab0-2c0a-494b-ba95-a7cf2b611c1b,Same Direction Rear End,N,Non Intersection,Right Turn Lane,Daylight,No Defects,"Two-way, Not Divided",Dry,Clear,Twelve o'clock,"Other Light Trucks (10,000 lbs (4,536 kg))",Superficial,N,Moving Constant Speed,2015-03-02 9:22,22,39.35409031,-76.69932246,2,3,기타,등속 주행 중 측면 추돌 사고
1030,N,Apparently Normal,No Misuse,Y,No Injury,9f39dae5-8fbd-478b-a84a-c5314620bb3b,D,ADJ6260004,Shoulder/Lap Belt(s),F,c459a717-71c3-49b2-ab8d-b265575c9b69,Same Movement Angle,N,Intersection,Right Turn Lane,Daylight,No Defects,"Two-way, Divided, Positive Median Barrier",Dry,Clear,Three o'clock,Passenger Car,Functional,N,Accelerating,2015-02-07 11:20,51,39.31435369,-76.5729475,3,0,우회전 차선 사고,기타
1031,N,Apparently Normal,No Misuse,N,No Injury,295cda7d-bdc6-4475-ad08-0f9021ee05b8,D,ADJ6260004,Shoulder/Lap Belt(s),M,b7ae7e5c-da19-4329-92c1-e7880e878386,Same Movement Angle,N,Intersection,Right Turn Lane,Daylight,No Defects,"Two-way, Divided, Positive Median Barrier",Dry,Clear,Twelve o'clock,Passenger Car,Functional,N,Moving Constant Speed,2015-02-07 11:20,21,39.31435369,-76.5729475,3,0,우회전 차선 사고,기타
1032,N,Apparently Normal,No Misuse,N,No Injury,ae4b0a11-0302-4897-8fd8-b7dca0eb374c,D,ADJ638000H,Shoulder/Lap Belt(s),F,5333d773-68f7-4600-a539-5032fd39f4d1,Same Movement Angle,N,Intersection,Left Turn Lane,Daylight,No Defects,"Two-way, Not Divided",Wet,Clear,Twelve o'clock,Passenger Car,Functional,N,Moving Constant Speed,2015-02-26 13:30,66,39.279573,-76.569664,4,1,빗길사고,자차 사고