KEY_INDEX,CDL_FLAG,CONDITION_CODE,EQUIP_PROB_CODE,FAULT_FLAG,INJ_SEVER_CODE,PERSON_ID,PERSON_TYPE,REPORT_NO,SAF_EQUIP_CODE,SEX_CODE,VEHICLE_ID,COLLISION_TYPE_CODE,C_M_ZONE_FLAG,JUNCTION_CODE,LANE_CODE,LIGHT_CODE,RD_COND_CODE,RD_DIV_CODE,SURF_COND_CODE,WEATHER_CODE,AREA_DAMAGED_CODE_MAIN,BODY_TYPE_CODE,DAMAGE_CODE,HIT_AND_RUN_FLAG,MOVEMENT_CODE,TIME,AGE,LATITUDE,LONGITUDE,CLUSTER,SECOND_LABEL,FIRST_LABEL,SECOND_LABELING
1252,N,Apparently Normal,No Misuse,Y,No Injury,0a3a449e-d3a9-4725-9830-85dd36be9e06,D,AE46260005,Shoulder/Lap Belt(s),F,df7ea962-8b27-426b-a9bb-89cce6e8c2bd,Single Vehicle ,N,Non Intersection,Right Turn Lane,Dark Lights On,No Defects,"Two-way, Not Divided",Ice,Clear,Two o'clock,Passenger Car,Superficial,N,Moving Constant Speed,2015-01-18 22:38,25,39.41729784,-76.54155493,2,2,기타,기타
1253,N,Apparently Normal,No Misuse,Y,No Injury,9ae5440a-c3e4-4c21-8cc3-46d7cea1186e,D,AE46260007,Shoulder/Lap Belt(s),F,eebc539b-aad6-4d1f-a4d5-a6a986f8c138,Same Direction Sideswipe,N,Non Intersection,Right Turn Lane,Dark Lights On,No Defects,"Two-way, Not Divided",Wet,Raining,One o'clock,Passenger Car,Disabling,N,Moving Constant Speed,2015-03-10 23:43,31,39.40789807,-76.53823972,4,2,빗길사고,동일 방향 운행 중 추돌 사고
1254,N,Apparently Normal,No Misuse,N,No Injury,36024472-60ca-4d5a-bfb4-fede2901d583,D,AE4652000C,Shoulder/Lap Belt(s),F,7ed7edcb-b916-4d3b-bebd-1210b78c1a23,Same Direction Sideswipe,N,Non Intersection,Right Turn Lane,Daylight,No Defects,"Two-way, Not Divided",Dry,Clear,One o'clock,Pickup Truck,Superficial,Y,Moving Constant Speed,2015-01-30 15:11,42,39.3958564,-76.52248979,2,2,기타,기타
1255,N,Apparently Normal,No Misuse,Y,No Injury,a0ff932c-d1c0-4b8d-abf7-f1ee3fb4cde7,D,AE4652000C,Shoulder/Lap Belt(s),M,d48c274f-af6a-4926-bd8b-20e2eadd03d2,Same Direction Sideswipe,N,Non Intersection,Right Turn Lane,Daylight,No Defects,"Two-way, Not Divided",Dry,Clear,Seven o'clock,Passenger Car,Superficial,Y,Changing Lanes,2015-01-30 15:11,71,39.3958564,-76.52248979,2,0,기타,자차 사고
1256,N,Apparently Normal,No Misuse,Y,No Injury,b89eae2c-9108-477a-bf94-7d107360e81e,D,AE46530005,Shoulder/Lap Belt(s),F,4e78d3da-be94-4627-b956-fdfd958820e3,Same Direction Rear End,N,Intersection Related,Left Turn Lane,Dark Lights On,No Defects,"Two-way, Divided, Positive Median Barrier",Dry,Cloudy,Twelve o'clock,Passenger Car,Disabling,N,Slowing or Stopping,2015-03-08 0:20,25,39.41600482,-76.62954211,1,3,좌회전 차선 사고,감속 중 사고
1257,N,Apparently Normal,No Misuse,N,No Injury,20e66724-181e-4067-82bd-9a6cddfdbcb2,D,AE46530005,Shoulder/Lap Belt(s),M,109b9d92-e1fb-452e-8eb4-9a7fba5718ae,Same Direction Rear End,N,Intersection Related,Left Turn Lane,Dark Lights On,No Defects,"Two-way, Divided, Positive Median Barrier",Dry,Cloudy,Six o'clock,Passenger Car,Superficial,N,Stopped in Traffic Lane,2015-03-08 0:20,19,39.41600482,-76.62954211,1,2,좌회전 차선 사고,기타
1258,N,Apparently Normal,No Misuse,Y,No Injury,c9d773bb-2baa-4a57-a566-716e8d2cc8e6,D,AE46610003,Shoulder/Lap Belt(s),F,5de2c3b5-9e99-409c-b903-34949d0be527,Same Direction Rear End,N,Non Intersection,Right Turn Lane,Daylight,No Defects,"Two-way, Not Divided",Ice,Wintry Mix,Ten o'clock,Passenger Car,Functional,N,Parked  ,2015-01-18 8:50,54,39.49761656,-76.6845274,0,1,눈길사고,등속 주행 사고
1259,N,Apparently Normal,No Misuse,N,Possible Incapacitating Injury,436a3187-595c-47d0-95fc-17491e77c94c,D,AE46610003,Shoulder/Lap Belt(s),M,d5ed14cb-398d-4322-86a0-fa54542bc196,Same Direction Rear End,N,Non Intersection,Right Turn Lane,Daylight,No Defects,"Two-way, Not Divided",Ice,Wintry Mix,Six o'clock,Police Vehicle/Emergency,Disabling,N,Stopped in Traffic Lane,2015-01-18 8:50,32,39.49761656,-76.6845274,0,1,눈길사고,등속 주행 사고
1260,N,Apparently Normal,No Misuse,Y,No Injury,d2fcd621-296a-4bf0-a978-5fc5a145ea32,D,AE4696000R,Shoulder/Lap Belt(s),F,0e16eed4-8155-42dc-b972-49623b520fc4,Same Movement Angle,N,Intersection,Left Turn Lane,Dark Lights On,No Defects,"Two-way, Divided, Unprotected (painted >4 feet) Median",Dry,Clear,Eight o'clock,(Sport) Utility Vehicle,Disabling,N,Moving Constant Speed,2015-01-14 16:40,35,39.37935946,-76.45999432,1,0,좌회전 차선 사고,등속 주행 중 측면 추돌 사고
1261,N,Apparently Normal,No Misuse,Y,No Injury,bed6ee73-3af9-4c84-8001-392c9ecf01ec,D,AE4696000R,Shoulder/Lap Belt(s),M,fe481852-004d-4f43-90a5-b7d10bc0e39e,Same Movement Angle,N,Intersection,Left Turn Lane,Dark Lights On,No Defects,"Two-way, Divided, Unprotected (painted >4 feet) Median",Dry,Clear,Two o'clock,Ambulance/Emergency,Functional,N,Accelerating,2015-01-14 16:40,49,39.37935946,-76.45999432,1,1,좌회전 차선 사고,등속 주행 사고
1262,N,Apparently Normal,No Misuse,N,No Injury,26b8c605-ea18-4703-bfe4-8b1784d7e9aa,D,AE4696000Y,Shoulder/Lap Belt(s),F,97be77ce-998b-4819-8962-46066eafa3fd,Single Vehicle ,N,Non Intersection,Right Turn Lane,Daylight,No Defects,"Two-way, Not Divided",Dry,Clear,Twelve o'clock,Passenger Car,Functional,N,Moving Constant Speed,2015-03-19 17:30,25,39.25821013,-76.51582718,2,2,기타,기타
1263,N,Apparently Normal,No Misuse,N,No Injury,86c46cd4-d422-4bb1-b7f4-35c2ba663cf5,D,AE47220007,Shoulder/Lap Belt(s),F,a5cbed5c-fc50-462f-a06d-08db6f32076c,Same Direction Rear End,N,Intersection,Right Turn Lane,Daylight,No Defects,"Two-way, Divided, Positive Median Barrier",Dry,Clear,Twelve o'clock,Passenger Car,Functional,N,Stopped in Traffic Lane,2015-01-30 8:06,42,39.40096763,-76.62888765,3,3,우회전 차선 사고,동일 방향 운행 중 추돌 사고
1264,N,Apparently Normal,No Misuse,Y,No Injury,5d33f970-54a2-4587-9b20-d7e516a1291b,D,AE47220007,Shoulder/Lap Belt(s),F,4f096c60-3737-4b0c-a286-440b937a3aaf,Same Direction Rear End,N,Intersection,Right Turn Lane,Daylight,No Defects,"Two-way, Divided, Positive Median Barrier",Dry,Clear,Twelve o'clock,Passenger Car,Functional,N,Slowing or Stopping,2015-01-30 8:06,24,39.40096763,-76.62888765,3,3,우회전 차선 사고,동일 방향 운행 중 추돌 사고
1265,N,Apparently Normal,No Misuse,Y,No Injury,90d81cd7-75f3-4af5-8955-6acee975b36a,D,AE47220007,Shoulder/Lap Belt(s),M,8bded000-72aa-4800-8a31-c73b5b9fc104,Same Direction Rear End,N,Intersection,Right Turn Lane,Daylight,No Defects,"Two-way, Divided, Positive Median Barrier",Dry,Clear,Twelve o'clock,Passenger Car,Functional,N,Slowing or Stopping,2015-01-30 8:06,40,39.40096763,-76.62888765,3,3,우회전 차선 사고,동일 방향 운행 중 추돌 사고
1266,N,Apparently Normal,No Misuse,N,No Injury,931742ab-9496-4e5c-a130-ab9091184c35,D,AE4722000B,Shoulder/Lap Belt(s),F,4f11257d-3ac9-4439-9500-eea43b26daa1,Same Movement Angle,N,Intersection,Right Turn Lane,Daylight,No Defects,"Two-way, Not Divided",Snow,Snow,Eleven o'clock,Passenger Car,Disabling,N,Moving Constant Speed,2015-02-21 16:30,41,39.38562867,-76.6853857,0,0,눈길사고,감속 중 사고
1267,N,Apparently Normal,No Misuse,Y,No Injury,cfdf130e-29c3-4e1e-ab7d-a4d1bdff492f,D,AE47270015,Shoulder/Lap Belt(s),F,bad20575-750b-455d-8214-2bef6821a191,Same Direction Left Turn,N,Non Intersection,Right Turn Lane,Daylight,No Defects,"Two-way, Not Divided",Dry,Clear,Eleven o'clock,Passenger Car,Functional,N,Starting From Parked,2015-01-05 12:55,65,39.38170633,-76.53610468,2,0,기타,자차 사고
1268,N,Apparently Normal,No Misuse,N,Possible Incapacitating Injury,bcdd1eec-c358-4559-a9b1-cf1ca3257b59,D,AE47270015,Shoulder/Lap Belt(s),M,a2b7cac5-af04-41c4-87c4-3272dd5ad585,Same Direction Left Turn,N,Non Intersection,Right Turn Lane,Daylight,No Defects,"Two-way, Not Divided",Dry,Clear,Three o'clock,Passenger Car,Disabling,N,Moving Constant Speed,2015-01-05 12:55,58,39.38170633,-76.53610468,2,2,기타,기타
1269,N,Apparently Normal,No Misuse,Y,No Injury,45bac3db-b28e-4099-ad9c-f6634e4e19d8,D,AE47270016,Shoulder/Lap Belt(s),F,409f9f00-cb41-43da-8abf-4ba4e3e5a87e,Single Vehicle ,N,Non Intersection,Right Turn Lane,Daylight,No Defects,"Two-way, Divided, Positive Median Barrier",Snow,Snow,Eleven o'clock,Passenger Car,Superficial,N,Moving Constant Speed,2015-01-06 10:30,21,39.43128738,-76.43909454,0,0,눈길사고,감속 중 사고
1270,N,Apparently Normal,No Misuse,N,No Injury,6e6cb4e2-9486-4624-a924-c3bfd06bfd1e,D,AE4727001J,Shoulder/Lap Belt(s),F,6f4e6689-69f7-4e2d-99c4-68419df9a7f5,Same Direction Rear End,N,Non Intersection,Left Turn Lane,Dark Lights On,No Defects,"Two-way, Divided, Positive Median Barrier",Dry,Clear,Six o'clock,Passenger Car,Functional,N,Stopped in Traffic Lane,2015-01-20 18:55,23,39.38487407,-76.55400038,1,2,좌회전 차선 사고,기타
1271,N,Apparently Normal,No Misuse,N,Possible Incapacitating Injury,40f63de4-6b02-4c03-a85c-c3f4a02421aa,D,AE4727001J,Shoulder/Lap Belt(s),M,f1e8d91d-822c-459d-acd9-6760ecf3f6ac,Same Direction Rear End,N,Non Intersection,Left Turn Lane,Dark Lights On,No Defects,"Two-way, Divided, Positive Median Barrier",Dry,Clear,Six o'clock,Passenger Car,Disabling,N,Stopped in Traffic Lane,2015-01-20 18:55,67,39.38487407,-76.55400038,1,2,좌회전 차선 사고,기타
1272,N,Had Been Drinking,No Misuse,Y,No Injury,2138d1b1-b816-477d-aee0-0cbc32f2cf12,D,AE4727001J,Shoulder/Lap Belt(s),M,10eb5672-314f-448b-a6bb-8b76d7bf1eeb,Same Direction Rear End,N,Non Intersection,Left Turn Lane,Dark Lights On,No Defects,"Two-way, Divided, Positive Median Barrier",Dry,Clear,Twelve o'clock,Pickup Truck,Destroyed,N,Moving Constant Speed,2015-01-20 18:55,51,39.38487407,-76.55400038,1,0,좌회전 차선 사고,등속 주행 중 측면 추돌 사고
1273,N,Apparently Normal,No Misuse,Y,No Injury,798b02b5-5183-4d78-bda5-b3351a6e2799,D,AE4727001M,Shoulder/Lap Belt(s),F,725590bf-643f-4d0c-99e6-9673ba088aff,Single Vehicle ,N,Non Intersection,Right Turn Lane,Daylight,No Defects,"Two-way, Not Divided",Dry,Clear,One o'clock,Passenger Car,Disabling,N,Moving Constant Speed,2015-01-28 14:45,37,39.40247647,-76.54436588,2,2,기타,기타
1274,N,Apparently Normal,No Misuse,N,No Injury,11aba4f5-b8dd-49fb-86ab-cf7d5df1038e,D,AE4727001N,Shoulder/Lap Belt(s),F,5ebb9017-2ed4-4f90-83fd-a8d6e8169d95,Same Direction Rear End,N,Non Intersection,Left Turn Lane,Dark Lights On,No Defects,"Two-way, Not Divided",Dry,Clear,Six o'clock,Passenger Car,Functional,N,Slowing or Stopping,2015-01-28 19:10,58,39.36751607,-76.51582718,1,3,좌회전 차선 사고,감속 중 사고
1275,N,Apparently Normal,No Misuse,Y,No Injury,5f7ccf99-cfdd-44be-a3f0-34505da757e2,D,AE4727001N,Shoulder/Lap Belt(s),F,84ea7c4e-a86d-46d6-845e-2d9d1b7db2ed,Same Direction Rear End,N,Non Intersection,Left Turn Lane,Dark Lights On,No Defects,"Two-way, Not Divided",Dry,Clear,Twelve o'clock,Pickup Truck,Disabling,N,Moving Constant Speed,2015-01-28 19:10,67,39.36751607,-76.51582718,1,0,좌회전 차선 사고,등속 주행 중 측면 추돌 사고
1276,N,Apparently Normal,No Misuse,N,No Injury,53c37538-d1a4-420d-8279-9d4cd3a794fb,D,AE4727001N,Shoulder/Lap Belt(s),M,e53fb2a8-7a03-4473-850a-e407ac1bb691,Same Direction Rear End,N,Non Intersection,Left Turn Lane,Dark Lights On,No Defects,"Two-way, Not Divided",Dry,Clear,Six o'clock,Passenger Car,Disabling,N,Slowing or Stopping,2015-01-28 19:10,37,39.36751607,-76.51582718,1,3,좌회전 차선 사고,감속 중 사고
1277,N,Apparently Normal,No Misuse,Y,No Injury,8918c200-d614-4aec-8075-5064ea4f1082,D,AE4727001Q,Shoulder/Lap Belt(s),F,0f91a31a-c0c7-4f53-b3ed-ce01acccfe1d,Same Direction Rear End,N,Intersection Related,Right Turn Lane,Daylight,No Defects,"Two-way, Not Divided",Dry,Clear,Twelve o'clock,Passenger Car,Disabling,N,Moving Constant Speed,2015-02-06 12:29,24,39.35845801,-76.52640581,3,2,우회전 차선 사고,기타
1278,N,Apparently Normal,No Misuse,N,Possible Incapacitating Injury,eb51611c-b321-499c-a5ac-0272c554bd5b,D,AE4727001Q,Shoulder/Lap Belt(s),F,0b3b0517-7251-4245-b852-2b7c00543723,Same Direction Rear End,N,Intersection Related,Right Turn Lane,Daylight,No Defects,"Two-way, Not Divided",Dry,Clear,Six o'clock,Passenger Car,Functional,N,Stopped in Traffic Lane,2015-02-06 12:29,61,39.35845801,-76.52640581,3,3,우회전 차선 사고,동일 방향 운행 중 추돌 사고
1279,N,Apparently Normal,No Misuse,Y,No Injury,37094910-0728-43d7-9473-c2efe8ad166d,D,AE4727001S,Shoulder/Lap Belt(s),F,09895b2b-9fe4-45b3-ba94-ed8eee94c302,Same Direction Rear End,N,Non Intersection,Left Turn Lane,Daylight,No Defects,"Two-way, Divided, Positive Median Barrier",Dry,Clear,Twelve o'clock,Passenger Car,Destroyed,N,Slowing or Stopping,2015-02-12 7:56,23,39.37167973,-76.51149273,1,3,좌회전 차선 사고,감속 중 사고
1280,N,Apparently Normal,No Misuse,N,Possible Incapacitating Injury,c469e251-9818-4915-a1e1-ce1288566e15,D,AE4727001S,Shoulder/Lap Belt(s),M,af905ca2-5d93-410a-9da9-98d62fcd046f,Same Direction Rear End,N,Non Intersection,Left Turn Lane,Daylight,No Defects,"Two-way, Divided, Positive Median Barrier",Dry,Clear,Six o'clock,(Sport) Utility Vehicle,Functional,N,Slowing or Stopping,2015-02-12 7:56,68,39.37167973,-76.51149273,1,3,좌회전 차선 사고,감속 중 사고
1281,N,Apparently Normal,No Misuse,N,No Injury,5ecce1d6-81eb-437e-b24f-ea644f69b5e1,D,AE4727001X,Shoulder/Lap Belt(s),F,1b2a8914-7073-47e1-88ec-f9f152bee22c,Head On Left Turn,N,Intersection Related,Right Turn Lane,Daylight,No Defects,"Two-way, Not Divided",Dry,Cloudy,Twelve o'clock,Passenger Car,Disabling,N,Moving Constant Speed,2015-02-26 15:11,27,39.37973264,-76.55500889,3,2,우회전 차선 사고,기타
1282,N,Apparently Normal,No Misuse,Y,No Injury,50ccaa3b-92cf-4d03-a8ee-7ee8f767b4c6,D,AE4727001X,Shoulder/Lap Belt(s),M,e3b5eea6-95b7-4a74-989c-53ca9e691f7d,Head On Left Turn,N,Intersection Related,Right Turn Lane,Daylight,No Defects,"Two-way, Not Divided",Dry,Cloudy,One o'clock,Passenger Car,Functional,N,Making Left Turn,2015-02-26 15:11,80,39.37973264,-76.55500889,3,1,우회전 차선 사고,등속 주행 중 측면 추돌 사고
1283,N,Apparently Normal,No Misuse,N,No Injury,00128cde-c171-4ab6-a725-c0ad2b0bb9a3,D,AE47270021,Shoulder/Lap Belt(s),F,009f8667-652b-4292-9d4f-617af9845db4,Same Direction Rear End,N,Non Intersection,Right Turn Lane,Daylight,No Defects,"Two-way, Not Divided",Wet,Clear,Six o'clock,(Sport) Utility Vehicle,Functional,N,Stopped in Traffic Lane,2015-03-06 11:24,50,39.38981613,-76.52902365,2,0,기타,자차 사고
1284,N,Apparently Normal,No Misuse,N,No Injury,d12b35af-73e8-463e-8172-88d039e23e08,D,AE47270021,Shoulder/Lap Belt(s),F,156fca5a-3bef-4d16-96e3-a3ffdfa0de08,Same Direction Rear End,N,Non Intersection,Right Turn Lane,Daylight,No Defects,"Two-way, Not Divided",Wet,Clear,Twelve o'clock,Passenger Car,Disabling,N,Stopped in Traffic Lane,2015-03-06 11:24,26,39.38981613,-76.52902365,2,0,기타,자차 사고
1285,N,Apparently Normal,No Misuse,Y,No Injury,be89561e-a5e4-49a3-9e54-5d1337c7d5fc,D,AE47270021,Shoulder/Lap Belt(s),M,f353619a-57b3-45b5-8cc0-4f492c50f721,Same Direction Rear End,N,Non Intersection,Right Turn Lane,Daylight,No Defects,"Two-way, Not Divided",Wet,Clear,Eleven o'clock,Passenger Car,Disabling,N,Moving Constant Speed,2015-03-06 11:24,27,39.38981613,-76.52902365,2,3,기타,등속 주행 중 측면 추돌 사고
1286,N,Apparently Normal,No Misuse,N,No Injury,e8a9ba1c-51e2-4f24-afc8-b81122ab33a9,D,AE47270022,Shoulder/Lap Belt(s),F,306b10ad-1fa8-411e-a78b-c017feedfc80,Same Direction Rear End,N,Non Intersection,Right Turn Lane,Daylight,No Defects,"Two-way, Not Divided",Wet,Clear,Six o'clock,(Sport) Utility Vehicle,Functional,N,Slowing or Stopping,2015-03-09 7:37,25,39.39681401,-76.52186751,2,1,기타,등속 주행 사고
1287,N,Apparently Normal,No Misuse,N,No Injury,be9dd68f-167e-4bd6-aecf-d65b17e53103,D,AE47270022,Shoulder/Lap Belt(s),M,5ba1adb6-245f-411c-bf58-e3fb035f1cb6,Same Direction Rear End,N,Non Intersection,Right Turn Lane,Daylight,No Defects,"Two-way, Not Divided",Wet,Clear,Six o'clock,Passenger Car,Functional,N,Slowing or Stopping,2015-03-09 7:37,22,39.39681401,-76.52186751,2,1,기타,등속 주행 사고
1288,N,Apparently Normal,No Misuse,Y,Possible Incapacitating Injury,a0f487e7-bf61-417b-b300-832528b70b9c,D,AE47270022,Shoulder/Lap Belt(s),M,8afd0280-b13e-4e96-8c46-18df06a3e270,Same Direction Rear End,N,Non Intersection,Right Turn Lane,Daylight,No Defects,"Two-way, Not Divided",Wet,Clear,Twelve o'clock,Passenger Car,Disabling,N,Moving Constant Speed,2015-03-09 7:37,52,39.39681401,-76.52186751,2,3,기타,등속 주행 중 측면 추돌 사고
1289,N,Apparently Normal,No Misuse,N,No Injury,78e2250f-5376-4e52-882d-bd02bf6b8ba0,D,AE47270025,Shoulder/Lap Belt(s),F,b0ac6b42-2f8e-4668-b64e-2981e8795cb4,Same Direction Rear End,N,Non Intersection,Left Turn Lane,Daylight,No Defects,"Two-way, Divided, Positive Median Barrier",Dry,Clear,Six o'clock,Passenger Car,Functional,N,Stopped in Traffic Lane,2015-03-18 17:37,25,39.38183901,-76.55574918,1,2,좌회전 차선 사고,기타
1290,N,Apparently Normal,No Misuse,Y,No Injury,ff607d5c-c508-4007-9e16-e44c55e42330,D,AE47270025,Shoulder/Lap Belt(s),F,cd5cd800-b9ff-4d99-9391-b80ef9499a23,Same Direction Rear End,N,Non Intersection,Left Turn Lane,Daylight,No Defects,"Two-way, Divided, Positive Median Barrier",Dry,Clear,Twelve o'clock,Passenger Car,Disabling,N,Moving Constant Speed,2015-03-18 17:37,27,39.38183901,-76.55574918,1,0,좌회전 차선 사고,등속 주행 중 측면 추돌 사고
1291,N,Apparently Normal,No Misuse,N,No Injury,b8c11ab9-1954-4e8a-882d-e932d6836d4e,D,AE47270027,Shoulder/Lap Belt(s),F,e76a9d6c-b7ac-47f0-afd2-6f29e83508e3,Same Movement Angle,N,Non Intersection,Left Turn Lane,Daylight,No Defects,"Two-way, Not Divided",Dry,Clear,Twelve o'clock,Passenger Car,Destroyed,N,Moving Constant Speed,2015-03-23 17:52,26,39.37242618,-76.56745434,1,0,좌회전 차선 사고,등속 주행 중 측면 추돌 사고
1292,N,Apparently Normal,No Misuse,Y,No Injury,78c2c754-15c9-44a8-9e08-4ef504fbbe7b,D,AE47270027,Shoulder/Lap Belt(s),M,0f7f48d8-c288-4e3c-bb24-7e9ae1222300,Same Movement Angle,N,Non Intersection,Left Turn Lane,Daylight,No Defects,"Two-way, Not Divided",Dry,Clear,Four o'clock,Passenger Car,Disabling,N,Starting From Lane,2015-03-23 17:52,27,39.37242618,-76.56745434,1,1,좌회전 차선 사고,등속 주행 사고
1293,N,Apparently Normal,No Misuse,N,No Injury,90960f9f-b7e7-4437-bd54-5fc48aa905c1,D,AE47350002,Shoulder/Lap Belt(s),M,e575719b-2601-4f61-bf67-4698cf81ac9b,Same Movement Angle,N,Intersection,Right Turn Lane,Dark Lights On,No Defects,"Two-way, Not Divided",Ice,Clear,Two o'clock,Passenger Car,Disabling,N,Moving Constant Speed,2015-01-24 20:44,52,39.34369881,-76.82574034,3,0,우회전 차선 사고,기타
1294,N,Apparently Normal,No Misuse,N,No Injury,2c784423-d9be-4239-aedc-ebcaf6a6f62c,D,AE4742000B,Shoulder/Lap Belt(s),F,57dc400d-9dab-41fe-9891-f2561d9e5b52,Same Direction Rear End,N,Intersection,Left Turn Lane,Daylight,No Defects,"Two-way, Not Divided",Dry,Clear,Six o'clock,Passenger Car,Superficial,N,Slowing or Stopping,2015-02-28 14:20,56,39.33997534,-76.48560673,1,3,좌회전 차선 사고,감속 중 사고
1295,N,Apparently Normal,No Misuse,Y,No Injury,f05c8b1f-f797-42c9-a9bf-6f9fcdcd0905,D,AE4742000B,Shoulder/Lap Belt(s),M,4063fdd7-1d56-43b6-b3d1-f0bb1d714aa5,Same Direction Rear End,N,Intersection,Left Turn Lane,Daylight,No Defects,"Two-way, Not Divided",Dry,Clear,Twelve o'clock,Passenger Car,Superficial,N,Accelerating,2015-02-28 14:20,33,39.33997534,-76.48560673,1,3,좌회전 차선 사고,감속 중 사고
1296,N,Apparently Normal,No Misuse,Y,No Injury,63babb36-0ec7-41f8-b15a-11f9ba09fa23,D,AE47780005,Shoulder/Lap Belt(s),F,5ace98dc-c492-47ce-ba6c-c6c335fae3a5,Same Direction Rear End,N,Intersection Related,Acceleration Lane,Daylight,No Defects,"Two-way, Divided, Positive Median Barrier",Dry,Clear,Twelve o'clock,Passenger Car,Disabling,N,Moving Constant Speed,2015-01-02 13:15,45,39.31195474,-76.74078941,1,0,좌회전 차선 사고,등속 주행 중 측면 추돌 사고
1297,N,Apparently Normal,No Misuse,N,No Injury,6c1a5be6-2f8c-45be-a5f2-05d143323239,D,AE47780005,Shoulder/Lap Belt(s),M,cc771f5d-046e-44e2-ade3-e99afe3f0997,Same Direction Rear End,N,Intersection Related,Acceleration Lane,Daylight,No Defects,"Two-way, Divided, Positive Median Barrier",Dry,Clear,Six o'clock,Passenger Car,Functional,N,Stopped in Traffic Lane,2015-01-02 13:15,27,39.31195474,-76.74078941,1,2,좌회전 차선 사고,기타
1298,N,Apparently Normal,No Misuse,N,No Injury,3cdaa97e-4d97-4f47-8fe2-ad92e2428558,D,AE47820005,Shoulder/Lap Belt(s),F,8a9ad807-ea31-4808-b18e-f6212084d45d,Same Direction Rear End,N,Intersection Related,Shoulder Area,Dark Lights On,No Defects,"Two-way, Divided, Positive Median Barrier",Dry,Clear,Six o'clock,Van,Superficial,N,Stopped in Traffic Lane,2015-02-05 22:30,59,39.3289033,-76.44053221,1,2,좌회전 차선 사고,기타
1299,N,Apparently Normal,No Misuse,Y,No Injury,349c305e-2695-4cc0-9ba3-e0179e903a2b,D,AE47870003,Shoulder/Lap Belt(s),F,3b2f8d7f-5341-47ce-9f04-ac43062eea56,Single Vehicle ,N,Non Intersection,Acceleration Lane,Daylight,No Defects,"Two-way, Divided, Positive Median Barrier",Dry,Clear,Twelve o'clock,(Sport) Utility Vehicle,Functional,N,Slowing or Stopping,2015-03-19 14:23,60,39.40109198,-76.60840631,1,3,좌회전 차선 사고,감속 중 사고
1300,N,Apparently Normal,No Misuse,N,No Injury,a6e6730c-fddb-41d5-b5ae-553ed8dba19d,D,AE47920007,Shoulder/Lap Belt(s),F,53199d4a-a311-4f47-9a1d-a722b121f3e0,Single Vehicle ,N,Non Intersection,Right Turn Lane,Daylight,No Defects,"Two-way, Not Divided",Ice,Sleet,Two o'clock,Passenger Car,Disabling,N,Moving Constant Speed,2015-01-18 12:00,21,39.46293581,-76.4687705,0,0,눈길사고,감속 중 사고
1301,N,Apparently Normal,No Misuse,N,No Injury,e86e74d8-fe3e-4fd8-b47a-c4d5fb9a2a55,D,AE4805000C,Shoulder/Lap Belt(s),F,265010da-7f7a-4198-9f96-8d998b5b6c95,Same Direction Rear End,N,Intersection,Right Turn Lane,Daylight,No Defects,"Two-way, Not Divided",Snow,Snow,Six o'clock,(Sport) Utility Vehicle,Functional,N,Slowing or Stopping,2015-02-21 14:12,26,39.35023671,-76.74895406,0,1,눈길사고,등속 주행 사고
1302,N,Apparently Normal,No Misuse,Y,No Injury,cd5f4537-11ba-4d28-8b05-cdae6e7a22b0,D,AE4805000C,Shoulder/Lap Belt(s),M,fff7d388-0210-4946-b9df-05b4ea1b9b12,Same Direction Rear End,N,Intersection,Right Turn Lane,Daylight,No Defects,"Two-way, Not Divided",Snow,Snow,Twelve o'clock,Passenger Car,Functional,N,Slowing or Stopping,2015-02-21 14:12,51,39.35023671,-76.74895406,0,1,눈길사고,등속 주행 사고
1303,N,Apparently Normal,No Misuse,N,No Injury,34d69ac4-4ec5-4a66-80b6-45ccff7c9f03,D,AE4805000D,Shoulder/Lap Belt(s),F,b7dce13c-9878-4e77-80ea-dfcf6781cefe,Same Direction Rear End,N,Intersection,Right Turn Lane,Dark Lights On,No Defects,"Two-way, Not Divided",Wet,Clear,Six o'clock,Passenger Car,Superficial,N,Stopped in Traffic Lane,2015-03-07 21:30,32,39.47860557,-76.9317627,3,3,우회전 차선 사고,동일 방향 운행 중 추돌 사고
1304,N,Apparently Normal,No Misuse,N,No Injury,18c7fb08-bb51-4ac9-bce5-bb4779f4c6ac,D,AE4807000B,Shoulder/Lap Belt(s),F,cfaa5118-33b2-4609-8bf1-4d6557252e49,Same Direction Rear End,N,Intersection Related,Left Turn Lane,Daylight,No Defects,"Two-way, Divided, Positive Median Barrier",Dry,Clear,Six o'clock,Passenger Car,Superficial,N,Stopped in Traffic Lane,2015-03-23 8:00,59,39.33818094,-76.48044348,1,2,좌회전 차선 사고,기타
1305,N,Apparently Normal,No Misuse,N,No Injury,1d974445-0809-4a4e-bfee-8249cfa34445,D,AE48080005,Shoulder/Lap Belt(s),F,912303b1-edea-4562-b70d-b48478568d4f,Head On Left Turn,N,Intersection,Right Turn Lane,Dark Lights On,No Defects,"Two-way, Divided, Positive Median Barrier",Dry,Clear,Five o'clock,Passenger Car,Disabling,N,Making Left Turn,2015-02-11 5:59,76,39.39947534,-76.54631853,3,1,우회전 차선 사고,등속 주행 중 측면 추돌 사고