KEY_INDEX,CDL_FLAG,CONDITION_CODE,EQUIP_PROB_CODE,FAULT_FLAG,INJ_SEVER_CODE,PERSON_ID,PERSON_TYPE,REPORT_NO,SAF_EQUIP_CODE,SEX_CODE,VEHICLE_ID,COLLISION_TYPE_CODE,C_M_ZONE_FLAG,JUNCTION_CODE,LANE_CODE,LIGHT_CODE,RD_COND_CODE,RD_DIV_CODE,SURF_COND_CODE,WEATHER_CODE,AREA_DAMAGED_CODE_MAIN,BODY_TYPE_CODE,DAMAGE_CODE,HIT_AND_RUN_FLAG,MOVEMENT_CODE,TIME,AGE,LATITUDE,LONGITUDE,CLUSTER,SECOND_LABEL,FIRST_LABEL,SECOND_LABELING
1306,N,Apparently Normal,No Misuse,N,No Injury,85ef8b79-b193-42fa-ab6c-1cc97822e69b,D,AE48270008,Shoulder/Lap Belt(s),F,b0ab3641-a5fc-41e1-b030-101d99d7f375,Same Direction Rear End,N,Intersection,Right Turn Lane,Daylight,No Defects,"Two-way, Not Divided",Wet,Raining,Six o'clock,Passenger Car,Superficial,N,Stopped in Traffic Lane,2015-01-18 9:56,41,39.38463359,-76.58004999,4,3,빗길사고,기타
1307,N,Apparently Normal,No Misuse,N,No Injury,cfb69693-44b2-4a28-ad3b-0eb39e33a205,D,AE4839000D,Shoulder/Lap Belt(s),F,1e7807a4-e3aa-4a78-b104-d2103d22a68e,Same Direction Sideswipe,N,Non Intersection,Left Turn Lane,Dark Lights On,No Defects,"Two-way, Divided, Positive Median Barrier",Dry,Clear,Nine o'clock,Passenger Car,Functional,N,Moving Constant Speed,2015-03-06 23:15,60,39.3868725,-76.52734995,1,0,좌회전 차선 사고,등속 주행 중 측면 추돌 사고
1308,N,Apparently Normal,No Misuse,N,No Injury,a1869c38-ae6f-4fd7-9bfc-5038074b8004,D,AE4839000F,Shoulder/Lap Belt(s),F,d215c8ab-8fec-404a-9a93-83287999bd99,Same Direction Rear End,N,Intersection Related,Right Turn Lane,Daylight,No Defects,"Two-way, Divided, Positive Median Barrier",Dry,Clear,Six o'clock,Passenger Car,Functional,N,Moving Constant Speed,2015-03-09 12:35,46,39.33155893,-76.4372921,3,2,우회전 차선 사고,기타
1309,N,Apparently Normal,No Misuse,Y,No Injury,ac3b8276-b611-4fbe-b803-14c404602f05,D,AE4839000F,Shoulder/Lap Belt(s),M,a3aa2445-853e-4372-a0cc-7b32faec6b31,Same Direction Rear End,N,Intersection Related,Right Turn Lane,Daylight,No Defects,"Two-way, Divided, Positive Median Barrier",Dry,Clear,Twelve o'clock,Pickup Truck,Superficial,Y,Moving Constant Speed,2015-03-09 12:35,23,39.33155893,-76.4372921,3,2,우회전 차선 사고,기타
1310,N,Apparently Normal,No Misuse,Y,No Injury,4758ca82-173e-40c5-bece-8f585d319f63,D,AE4839000G,Shoulder/Lap Belt(s),F,4299cc8d-c9f7-44b2-b105-ac565d64ee74,Same Movement Angle,N,Intersection,Left Turn Lane,Daylight,No Defects,"Two-way, Divided, Unprotected (painted >4 feet) Median",Wet,Raining,Eleven o'clock,Passenger Car,Functional,N,Making Left Turn,2015-03-14 13:22,27,39.35291641,-76.45357847,4,1,빗길사고,자차 사고
1311,N,Apparently Normal,No Misuse,N,No Injury,27902f6b-9a60-495e-9a1a-8e524ca3ea5c,D,AE4839000G,Shoulder/Lap Belt(s),M,ddea6734-eecb-4194-a862-56e4fa9cc7a8,Same Movement Angle,N,Intersection,Left Turn Lane,Daylight,No Defects,"Two-way, Divided, Unprotected (painted >4 feet) Median",Wet,Raining,One o'clock,Pickup Truck,Functional,N,Slowing or Stopping,2015-03-14 13:22,52,39.35291641,-76.45357847,4,1,빗길사고,자차 사고
1312,N,Apparently Normal,No Misuse,Y,No Injury,1447dfec-8a1a-4846-9714-42f4e5867331,D,AE48470005,Shoulder/Lap Belt(s),F,b25539eb-b104-46df-8c6e-207754064014,Same Direction Sideswipe,N,Non Intersection,Right Turn Lane,Daylight,No Defects,"Two-way, Not Divided",Dry,Clear,One o'clock,Station Wagon,Disabling,N,Accelerating,2015-02-17 14:03,79,39.26085182,-76.4916873,2,0,기타,자차 사고
1313,N,Apparently Normal,No Misuse,Y,No Injury,a46fe5bc-1eea-40cc-910e-1e61f47e3179,D,AE4852000M,Shoulder/Lap Belt(s),F,7777ddd4-58f4-46f0-99d6-d287ab7eef5a,Same Direction Right Turn,N,Intersection,Left Turn Lane,Daylight,No Defects,"Two-way, Not Divided",Dry,Clear,Two o'clock,Ambulance/Emergency,Superficial,N,Slowing or Stopping,2015-03-24 8:48,35,39.35042753,-76.74920082,1,3,좌회전 차선 사고,감속 중 사고
1314,N,Apparently Normal,No Misuse,Y,No Injury,8c52b66c-e153-43cb-864b-388fe44531c9,D,AE4860000D,Shoulder/Lap Belt(s),F,8edbd3d8-d0ff-415f-9dc1-4b21564aa805,Single Vehicle ,N,Non Intersection,Right Turn Lane,Daylight,No Defects,"Two-way, Not Divided",Slush,Snow,Twelve o'clock,Passenger Car,Disabling,N,Moving Constant Speed,2015-01-06 13:06,27,39.45788297,-76.40584588,0,0,눈길사고,감속 중 사고
1315,N,Apparently Normal,No Misuse,N,No Injury,c0287696-215c-440a-b03d-5266149bcee0,D,AE48800044,Shoulder/Lap Belt(s),F,e3279502-c976-4cbf-8fbf-27b5146a11ae,Same Movement Angle,N,Intersection,Right Turn Lane,Daylight,No Defects,"Two-way, Divided, Positive Median Barrier",Dry,Clear,Twelve o'clock,Passenger Car,Functional,N,Moving Constant Speed,2015-01-07 8:15,25,39.402576,-76.446143,3,0,우회전 차선 사고,기타
1316,N,Apparently Normal,No Misuse,Y,No Injury,9c192253-11b3-4152-a5b6-6353a07d603b,D,AE48800044,Shoulder/Lap Belt(s),M,3ece005b-43be-46f8-950c-54ca15a62b50,Same Movement Angle,N,Intersection,Right Turn Lane,Daylight,No Defects,"Two-way, Divided, Positive Median Barrier",Dry,Clear,Eight o'clock,Passenger Car,Functional,N,Accelerating,2015-01-07 8:15,57,39.402576,-76.446143,3,0,우회전 차선 사고,기타
1317,N,Apparently Normal,No Misuse,Y,No Injury,f44b5ec4-d6b8-4e6d-8447-9f40e514c465,D,AE48800046,Shoulder/Lap Belt(s),F,cfefaf5e-c632-4daa-830f-071fd944c667,Same Direction Rear End,N,Intersection Related,Right Turn Lane,Daylight,No Defects,"Two-way, Not Divided",Dry,Clear,Twelve o'clock,(Sport) Utility Vehicle,Disabling,N,Moving Constant Speed,2015-01-08 9:43,28,39.338051,-76.505844,3,2,우회전 차선 사고,기타
1318,N,Apparently Normal,No Misuse,N,No Injury,dce0ff6e-74ab-4774-9a4c-4b339be346c5,D,AE48800046,Shoulder/Lap Belt(s),M,3cbf4fe6-aa1e-4a15-b927-cf3bc956720b,Same Direction Rear End,N,Intersection Related,Right Turn Lane,Daylight,No Defects,"Two-way, Not Divided",Dry,Clear,Six o'clock,Pickup Truck,Superficial,N,Stopped in Traffic Lane,2015-01-08 9:43,50,39.338051,-76.505844,3,3,우회전 차선 사고,동일 방향 운행 중 추돌 사고
1319,N,Apparently Normal,No Misuse,N,No Injury,4e58a6cf-7cd8-404b-bc83-f4ac0384da34,D,AE48800047,Shoulder/Lap Belt(s),F,f17d09ee-1bc8-47b5-81c8-aa8b1b848b86,Same Direction Rear End,N,Intersection,Acceleration Lane,Daylight,No Defects,"Two-way, Divided, Positive Median Barrier",Dry,Clear,Six o'clock,Pickup Truck,No Damage,N,Making Right Turn,2015-01-09 11:04,37,39.371823,-76.511275,1,3,좌회전 차선 사고,감속 중 사고
1320,N,Apparently Normal,No Misuse,Y,No Injury,c754d2a8-9a9c-4282-85af-927a40ade6db,D,AE48800047,Shoulder/Lap Belt(s),F,59122c1a-3c1b-48fc-b96b-05ee5878a0fd,Same Direction Rear End,N,Intersection,Acceleration Lane,Daylight,No Defects,"Two-way, Divided, Positive Median Barrier",Dry,Clear,Twelve o'clock,(Sport) Utility Vehicle,Disabling,N,Slowing or Stopping,2015-01-09 11:04,77,39.371823,-76.511275,1,3,좌회전 차선 사고,감속 중 사고
1321,N,Apparently Normal,No Misuse,N,Non-incapacitating Injury,c986f53a-70cd-4a88-a36e-66b7ca3ce692,D,AE48800047,Shoulder/Lap Belt(s),M,95a45a23-5412-4315-93a2-119fa95f9855,Same Direction Rear End,N,Intersection,Acceleration Lane,Daylight,No Defects,"Two-way, Divided, Positive Median Barrier",Dry,Clear,Six o'clock,Passenger Car,Superficial,N,Slowing or Stopping,2015-01-09 11:04,29,39.371823,-76.511275,1,3,좌회전 차선 사고,감속 중 사고
1322,N,Apparently Normal,No Misuse,N,No Injury,67785072-1714-4e98-b771-727b0c024600,D,AE48800048,Shoulder/Lap Belt(s),F,eae0fa95-565a-417e-b497-27a1e15ca146,Head On Left Turn,N,Intersection,Right Turn Lane,Daylight,No Defects,"Two-way, Not Divided",Wet,Raining,Twelve o'clock,Passenger Car,Functional,N,Moving Constant Speed,2015-01-12 10:58,26,39.331605,-76.526913,4,2,빗길사고,동일 방향 운행 중 추돌 사고
1323,N,Apparently Normal,No Misuse,Y,No Injury,b0fa4d4c-5d39-4ac4-9f9f-bb8c9221c33e,D,AE48800048,Shoulder/Lap Belt(s),F,258e1997-2a9a-4f61-8b3c-3feaa0d073b0,Head On Left Turn,N,Intersection,Right Turn Lane,Daylight,No Defects,"Two-way, Not Divided",Wet,Raining,Two o'clock,Passenger Car,Disabling,N,Making Left Turn,2015-01-12 10:58,61,39.331605,-76.526913,4,0,빗길사고,등속 주행 중 사고
1324,N,Apparently Normal,No Misuse,N,No Injury,1820bbb1-99fa-479b-a016-acfc711dc574,D,AE4880004B,Shoulder/Lap Belt(s),F,6475a8a4-4b51-4f7f-97b5-5b57209deea7,Same Movement Angle,N,Intersection,Right Turn Lane,Daylight,No Defects,"Two-way, Not Divided",Dry,Clear,Twelve o'clock,(Sport) Utility Vehicle,Functional,N,Accelerating,2015-01-15 10:49,77,39.412844,-76.463904,3,0,우회전 차선 사고,기타
1325,N,Apparently Normal,No Misuse,Y,No Injury,84cab804-2a97-47e3-99c6-38bafcd2e14b,D,AE4880004B,Shoulder/Lap Belt(s),F,1898fbfa-75a9-4c4c-9e54-b45770f714a0,Same Movement Angle,N,Intersection,Right Turn Lane,Daylight,No Defects,"Two-way, Not Divided",Dry,Clear,Four o'clock,(Sport) Utility Vehicle,Superficial,N,Moving Constant Speed,2015-01-15 10:49,49,39.412844,-76.463904,3,0,우회전 차선 사고,기타
1326,N,Apparently Normal,No Misuse,Y,No Injury,dd8a1cc5-7c6c-4d18-b266-8725096f8a22,D,AE4880004C,Shoulder/Lap Belt(s),F,0797cb45-2521-4383-b30f-69b56cc3ddef,Same Direction Rear End,N,Non Intersection,Right Turn Lane,Daylight,No Defects,"Two-way, Not Divided",Dry,Clear,Twelve o'clock,Passenger Car,Functional,N,Moving Constant Speed,2015-01-16 8:08,60,39.346955,-76.507807,2,3,기타,등속 주행 중 측면 추돌 사고
1327,N,Apparently Normal,No Misuse,N,No Injury,bd52924a-6086-42c1-923a-8ea96ccc6c5c,D,AE4880004C,Shoulder/Lap Belt(s),M,f881154a-d189-4ea4-a874-abe7383824b5,Same Direction Rear End,N,Non Intersection,Right Turn Lane,Daylight,No Defects,"Two-way, Not Divided",Dry,Clear,Six o'clock,Passenger Car,Superficial,N,Stopped in Traffic Lane,2015-01-16 8:08,49,39.346955,-76.507807,2,0,기타,자차 사고
1328,N,Apparently Normal,No Misuse,N,No Injury,0b1fb01b-3d93-4105-b9eb-dc4fcff3a728,D,AE4880004G,Shoulder/Lap Belt(s),F,48b84425-a47c-462d-b08b-b644c560c50d,Head On Left Turn,N,Intersection,Right Turn Lane,Dark Lights On,No Defects,"Two-way, Divided, Positive Median Barrier",Wet,Clear,Twelve o'clock,Passenger Car,Functional,N,Moving Constant Speed,2015-01-20 18:38,53,39.368408,-76.451894,4,2,빗길사고,동일 방향 운행 중 추돌 사고
1329,N,Apparently Normal,No Misuse,Y,No Injury,86d25fbd-d06c-4443-82e2-5a7e50005b34,D,AE4880004G,Shoulder/Lap Belt(s),F,e14fcad0-0fa0-4d14-a9b1-766249410d80,Head On Left Turn,N,Intersection,Right Turn Lane,Dark Lights On,No Defects,"Two-way, Divided, Positive Median Barrier",Wet,Clear,Four o'clock,Passenger Car,Functional,N,Making Left Turn,2015-01-20 18:38,36,39.368408,-76.451894,4,0,빗길사고,등속 주행 중 사고
1330,N,Apparently Normal,No Misuse,N,No Injury,6193e8f8-f48f-472f-a2de-00d128260e9b,D,AE4880004J,Shoulder/Lap Belt(s),F,70d62cd0-abcf-4ada-895e-484046de406f,Same Movement Angle,N,Intersection,Right Turn Lane,Daylight,No Defects,"Two-way, Not Divided",Dry,Clear,Twelve o'clock,(Sport) Utility Vehicle,Superficial,N,Moving Constant Speed,2015-01-22 16:43,23,39.335544,-76.49912,3,0,우회전 차선 사고,기타
1331,N,Apparently Normal,No Misuse,Y,No Injury,91a588b9-69db-4fe2-a460-e87637a4114e,D,AE4880004J,Shoulder/Lap Belt(s),F,077f6758-ec84-44d8-9a3e-e3b6afe12755,Same Movement Angle,N,Intersection,Right Turn Lane,Daylight,No Defects,"Two-way, Not Divided",Dry,Clear,Eight o'clock,Passenger Car,Functional,N,Making Left Turn,2015-01-22 16:43,31,39.335544,-76.49912,3,0,우회전 차선 사고,기타
1332,N,Apparently Normal,No Misuse,Y,No Injury,46f04d4c-9d66-4bd8-8d81-01bafe08fca2,D,AE4880004M,Shoulder/Lap Belt(s),F,e863ed43-e5e2-48e3-bbf2-8fdc2bb7192f,Same Movement Angle,N,Intersection,Right Turn Lane,Daylight,No Defects,"Two-way, Not Divided",Wet,Snow,Twelve o'clock,Passenger Car,Disabling,N,Making Left Turn,2015-01-26 13:30,37,39.372654,-76.457334,4,1,빗길사고,자차 사고
1333,N,Apparently Normal,No Misuse,N,No Injury,29214f73-8b8e-43af-9550-cedb34a97f40,D,AE4880004M,Shoulder/Lap Belt(s),M,222359b7-ee4e-4d27-ac29-bf55e3b9490e,Same Movement Angle,N,Intersection,Right Turn Lane,Daylight,No Defects,"Two-way, Not Divided",Wet,Snow,Two o'clock,Passenger Car,Superficial,N,Moving Constant Speed,2015-01-26 13:30,50,39.372654,-76.457334,4,1,빗길사고,자차 사고
1334,N,Apparently Normal,No Misuse,N,No Injury,8fe9d679-fff2-4763-8b18-1d8807b358b2,D,AE4880004N,Shoulder/Lap Belt(s),F,aff9f069-a935-451d-975f-eda7665b0d62,Same Direction Rear End,N,Intersection Related,Left Turn Lane,Daylight,No Defects,"Two-way, Divided, Positive Median Barrier",Dry,Cloudy,Six o'clock,Passenger Car,Functional,N,Stopped in Traffic Lane,2015-01-27 8:36,23,39.314365,-76.521795,1,2,좌회전 차선 사고,기타
1335,N,Apparently Normal,No Misuse,Y,No Injury,fda59f23-ebf7-4730-9ed7-96bd5bbfe33c,D,AE4880004N,Shoulder/Lap Belt(s),F,2c8c2acf-0490-41a3-92b2-2125649cbfbc,Same Direction Rear End,N,Intersection Related,Left Turn Lane,Daylight,No Defects,"Two-way, Divided, Positive Median Barrier",Dry,Cloudy,Twelve o'clock,Passenger Car,Functional,N,Moving Constant Speed,2015-01-27 8:36,39,39.314365,-76.521795,1,0,좌회전 차선 사고,등속 주행 중 측면 추돌 사고
1336,N,Apparently Normal,No Misuse,N,No Injury,162ed61b-7520-4ca9-b64e-e5ff3dcfa85f,D,AE4880004Q,Shoulder/Lap Belt(s),F,108ec51a-a0cc-48ba-aa92-840c5d2e15c6,Same Direction Right Turn,N,Intersection Related,Right Turn Lane,Daylight,No Defects,"Two-way, Divided, Positive Median Barrier",Dry,Clear,Two o'clock,Van,Superficial,N,Making Right Turn,2015-01-29 8:08,52,39.382207,-76.471162,3,1,우회전 차선 사고,등속 주행 중 측면 추돌 사고
1337,N,Apparently Normal,No Misuse,Y,No Injury,b3d9e130-3e58-402f-8c59-31ff89f74f88,D,AE4880004Q,Shoulder/Lap Belt(s),M,bb593537-c813-442f-b9f5-98b2c20309a5,Same Direction Right Turn,N,Intersection Related,Right Turn Lane,Daylight,No Defects,"Two-way, Divided, Positive Median Barrier",Dry,Clear,Eleven o'clock,Passenger Car,Functional,N,Passing,2015-01-29 8:08,35,39.382207,-76.471162,3,1,우회전 차선 사고,등속 주행 중 측면 추돌 사고
1338,N,Apparently Normal,No Misuse,N,No Injury,9240bc00-30df-4269-bbd6-ab2c4f02815c,D,AE4880004V,Shoulder/Lap Belt(s),F,ab97fa2d-94c3-4ce2-ac46-bd0f1da64dd5,Same Direction Rear End,N,Intersection Related,Right Turn Lane,Daylight,No Defects,"Two-way, Not Divided",Dry,Clear,Twelve o'clock,(Sport) Utility Vehicle,Functional,N,Stopped in Traffic Lane,2015-02-04 10:23,68,39.360905,-76.453734,3,3,우회전 차선 사고,동일 방향 운행 중 추돌 사고
1339,N,Apparently Normal,No Misuse,N,No Injury,2a8d0c04-01e7-423f-a643-79820a2ddcf6,D,AE4880004V,Shoulder/Lap Belt(s),F,722bf376-f0fd-404c-9f3e-dae976e0f8ef,Same Direction Rear End,N,Intersection Related,Right Turn Lane,Daylight,No Defects,"Two-way, Not Divided",Dry,Clear,Six o'clock,Pickup Truck,Superficial,N,Stopped in Traffic Lane,2015-02-04 10:23,34,39.360905,-76.453734,3,3,우회전 차선 사고,동일 방향 운행 중 추돌 사고
1340,N,Apparently Normal,No Misuse,Y,No Injury,a7ee8080-259c-49c9-ab44-4e8ee0c19be8,D,AE4880004V,Shoulder/Lap Belt(s),F,a4173b1e-063e-4d77-b908-29f03731d5c6,Same Direction Rear End,N,Intersection Related,Right Turn Lane,Daylight,No Defects,"Two-way, Not Divided",Dry,Clear,Twelve o'clock,Passenger Car,Disabling,N,Slowing or Stopping,2015-02-04 10:23,31,39.360905,-76.453734,3,3,우회전 차선 사고,동일 방향 운행 중 추돌 사고
1341,N,Apparently Normal,No Misuse,N,No Injury,52febb4b-c9a1-4ef2-8adf-b0c0cfb7a849,D,AE4880004W,Shoulder/Lap Belt(s),F,92b90588-227e-4895-9ed7-c48b3f39606f,Same Movement Angle,N,Intersection,Left Turn Lane,Daylight,No Defects,"Two-way, Not Divided",Dry,Cloudy,Twelve o'clock,Passenger Car,Disabling,N,Moving Constant Speed,2015-02-05 7:40,45,39.41169,-76.44783,1,0,좌회전 차선 사고,등속 주행 중 측면 추돌 사고
1342,N,Apparently Normal,No Misuse,N,Non-incapacitating Injury,139c9e71-f5a5-4074-b16b-6109ec725bcc,D,AE4880004W,Shoulder/Lap Belt(s),M,0abc355c-d3f8-4b3c-8965-ba57d08e6956,Same Movement Angle,N,Intersection,Left Turn Lane,Daylight,No Defects,"Two-way, Not Divided",Dry,Cloudy,Eleven o'clock,Truck Tractor,Destroyed,N,Moving Constant Speed,2015-02-05 7:40,62,39.41169,-76.44783,1,0,좌회전 차선 사고,등속 주행 중 측면 추돌 사고
1343,N,Apparently Normal,No Misuse,Y,Possible Incapacitating Injury,207a5054-9843-4146-b3c5-8ec28afec127,D,AE4880004W,Shoulder/Lap Belt(s),M,24604249-cdad-4d86-9c72-f9182de2e6fb,Same Movement Angle,N,Intersection,Left Turn Lane,Daylight,No Defects,"Two-way, Not Divided",Dry,Cloudy,One o'clock,Passenger Car,Destroyed,N,Accelerating,2015-02-05 7:40,51,39.41169,-76.44783,1,1,좌회전 차선 사고,등속 주행 사고
1344,N,Apparently Normal,No Misuse,Y,No Injury,137b91e3-1dc1-4207-9733-258735056ed7,D,AE48800050,Shoulder/Lap Belt(s),F,67d5f4de-1433-4c5b-a4e3-a1323c03a667,Same Direction Left Turn,N,Non Intersection,Left Turn Lane,Daylight,No Defects,"Two-way, Not Divided",Dry,Clear,Eleven o'clock,Passenger Car,Superficial,N,Slowing or Stopping,2015-02-12 17:15,56,39.336669,-76.491121,1,3,좌회전 차선 사고,감속 중 사고
1345,N,Apparently Normal,No Misuse,N,No Injury,5c1fc787-aed9-4537-9fcc-180f12aeee92,D,AE48800050,Shoulder/Lap Belt(s),M,bbffadf9-6720-4c00-9888-ac494568807b,Same Direction Left Turn,N,Non Intersection,Left Turn Lane,Daylight,No Defects,"Two-way, Not Divided",Dry,Clear,Three o'clock,Passenger Car,Superficial,N,Moving Constant Speed,2015-02-12 17:15,28,39.336669,-76.491121,1,0,좌회전 차선 사고,등속 주행 중 측면 추돌 사고
1346,N,Apparently Normal,No Misuse,Y,No Injury,8e2b582e-f672-4bb5-8987-b4840bf31700,D,AE48800051,Shoulder/Lap Belt(s),F,5e2ec57b-a2ab-4f5d-8660-4a69c75a10af,Same Direction Left Turn,N,Non Intersection,Right Turn Lane,Daylight,No Defects,"Two-way, Not Divided",Dry,Clear,Nine o'clock,Passenger Car,Functional,N,Changing Lanes,2015-02-13 14:56,41,39.340193,-76.485422,2,0,기타,자차 사고
1347,N,Apparently Normal,No Misuse,N,No Injury,b75a22da-ce97-4fb3-bbe2-da40eff79f10,D,AE48800051,Shoulder/Lap Belt(s),M,21791afc-1eb1-4acf-a45b-40b0b48418a6,Same Direction Left Turn,N,Non Intersection,Right Turn Lane,Daylight,No Defects,"Two-way, Not Divided",Dry,Clear,One o'clock,Passenger Car,Functional,N,Moving Constant Speed,2015-02-13 14:56,62,39.340193,-76.485422,2,2,기타,기타
1348,N,Apparently Normal,No Misuse,Y,No Injury,56aa438b-9c89-45ee-a3ad-88117c37deed,D,AE48800054,Shoulder/Lap Belt(s),F,a859ae2c-eae6-4ed3-b960-34b171d5a1c6,Same Direction Rear End,N,Intersection Related,Right Turn Lane,Daylight,No Defects,"Two-way, Not Divided",Dry,Clear,Twelve o'clock,Passenger Car,Disabling,N,Moving Constant Speed,2015-02-18 7:43,18,39.332725,-76.493287,3,2,우회전 차선 사고,기타
1349,N,Apparently Normal,No Misuse,N,No Injury,99561075-f412-4dd7-b017-1ddc069176cf,D,AE48800054,Shoulder/Lap Belt(s),M,88a8ac49-f986-47d1-8ab3-96f8e68e54b3,Same Direction Rear End,N,Intersection Related,Right Turn Lane,Daylight,No Defects,"Two-way, Not Divided",Dry,Clear,Six o'clock,Passenger Car,Superficial,N,Stopped in Traffic Lane,2015-02-18 7:43,29,39.332725,-76.493287,3,3,우회전 차선 사고,동일 방향 운행 중 추돌 사고
1350,N,Apparently Normal,No Misuse,N,No Injury,47a2ae00-b682-42c4-9d54-4b546909c95b,D,AE48800056,Shoulder/Lap Belt(s),F,7f18d574-7a13-461e-9124-1cd755705996,Same Direction Left Turn,N,Non Intersection,Right Turn Lane,Daylight,No Defects,"Two-way, Not Divided",Dry,Cloudy,Two o'clock,Passenger Car,Disabling,N,Moving Constant Speed,2015-02-20 11:06,72,39.351904,-76.476007,2,2,기타,기타
1351,N,Apparently Normal,No Misuse,Y,No Injury,99c0c7d0-cdcb-400c-a43f-9152febfda8a,D,AE48800056,Shoulder/Lap Belt(s),M,2d2ed6f6-c0b1-4a97-ae7c-37ce34e315e1,Same Direction Left Turn,N,Non Intersection,Right Turn Lane,Daylight,No Defects,"Two-way, Not Divided",Dry,Cloudy,Eleven o'clock,Passenger Car,Disabling,N,Starting From Parked,2015-02-20 11:06,25,39.351904,-76.476007,2,0,기타,자차 사고
1352,N,Apparently Normal,No Misuse,N,No Injury,80de8445-1b7f-4cab-b741-8404253a363a,D,AE4880005D,Shoulder/Lap Belt(s),F,2a942fc0-da9b-41dc-9e74-ec85ac341b1b,Same Direction Sideswipe,N,Non Intersection,Left Turn Lane,Daylight,No Defects,"Two-way, Divided, Positive Median Barrier",Dry,Cloudy,Two o'clock,(Sport) Utility Vehicle,Superficial,N,Moving Constant Speed,2015-02-27 8:30,36,39.312509,-76.453283,1,0,좌회전 차선 사고,등속 주행 중 측면 추돌 사고
1353,N,Apparently Normal,No Misuse,N,No Injury,79420bef-6a3e-4010-ad4b-1d3469838aed,D,AE4880005F,Shoulder/Lap Belt(s),F,8e0ad274-dd17-458a-9c69-caa22b1e74ea,Same Direction Rear End,N,Intersection Related,Right Turn Lane,Daylight,No Defects,"Two-way, Divided, Positive Median Barrier",Dry,Clear,Six o'clock,Passenger Car,Functional,N,Stopped in Traffic Lane,2015-02-27 11:33,34,39.333998,-76.485642,3,3,우회전 차선 사고,동일 방향 운행 중 추돌 사고
1354,N,Apparently Normal,No Misuse,Y,No Injury,ae5dd8a1-410e-47a2-b5b5-dec403f0395c,D,AE4880005F,Shoulder/Lap Belt(s),M,a696e8b7-012b-42bf-bf4c-f0a2ee3c2d0c,Same Direction Rear End,N,Intersection Related,Right Turn Lane,Daylight,No Defects,"Two-way, Divided, Positive Median Barrier",Dry,Clear,Twelve o'clock,Van,Functional,N,Moving Constant Speed,2015-02-27 11:33,36,39.333998,-76.485642,3,2,우회전 차선 사고,기타
1355,N,Apparently Normal,No Misuse,N,No Injury,de57a805-51c2-4b25-88b6-dd7787f1050f,D,AE4880005J,Shoulder/Lap Belt(s),F,7e8dc6bc-f587-4c77-86d3-0f954dbdbaba,Same Direction Rear End,N,Intersection Related,Right Turn Lane,Dark - Unknown Lighting,No Defects,"Two-way, Not Divided",Dry,Clear,Six o'clock,Passenger Car,Functional,N,Slowing or Stopping,2015-03-02 20:50,25,39.40308,-76.416465,3,3,우회전 차선 사고,동일 방향 운행 중 추돌 사고
1356,N,Apparently Normal,No Misuse,N,No Injury,bd0759e1-4c52-4ab8-98d1-329438a9c704,D,AE4880005N,Shoulder/Lap Belt(s),F,89613088-df85-4bf6-ae0d-ad9ed9c2912e,Same Direction Rear End,N,Intersection Related,Left Turn Lane,Daylight,No Defects,"Two-way, Divided, Positive Median Barrier",Wet,Raining,Six o'clock,Passenger Car,Superficial,N,Stopped in Traffic Lane,2015-03-04 15:06,61,39.379851,-76.471353,4,3,빗길사고,기타
1357,N,Apparently Normal,No Misuse,N,No Injury,2c5b460c-9166-4aa8-8df9-0b0ff2adfc67,D,AE4880005N,Shoulder/Lap Belt(s),F,8f498b1c-3033-4f90-9765-c6687c820112,Same Direction Rear End,N,Intersection Related,Left Turn Lane,Daylight,No Defects,"Two-way, Divided, Positive Median Barrier",Wet,Raining,Six o'clock,Passenger Car,Superficial,N,Stopped in Traffic Lane,2015-03-04 15:06,22,39.379851,-76.471353,4,3,빗길사고,기타
1358,N,Apparently Normal,No Misuse,Y,No Injury,c1cacf1c-fbe3-40bb-9642-064d73226ead,D,AE4880005S,Shoulder/Lap Belt(s),F,e788e9cc-1cdc-4845-9499-f674f5bc0004,Same Movement Angle,N,Intersection,Left Turn Lane,Daylight,No Defects,"Two-way, Divided, Positive Median Barrier",Dry,Clear,Twelve o'clock,Passenger Car,Functional,N,Making Left Turn,2015-03-06 14:40,60,39.325983,-76.49767,1,1,좌회전 차선 사고,등속 주행 사고
1359,N,Apparently Normal,No Misuse,N,No Injury,b88d4cef-9390-43ee-876e-50ff18766824,D,AE4880005S,Shoulder/Lap Belt(s),M,77203848-a89f-4a25-b00f-1a975aaa1839,Same Movement Angle,N,Intersection,Left Turn Lane,Daylight,No Defects,"Two-way, Divided, Positive Median Barrier",Dry,Clear,Three o'clock,Passenger Car,Functional,N,Moving Constant Speed,2015-03-06 14:40,42,39.325983,-76.49767,1,0,좌회전 차선 사고,등속 주행 중 측면 추돌 사고
1360,N,Apparently Normal,No Misuse,Y,No Injury,885fee33-b5d1-48e2-8859-93bb9567946d,D,AE4880005X,Shoulder/Lap Belt(s),F,8b12ab8e-2923-4592-9145-e4863db1a10a,Head On Left Turn,N,Intersection,Right Turn Lane,Daylight,No Defects,"Two-way, Not Divided",Dry,Clear,Four o'clock,Passenger Car,Disabling,N,Making Left Turn,2015-03-09 11:21,19,39.366855,-76.449239,3,1,우회전 차선 사고,등속 주행 중 측면 추돌 사고