KEY_INDEX,CDL_FLAG,CONDITION_CODE,EQUIP_PROB_CODE,FAULT_FLAG,INJ_SEVER_CODE,PERSON_ID,PERSON_TYPE,REPORT_NO,SAF_EQUIP_CODE,SEX_CODE,VEHICLE_ID,COLLISION_TYPE_CODE,C_M_ZONE_FLAG,JUNCTION_CODE,LANE_CODE,LIGHT_CODE,RD_COND_CODE,RD_DIV_CODE,SURF_COND_CODE,WEATHER_CODE,AREA_DAMAGED_CODE_MAIN,BODY_TYPE_CODE,DAMAGE_CODE,HIT_AND_RUN_FLAG,MOVEMENT_CODE,TIME,AGE,LATITUDE,LONGITUDE,CLUSTER,SECOND_LABEL,FIRST_LABEL,SECOND_LABELING
1361,N,Apparently Normal,No Misuse,N,No Injury,01012f48-39f1-41e3-8959-dd7a1833dc2a,D,AE4880005X,Shoulder/Lap Belt(s),M,28209947-77b6-4f6f-a0d2-cae1e9c5c743,Head On Left Turn,N,Intersection,Right Turn Lane,Daylight,No Defects,"Two-way, Not Divided",Dry,Clear,Twelve o'clock,Pickup Truck,Disabling,N,Moving Constant Speed,2015-03-09 11:21,61,39.366855,-76.449239,3,2,우회전 차선 사고,기타
1362,N,Apparently Normal,No Misuse,N,No Injury,a623651f-731f-4db7-94d5-da42f4ac9641,D,AE4880005Z,Shoulder/Lap Belt(s),F,7bffc968-83f1-4258-b11a-32a8247d294f,Same Direction Right Turn,N,Intersection,Left Turn Lane,Daylight,No Defects,"Two-way, Divided, Positive Median Barrier",Dry,Clear,Eleven o'clock,Passenger Car,Superficial,N,Making Right Turn,2015-03-11 11:40,44,39.350598,-76.485148,1,1,좌회전 차선 사고,등속 주행 사고
1363,N,Apparently Normal,No Misuse,N,No Injury,24de9be9-04cf-4f74-86e8-477c74e9faa6,D,AE4880006B,Shoulder/Lap Belt(s),F,43af6e83-8a03-4f57-9f01-c4fbe9189191,Head On Left Turn,N,Commercial Driveway,Left Turn Lane,Daylight,No Defects,"Two-way, Divided, Positive Median Barrier",Wet,Snow,Twelve o'clock,Passenger Car,Functional,N,Moving Constant Speed,2015-03-20 12:31,84,39.336713,-76.479958,4,2,빗길사고,동일 방향 운행 중 추돌 사고
1364,N,Apparently Normal,No Misuse,Y,No Injury,8b6a5a5f-8e57-411e-8263-98892a5688bc,D,AE4880006B,Shoulder/Lap Belt(s),F,fe816d22-027c-4543-89eb-c6e2db2f0835,Head On Left Turn,N,Commercial Driveway,Left Turn Lane,Daylight,No Defects,"Two-way, Divided, Positive Median Barrier",Wet,Snow,Four o'clock,Passenger Car,Functional,N,Making Left Turn,2015-03-20 12:31,34,39.336713,-76.479958,4,0,빗길사고,등속 주행 중 사고
1365,N,Apparently Normal,No Misuse,N,No Injury,cff1754b-81c2-4a44-8486-b3a95c3c4b59,D,AE4880006C,Shoulder/Lap Belt(s),F,e9c29346-853c-486d-a309-d7e7fcf35231,Same Direction Rear End,N,Non Intersection,Acceleration Lane,Daylight,No Defects,"Two-way, Divided, Positive Median Barrier",Dry,Clear,Six o'clock,Passenger Car,Superficial,N,Slowing or Stopping,2015-03-23 17:22,27,39.338475,-76.479344,1,3,좌회전 차선 사고,감속 중 사고
1366,N,Apparently Normal,No Misuse,N,No Injury,1550b5d7-c25e-4e82-bc3d-dd6c25254c38,D,AE4880006L,Shoulder/Lap Belt(s),F,7e3cf382-a764-42ba-ba33-d1a24732c8a6,Same Direction Rear End,N,Intersection Related,Right Turn Lane,Daylight,No Defects,"Two-way, Not Divided",Dry,Cloudy,Six o'clock,Van,Superficial,N,Stopped in Traffic Lane,2015-03-31 8:13,37,39.335393,-76.492795,3,3,우회전 차선 사고,동일 방향 운행 중 추돌 사고
1367,N,Apparently Normal,No Misuse,Y,No Injury,d0c96810-beac-438d-b524-b820ba3e7059,D,AE4880006L,Shoulder/Lap Belt(s),M,02a3cac2-d61c-41e5-a69a-9c3a7527a9fe,Same Direction Rear End,N,Intersection Related,Right Turn Lane,Daylight,No Defects,"Two-way, Not Divided",Dry,Cloudy,Twelve o'clock,Passenger Car,Superficial,N,Slowing or Stopping,2015-03-31 8:13,28,39.335393,-76.492795,3,3,우회전 차선 사고,동일 방향 운행 중 추돌 사고
1368,N,Apparently Normal,No Misuse,N,Non-incapacitating Injury,cacfcfa4-104c-40cc-ab1e-8a5c3be9ac6a,D,AE4880006L,Shoulder/Lap Belt(s),M,a7241bca-9479-4378-a787-d2b943d4c034,Same Direction Rear End,N,Intersection Related,Right Turn Lane,Daylight,No Defects,"Two-way, Not Divided",Dry,Cloudy,Six o'clock,Passenger Car,Superficial,N,Stopped in Traffic Lane,2015-03-31 8:13,38,39.335393,-76.492795,3,3,우회전 차선 사고,동일 방향 운행 중 추돌 사고
1369,N,Apparently Normal,No Misuse,N,No Injury,3cf2dc37-a0ef-4181-8b79-f382a872640e,D,AE48920015,Shoulder/Lap Belt(s),F,a467fe3e-fcfd-40d2-8dc0-c8bf93142f09,Same Direction Rear End,N,Intersection,Right Turn Lane,Dark Lights On,No Defects,"Two-way, Not Divided",Wet,Cloudy,Six o'clock,(Sport) Utility Vehicle,Functional,N,Stopped in Traffic Lane,2015-02-05 18:10,35,39.532661,-76.646268,4,3,빗길사고,기타
1370,N,Apparently Normal,No Misuse,N,Non-incapacitating Injury,05564e98-e477-4a43-a983-f15250ebfe50,D,AE48920015,Shoulder/Lap Belt(s),F,dcfefbc6-3880-426d-adeb-b777929c6832,Same Direction Rear End,N,Intersection,Right Turn Lane,Dark Lights On,No Defects,"Two-way, Not Divided",Wet,Cloudy,Six o'clock,(Sport) Utility Vehicle,Disabling,N,Stopped in Traffic Lane,2015-02-05 18:10,42,39.532661,-76.646268,4,3,빗길사고,기타
1371,N,Apparently Normal,No Misuse,Y,No Injury,a39dcece-c26b-48e1-8ee8-3b31a4c3551d,D,AE48920015,Shoulder/Lap Belt(s),M,d7ff3937-aa71-4bf2-8988-bbd42e7ef3af,Same Direction Rear End,N,Intersection,Right Turn Lane,Dark Lights On,No Defects,"Two-way, Not Divided",Wet,Cloudy,Twelve o'clock,Pickup Truck,Disabling,N,Moving Constant Speed,2015-02-05 18:10,40,39.532661,-76.646268,4,2,빗길사고,동일 방향 운행 중 추돌 사고
1372,N,Apparently Normal,No Misuse,Y,No Injury,449809ab-f339-41d4-a7b6-95f960866cd3,D,AE4892001H,Shoulder/Lap Belt(s),F,1455ca4e-fc94-4a71-a522-e664272c7b90,Same Direction Rear End,N,Non Intersection,Left Turn Lane,Daylight,No Defects,"Two-way, Not Divided",Dry,Clear,Twelve o'clock,Passenger Car,Functional,N,Moving Constant Speed,2015-03-13 13:14,62,39.439561,-76.625653,1,0,좌회전 차선 사고,등속 주행 중 측면 추돌 사고
1373,N,Apparently Normal,No Misuse,N,No Injury,202f3f80-53e2-4532-ae73-6b50604ae307,D,AE4892001H,Shoulder/Lap Belt(s),M,33cf8394-7f09-4e8d-a16e-51b8c60b0d37,Same Direction Rear End,N,Non Intersection,Left Turn Lane,Daylight,No Defects,"Two-way, Not Divided",Dry,Clear,Six o'clock,Pickup Truck,Functional,N,Slowing or Stopping,2015-03-13 13:14,77,39.439561,-76.625653,1,3,좌회전 차선 사고,감속 중 사고
1374,N,Apparently Normal,No Misuse,Y,No Injury,a6d829bf-b232-44f2-8377-4ea5ff91c66d,D,AE49220004,Shoulder/Lap Belt(s),F,a39fc894-7fac-4d3f-862a-eea5c371d1bf,Single Vehicle ,N,Non Intersection,Acceleration Lane,Dark Lights On,No Defects,"Two-way, Divided, Positive Median Barrier",Snow,Snow,Twelve o'clock,Passenger Car,Disabling,N,Moving Constant Speed,2015-02-14 20:57,37,39.30715661,-76.44937277,0,0,눈길사고,감속 중 사고
1375,N,Apparently Normal,No Misuse,N,No Injury,633e656a-f9be-4985-8286-3856a3d74725,D,AE49220005,Shoulder/Lap Belt(s),F,c0758b5d-5435-4d40-815d-8e162045ca40,Opposite Direction Sideswipe,N,Intersection,Right Turn Lane,Dark Lights On,No Defects,"Two-way, Not Divided",Dry,Clear,Eight o'clock,Passenger Car,Superficial,N,Moving Constant Speed,2015-03-02 21:25,55,39.30584495,-76.44160509,3,2,우회전 차선 사고,기타
1376,N,Apparently Normal,No Misuse,Y,No Injury,36d936f6-dece-4801-96c2-0589fa0ba184,D,AE49220005,Shoulder/Lap Belt(s),F,3286130b-6dc7-4b12-b2e3-5b68566fbe21,Opposite Direction Sideswipe,N,Intersection,Right Turn Lane,Dark Lights On,No Defects,"Two-way, Not Divided",Dry,Clear,Twelve o'clock,Passenger Car,Superficial,Y,Accelerating,2015-03-02 21:25,32,39.30584495,-76.44160509,3,1,우회전 차선 사고,등속 주행 중 측면 추돌 사고
1377,N,Apparently Normal,No Misuse,N,No Injury,b50e0708-557a-466d-8b02-a82684bad5c0,D,AE4926000C,Shoulder/Lap Belt(s),F,c33638be-ac95-45d2-bd9c-371a470c3364,Same Direction Rear End,N,Intersection Related,Acceleration Lane,Daylight,No Defects,"Two-way, Divided, Positive Median Barrier",Ice,Wintry Mix,Six o'clock,Passenger Car,Superficial,N,Stopped in Traffic Lane,2015-01-18 8:56,38,39.40192931,-76.78333998,0,1,눈길사고,등속 주행 사고
1378,N,Apparently Normal,No Misuse,Y,No Injury,26a53679-a217-461f-822d-dc6741d2826a,D,AE4926000C,Shoulder/Lap Belt(s),M,35911032-18b2-41b9-a947-5f245668ddc3,Same Direction Rear End,N,Intersection Related,Acceleration Lane,Daylight,No Defects,"Two-way, Divided, Positive Median Barrier",Ice,Wintry Mix,Eleven o'clock,Passenger Car,Disabling,N,Moving Constant Speed,2015-01-18 8:56,35,39.40192931,-76.78333998,0,3,눈길사고,자차 사고
1379,N,Apparently Normal,No Misuse,Y,No Injury,c766eae6-0203-48fa-a6ad-b57829fce3f5,D,AE49270006,Shoulder/Lap Belt(s),F,950bbd9b-6e2e-47cb-8e37-3d656edab90c,Same Direction Sideswipe,N,Non Intersection,Right Turn Lane,Daylight,No Defects,"Two-way, Not Divided",Wet,Raining,Twelve o'clock,Passenger Car,Disabling,N,Moving Constant Speed,2015-01-24 10:50,21,39.37430885,-76.53236032,4,2,빗길사고,동일 방향 운행 중 추돌 사고
1380,N,Apparently Normal,No Misuse,Y,No Injury,4daac96f-ce3a-441b-85a0-a6ef62e88756,D,AE49330004,Shoulder/Lap Belt(s),F,b32b8caa-a0c1-4226-abbe-f5c219d44897,Single Vehicle ,N,Non Intersection,Right Turn Lane,Dark Lights On,No Defects,"Two-way, Divided, Positive Median Barrier",Dry,Clear,Twelve o'clock,Passenger Car,Disabling,N,Moving Constant Speed,2015-01-01 2:29,46,39.41376686,-76.45082116,2,2,기타,기타
1381,N,Apparently Normal,No Misuse,Y,No Injury,ec1b2e6d-6996-4bc9-9592-554bc3f9b540,D,AE49650004,Shoulder/Lap Belt(s),F,981b76d2-6cee-4569-bc72-35b0eb606067,Same Direction Right Turn,N,Non Intersection,Shoulder Area,Dark Lights On,No Defects,"Two-way, Not Divided",Snow,Blowing Snow,Two o'clock,Passenger Car,Functional,N,Changing Lanes,2015-03-05 20:43,24,39.26751584,-76.49741113,0,2,눈길사고,미끌어짐에 의한 사고
1382,N,Apparently Normal,No Misuse,N,No Injury,5b88018d-1de1-4c48-aa76-f474bdcea4f4,D,AE49650004,Shoulder/Lap Belt(s),M,84885a92-c6ba-4300-ba8f-6b6f9373d0c4,Same Direction Right Turn,N,Non Intersection,Shoulder Area,Dark Lights On,No Defects,"Two-way, Not Divided",Snow,Blowing Snow,Twelve o'clock,Pickup Truck,Superficial,N,Moving Constant Speed,2015-03-05 20:43,23,39.26751584,-76.49741113,0,0,눈길사고,감속 중 사고
1383,N,Apparently Normal,No Misuse,N,No Injury,87cb611b-1d60-4969-9ce7-53ad3cfb2ddc,D,AE49810003,Shoulder/Lap Belt(s),F,33fb5c88-c95d-4102-9f1e-217b22cf347f,Head On,N,Intersection Related,Right Turn Lane,Daylight,No Defects,"Two-way, Not Divided",Dry,Clear,Twelve o'clock,Passenger Car,Superficial,N,Slowing or Stopping,2015-01-29 14:22,55,39.28810194,-76.52851939,3,1,우회전 차선 사고,등속 주행 중 측면 추돌 사고
1384,N,Apparently Normal,No Misuse,N,No Injury,bd58fb44-480c-46cc-9f31-4f3bf357ab8c,D,AE49980022,Shoulder/Lap Belt(s),F,ca52cd7c-5e7c-47e2-b908-7c17c37622a5,Same Direction Rear End Right Turn,N,Intersection,Right Turn Lane,Dark Lights On,No Defects,"Two-way, Not Divided",Dry,Clear,Four o'clock,Passenger Car,Functional,N,Making Right Turn,2015-02-20 19:19,23,39.37488939,-76.56830192,3,1,우회전 차선 사고,등속 주행 중 측면 추돌 사고
1385,N,Apparently Normal,No Misuse,N,No Injury,9cd763c7-58b8-4413-b4c6-01ee11f93c1e,D,AE49980027,Shoulder/Lap Belt(s),F,066b30e3-b599-4631-82b8-5ec1cde2888a,Same Direction Rear End,N,Intersection,Right Turn Lane,Daylight,No Defects,"Two-way, Not Divided",Dry,Cloudy,Six o'clock,School Bus,Superficial,N,Stopped in Traffic Lane,2015-03-30 8:02,56,39.38265169,-76.57094121,3,3,우회전 차선 사고,동일 방향 운행 중 추돌 사고
1386,N,Apparently Normal,No Misuse,Y,No Injury,d1290d10-23eb-444e-8deb-5c41118d7b1f,D,AE50090006,Shoulder/Lap Belt(s),F,3344a699-9e09-4963-bb47-495c415f53e5,Single Vehicle ,N,Intersection,Left Turn Lane,Dark Lights On,No Defects,"Two-way, Divided, Positive Median Barrier",Ice,Clear,Twelve o'clock,Passenger Car,Disabling,N,Moving Constant Speed,2015-01-23 1:14,63,39.25643234,-76.46220446,1,0,좌회전 차선 사고,등속 주행 중 측면 추돌 사고
1387,N,Apparently Normal,No Misuse,N,No Injury,e59bfedf-7d74-4ea6-beb1-7231ac29aab6,D,AE50140007,Shoulder/Lap Belt(s),F,96c721b6-26da-42d3-a68d-c4359593aa85,Same Direction Rear End,N,Non Intersection,Right Turn Lane,Dark Lights On,No Defects,"Two-way, Not Divided",Dry,Clear,Six o'clock,Passenger Car,Disabling,N,Slowing or Stopping,2015-02-07 1:20,29,39.3124777,-76.7131412,2,1,기타,등속 주행 사고
1388,N,Apparently Normal,No Misuse,Y,No Injury,d775c988-e07c-4a0e-bd3f-dfade5b6f6e4,D,AE50140007,Shoulder/Lap Belt(s),M,2ee22a17-4fcd-4d4a-885a-937b76c29e26,Same Direction Rear End,N,Non Intersection,Right Turn Lane,Dark Lights On,No Defects,"Two-way, Not Divided",Dry,Clear,Twelve o'clock,(Sport) Utility Vehicle,Disabling,N,Moving Constant Speed,2015-02-07 1:20,50,39.3124777,-76.7131412,2,3,기타,등속 주행 중 측면 추돌 사고
1389,N,Apparently Normal,No Misuse,Y,No Injury,ebe39a74-f44a-4476-bae5-0312918aa938,D,AE50230007,Shoulder/Lap Belt(s),F,527bfea6-33c8-4649-94de-2736975b2efe,Same Direction Sideswipe,N,Non Intersection,Right Turn Lane,Dark Lights On,No Defects,One-way Trafficway,Dry,Clear,One o'clock,Van,Disabling,Y,Moving Constant Speed,2015-02-08 2:31,34,39.35819255,-76.52784348,2,2,기타,기타
1390,N,Apparently Normal,No Misuse,N,No Injury,8b07fbef-fe37-4eba-8654-ff1d12b49ac1,D,AE50690001,Shoulder/Lap Belt(s),F,bdc0507a-eeeb-44d8-89ed-b75d8b14ec7b,Same Direction Sideswipe,N,Non Intersection,Left Turn Lane,Daylight,No Defects,"Two-way, Divided, Positive Median Barrier",Dry,Clear,Eleven o'clock,Passenger Car,Superficial,N,Moving Constant Speed,2015-02-19 15:20,48,39.40656965,-76.79667056,1,0,좌회전 차선 사고,등속 주행 중 측면 추돌 사고
1391,N,Apparently Normal,No Misuse,N,No Injury,61187373-72c9-45d3-9e42-b336c401fa52,D,AE5070000D,Shoulder/Lap Belt(s),F,f23f4f20-355b-4689-bd87-2095a8c95260,Head On Left Turn,N,Intersection,Acceleration Lane,Dark Lights On,No Defects,"Two-way, Not Divided",Dry,Clear,Twelve o'clock,Passenger Car,Superficial,N,Moving Constant Speed,2015-02-12 20:59,50,39.35052709,-76.48513198,3,2,우회전 차선 사고,기타
1392,N,Apparently Normal,No Misuse,Y,No Injury,52f61762-9ae0-41fc-99d4-c12be083cf28,D,AE5070000D,Shoulder/Lap Belt(s),F,f28aac8c-b3e9-461b-b997-bf1bb9aa45fb,Head On Left Turn,N,Intersection,Acceleration Lane,Dark Lights On,No Defects,"Two-way, Not Divided",Dry,Clear,One o'clock,Passenger Car,Disabling,N,Making Left Turn,2015-02-12 20:59,47,39.35052709,-76.48513198,3,1,우회전 차선 사고,등속 주행 중 측면 추돌 사고
1393,N,Apparently Normal,No Misuse,N,No Injury,b1cfabdc-9d66-42e8-bae4-a0e97b69d7e7,D,AE51040006,Shoulder/Lap Belt(s),F,900618af-ef20-4cb9-879a-3f72abb10467,Same Direction Rear End,N,Intersection Related,Right Turn Lane,Dark Lights On,No Defects,"Two-way, Not Divided",Dry,Clear,Six o'clock,(Sport) Utility Vehicle,Superficial,N,Stopped in Traffic Lane,2015-02-28 21:18,54,39.30700718,-76.47937059,3,3,우회전 차선 사고,동일 방향 운행 중 추돌 사고
1394,N,Apparently Normal,No Misuse,N,No Injury,3bfcfd90-20d1-4967-84b3-d65e8d4509f9,D,AE5138000T,Shoulder/Lap Belt(s),F,50fb32fa-62e2-428a-bf6c-b005facd4aad,Same Movement Angle,N,Intersection,Left Turn Lane,Daylight,No Defects,"Two-way, Divided, Positive Median Barrier",Dry,Clear,Seven o'clock,Police Vehicle/Emergency,Functional,N,Slowing or Stopping,2015-03-27 16:15,25,39.31303801,-76.46413296,1,1,좌회전 차선 사고,등속 주행 사고
1395,N,Apparently Normal,No Misuse,Y,No Injury,7cf95d46-cedf-41dc-b89a-2816a939eb1d,D,AE5138000T,Shoulder/Lap Belt(s),M,380cf501-913a-428f-8faf-eb6876152958,Same Movement Angle,N,Intersection,Left Turn Lane,Daylight,No Defects,"Two-way, Divided, Positive Median Barrier",Dry,Clear,Twelve o'clock,(Sport) Utility Vehicle,Functional,N,Changing Lanes,2015-03-27 16:15,27,39.31303801,-76.46413296,1,1,좌회전 차선 사고,등속 주행 사고
1396,N,Apparently Normal,No Misuse,N,No Injury,13d24aa5-59c4-40b4-8fe6-b78b373483bf,D,AE51480006,Shoulder/Lap Belt(s),F,483d3e2e-f3b1-430e-bb49-04ffb9db0b69,Same Direction Rear End,N,Non Intersection,Right Turn Lane,Daylight,No Defects,"Two-way, Not Divided",Wet,Raining,Six o'clock,Passenger Car,Functional,N,Parked  ,2015-01-03 15:07,28,39.4394577,-76.80454016,4,3,빗길사고,기타
1397,N,Apparently Normal,No Misuse,Y,No Injury,82049f62-e832-4c44-8f5c-812e382e94ab,D,AE51480006,Shoulder/Lap Belt(s),M,ec5d44a3-71c4-4165-8007-de70cd87233d,Same Direction Rear End,N,Non Intersection,Right Turn Lane,Daylight,No Defects,"Two-way, Not Divided",Wet,Raining,Twelve o'clock,Pickup Truck,Functional,N,Slowing or Stopping,2015-01-03 15:07,77,39.4394577,-76.80454016,4,3,빗길사고,기타
1398,N,Apparently Normal,No Misuse,Y,No Injury,50637998-a5bd-429c-afed-ff855dba2c22,D,AE51480008,Shoulder/Lap Belt(s),F,ddc621ab-f25f-4b6b-84b9-d230e9b7c783,Single Vehicle ,N,Non Intersection,Right Turn Lane,Daylight,No Defects,"Two-way, Not Divided",Ice,Raining,Underside,(Sport) Utility Vehicle,Superficial,N,Moving Constant Speed,2015-01-12 8:54,25,39.54427743,-76.80297375,0,0,눈길사고,감속 중 사고
1399,N,Apparently Normal,No Misuse,N,No Injury,7170fb48-f3e6-400d-aeb4-ea1fb886cb94,D,AE51550006,Shoulder/Lap Belt(s),F,7504e0a3-138b-45df-a73f-5bb68630f151,Same Movement Angle,N,Intersection,Right Turn Lane,Dark Lights On,No Defects,"Two-way, Not Divided",Dry,Clear,Four o'clock,Passenger Car,Functional,N,Making Left Turn,2015-02-11 18:25,28,39.30374458,-76.44276381,3,0,우회전 차선 사고,기타
1400,N,Apparently Normal,No Misuse,Y,No Injury,e61c239a-8fb3-4fb1-8859-0780d2b02cfb,D,AE5156000C,Shoulder/Lap Belt(s),M,b1af7688-0efd-43a6-a801-6bd71e117c55,Same Direction Rear End,N,Non Intersection,Acceleration Lane,Daylight,No Defects,"Two-way, Divided, Unprotected (painted >4 feet) Median",Dry,Clear,Six o'clock,Station Wagon,Functional,N,Slowing or Stopping,2015-01-31 14:22,58,39.37971605,-76.47388816,1,3,좌회전 차선 사고,감속 중 사고
1401,N,Apparently Normal,No Misuse,N,No Injury,7730c997-be70-43a8-ad7a-79731b78ee43,D,AE51580007,Shoulder/Lap Belt(s),F,ef1d2bdc-3641-41a5-9f5f-76afc0538883,Same Movement Angle,N,Intersection,Right Turn Lane,Daylight,No Defects,"Two-way, Not Divided",Wet,Cloudy,Twelve o'clock,(Sport) Utility Vehicle,Superficial,N,Moving Constant Speed,2015-03-11 7:58,56,39.26223909,-76.70715451,4,1,빗길사고,자차 사고
1402,N,Apparently Normal,No Misuse,Y,No Injury,53fe2c0b-8e85-485f-9a99-c149ea77f98a,D,AE51580007,Shoulder/Lap Belt(s),M,0407c7aa-4452-4994-8a2b-aad17cda4862,Same Movement Angle,N,Intersection,Right Turn Lane,Daylight,No Defects,"Two-way, Not Divided",Wet,Cloudy,Two o'clock,Van,Disabling,N,Making Left Turn,2015-03-11 7:58,69,39.26223909,-76.70715451,4,1,빗길사고,자차 사고
1403,N,Apparently Normal,No Misuse,N,No Injury,d4412ec3-23d2-4883-89c7-38b465baa84f,D,AE5193000P,Shoulder/Lap Belt(s),F,8ba3efd1-8a11-446e-bdf7-ded1e0e01282,Same Movement Angle,N,Intersection,Right Turn Lane,Dark Lights On,No Defects,"Two-way, Not Divided",Dry,Clear,Four o'clock,Passenger Car,Superficial,N,Moving Constant Speed,2015-01-02 22:30,28,39.46111352,-76.81426048,3,0,우회전 차선 사고,기타
1404,N,Apparently Normal,No Misuse,N,No Injury,60afead9-c572-49a5-aabf-de0d4f527ce1,D,AE52090009,Shoulder/Lap Belt(s),F,daa40d44-021b-4b6d-b8ae-cf2b3da200ae,Same Direction Sideswipe,N,Intersection,Right Turn Lane,Daylight,No Defects,"Two-way, Not Divided",Dry,Cloudy,Four o'clock,Passenger Car,Functional,N,Stopped in Traffic Lane,2015-01-14 10:24,52,39.31296746,-76.74996257,3,1,우회전 차선 사고,등속 주행 중 측면 추돌 사고
1405,N,Apparently Normal,No Misuse,Y,No Injury,d3c71f43-fa73-405f-8444-dfe726ec83c4,D,AE52140004,Shoulder/Lap Belt(s),F,11e22e33-3653-48a0-991d-5db725bc6d1a,Single Vehicle ,N,Non Intersection,Right Turn Lane,Dark No Lights,No Defects,"Two-way, Not Divided",Wet,Snow,Twelve o'clock,(Sport) Utility Vehicle,Disabling,N,Moving Constant Speed,2015-01-06 5:28,45,39.33256306,-76.52193189,0,0,눈길사고,감속 중 사고
1406,N,Apparently Normal,No Misuse,N,No Injury,7990952d-6d7b-4938-975b-812a206e5b60,D,AE52150005,Shoulder/Lap Belt(s),F,a096e921-cf48-4925-93d5-545ce83d7485,Same Direction Rear End,N,Intersection,Right Turn Lane,Dark No Lights,No Defects,"Two-way, Not Divided",Dry,Clear,Five o'clock,Passenger Car,Superficial,N,Starting From Lane,2015-02-04 18:00,21,39.3408694,-76.39815331,3,3,우회전 차선 사고,동일 방향 운행 중 추돌 사고
1407,N,Apparently Normal,No Misuse,N,No Injury,93985f48-04c0-4a09-989f-4eff48ac08a5,D,AE5230000C,Shoulder/Lap Belt(s),F,b2ddeb36-83ec-4e66-b1a0-a6893c592262,Same Direction Rear End,N,Intersection Related,Right Turn Lane,Dark No Lights,No Defects,"Two-way, Divided, Positive Median Barrier",Dry,Clear,Six o'clock,Passenger Car,Superficial,N,Accelerating,2015-01-15 18:11,52,39.27354384,-76.75426483,3,3,우회전 차선 사고,동일 방향 운행 중 추돌 사고
1408,N,Apparently Normal,No Misuse,Y,No Injury,fe09eddb-e9b6-405c-b783-ec78b49505c5,D,AE5230000C,Shoulder/Lap Belt(s),F,22e5480a-c337-413a-960b-b49302785e05,Same Direction Rear End,N,Intersection Related,Right Turn Lane,Dark No Lights,No Defects,"Two-way, Divided, Positive Median Barrier",Dry,Clear,Twelve o'clock,Passenger Car,Disabling,N,Moving Constant Speed,2015-01-15 18:11,25,39.27354384,-76.75426483,3,2,우회전 차선 사고,기타
1409,N,Apparently Normal,No Misuse,N,No Injury,fdaf3bd9-f98d-496c-a65d-13e9be46de12,D,AE5230000C,Shoulder/Lap Belt(s),M,058e9d19-398a-4fce-86d9-7663b1de44b5,Same Direction Rear End,N,Intersection Related,Right Turn Lane,Dark No Lights,No Defects,"Two-way, Divided, Positive Median Barrier",Dry,Clear,Six o'clock,Passenger Car,Functional,N,Accelerating,2015-01-15 18:11,57,39.27354384,-76.75426483,3,3,우회전 차선 사고,동일 방향 운행 중 추돌 사고
1410,N,Apparently Normal,No Misuse,N,No Injury,da74f0e8-73c0-434f-a765-da0fab169581,D,AE5230000J,Shoulder/Lap Belt(s),F,3eadd776-aa42-4a21-bc01-79841b0e1ce1,Same Direction Rear End,N,Intersection Related,Acceleration Lane,Daylight,No Defects,"Two-way, Divided, Positive Median Barrier",Dry,Clear,Six o'clock,Passenger Car,Functional,N,Stopped in Traffic Lane,2015-03-25 11:51,69,39.2882265,-76.73109055,1,2,좌회전 차선 사고,기타
1411,N,Apparently Normal,No Misuse,Y,No Injury,405de07a-7b87-4c78-9bc3-acf83aeaecc9,D,AE5230000J,Shoulder/Lap Belt(s),M,01730cde-09d9-443a-9679-689759e4b701,Same Direction Rear End,N,Intersection Related,Acceleration Lane,Daylight,No Defects,"Two-way, Divided, Positive Median Barrier",Dry,Clear,Twelve o'clock,Pickup Truck,Functional,N,Slowing or Stopping,2015-03-25 11:51,53,39.2882265,-76.73109055,1,3,좌회전 차선 사고,감속 중 사고
1412,N,Apparently Normal,No Misuse,Y,No Injury,df1f67ed-c757-48ab-83bf-9c287d94ac15,D,AE5243000C,Shoulder/Lap Belt(s),F,887ca34e-e863-41d6-8148-9bf0ec583839,Same Movement Angle,N,Intersection,Right Turn Lane,Daylight,No Defects,"Two-way, Not Divided",Dry,Clear,Four o'clock,Passenger Car,Disabling,N,Accelerating,2015-03-22 9:44,39,39.2618985,-76.73643351,3,0,우회전 차선 사고,기타
1413,N,Apparently Normal,No Misuse,N,No Injury,8609eeef-fbca-4a3a-adc0-2ae730cea011,D,AE5243000C,Shoulder/Lap Belt(s),M,4c8d6d89-5711-4702-a862-7647e0dc0309,Same Movement Angle,N,Intersection,Right Turn Lane,Daylight,No Defects,"Two-way, Not Divided",Dry,Clear,Twelve o'clock,(Sport) Utility Vehicle,Functional,N,Moving Constant Speed,2015-03-22 9:44,62,39.2618985,-76.73643351,3,0,우회전 차선 사고,기타
1414,N,Apparently Normal,No Misuse,N,No Injury,5e5ac5f7-c472-4bfb-842c-3793851171e9,D,AE52460006,Shoulder/Lap Belt(s),F,6bd49c61-eb8a-438a-a0c0-4ad1bbea6302,Same Direction Rear End,N,Non Intersection,Right Turn Lane,Daylight,No Defects,"Two-way, Divided, Unprotected (painted >4 feet) Median",Wet,Raining,Six o'clock,Passenger Car,Functional,N,Stopped in Traffic Lane,2015-01-04 11:30,45,39.45012076,-76.4175725,4,3,빗길사고,기타
1415,N,Apparently Normal,No Misuse,Y,No Injury,cd64f98a-c3eb-48e9-a9b0-df578e47f214,D,AE52460006,Shoulder/Lap Belt(s),F,6b9d824d-18d7-4256-94a7-a422ad0fd057,Same Direction Rear End,N,Non Intersection,Right Turn Lane,Daylight,No Defects,"Two-way, Divided, Unprotected (painted >4 feet) Median",Wet,Raining,Twelve o'clock,Passenger Car,Disabling,N,Slowing or Stopping,2015-01-04 11:30,19,39.45012076,-76.4175725,4,3,빗길사고,기타