KEY_INDEX,CDL_FLAG,CONDITION_CODE,EQUIP_PROB_CODE,FAULT_FLAG,INJ_SEVER_CODE,PERSON_ID,PERSON_TYPE,REPORT_NO,SAF_EQUIP_CODE,SEX_CODE,VEHICLE_ID,COLLISION_TYPE_CODE,C_M_ZONE_FLAG,JUNCTION_CODE,LANE_CODE,LIGHT_CODE,RD_COND_CODE,RD_DIV_CODE,SURF_COND_CODE,WEATHER_CODE,AREA_DAMAGED_CODE_MAIN,BODY_TYPE_CODE,DAMAGE_CODE,HIT_AND_RUN_FLAG,MOVEMENT_CODE,TIME,AGE,LATITUDE,LONGITUDE,CLUSTER,SECOND_LABEL,FIRST_LABEL,SECOND_LABELING
1416,N,Apparently Normal,No Misuse,Y,No Injury,0ae0de44-f497-4469-afbd-e841fafe900e,D,AE52530005,Shoulder/Lap Belt(s),F,d1259dca-27a6-4b2f-a67b-bea93bc0682c,Single Vehicle ,N,Non Intersection,Right Turn Lane,Daylight,Foreign Material,"Two-way, Not Divided",Ice,Sleet,Twelve o'clock,(Sport) Utility Vehicle,Disabling,N,Slowing or Stopping,2015-01-03 9:21,49,39.43636287,-76.7908287,0,1,눈길사고,등속 주행 사고
1417,N,Apparently Normal,No Misuse,Y,No Injury,27c82ec7-e1aa-49df-9ba7-b55af452985e,D,AE52530008,Shoulder/Lap Belt(s),F,9d7a4424-0e7e-47bc-bf76-f465edd88ead,Single Vehicle ,N,Non Intersection,Right Turn Lane,Daylight,Loose Surface Material,One-way Trafficway,Wet,Wintry Mix,Twelve o'clock,Truck Tractor,Functional,N,Slowing or Stopping,2015-01-24 11:52,28,39.44181084,-76.82150245,4,0,빗길사고,등속 주행 중 사고
1418,N,Apparently Normal,No Misuse,N,No Injury,e44e2c8d-d371-457b-941f-05be4a5585dc,D,AE5254000G,Shoulder/Lap Belt(s),F,8e6dcc6d-f5d7-4d32-9750-497ccc30ebd7,Same Direction Rear End,N,Non Intersection,Left Turn Lane,Daylight,No Defects,"Two-way, Not Divided",Dry,Clear,Twelve o'clock,(Sport) Utility Vehicle,Superficial,N,Stopped in Traffic Lane,2015-02-07 15:04,38,39.46611643,-76.63686991,1,2,좌회전 차선 사고,기타
1419,N,Apparently Normal,No Misuse,N,Possible Incapacitating Injury,d73b0fcd-7d97-4068-a172-4d950eddda77,D,AE5254000G,Shoulder/Lap Belt(s),F,59bafe60-8239-4c65-9c7b-5a8893655fc2,Same Direction Rear End,N,Non Intersection,Left Turn Lane,Daylight,No Defects,"Two-way, Not Divided",Dry,Clear,Six o'clock,Passenger Car,Functional,N,Stopped in Traffic Lane,2015-02-07 15:04,46,39.46611643,-76.63686991,1,2,좌회전 차선 사고,기타
1420,N,Apparently Normal,No Misuse,N,No Injury,906eb212-6cf3-4ac2-b56a-577ed0cd6068,D,AE5254000V,Shoulder/Lap Belt(s),F,69202ada-2343-4371-bce6-989eff144a99,Same Direction Rear End,N,Non Intersection,Right Turn Lane,Daylight,No Defects,"Two-way, Not Divided",Dry,Clear,Six o'clock,Passenger Car,Superficial,N,Slowing or Stopping,2015-03-15 15:05,36,39.46079875,-76.6347456,2,1,기타,등속 주행 사고
1421,N,Apparently Normal,No Misuse,N,No Injury,32105687-8ff3-4a56-9f72-fcda32a5f347,D,AE52670009,Shoulder/Lap Belt(s),F,fa7dd04a-d263-41cc-bb47-5fc7cc84f867,Same Direction Left Turn,N,Non Intersection,Left Turn Lane,Daylight,No Defects,"Two-way, Not Divided",Dry,Clear,Eleven o'clock,Passenger Car,Functional,N,Moving Constant Speed,2015-03-17 16:45,61,38.85254239,-76.93725586,1,0,좌회전 차선 사고,등속 주행 중 측면 추돌 사고
1422,N,Apparently Normal,No Misuse,N,No Injury,2548ff20-c42f-490b-8a4c-26cba782bec7,D,AE5273000S,Shoulder/Lap Belt(s),F,a9805e1f-9292-4d38-ba8e-56f5260f6a0f,Same Direction Rear End,N,Intersection Related,Right Turn Lane,Dark Lights On,No Defects,"Two-way, Divided, Positive Median Barrier",Dry,Clear,Six o'clock,Passenger Car,Superficial,N,Stopped in Traffic Lane,2015-03-23 22:00,27,39.33723498,-76.49011016,3,3,우회전 차선 사고,동일 방향 운행 중 추돌 사고
1423,N,Apparently Normal,No Misuse,Y,No Injury,35d791ce-4d6c-4097-8b4c-5ef1c6dbec41,D,AE5276000F,Shoulder/Lap Belt(s),F,70e27e53-1377-485f-8a9d-8b2034cb4758,Single Vehicle ,N,Non Intersection,Left Turn Lane,Daylight,No Defects,"Two-way, Not Divided",Ice,Wintry Mix,Seven o'clock,(Sport) Utility Vehicle,Disabling,Y,Moving Constant Speed,2015-01-18 7:51,45,39.36348488,-76.42475009,0,0,눈길사고,감속 중 사고
1424,N,Apparently Normal,No Misuse,Y,No Injury,dca73520-fb7e-4726-9118-4680edd6923c,D,AE5279000F,Shoulder/Lap Belt(s),F,2ed7a4c6-5ea5-4258-abdb-c5763dfb01dd,Same Direction Sideswipe,N,Intersection Related,Right Turn Lane,Daylight,No Defects,"Two-way, Not Divided",Dry,Clear,Four o'clock,"Cargo Van/Light Truck 2 axles (10,000 lbs (4,536 kg) or less)",Superficial,N,Making Left Turn,2015-01-21 8:49,25,39.33677029,-76.4802289,3,1,우회전 차선 사고,등속 주행 중 측면 추돌 사고
1425,N,Apparently Normal,No Misuse,N,No Injury,df29aba5-1203-4837-ad2c-074fa3c48ea4,D,AE5279000F,Shoulder/Lap Belt(s),M,5192581a-9c38-4f6f-b233-888a7dde99fc,Same Direction Sideswipe,N,Intersection Related,Right Turn Lane,Daylight,No Defects,"Two-way, Not Divided",Dry,Clear,Eight o'clock,Passenger Car,Superficial,N,Stopped in Traffic Lane,2015-01-21 8:49,31,39.33677029,-76.4802289,3,1,우회전 차선 사고,등속 주행 중 측면 추돌 사고
1426,N,Apparently Normal,No Misuse,N,No Injury,6d2264df-a75f-4ba2-9c93-85d57c00ec70,D,AE5282000F,Shoulder/Lap Belt(s),F,6540763a-c565-4477-8151-d75ea2da735b,Same Direction Sideswipe,N,Non Intersection,Right Turn Lane,Daylight,No Defects,"Two-way, Not Divided",Dry,Clear,Ten o'clock,Pickup Truck,Superficial,N,Parked  ,2015-02-18 7:44,56,39.37630757,-76.53831482,2,0,기타,자차 사고
1427,N,Apparently Normal,No Misuse,N,No Injury,5af01d01-0375-4823-b402-7c90dd5d7a32,D,AE52850006,Shoulder/Lap Belt(s),F,e6dbd1b0-80e1-4eec-9ef0-3d076a902b25,Head On Left Turn,N,Non Intersection,Right Turn Lane,Dark Lights On,No Defects,"Two-way, Not Divided",Dry,Clear,Eleven o'clock,Passenger Car,Disabling,N,Moving Constant Speed,2015-01-14 1:36,40,39.37065128,-76.68223143,2,2,기타,기타
1428,N,Apparently Normal,No Misuse,N,No Injury,21b1a86d-ba61-4e55-8b78-d57d4b662fa6,D,AE52850006,Shoulder/Lap Belt(s),F,f43111fd-e1eb-4fba-a8be-2b79fa95e406,Head On Left Turn,N,Non Intersection,Right Turn Lane,Dark Lights On,No Defects,"Two-way, Not Divided",Dry,Clear,Eleven o'clock,Passenger Car,Disabling,N,Moving Constant Speed,2015-01-14 1:36,23,39.37065128,-76.68223143,2,2,기타,기타
1429,N,Apparently Normal,No Misuse,Y,No Injury,dd707808-28fa-4253-b366-2e33e06fec83,D,AE5296000B,Shoulder/Lap Belt(s),F,5eef8568-b0a8-4bd2-a0a9-f97fa9da771b,Single Vehicle ,N,Intersection,Right Turn Lane,Daylight,No Defects,"Two-way, Not Divided",Ice,Raining,Twelve o'clock,Passenger Car,Disabling,N,Skidding,2015-01-18 9:00,34,39.42086179,-76.72851563,0,2,눈길사고,미끌어짐에 의한 사고
1430,N,Apparently Normal,No Misuse,Y,No Injury,48aeeda1-ff90-461f-a8d6-07641dea37bd,D,AE5296000F,Shoulder/Lap Belt(s),F,bd0fabfc-4aa5-49c0-885f-e0ac17b21877,Same Movement Angle,N,Non Intersection,Right Turn Lane,Daylight,No Defects,"Two-way, Not Divided",Wet,Clear,Four o'clock,Passenger Car,Superficial,N,Making Left Turn,2015-02-27 15:15,26,39.42180662,-76.80709362,2,0,기타,자차 사고
1431,N,Apparently Normal,No Misuse,N,No Injury,12d10a3e-2c21-4431-8bc7-14841d9038cd,D,AE5296000F,Shoulder/Lap Belt(s),M,d2d1b799-1c5e-4967-97d2-eb6363bf6f13,Same Movement Angle,N,Non Intersection,Right Turn Lane,Daylight,No Defects,"Two-way, Not Divided",Wet,Clear,Ten o'clock,Passenger Car,Disabling,N,Moving Constant Speed,2015-02-27 15:15,57,39.42180662,-76.80709362,2,2,기타,기타
1432,N,Apparently Normal,No Misuse,N,No Injury,0d8f03e8-ef41-4b93-a076-9cba1d5489e3,D,AE5296000G,Shoulder/Lap Belt(s),F,275e0153-0a31-4e81-9b7d-6091f953aab8,Same Movement Angle,N,Non Intersection,Right Turn Lane,Daylight,No Defects,"Two-way, Not Divided",Ice,Clear,One o'clock,Van,Disabling,N,Moving Constant Speed,2015-03-09 9:00,41,39.43673989,-76.73121929,2,2,기타,기타
1433,N,Apparently Normal,No Misuse,Y,No Injury,c0721064-bdea-445b-8a35-32cddae23844,D,AE5296000G,Shoulder/Lap Belt(s),F,2c6fb977-a8f4-4ed9-87bb-e2bdc41b12bf,Same Movement Angle,N,Non Intersection,Right Turn Lane,Daylight,No Defects,"Two-way, Not Divided",Ice,Clear,Twelve o'clock,Van,Superficial,N,Slowing or Stopping,2015-03-09 9:00,61,39.43673989,-76.73121929,2,1,기타,등속 주행 사고
1434,N,Apparently Normal,No Misuse,N,No Injury,43116585-e441-4285-9539-61fe809b1cc9,D,AE5299000F,Shoulder/Lap Belt(s),F,6dc384e8-6a1d-4a1f-9596-0989efa1bedb,Same Direction Rear End,N,Non Intersection,Right Turn Lane,Daylight,No Defects,"Two-way, Divided, Positive Median Barrier",Wet,Cloudy,Six o'clock,(Sport) Utility Vehicle,Functional,N,Stopped in Traffic Lane,2015-01-21 11:58,45,39.38085218,-76.51132107,4,3,빗길사고,기타
1435,N,Apparently Normal,No Misuse,N,No Injury,f051b0fa-84ef-4de7-91a9-2ebfdad9e2dc,D,AE5299000F,Shoulder/Lap Belt(s),M,45924f94-4aeb-404b-bde7-8225acda0f74,Same Direction Rear End,N,Non Intersection,Right Turn Lane,Daylight,No Defects,"Two-way, Divided, Positive Median Barrier",Wet,Cloudy,Twelve o'clock,Van,Functional,N,Stopped in Traffic Lane,2015-01-21 11:58,42,39.38085218,-76.51132107,4,3,빗길사고,기타
1436,N,Apparently Normal,No Misuse,N,No Injury,2c1b2e28-baae-4e93-9e08-28a2ec563867,D,AE5299000H,Shoulder/Lap Belt(s),F,a94b5310-c574-4d91-925f-5d1db10ab86a,Same Direction Rear End,N,Non Intersection,Right Turn Lane,Dark Lights On,No Defects,"Two-way, Divided, Positive Median Barrier",Snow,Blowing Snow,Twelve o'clock,Passenger Car,Functional,N,Moving Constant Speed,2015-02-14 19:25,24,39.37406833,-76.5624547,0,3,눈길사고,자차 사고
1437,N,Apparently Normal,No Misuse,Y,No Injury,4a04d50d-b901-4ff9-9fdf-3508f1cb02f5,D,AE53010008,Shoulder/Lap Belt(s),F,4d46290e-40b5-43bf-b107-90e8ed270f01,Head On Left Turn,N,Commercial Driveway,Right Turn Lane,Daylight,No Defects,"Two-way, Not Divided",Dry,Clear,Ten o'clock,(Sport) Utility Vehicle,Functional,N,Making Left Turn,2015-01-09 15:21,18,39.4041345,-76.75804138,3,1,우회전 차선 사고,등속 주행 중 측면 추돌 사고
1438,N,Apparently Normal,No Misuse,N,No Injury,ce32b753-699b-4967-94bc-62edc7213945,D,AE53010008,Shoulder/Lap Belt(s),M,c8636702-55aa-4c42-a586-c4353ab7beaf,Head On Left Turn,N,Commercial Driveway,Right Turn Lane,Daylight,No Defects,"Two-way, Not Divided",Dry,Clear,Twelve o'clock,(Sport) Utility Vehicle,Functional,N,Moving Constant Speed,2015-01-09 15:21,50,39.4041345,-76.75804138,3,2,우회전 차선 사고,기타
1439,N,Apparently Normal,No Misuse,N,No Injury,041d86af-8828-4985-b68c-929a3e28da89,D,AE53010009,Shoulder/Lap Belt(s),F,db7bd381-0647-4e3f-903c-aac90bb4e101,Same Movement Angle,N,Intersection,Right Turn Lane,Daylight,Foreign Material,"Two-way, Not Divided",Slush,Wintry Mix,Ten o'clock,(Sport) Utility Vehicle,Disabling,N,Moving Constant Speed,2015-03-01 10:46,57,39.40571787,-76.76442504,0,0,눈길사고,감속 중 사고
1440,N,Apparently Normal,No Misuse,Y,No Injury,bd0ed850-097d-449f-843e-a1de8f1dffe1,D,AE53010009,Shoulder/Lap Belt(s),F,c5be4727-30bd-450c-8d6c-935a14fd80ea,Same Movement Angle,N,Intersection,Right Turn Lane,Daylight,Foreign Material,"Two-way, Not Divided",Slush,Wintry Mix,Twelve o'clock,Passenger Car,Functional,N,Skidding,2015-03-01 10:46,41,39.40571787,-76.76442504,0,2,눈길사고,미끌어짐에 의한 사고
1441,N,Apparently Normal,No Misuse,Y,No Injury,708a9d66-648b-4d89-82a1-ce5bb00bdc46,D,AE53020005,Shoulder/Lap Belt(s),F,01a2eef0-3cc7-4fc4-9229-886df2610010,Same Direction Rear End,N,Non Intersection,Right Turn Lane,Dark Lights On,No Defects,"Two-way, Not Divided",Wet,Raining,Twelve o'clock,Passenger Car,Disabling,N,Moving Constant Speed,2015-01-04 0:34,27,39.23912553,-76.67936146,4,2,빗길사고,동일 방향 운행 중 추돌 사고
1442,N,Apparently Normal,No Misuse,Y,No Injury,1a0032d1-61cc-4cdd-b382-5e198c9feea6,D,AE53040004,Shoulder/Lap Belt(s),F,713bb6c0-930d-4b2a-b618-923cec3d2a8c,Same Direction Sideswipe,N,Non Intersection,Right Turn Lane,Dark No Lights,No Defects,"Two-way, Not Divided",Dry,Clear,Twelve o'clock,Passenger Car,Disabling,N,Moving Constant Speed,2015-01-17 18:40,34,39.30344571,-76.48242831,2,2,기타,기타
1443,N,Apparently Normal,No Misuse,Y,Possible Incapacitating Injury,25003657-3eef-49f9-a376-39e081101ad2,D,AE53050005,Shoulder/Lap Belt(s),F,26cfb461-7816-4674-a7e2-cc091a1bfa68,Same Direction Rear End,N,Intersection Related,Left Turn Lane,Daylight,No Defects,"Two-way, Divided, Positive Median Barrier",Dry,Clear,Twelve o'clock,Passenger Car,Disabling,N,Moving Constant Speed,2015-01-28 11:00,29,39.27562536,-76.50373846,1,0,좌회전 차선 사고,등속 주행 중 측면 추돌 사고
1444,N,Apparently Normal,No Misuse,Y,No Injury,ed048a9a-7db3-4c50-900e-8867b11d9e15,D,AE53400013,Shoulder/Lap Belt(s),F,9f154d50-b776-4b4a-a1cf-deb266bec1f4,Same Direction Rear End,N,Intersection,Left Turn Lane,Daylight,No Defects,"Two-way, Divided, Positive Median Barrier",Dry,Clear,Twelve o'clock,Passenger Car,Disabling,N,Slowing or Stopping,2015-02-19 12:19,58,39.33350079,-76.44424438,1,3,좌회전 차선 사고,감속 중 사고
1445,N,Apparently Normal,No Misuse,N,Possible Incapacitating Injury,34004d12-9fdd-463e-af2b-8e55428a83d9,D,AE53400013,Shoulder/Lap Belt(s),F,cb46da37-f53a-4194-8cf6-9738b23d11c1,Same Direction Rear End,N,Intersection,Left Turn Lane,Daylight,No Defects,"Two-way, Divided, Positive Median Barrier",Dry,Clear,Six o'clock,Passenger Car,Disabling,N,Stopped in Traffic Lane,2015-02-19 12:19,35,39.33350079,-76.44424438,1,2,좌회전 차선 사고,기타
1446,N,Apparently Normal,No Misuse,N,No Injury,1bc208bb-78d5-4ca8-bf7b-ffd4a0a5bc3a,D,AE53400013,Shoulder/Lap Belt(s),M,9c3baaf3-f974-4aca-97fd-6113943e457c,Same Direction Rear End,N,Intersection,Left Turn Lane,Daylight,No Defects,"Two-way, Divided, Positive Median Barrier",Dry,Clear,Six o'clock,Passenger Car,No Damage,N,Stopped in Traffic Lane,2015-02-19 12:19,26,39.33350079,-76.44424438,1,2,좌회전 차선 사고,기타
1447,N,Apparently Normal,No Misuse,N,No Injury,53ea2470-784c-4de6-a693-d0dcbdcf6c7c,D,AE5342000F,Shoulder/Lap Belt(s),F,4b7532fd-c012-4dd8-a50e-70d5715efce7,Same Direction Rear End,N,Intersection,Right Turn Lane,Daylight,No Defects,"Two-way, Not Divided",Dry,Clear,Six o'clock,Passenger Car,Disabling,N,Stopped in Traffic Lane,2015-02-20 16:45,23,39.38552916,-76.49627924,3,3,우회전 차선 사고,동일 방향 운행 중 추돌 사고
1448,N,Apparently Normal,No Misuse,Y,No Injury,6232f24c-f52c-4187-9038-21303441adef,D,AE5342000F,Shoulder/Lap Belt(s),F,481bcdee-97e5-483b-bc08-662043ffd7aa,Same Direction Rear End,N,Intersection,Right Turn Lane,Daylight,No Defects,"Two-way, Not Divided",Dry,Clear,Twelve o'clock,Passenger Car,Disabling,N,Slowing or Stopping,2015-02-20 16:45,19,39.38552916,-76.49627924,3,3,우회전 차선 사고,동일 방향 운행 중 추돌 사고
1449,N,Apparently Normal,No Misuse,Y,No Injury,a018ff4e-b4f2-40a4-9517-a58eae96e8a2,D,AE53500003,Shoulder/Lap Belt(s),F,dadd610d-5287-48fc-9b3f-f10a50abd24f,Same Direction Rear End,N,Non Intersection,Right Turn Lane,Dusk,No Defects,One-way Trafficway,Dry,Clear,Twelve o'clock,Passenger Car,Disabling,N,Moving Constant Speed,2015-01-31 16:37,29,39.28854204,-76.72900915,2,3,기타,등속 주행 중 측면 추돌 사고
1450,N,Apparently Normal,No Misuse,N,No Injury,a362c448-67c1-4728-b922-2be457e5bd37,D,AE53500003,Shoulder/Lap Belt(s),M,94ddc8a5-3920-48fd-9d51-1bfd1d5258ac,Same Direction Rear End,N,Non Intersection,Right Turn Lane,Dusk,No Defects,One-way Trafficway,Dry,Clear,Six o'clock,Passenger Car,Superficial,N,Slowing or Stopping,2015-01-31 16:37,74,39.28854204,-76.72900915,2,1,기타,등속 주행 사고
1451,N,Apparently Normal,No Misuse,N,No Injury,b0cd490a-b96f-4ddd-a369-cdf1a8ef776a,D,AE53520005,Shoulder/Lap Belt(s),M,3d1da15d-ec2e-4aab-a156-00f8314c2d14,Head On,N,Non Intersection,Right Turn Lane,Dark Lights On,No Defects,"Two-way, Not Divided",Ice,Clear,Twelve o'clock,Passenger Car,Disabling,N,Moving Constant Speed,2015-01-18 23:43,56,39.31756598,-76.73121929,2,2,기타,기타
1452,N,Apparently Normal,No Misuse,Y,No Injury,b0fefbf8-457c-48ae-b87b-57c4dd0b9e13,D,AE53530008,Shoulder/Lap Belt(s),F,734a5536-68b8-4572-8452-faeb49e06ec7,Single Vehicle ,N,Non Intersection,Right Turn Lane,Daylight,No Defects,One-way Trafficway,Ice,Sleet,Twelve o'clock,Passenger Car,Disabling,N,Moving Constant Speed,2015-02-10 9:30,32,39.37566069,-76.54204845,0,0,눈길사고,감속 중 사고
1453,N,Apparently Normal,No Misuse,N,No Injury,29a74256-f6f5-4c0e-b57d-00637633eba1,D,AE5353000C,Shoulder/Lap Belt(s),F,51e7ee9a-092e-42b0-9dca-58aedddd9d95,Same Direction Rear End,N,Non Intersection,Left Turn Lane,Daylight,No Defects,"Two-way, Divided, Positive Median Barrier",Dry,Cloudy,Six o'clock,Passenger Car,Functional,N,Slowing or Stopping,2015-03-15 11:26,24,39.37209442,-76.51136398,1,3,좌회전 차선 사고,감속 중 사고
1454,N,Apparently Normal,No Misuse,Y,No Injury,5d5364ce-c9e1-4178-bc20-fd196a94023e,D,AE53600009,Shoulder/Lap Belt(s),F,508750dc-89ad-4a6c-a3f0-680ff8753c68,Same Direction Right Turn,N,Non Intersection,Left Turn Lane,Dark No Lights,No Defects,"Two-way, Divided, Positive Median Barrier",Snow,Snow,Three o'clock,Passenger Car,Functional,N,Moving Constant Speed,2015-02-14 20:25,30,39.40249305,-76.39828205,0,0,눈길사고,감속 중 사고
1455,N,Apparently Normal,No Misuse,N,No Injury,fca076e2-0a6a-4c36-9334-bda7e0138ede,D,AE53600009,Shoulder/Lap Belt(s),M,8f92fcdc-c170-4e8f-8934-7b08e97d421d,Same Direction Right Turn,N,Non Intersection,Left Turn Lane,Dark No Lights,No Defects,"Two-way, Divided, Positive Median Barrier",Snow,Snow,Twelve o'clock,Police Vehicle/Non Emergency,Superficial,N,Moving Constant Speed,2015-02-14 20:25,47,39.40249305,-76.39828205,0,0,눈길사고,감속 중 사고
1456,N,Apparently Normal,No Misuse,N,No Injury,c67515cb-28e4-4c35-ba9c-92c9a1ade7a7,D,AE53650008,Shoulder/Lap Belt(s),F,8ca465ff-fbda-4a76-9e34-db574ea927a3,Same Direction Rear End,N,Intersection Related,Left Turn Lane,Dark Lights On,No Defects,"Two-way, Divided, Positive Median Barrier",Wet,Raining,Six o'clock,Passenger Car,Superficial,N,Stopped in Traffic Lane,2015-01-26 4:45,30,39.31225358,-76.74027443,4,3,빗길사고,기타
1457,N,Apparently Normal,No Misuse,Y,No Injury,6be7c305-8899-4e4c-a65b-78e923b5bea4,D,AE53650008,Shoulder/Lap Belt(s),M,6ab282ad-3183-4f2a-a8e9-f3605248b7c3,Same Direction Rear End,N,Intersection Related,Left Turn Lane,Dark Lights On,No Defects,"Two-way, Divided, Positive Median Barrier",Wet,Raining,Twelve o'clock,Passenger Car,Disabling,N,Slowing or Stopping,2015-01-26 4:45,40,39.31225358,-76.74027443,4,3,빗길사고,기타
1458,N,Apparently Normal,No Misuse,N,No Injury,8fb2ac0d-6ebe-4173-aeae-dc7d00866a3b,D,AE5371000D,Shoulder/Lap Belt(s),F,65759307-aca7-4f30-bee9-bbbb3564a178,Same Direction Rear End,N,Non Intersection,Right Turn Lane,Daylight,No Defects,"Two-way, Not Divided",Dry,Clear,Six o'clock,Passenger Car,Functional,N,Stopped in Traffic Lane,2015-01-05 11:30,25,39.33593218,-76.75060093,2,0,기타,자차 사고
1459,N,Apparently Normal,No Misuse,N,No Injury,5dec41f6-3d9e-4f5b-bb22-0676b8834141,D,AE53790008,Shoulder/Lap Belt(s),F,a286d196-2b87-40c0-9591-b0e8496275c1,Same Direction Rear End,N,Non Intersection,Left Turn Lane,Dark No Lights,No Defects,"Two-way, Divided, Positive Median Barrier",Wet,Clear,Six o'clock,Passenger Car,Functional,N,Moving Constant Speed,2015-01-17 23:24,22,39.29063456,-76.77265406,1,0,좌회전 차선 사고,등속 주행 중 측면 추돌 사고
1460,N,Apparently Normal,No Misuse,Y,No Injury,95aacbe1-1c94-4603-a682-6d943fc173d5,D,AE53790008,Shoulder/Lap Belt(s),M,67bb5c16-68f9-4b4f-a319-53a44873b5e0,Same Direction Rear End,N,Non Intersection,Left Turn Lane,Dark No Lights,No Defects,"Two-way, Divided, Positive Median Barrier",Wet,Clear,Twelve o'clock,Passenger Car,Disabling,N,Accelerating,2015-01-17 23:24,22,39.29063456,-76.77265406,1,3,좌회전 차선 사고,감속 중 사고
1461,N,Apparently Normal,No Misuse,N,No Injury,d213c6d4-1988-4c45-a34e-7177e3b17a29,D,AE53900004,Shoulder/Lap Belt(s),F,43e0da8f-350b-4933-8d44-47bdfd40bed3,Same Direction Rear End,N,Non Intersection,Left Turn Lane,Daylight,No Defects,"Two-way, Not Divided",Dry,Clear,Six o'clock,Passenger Car,Functional,N,Accelerating,2015-01-10 15:50,54,39.46798828,-76.62881792,1,3,좌회전 차선 사고,감속 중 사고
1462,N,Apparently Normal,No Misuse,Y,No Injury,8c1143c4-6e83-4e44-a274-3bedf8309e96,D,AE53900004,Shoulder/Lap Belt(s),F,8b9baf22-d172-4e33-80a5-052b5278fcaf,Same Direction Rear End,N,Non Intersection,Left Turn Lane,Daylight,No Defects,"Two-way, Not Divided",Dry,Clear,Twelve o'clock,Passenger Car,Disabling,N,Slowing or Stopping,2015-01-10 15:50,19,39.46798828,-76.62881792,1,3,좌회전 차선 사고,감속 중 사고
1463,N,Apparently Normal,No Misuse,N,No Injury,77f6eb17-2d70-4ca6-b719-d90127a668ee,D,AE53900006,Shoulder/Lap Belt(s),F,11d754ab-3df2-41f7-8a81-47859c967d13,Same Movement Angle,N,Intersection,Right Turn Lane,Dark Lights On,No Defects,"Two-way, Not Divided",Dry,Clear,One o'clock,(Sport) Utility Vehicle,Disabling,N,Moving Constant Speed,2015-01-16 18:07,59,39.44326908,-76.6228044,3,0,우회전 차선 사고,기타
1464,N,Apparently Normal,No Misuse,N,No Injury,995222cd-30d4-45a7-adb6-c0aefb9b288f,D,AE5390000D,Shoulder/Lap Belt(s),F,66d57f03-7913-41c3-a121-2b2d8628a570,Same Movement Angle,N,Intersection,Left Turn Lane,Daylight,No Defects,"Two-way, Not Divided",Wet,Raining,Twelve o'clock,Passenger Car,Disabling,N,Moving Constant Speed,2015-03-10 15:53,64,39.46450957,-76.60938263,4,1,빗길사고,자차 사고
1465,N,Apparently Normal,No Misuse,N,No Injury,2742133f-9911-4cd3-8a2b-7970ee23c7f5,D,AE53920001,Shoulder/Lap Belt(s),F,13131392-1af0-4fe7-bf93-8622ff920129,Same Movement Angle,N,Intersection,Right Turn Lane,Daylight,No Defects,"Two-way, Not Divided",Slush,Raining,One o'clock,Passenger Car,Superficial,N,Moving Constant Speed,2015-02-02 9:15,51,39.43677303,-76.60496235,4,1,빗길사고,자차 사고
1466,N,Apparently Normal,No Misuse,Y,No Injury,339293a2-b42a-4e1a-a36c-1650d8fcc659,D,AE53920001,Shoulder/Lap Belt(s),M,26b6f294-54ba-4b94-9375-1048c969169d,Same Movement Angle,N,Intersection,Right Turn Lane,Daylight,No Defects,"Two-way, Not Divided",Slush,Raining,Ten o'clock,Passenger Car,Disabling,N,Slowing or Stopping,2015-02-02 9:15,24,39.43677303,-76.60496235,4,1,빗길사고,자차 사고
1467,N,Apparently Normal,No Misuse,Y,No Injury,d14098d2-a256-4e68-9eac-a6de9284a99d,D,AE5419001Y,Shoulder/Lap Belt(s),F,62163453-3f5b-4ac6-a157-1aead90a782c,Single Vehicle ,N,Non Intersection,Right Turn Lane,Daylight,No Defects,"Two-way, Not Divided",Ice,Clear,Eight o'clock,Passenger Car,Disabling,N,Skidding,2015-01-13 7:26,27,39.41441339,-76.51714683,2,0,기타,자차 사고
1468,N,Apparently Normal,No Misuse,Y,No Injury,ac7bcf12-5641-4d15-8c1a-6631e693f7d0,D,AE5419002L,Shoulder/Lap Belt(s),F,88b7795f-87d4-48f8-be7c-9d1ab5ef8c91,Single Vehicle ,N,Non Intersection,Right Turn Lane,Dark No Lights,No Defects,"Two-way, Not Divided",Ice,Clear,Nine o'clock,(Sport) Utility Vehicle,Functional,N,Passing,2015-03-09 6:23,26,39.44001285,-76.48194551,2,0,기타,자차 사고
1469,N,Apparently Normal,No Misuse,N,No Injury,6aa0b0b2-dbd1-4bd3-981c-a134ce5405dc,D,AE5419002M,Shoulder/Lap Belt(s),F,e28a076a-b28c-4461-9329-5972bbff0fa2,Head On,N,Non Intersection,Right Turn Lane,Daylight,No Defects,"Two-way, Not Divided",Ice,Clear,Twelve o'clock,(Sport) Utility Vehicle,Disabling,N,Moving Constant Speed,2015-03-09 7:28,49,39.46986837,-76.49030328,2,2,기타,기타
1470,N,Apparently Normal,No Misuse,Y,No Injury,c170f7fc-a0cb-4bdd-a55b-56bca2d466ba,D,AE5419002M,Shoulder/Lap Belt(s),M,3b34cb6e-f58a-41b6-89aa-17f3f62eeecf,Head On,N,Non Intersection,Right Turn Lane,Daylight,No Defects,"Two-way, Not Divided",Ice,Clear,Six o'clock,(Sport) Utility Vehicle,Functional,N,Skidding,2015-03-09 7:28,71,39.46986837,-76.49030328,2,0,기타,자차 사고
1471,N,Apparently Normal,No Misuse,Y,No Injury,f47c7d7c-2056-4366-94f7-f386054595ee,D,AE5419002P,Shoulder/Lap Belt(s),F,ba4db38f-56f6-41c8-b945-968b64629712,Single Vehicle ,N,Non Intersection,Right Turn Lane,Daylight,No Defects,"Two-way, Divided, Positive Median Barrier",Wet,Clear,Underside,Passenger Car,Disabling,N,Changing Lanes,2015-03-11 7:34,58,39.36778149,-76.51591301,4,0,빗길사고,등속 주행 중 사고