KEY_INDEX,CDL_FLAG,CONDITION_CODE,EQUIP_PROB_CODE,FAULT_FLAG,INJ_SEVER_CODE,PERSON_ID,PERSON_TYPE,REPORT_NO,SAF_EQUIP_CODE,SEX_CODE,VEHICLE_ID,COLLISION_TYPE_CODE,C_M_ZONE_FLAG,JUNCTION_CODE,LANE_CODE,LIGHT_CODE,RD_COND_CODE,RD_DIV_CODE,SURF_COND_CODE,WEATHER_CODE,AREA_DAMAGED_CODE_MAIN,BODY_TYPE_CODE,DAMAGE_CODE,HIT_AND_RUN_FLAG,MOVEMENT_CODE,TIME,AGE,LATITUDE,LONGITUDE,CLUSTER,SECOND_LABEL,FIRST_LABEL,SECOND_LABELING
1472,N,Apparently Normal,No Misuse,N,No Injury,a468ca08-6f49-4523-87cd-3198d3a102d6,D,AE5419002R,Shoulder/Lap Belt(s),F,00fc7600-b64c-47ed-9dd0-29e44fdb3f90,Same Direction Rear End,N,Intersection Related,Right Turn Lane,Daylight,No Defects,"Two-way, Not Divided",Wet,Clear,Six o'clock,Passenger Car,Functional,N,Stopped in Traffic Lane,2015-03-11 10:56,49,39.38176438,-76.53593302,3,3,우회전 차선 사고,동일 방향 운행 중 추돌 사고
1473,N,Apparently Normal,No Misuse,Y,Possible Incapacitating Injury,3df6e524-4178-4576-a515-a24f6c36086b,D,AE5419002R,Shoulder/Lap Belt(s),F,39946be8-3175-4983-90d6-9f0af442323c,Same Direction Rear End,N,Intersection Related,Right Turn Lane,Daylight,No Defects,"Two-way, Not Divided",Wet,Clear,Twelve o'clock,Passenger Car,Disabling,N,Moving Constant Speed,2015-03-11 10:56,18,39.38176438,-76.53593302,3,2,우회전 차선 사고,기타
1474,N,Apparently Normal,No Misuse,Y,No Injury,e6f7f2ac-db41-46c3-b163-b186db356f6b,D,AE5419002T,Shoulder/Lap Belt(s),F,80737e2f-7a3a-458d-b834-6de8cb5aafa1,Single Vehicle ,N,Non Intersection,Right Turn Lane,Daylight,No Defects,"Two-way, Not Divided",Slush,Snow,Twelve o'clock,(Sport) Utility Vehicle,Functional,N,Skidding,2015-03-20 17:22,43,39.51127543,-76.50890708,0,2,눈길사고,미끌어짐에 의한 사고
1475,N,Apparently Normal,No Misuse,Y,No Injury,abde3256-2c7d-49b0-84fc-673685aa6340,D,AE5420000C,Shoulder/Lap Belt(s),F,05bc8698-48cb-4d76-a18d-3acd42491856,Single Vehicle ,N,Intersection Related,Right Turn Lane,Daylight,No Defects,"Two-way, Not Divided",Dry,Clear,Twelve o'clock,Passenger Car,Superficial,Y,Making Right Turn,2015-02-10 16:00,17,39.41313275,-76.49119377,3,1,우회전 차선 사고,등속 주행 중 측면 추돌 사고
1476,N,Apparently Normal,No Misuse,N,No Injury,6f636b08-44fe-4573-b482-dcdb6ff919e4,D,AE54310005,Shoulder/Lap Belt(s),F,127cb16d-773f-4228-82bf-a400ef3bb70c,Same Direction Rear End,N,Non Intersection,Right Turn Lane,Daylight,No Defects,"Two-way, Not Divided",Wet,Raining,Six o'clock,(Sport) Utility Vehicle,Functional,N,Slowing or Stopping,2015-01-18 8:54,43,39.41368397,-76.40744984,4,3,빗길사고,기타
1477,N,Apparently Normal,No Misuse,Y,No Injury,6f12a8ab-3a00-445c-bd7a-7fe972fa3997,D,AE54310005,Shoulder/Lap Belt(s),F,c3c99871-cd85-44d6-870a-b23bd65f9483,Same Direction Rear End,N,Non Intersection,Right Turn Lane,Daylight,No Defects,"Two-way, Not Divided",Wet,Raining,Twelve o'clock,(Sport) Utility Vehicle,Functional,N,Slowing or Stopping,2015-01-18 8:54,39,39.41368397,-76.40744984,4,3,빗길사고,기타
1478,N,Apparently Normal,No Misuse,N,No Injury,022ac61e-d4aa-4db4-a39d-68d1bfd76cb6,D,AE54310006,Shoulder/Lap Belt(s),F,ecddde2f-5d20-4436-9035-69cb028e105e,Same Direction Rear End,N,Non Intersection,Left Turn Lane,Daylight,"Holes, Ruts, Etc.","Two-way, Divided, Positive Median Barrier",Dry,Clear,Six o'clock,(Sport) Utility Vehicle,Functional,N,Slowing or Stopping,2015-01-26 15:52,24,39.33891115,-76.48974538,1,3,좌회전 차선 사고,감속 중 사고
1479,N,Apparently Normal,No Misuse,Y,No Injury,eb5412c4-5200-4ea4-9246-1a1a1731625a,D,AE54310006,Shoulder/Lap Belt(s),M,4d941077-c063-4b72-8d02-fc89eb4df749,Same Direction Rear End,N,Non Intersection,Left Turn Lane,Daylight,"Holes, Ruts, Etc.","Two-way, Divided, Positive Median Barrier",Dry,Clear,Twelve o'clock,(Sport) Utility Vehicle,Disabling,N,Moving Constant Speed,2015-01-26 15:52,25,39.33891115,-76.48974538,1,0,좌회전 차선 사고,등속 주행 중 측면 추돌 사고
1480,N,Apparently Normal,No Misuse,N,No Injury,93dbb124-e4e8-43cf-8c1a-f6347d9ede5d,D,AE54310007,Shoulder/Lap Belt(s),F,1b59f28a-bf1d-49e5-b088-42b985734290,Same Direction Rear End,N,Intersection,Left Turn Lane,Dark Lights On,No Defects,"Two-way, Not Divided with a Continuous Left Turn Lane",Dry,Clear,Six o'clock,Passenger Car,Functional,N,Moving Constant Speed,2015-01-26 20:41,45,39.33758349,-76.48062587,1,0,좌회전 차선 사고,등속 주행 중 측면 추돌 사고
1481,N,Apparently Normal,No Misuse,N,No Injury,61abd438-87a5-47b1-9253-0abda57b7a8b,D,AE54310009,Shoulder/Lap Belt(s),F,e0461900-9fce-421e-b5d7-7cda3be9f167,Head On,N,Intersection,Right Turn Lane,Dark - Unknown Lighting,No Defects,"Two-way, Not Divided",Ice,Snow,One o'clock,Passenger Car,Functional,N,Slowing or Stopping,2015-02-14 0:00,28,39.34616304,-76.47412419,0,1,눈길사고,등속 주행 사고
1482,N,Apparently Normal,No Misuse,Y,No Injury,2bd57007-000f-469d-9758-56def43caa7a,D,AE5439000P,Shoulder/Lap Belt(s),F,a583c6bc-5589-421c-9d16-507630e956cf,Same Direction Left Turn,N,Non Intersection,Right Turn Lane,Daylight,No Defects,"Two-way, Not Divided",Dry,Clear,Eight o'clock,Passenger Car,Superficial,N,Changing Lanes,2015-03-23 15:23,24,39.45456115,-76.64694428,2,0,기타,자차 사고
1483,Y,Apparently Normal,No Misuse,N,No Injury,eb619e93-9fb7-4c44-bf5d-b8cf0e4d2d43,D,AE5439000P,Shoulder/Lap Belt(s),M,f242da78-dc8f-440a-912c-159ea23e9e5e,Same Direction Left Turn,N,Non Intersection,Right Turn Lane,Daylight,No Defects,"Two-way, Not Divided",Dry,Clear,Three o'clock,"Other Light Trucks (10,000 lbs (4,536 kg))",No Damage,N,Moving Constant Speed,2015-03-23 15:23,54,39.45456115,-76.64694428,2,2,기타,기타
1484,N,Apparently Normal,No Misuse,Y,No Injury,c31bc399-05d1-4486-adec-39576dd8b14e,D,AE54410007,Shoulder/Lap Belt(s),F,7591af0d-ffdf-4a4a-9390-568a93436ff7,Same Direction Rear End,N,Non Intersection,Right Turn Lane,Daylight,No Defects,"Two-way, Not Divided",Ice,Raining,Twelve o'clock,Passenger Car,Disabling,N,Moving Constant Speed,2015-01-18 9:59,41,39.32506907,-76.71986818,0,3,눈길사고,자차 사고
1485,N,Apparently Normal,No Misuse,Y,No Injury,ec54c990-b7fd-4043-98fa-9d8841213855,D,AE5443000F,Shoulder/Lap Belt(s),F,2a95032b-511c-40e8-aae8-84995f91382b,Same Direction Sideswipe,N,Non Intersection,Right Turn Lane,Daylight,No Defects,One-way Trafficway,Dry,Clear,One o'clock,Passenger Car,Superficial,Y,Moving Constant Speed,2015-03-18 17:55,22,39.23510356,-76.50415421,2,2,기타,기타
1486,N,Apparently Normal,No Misuse,N,No Injury,d74c37fc-f473-44d1-906d-71073875cb2d,D,AE54500006,Shoulder/Lap Belt(s),F,2b46f914-be9f-42bb-838f-50d4ab4878cc,Same Direction Rear End,N,Residential Driveway,Right Turn Lane,Daylight,No Defects,"Two-way, Not Divided",Dry,Clear,Six o'clock,Passenger Car,Functional,N,Slowing or Stopping,2015-01-02 12:00,44,39.27174982,-76.72837079,3,3,우회전 차선 사고,동일 방향 운행 중 추돌 사고
1487,N,Apparently Normal,No Misuse,Y,No Injury,b105b585-ffda-48e8-9cd6-5578d8898438,D,AE54520005,Shoulder/Lap Belt(s),F,a6b4e56c-e3d2-4cc6-8d25-a0621e41dd74,Same Movement Angle,Y,Intersection,Left Turn Lane,Dawn,No Defects,"Two-way, Not Divided",Wet,Raining,Four o'clock,Passenger Car,Disabling,N,Making Left Turn,2015-01-12 17:44,21,39.38926058,-76.72182083,4,1,빗길사고,자차 사고
1488,N,Apparently Normal,No Misuse,N,No Injury,723b9531-3c66-40f4-8893-2582a8b6f3f9,D,AE54520005,Shoulder/Lap Belt(s),M,e1fdcffb-0889-41f5-837e-18fd902f7509,Same Movement Angle,Y,Intersection,Left Turn Lane,Dawn,No Defects,"Two-way, Not Divided",Wet,Raining,Twelve o'clock,Passenger Car,Functional,N,Moving Constant Speed,2015-01-12 17:44,50,39.38926058,-76.72182083,4,1,빗길사고,자차 사고
1489,N,Apparently Normal,No Misuse,N,No Injury,926bd209-07f9-47de-b0eb-ca0aabf09fb8,D,AE54520007,Shoulder/Lap Belt(s),F,ea1111ac-8a7f-43bb-b586-94cd414506e5,Same Direction Left Turn,N,Non Intersection,Right Turn Lane,Dark Lights On,No Defects,"Two-way, Divided, Positive Median Barrier",Dry,Cloudy,Two o'clock,Passenger Car,Superficial,N,Stopped in Traffic Lane,2015-03-31 22:30,27,39.39707931,-76.56323791,2,0,기타,자차 사고
1490,N,Apparently Normal,No Misuse,N,No Injury,145ab6e1-e252-414e-8159-a7d80722a4eb,D,AE54650006,Shoulder/Lap Belt(s),F,3588b220-30f9-4a6e-be92-bc4be04cd361,Same Direction Rear End,N,Non Intersection,Right Turn Lane,Dawn,No Defects,"Two-way, Not Divided",Dry,Clear,Eight o'clock,Passenger Car,Superficial,N,Parked  ,2015-02-09 4:42,53,39.27267175,-76.51677132,2,0,기타,자차 사고
1491,N,Apparently Normal,No Misuse,N,No Injury,1e07b2dc-7d6f-4e33-a7f6-1ffa50df5c52,D,AE5466000S,Shoulder/Lap Belt(s),F,a4adde34-5c01-4a26-ac58-7b45283bfa96,Head On,N,Intersection,Right Turn Lane,Daylight,No Defects,"Two-way, Not Divided",Dry,Clear,Twelve o'clock,(Sport) Utility Vehicle,Disabling,N,Stopped in Traffic Lane,2015-01-07 10:21,42,39.37192855,-76.82104111,3,1,우회전 차선 사고,등속 주행 중 측면 추돌 사고
1492,N,Apparently Normal,No Misuse,Y,No Injury,67ee1a75-4c8d-4ee5-9af0-fd64944915ac,D,AE5466000V,Shoulder/Lap Belt(s),F,52222e4d-7139-46f0-8a7e-df17d6c66110,Same Direction Rear End,N,Non Intersection,Right Turn Lane,Daylight,No Defects,"Two-way, Not Divided",Wet,Raining,Two o'clock,Passenger Car,Superficial,N,Passing,2015-01-12 9:37,27,39.29241149,-76.72019005,4,3,빗길사고,기타
1493,N,Apparently Normal,No Misuse,N,No Injury,07033cc4-828a-4ec2-82e0-06efff9fffee,D,AE5466000Y,Shoulder/Lap Belt(s),F,8d724019-0354-4503-a806-8623660e3de9,Same Direction Rear End,N,Intersection,Right Turn Lane,Daylight,No Defects,"Two-way, Not Divided",Dry,Clear,Six o'clock,Passenger Car,Functional,N,Slowing or Stopping,2015-01-14 10:51,56,39.3133825,-76.75505877,3,3,우회전 차선 사고,동일 방향 운행 중 추돌 사고
1494,N,Apparently Normal,No Misuse,Y,No Injury,dc2726c3-9620-40f9-a643-e1d04bd7cb9d,D,AE5466000Y,Shoulder/Lap Belt(s),M,078d4129-c1a6-4a62-a51e-f0613ef8a424,Same Direction Rear End,N,Intersection,Right Turn Lane,Daylight,No Defects,"Two-way, Not Divided",Dry,Clear,Twelve o'clock,(Sport) Utility Vehicle,Functional,N,Slowing or Stopping,2015-01-14 10:51,51,39.3133825,-76.75505877,3,3,우회전 차선 사고,동일 방향 운행 중 추돌 사고
1495,N,Apparently Normal,No Misuse,Y,No Injury,3b20216e-f9c0-4032-8a57-766cee97b8ab,D,AE54660011,Shoulder/Lap Belt(s),F,bcfd60fa-4eed-4ae2-bfb8-3b0e36d78fce,Same Movement Angle,N,Intersection,Left Turn Lane,Daylight,No Defects,"Two-way, Not Divided",Dry,Clear,Ten o'clock,Passenger Car,Disabling,N,Making Left Turn,2015-01-30 8:45,23,39.32416443,-76.75913572,1,1,좌회전 차선 사고,등속 주행 사고
1496,N,Apparently Normal,No Misuse,N,No Injury,f9d11b72-4566-49a0-b735-6a97bfc79523,D,AE54660011,Shoulder/Lap Belt(s),M,5ec7be4b-8c9e-4845-8d0e-6385a093d6ed,Same Movement Angle,N,Intersection,Left Turn Lane,Daylight,No Defects,"Two-way, Not Divided",Dry,Clear,Twelve o'clock,"Other Light Trucks (10,000 lbs (4,536 kg))",Disabling,N,Moving Constant Speed,2015-01-30 8:45,40,39.32416443,-76.75913572,1,0,좌회전 차선 사고,등속 주행 중 측면 추돌 사고
1497,N,Apparently Normal,No Misuse,N,No Injury,8e176cff-a76d-4a95-b951-6dcf09cdb125,D,AE54660012,Shoulder/Lap Belt(s),F,e64fd20d-db6e-4920-a0df-06e8c45e2591,Head On Left Turn,N,Intersection,Left Turn Lane,Daylight,No Defects,"Two-way, Divided, Positive Median Barrier",Dry,Clear,One o'clock,Passenger Car,Disabling,N,Making Left Turn,2015-02-06 8:02,58,39.31130726,-76.72569394,1,1,좌회전 차선 사고,등속 주행 사고
1498,Y,Apparently Normal,No Misuse,Y,No Injury,6f3623ff-9590-4f77-858b-b0dda74a8511,D,AE54660012,Shoulder/Lap Belt(s),M,f9bc8b61-4e4d-4a22-82c8-8b64f6f418be,Head On Left Turn,N,Intersection,Left Turn Lane,Daylight,No Defects,"Two-way, Divided, Positive Median Barrier",Dry,Clear,Twelve o'clock,Passenger Car,Disabling,N,Slowing or Stopping,2015-02-06 8:02,30,39.31130726,-76.72569394,1,3,좌회전 차선 사고,감속 중 사고
1499,N,Apparently Normal,No Misuse,N,No Injury,580b5883-0058-489e-ad6b-6122ce3a9dd1,D,AE5466001B,Shoulder/Lap Belt(s),F,567ce899-603c-427a-8a92-4f9566c0d98c,Same Direction Rear End,N,Intersection Related,Right Turn Lane,Daylight,No Defects,"Two-way, Not Divided",Dry,Clear,Twelve o'clock,Passenger Car,Functional,N,Stopped in Traffic Lane,2015-02-25 12:51,28,39.37438349,-76.81026936,3,3,우회전 차선 사고,동일 방향 운행 중 추돌 사고
1500,Y,Apparently Normal,No Misuse,Y,No Injury,8a0cf3d8-4427-4283-9f06-04550fcf8174,D,AE5466001B,Shoulder/Lap Belt(s),M,731e0e8b-b708-45a1-9bc0-d6944c5945f0,Same Direction Rear End,N,Intersection Related,Right Turn Lane,Daylight,No Defects,"Two-way, Not Divided",Dry,Clear,Six o'clock,Passenger Car,Superficial,N,Backing,2015-02-25 12:51,69,39.37438349,-76.81026936,3,3,우회전 차선 사고,동일 방향 운행 중 추돌 사고
1501,N,Apparently Normal,No Misuse,N,No Injury,24b5e9bf-9665-480c-b0e3-8a787d42131b,D,AE5466001H,Shoulder/Lap Belt(s),F,4ba526be-0b99-4508-892d-b9d7f641f626,Same Direction Rear End,N,Intersection Related,Right Turn Lane,Daylight,No Defects,"Two-way, Divided, Positive Median Barrier",Wet,Raining,Six o'clock,(Sport) Utility Vehicle,Functional,N,Stopped in Traffic Lane,2015-03-04 15:50,38,39.31265202,-76.74675465,4,3,빗길사고,기타
1502,N,Apparently Normal,No Misuse,Y,No Injury,3c528143-0e32-43e8-9b67-c666766343f5,D,AE5466001R,Shoulder/Lap Belt(s),F,df5f9e42-7760-45a1-87ed-231d90ccbde6,Same Movement Angle,N,Intersection,Right Turn Lane,Daylight,No Defects,"Two-way, Not Divided",Dry,Clear,Twelve o'clock,Van,Disabling,N,Moving Constant Speed,2015-03-24 16:17,20,39.37416682,-76.81038871,3,0,우회전 차선 사고,기타
1503,N,Apparently Normal,No Misuse,N,No Injury,1fa0e49c-a78d-4a33-b5df-274a3ee63488,D,AE5466001R,Shoulder/Lap Belt(s),M,76449a08-8111-40a5-b379-dd468ec13003,Same Movement Angle,N,Intersection,Right Turn Lane,Daylight,No Defects,"Two-way, Not Divided",Dry,Clear,Nine o'clock,Van,Disabling,N,Moving Constant Speed,2015-03-24 16:17,56,39.37416682,-76.81038871,3,0,우회전 차선 사고,기타
1504,N,Apparently Normal,No Misuse,Y,No Injury,512f7741-34e0-46a1-af46-4424ae0232f0,D,AE5472000B,Shoulder/Lap Belt(s),F,d6023ffc-8f1b-47ae-98a1-ecd62fe3cf43,Single Vehicle ,N,Non Intersection,Right Turn Lane,Daylight,No Defects,"Two-way, Not Divided",Ice,Clear,Twelve o'clock,Passenger Car,Disabling,N,Moving Constant Speed,2015-02-18 8:26,23,39.3986,-76.6369,2,2,기타,기타
1505,N,Apparently Normal,No Misuse,Y,No Injury,5630af1c-af2a-46ca-8a13-bed2990b9b5a,D,AE5472000F,Shoulder/Lap Belt(s),F,efdf45e5-130f-428f-a8e6-828e2f8b90a5,Single Vehicle ,N,Intersection,Right Turn Lane,Daylight,No Defects,"Two-way, Not Divided",Snow,Snow,Twelve o'clock,(Sport) Utility Vehicle,Disabling,N,Skidding,2015-03-01 9:36,21,39.41375028,-76.62674189,0,2,눈길사고,미끌어짐에 의한 사고
1506,N,Apparently Normal,No Misuse,Y,No Injury,4bf062e1-30bd-43ac-a630-90a2517ee8bf,D,AE5477000J,Shoulder/Lap Belt(s),F,0ef4747a-6406-4a32-8948-b4cdb79faa36,Same Direction Right Turn,N,Non Intersection,Right Turn Lane,Dark Lights On,No Defects,"Two-way, Not Divided",Dry,Clear,Two o'clock,Passenger Car,Superficial,N,Passing,2015-03-21 22:10,37,39.26006265,-76.49151564,2,0,기타,자차 사고
1507,N,Apparently Normal,No Misuse,N,No Injury,bbac9436-9ebe-4839-9995-e7cbb2e97902,D,AE54780003,Shoulder/Lap Belt(s),M,4f4ed9f3-f809-43ce-9397-2b275fe9f476,Same Direction Rear End,N,Non Intersection,Right Turn Lane,Daylight,No Defects,"Two-way, Divided, Positive Median Barrier",Dry,Clear,Six o'clock,Passenger Car,Superficial,N,Slowing or Stopping,2015-01-05 8:51,65,39.29954367,-76.49480939,2,1,기타,등속 주행 사고
1508,N,Apparently Normal,No Misuse,N,No Injury,c137d715-f6aa-48da-b1f3-af0d21bf22de,D,AE54780007,Shoulder/Lap Belt(s),M,f3f36ad1-3ba3-4f8e-9794-f1fbd3d2235d,Same Movement Angle,N,Intersection Related,Right Turn Lane,Daylight,No Defects,"Two-way, Not Divided",Dry,Clear,Twelve o'clock,Passenger Car,Superficial,N,Moving Constant Speed,2015-03-08 12:14,82,39.27996373,-76.48471355,3,0,우회전 차선 사고,기타
1509,N,Apparently Normal,No Misuse,N,No Injury,212ada4e-7336-4668-8629-557a7bcc66ad,D,AE54790008,Shoulder/Lap Belt(s),F,de316e67-e366-4023-9694-ceb24c35675c,Same Direction Right Turn,N,Intersection,Right Turn Lane,Daylight,No Defects,"Two-way, Divided, Positive Median Barrier",Dry,Clear,Twelve o'clock,(Sport) Utility Vehicle,Superficial,N,Accelerating,2015-02-12 16:15,30,39.31297576,-76.46418929,3,1,우회전 차선 사고,등속 주행 중 측면 추돌 사고
1510,N,Apparently Normal,No Misuse,Y,No Injury,5f1ec149-1b92-4964-b785-f2503b3962d5,D,AE5486000G,Shoulder/Lap Belt(s),F,faf02700-9539-41c2-85c4-5668d21bada8,Single Vehicle ,N,Non Intersection,Right Turn Lane,Daylight,No Defects,"Two-way, Not Divided",Ice,Raining,One o'clock,Passenger Car,Disabling,N,Moving Constant Speed,2015-01-18 11:25,26,39.40706911,-76.68532133,0,0,눈길사고,감속 중 사고
1511,N,Apparently Normal,No Misuse,Y,No Injury,348ee4b6-0ea1-4c23-b1b3-b609c5a74eac,D,AE54920006,Shoulder/Lap Belt(s),M,932492d3-5123-45e0-8fec-b215d492c279,Same Direction Rear End Left Turn,N,Non Intersection,Right Turn Lane,Daylight,No Defects,"Two-way, Divided, Positive Median Barrier",Wet,Clear,Twelve o'clock,Passenger Car,Disabling,N,Slowing or Stopping,2015-01-04 13:39,25,39.37809062,-76.57959938,4,0,빗길사고,등속 주행 중 사고
1512,N,Apparently Normal,No Misuse,N,No Injury,89587ed3-170d-4c84-b3c8-76b4e7b80fcf,D,AE54930008,Shoulder/Lap Belt(s),M,85380061-dbce-46b2-a740-9aa70fe79026,Head On Left Turn,N,Intersection,Right Turn Lane,Dark Lights On,No Defects,"Two-way, Divided, Positive Median Barrier",Dry,Clear,Twelve o'clock,Pickup Truck,Disabling,N,Moving Constant Speed,2015-01-17 18:14,29,39.24551534,-76.67325139,3,2,우회전 차선 사고,기타
1513,N,Apparently Normal,No Misuse,N,No Injury,2dfcec07-17a3-4ff4-b272-7a508e91a500,D,AE55120009,Shoulder/Lap Belt(s),F,64a575e5-7cd3-4147-8594-daf17b73a9a5,Head On Left Turn,N,Intersection,Right Turn Lane,Dark Lights On,No Defects,"Two-way, Divided, Unprotected (painted >4 feet) Median",Dry,Clear,Twelve o'clock,Passenger Car,Disabling,N,Moving Constant Speed,2015-02-03 17:30,28,39.26910024,-76.51745796,3,2,우회전 차선 사고,기타
1514,N,Apparently Normal,No Misuse,Y,No Injury,b03f5749-e20f-43a7-83e9-ff543bf613f0,D,AE55120009,Shoulder/Lap Belt(s),M,52fef536-cbdf-4531-8ae7-3f8650f1fbff,Head On Left Turn,N,Intersection,Right Turn Lane,Dark Lights On,No Defects,"Two-way, Divided, Unprotected (painted >4 feet) Median",Dry,Clear,Twelve o'clock,(Sport) Utility Vehicle,Functional,N,Making Left Turn,2015-02-03 17:30,81,39.26910024,-76.51745796,3,1,우회전 차선 사고,등속 주행 중 측면 추돌 사고
1515,N,Apparently Normal,No Misuse,Y,No Injury,f16ed6d9-eb5d-4e42-b6e4-e000a6c43bef,D,AE55160004,Shoulder/Lap Belt(s),F,4bf692ab-bded-4f6d-9cda-76d57254dd0e,Same Movement Angle,N,Intersection,Left Turn Lane,Daylight,No Defects,"Two-way, Divided, Positive Median Barrier",Wet,Raining,Eleven o'clock,Passenger Car,Disabling,N,Making Right Turn,2015-01-03 13:09,23,39.28366757,-76.75167918,4,1,빗길사고,자차 사고
1516,N,Apparently Normal,No Misuse,N,No Injury,3246bc12-58fe-4fd2-a875-af323d6b49f7,D,AE55160004,Shoulder/Lap Belt(s),M,d6da827c-6dca-4e60-8163-232e11797322,Same Movement Angle,N,Intersection,Left Turn Lane,Daylight,No Defects,"Two-way, Divided, Positive Median Barrier",Wet,Raining,Twelve o'clock,(Sport) Utility Vehicle,Disabling,N,Moving Constant Speed,2015-01-03 13:09,64,39.28366757,-76.75167918,4,1,빗길사고,자차 사고
1517,N,Apparently Normal,No Misuse,Y,No Injury,5725de9e-4408-4c93-b292-860919c12b0c,D,AE5516000F,Shoulder/Lap Belt(s),F,87706c80-5d74-4e16-871d-99ab9db683d4,Same Movement Angle,N,Intersection,Left Turn Lane,Dark Lights On,No Defects,"Two-way, Not Divided",Dry,Clear,Five o'clock,Passenger Car,Disabling,N,Making Left Turn,2015-03-24 6:14,30,39.26272919,-76.70541644,1,1,좌회전 차선 사고,등속 주행 사고
1518,N,Apparently Normal,No Misuse,Y,No Injury,fb104d0a-798e-4492-ac74-a2151d48d8b7,D,AE5522000D,Shoulder/Lap Belt(s),F,53c7c5a6-8bd5-4aa6-8749-113445d68a61,Angle Meets Left Turn Head On,N,Intersection Related,Right Turn Lane,Daylight,No Defects,"Two-way, Divided, Positive Median Barrier",Dry,Cloudy,One o'clock,Passenger Car,Disabling,N,Making Left Turn,2015-02-09 14:27,60,39.39284255,-76.57781839,3,1,우회전 차선 사고,등속 주행 중 측면 추돌 사고
1519,N,Apparently Normal,No Misuse,N,Non-incapacitating Injury,9c8ef53a-0ae6-48eb-89f8-81390a731c54,D,AE5522000D,Shoulder/Lap Belt(s),F,6cad4252-6a60-452d-bc27-aefcb88b7e85,Angle Meets Left Turn Head On,N,Intersection Related,Right Turn Lane,Daylight,No Defects,"Two-way, Divided, Positive Median Barrier",Dry,Cloudy,Twelve o'clock,Passenger Car,Disabling,N,Moving Constant Speed,2015-02-09 14:27,37,39.39284255,-76.57781839,3,2,우회전 차선 사고,기타
1520,N,Apparently Normal,No Misuse,N,No Injury,54d9b924-c0b6-4717-875c-0c5bef000a06,D,AE55250007,Shoulder/Lap Belt(s),F,ad66e036-5f7f-45ba-a595-79da0f4e8b10,Same Direction Rear End,N,Intersection,Right Turn Lane,Daylight,No Defects,"Two-way, Not Divided",Dry,Clear,Six o'clock,(Sport) Utility Vehicle,Functional,N,Stopped in Traffic Lane,2015-03-12 8:54,31,39.31308367,-76.46193624,3,3,우회전 차선 사고,동일 방향 운행 중 추돌 사고
1521,N,Apparently Normal,No Misuse,Y,No Injury,4d2f549a-c7e7-4d1d-8b3c-b8df2658dd72,D,AE55250007,Shoulder/Lap Belt(s),F,feaa9ff0-25c3-43b6-a217-14f95da8f6fe,Same Direction Rear End,N,Intersection,Right Turn Lane,Daylight,No Defects,"Two-way, Not Divided",Dry,Clear,Twelve o'clock,Passenger Car,Disabling,N,Slowing or Stopping,2015-03-12 8:54,31,39.31308367,-76.46193624,3,3,우회전 차선 사고,동일 방향 운행 중 추돌 사고
1522,N,Apparently Normal,No Misuse,N,No Injury,4fed1146-3621-4894-8a0c-36d11eee9ff8,D,AE55360003,Shoulder/Lap Belt(s),F,967525c9-21f0-4427-99b0-f0c9b6a342fa,Same Direction Rear End,N,Non Intersection,Right Turn Lane,Daylight,No Defects,"Two-way, Divided, Positive Median Barrier",Dry,Cloudy,Six o'clock,(Sport) Utility Vehicle,Superficial,N,Stopped in Traffic Lane,2015-01-15 16:19,26,39.39289644,-76.5848431,2,0,기타,자차 사고
1523,N,Apparently Normal,No Misuse,N,No Injury,2950c3d6-7389-4d0a-a3a6-834107ea0438,D,AE55360003,Shoulder/Lap Belt(s),M,3b065172-c81c-4abc-9c61-ac28d18e8ed1,Same Direction Rear End,N,Non Intersection,Right Turn Lane,Daylight,No Defects,"Two-way, Divided, Positive Median Barrier",Dry,Cloudy,Six o'clock,Passenger Car,Disabling,N,Stopped in Traffic Lane,2015-01-15 16:19,22,39.39289644,-76.5848431,2,0,기타,자차 사고
1524,N,Apparently Normal,No Misuse,Y,No Injury,4b527b05-7b6c-4cea-a44a-5855afef93e6,D,AE55360003,Shoulder/Lap Belt(s),M,59f8acb6-2295-4016-9967-ea8e28ac36a1,Same Direction Rear End,N,Non Intersection,Right Turn Lane,Daylight,No Defects,"Two-way, Divided, Positive Median Barrier",Dry,Cloudy,Twelve o'clock,Pickup Truck,Functional,N,Slowing or Stopping,2015-01-15 16:19,54,39.39289644,-76.5848431,2,1,기타,등속 주행 사고
1525,N,Apparently Normal,No Misuse,N,No Injury,282ad4fc-29cc-49d0-94af-433094129b7f,D,AE55490008,Shoulder/Lap Belt(s),F,46bb089c-c4ac-41a1-81dd-a08ec9897b13,Head On Left Turn,N,Intersection,Right Turn Lane,Dawn,No Defects,"Two-way, Not Divided",Dry,Clear,One o'clock,Passenger Car,Functional,N,Moving Constant Speed,2015-01-02 17:14,64,39.36355124,-76.78456306,3,2,우회전 차선 사고,기타
1526,N,Apparently Normal,No Misuse,N,No Injury,a5a4fc8b-82c5-4cde-a583-a5b68fb14551,D,AE55560007,Shoulder/Lap Belt(s),F,6c10425d-bb68-40f5-8258-f36a37e7d6b9,Same Direction Rear End,N,Intersection,Right Turn Lane,Daylight,No Defects,"Two-way, Not Divided",Dry,Clear,Six o'clock,Passenger Car,Disabling,N,Slowing or Stopping,2015-02-08 11:11,36,39.38078583,-76.78240657,3,3,우회전 차선 사고,동일 방향 운행 중 추돌 사고