KEY_INDEX,CDL_FLAG,CONDITION_CODE,EQUIP_PROB_CODE,FAULT_FLAG,INJ_SEVER_CODE,PERSON_ID,PERSON_TYPE,REPORT_NO,SAF_EQUIP_CODE,SEX_CODE,VEHICLE_ID,COLLISION_TYPE_CODE,C_M_ZONE_FLAG,JUNCTION_CODE,LANE_CODE,LIGHT_CODE,RD_COND_CODE,RD_DIV_CODE,SURF_COND_CODE,WEATHER_CODE,AREA_DAMAGED_CODE_MAIN,BODY_TYPE_CODE,DAMAGE_CODE,HIT_AND_RUN_FLAG,MOVEMENT_CODE,TIME,AGE,LATITUDE,LONGITUDE,CLUSTER,SECOND_LABEL,FIRST_LABEL,SECOND_LABELING
1527,N,Apparently Normal,No Misuse,Y,No Injury,ab8a3644-0ba6-49fa-9e27-3299d4215ee6,D,AE55560007,Shoulder/Lap Belt(s),F,222ccd80-2264-4990-b58b-78be8594686e,Same Direction Rear End,N,Intersection,Right Turn Lane,Daylight,No Defects,"Two-way, Not Divided",Dry,Clear,Twelve o'clock,Van,Disabling,N,Moving Constant Speed,2015-02-08 11:11,41,39.38078583,-76.78240657,3,2,우회전 차선 사고,기타
1528,N,Apparently Normal,No Misuse,N,No Injury,7304b31a-a445-45b2-9dcd-a00d19cbc7e0,D,AE55570008,Shoulder/Lap Belt(s),F,6a2ee818-e94d-4444-b907-4955920b6c70,Same Direction Sideswipe,N,Intersection Related,Right Turn Lane,Dawn,No Defects,"Two-way, Not Divided",Wet,Foggy,Nine o'clock,Passenger Car,Disabling,N,Accelerating,2015-01-24 6:51,43,39.30376949,-76.71348453,4,0,빗길사고,등속 주행 중 사고
1529,N,Apparently Normal,No Misuse,Y,No Injury,eb4ed149-5fb4-4394-bb38-7a75dfd10ad5,D,AE55570008,Shoulder/Lap Belt(s),M,55b5193f-7d08-4c40-82c2-5b66ada6d7f1,Same Direction Sideswipe,N,Intersection Related,Right Turn Lane,Dawn,No Defects,"Two-way, Not Divided",Wet,Foggy,One o'clock,Passenger Car,Functional,N,Accelerating,2015-01-24 6:51,37,39.30376949,-76.71348453,4,0,빗길사고,등속 주행 중 사고
1530,N,Apparently Normal,No Misuse,N,No Injury,b81bfe4b-71ed-4011-9a12-0bd948245639,D,AE55870009,Shoulder/Lap Belt(s),F,d0832ab9-c407-40ee-a94e-8ab54eb8b8f1,Same Direction Left Turn,N,Non Intersection,Right Turn Lane,Daylight,No Defects,"Two-way, Divided, Positive Median Barrier",Ice,Cloudy,Two o'clock,(Sport) Utility Vehicle,Functional,N,Slowing or Stopping,2015-01-18 7:47,42,39.38657398,-76.7582345,0,1,눈길사고,등속 주행 사고
1531,N,Apparently Normal,No Misuse,Y,No Injury,2cae71a5-df25-417a-9243-2e068ad81a90,D,AE55870009,Shoulder/Lap Belt(s),M,b18ea876-eb93-45c8-a76f-deedd180a314,Same Direction Left Turn,N,Non Intersection,Right Turn Lane,Daylight,No Defects,"Two-way, Divided, Positive Median Barrier",Ice,Cloudy,Ten o'clock,Passenger Car,Functional,N,Slowing or Stopping,2015-01-18 7:47,26,39.38657398,-76.7582345,0,1,눈길사고,등속 주행 사고
1532,N,Apparently Normal,No Misuse,N,No Injury,3d1192be-2d75-4aff-b2e9-3391a90201f4,D,AE5587000G,Shoulder/Lap Belt(s),F,699f1229-2010-420f-9f2f-62289cd0fb1f,Angle Meets Left Turn,N,Non Intersection,Right Turn Lane,Daylight,No Defects,"Two-way, Not Divided",Dry,Cloudy,Eight o'clock,Passenger Car,Functional,N,Moving Constant Speed,2015-01-22 15:41,71,39.4009925,-76.75361037,2,2,기타,기타
1533,N,Apparently Normal,No Misuse,Y,No Injury,34bc2249-dd73-4478-adc6-a8174a3486d5,D,AE5587000G,Shoulder/Lap Belt(s),M,e5b43c8d-1adc-475d-9e47-c5f25111870b,Angle Meets Left Turn,N,Non Intersection,Right Turn Lane,Daylight,No Defects,"Two-way, Not Divided",Dry,Cloudy,Twelve o'clock,Passenger Car,Superficial,N,Making Left Turn,2015-01-22 15:41,76,39.4009925,-76.75361037,2,0,기타,자차 사고
1534,N,Apparently Normal,No Misuse,Y,No Injury,7afc58d4-fd8e-41ba-8545-63fd8f4ba809,D,AE5587000K,Shoulder/Lap Belt(s),F,bb1374f5-5629-411c-82f7-26bc5c82dbd2,Single Vehicle ,N,Non Intersection,Right Turn Lane,Dark Lights On,No Defects,"Two-way, Divided, Unprotected (painted >4 feet) Median",Wet,Snow,Twelve o'clock,(Sport) Utility Vehicle,Disabling,N,Moving Constant Speed,2015-01-26 20:30,54,39.38576135,-76.75294518,4,2,빗길사고,동일 방향 운행 중 추돌 사고
1535,N,Apparently Normal,No Misuse,N,No Injury,42d3fb8e-e131-4e48-82ae-37390054aeb1,D,AE5587000P,Shoulder/Lap Belt(s),F,0ec8a270-fb89-4e44-a6bd-3101668eb3d6,Angle Meets Left Turn Head On,N,Commercial Driveway,Right Turn Lane,Dark Lights On,No Defects,"Two-way, Divided, Unprotected (painted >4 feet) Median",Dry,Clear,Eleven o'clock,Passenger Car,Functional,N,Moving Constant Speed,2015-02-25 18:27,42,39.42389515,-76.70109272,3,2,우회전 차선 사고,기타
1536,N,Apparently Normal,No Misuse,Y,No Injury,be67fbd8-60ea-4b28-badd-8606140c20a4,D,AE5587000P,Shoulder/Lap Belt(s),M,f54763e1-aa87-4f2c-927f-1252d8c9deb3,Angle Meets Left Turn Head On,N,Commercial Driveway,Right Turn Lane,Dark Lights On,No Defects,"Two-way, Divided, Unprotected (painted >4 feet) Median",Dry,Clear,One o'clock,Passenger Car,Superficial,N,Making Left Turn,2015-02-25 18:27,21,39.42389515,-76.70109272,3,1,우회전 차선 사고,등속 주행 중 측면 추돌 사고
1537,N,Apparently Normal,No Misuse,Y,No Injury,6565a490-2113-4d04-ae3b-156ce08872c4,D,AE5587000Q,Shoulder/Lap Belt(s),F,b6096140-569b-4115-91dd-0d9350fbfa94,Single Vehicle ,N,Non Intersection,Right Turn Lane,Dark Lights On,No Defects,"Two-way, Divided, Unprotected (painted >4 feet) Median",Wet,Clear,Twelve o'clock,(Sport) Utility Vehicle,Disabling,N,Moving Constant Speed,2015-02-27 18:12,57,39.40269201,-76.72851563,4,2,빗길사고,동일 방향 운행 중 추돌 사고
1538,N,Apparently Normal,No Misuse,N,No Injury,d7447ae3-5c60-468a-a809-9d4726d4abfe,D,AE5587000X,Shoulder/Lap Belt(s),F,c1c84363-4613-4410-9fbe-bf5a51b7bc7b,Same Movement Angle,N,Commercial Driveway,Left Turn Lane,Daylight,No Defects,"Two-way, Divided, Unprotected (painted >4 feet) Median",Dry,Clear,One o'clock,Passenger Car,Functional,N,Moving Constant Speed,2015-03-27 17:40,60,39.38984929,-76.78565741,1,0,좌회전 차선 사고,등속 주행 중 측면 추돌 사고
1539,N,Apparently Normal,No Misuse,Y,No Injury,373f3667-7966-4df2-bca8-6fc2b4e6689f,D,AE5587000X,Shoulder/Lap Belt(s),M,1abd5475-ae46-4df1-bc61-bbce4bbe5e86,Same Movement Angle,N,Commercial Driveway,Left Turn Lane,Daylight,No Defects,"Two-way, Divided, Unprotected (painted >4 feet) Median",Dry,Clear,Twelve o'clock,Passenger Car,Functional,N,Making Right Turn,2015-03-27 17:40,20,39.38984929,-76.78565741,1,1,좌회전 차선 사고,등속 주행 사고
1540,N,Apparently Normal,No Misuse,N,No Injury,d8104b6b-0428-483b-8b2f-b043b29cbd50,D,AE5588000D,Shoulder/Lap Belt(s),F,a8535af5-a121-42d6-89cb-4e8d0e21790d,Same Direction Rear End,N,Crossover Related,Right Turn Lane,Daylight,No Defects,"Two-way, Divided, Unprotected (painted >4 feet) Median",Snow,Snow,Six o'clock,Passenger Car,Superficial,N,Moving Constant Speed,2015-03-01 9:59,46,39.396358,-76.568892,0,3,눈길사고,자차 사고
1541,N,Apparently Normal,No Misuse,Y,No Injury,e51cd9eb-5a48-4bdb-96ff-9be607b0d269,D,AE5588000D,Shoulder/Lap Belt(s),F,1953962c-dd15-44f0-84eb-caad16192a57,Same Direction Rear End,N,Crossover Related,Right Turn Lane,Daylight,No Defects,"Two-way, Divided, Unprotected (painted >4 feet) Median",Snow,Snow,Twelve o'clock,Passenger Car,Superficial,N,Moving Constant Speed,2015-03-01 9:59,23,39.396358,-76.568892,0,3,눈길사고,자차 사고
1542,N,Apparently Normal,No Misuse,N,No Injury,5481f175-2bc3-40bb-ae65-4511dcc8ce20,D,AE55910009,Shoulder/Lap Belt(s),F,4340d00c-a9ed-4119-8800-f44f1d432ad7,Same Direction Rear End,N,Non Intersection,Left Turn Lane,Daylight,No Defects,"Two-way, Not Divided",Wet,Raining,Six o'clock,Passenger Car,Superficial,N,Slowing or Stopping,2015-01-03 12:04,63,39.39767211,-76.56227767,4,3,빗길사고,기타
1543,N,Apparently Normal,No Misuse,N,No Injury,81125d76-bd10-41c8-a721-edceabdb06bc,D,AE56120009,Shoulder/Lap Belt(s),F,dbe59908-a442-4491-a854-f3a2db968d7b,Same Direction Rear End,N,Intersection,Right Turn Lane,Dusk,No Defects,"Two-way, Divided, Positive Median Barrier",Snow,Wintry Mix,Six o'clock,Passenger Car,Functional,N,Stopped in Traffic Lane,2015-02-14 0:00,41,39.33772456,-76.39968216,0,1,눈길사고,등속 주행 사고
1544,N,Apparently Normal,No Misuse,N,No Injury,07a6af3a-48f8-4e13-a153-87389a012ad0,D,AE56120009,Shoulder/Lap Belt(s),M,c4938832-d868-4e57-8a93-eebb6887f437,Same Direction Rear End,N,Intersection,Right Turn Lane,Dusk,No Defects,"Two-way, Divided, Positive Median Barrier",Snow,Wintry Mix,Six o'clock,(Sport) Utility Vehicle,Functional,N,Stopped in Traffic Lane,2015-02-14 0:00,37,39.33772456,-76.39968216,0,1,눈길사고,등속 주행 사고
1545,N,Apparently Normal,No Misuse,Y,No Injury,d99c35ad-5fa8-416c-8e9d-57d97f0913fa,D,AE56120009,Shoulder/Lap Belt(s),M,6603e954-53aa-415a-85ef-b5b3570503dd,Same Direction Rear End,N,Intersection,Right Turn Lane,Dusk,No Defects,"Two-way, Divided, Positive Median Barrier",Snow,Wintry Mix,Twelve o'clock,(Sport) Utility Vehicle,Functional,N,Moving Constant Speed,2015-02-14 0:00,25,39.33772456,-76.39968216,0,3,눈길사고,자차 사고
1546,N,Apparently Normal,No Misuse,N,No Injury,5ebce243-a1e3-4856-9b7d-4e5307a5f8d3,D,AE56180006,Shoulder/Lap Belt(s),F,a4c4ac79-4cc9-4453-b5b2-1f18fc0cfa38,Same Movement Angle,N,Intersection,Right Turn Lane,Dark Lights On,No Defects,"Two-way, Not Divided",Wet,Snow,Six o'clock,Passenger Car,Functional,N,Moving Constant Speed,2015-02-16 17:51,55,39.38282584,-76.81664228,4,1,빗길사고,자차 사고
1547,N,Apparently Normal,No Misuse,Y,No Injury,6f942421-bc41-406d-8a9b-9f611f8e76cb,D,AE56180006,Shoulder/Lap Belt(s),F,c2db5560-d3bc-49d6-bfb7-a2fa50c8fda9,Same Movement Angle,N,Intersection,Right Turn Lane,Dark Lights On,No Defects,"Two-way, Not Divided",Wet,Snow,Twelve o'clock,Passenger Car,Functional,N,Starting From Lane,2015-02-16 17:51,23,39.38282584,-76.81664228,4,1,빗길사고,자차 사고
1548,N,Apparently Normal,No Misuse,Y,No Injury,a17f1ea6-2c10-42f1-9215-afd1cea08a74,D,AE56200006,Shoulder/Lap Belt(s),F,d033ede9-d36a-4792-8a5f-412243791d9a,Single Vehicle ,N,Intersection,Right Turn Lane,Dark Lights On,No Defects,"Two-way, Divided, Unprotected (painted >4 feet) Median",Dry,Cloudy,Twelve o'clock,Passenger Car,Disabling,N,Making Left Turn,2015-01-28 3:06,22,39.39295863,-76.60440445,3,1,우회전 차선 사고,등속 주행 중 측면 추돌 사고
1549,N,Apparently Normal,No Misuse,N,No Injury,711226f7-0c9f-421a-b039-a0691f8d409f,D,AE5640000B,Shoulder/Lap Belt(s),F,1c99db82-d43b-4a64-a45b-837153180385,Same Movement Angle,N,Intersection,Right Turn Lane,Daylight,No Defects,"Two-way, Not Divided",Dry,Clear,Twelve o'clock,(Sport) Utility Vehicle,Superficial,N,Stopped in Traffic Lane,2015-01-31 14:30,32,39.31049375,-76.4710772,3,0,우회전 차선 사고,기타
1550,N,Apparently Normal,No Misuse,Y,No Injury,b3cf9761-6f45-4892-bb77-dc8cccee7082,D,AE5640000C,Shoulder/Lap Belt(s),F,59c9b2bc-161d-42ae-9682-8d2dcdbe4879,Same Direction Sideswipe,N,Intersection,Right Turn Lane,Daylight,No Defects,"Two-way, Not Divided",Wet,Raining,One o'clock,Passenger Car,Functional,Y,Moving Constant Speed,2015-03-04 12:40,56,39.27696564,-76.48055077,4,2,빗길사고,동일 방향 운행 중 추돌 사고
1551,N,Apparently Normal,No Misuse,Y,No Injury,436bad12-8bad-4d4d-aa78-dbd77f669143,D,AE5640000D,Shoulder/Lap Belt(s),F,97e1ca9f-1e1e-401e-bb50-f31f102e5f65,Same Direction Sideswipe,N,Intersection,Right Turn Lane,Daylight,No Defects,"Two-way, Not Divided",Wet,Raining,One o'clock,Passenger Car,Functional,Y,Moving Constant Speed,2015-03-04 12:55,56,39.27745564,-76.48382306,4,2,빗길사고,동일 방향 운행 중 추돌 사고
1552,N,Apparently Normal,No Misuse,N,No Injury,8cc095ef-dee4-4cf4-946b-8febc504672c,D,AE56450017,Shoulder/Lap Belt(s),F,943e81cd-841e-41e7-ade9-57f1a0928a76,Same Direction Rear End,N,Non Intersection,Left Turn Lane,Daylight,No Defects,"Two-way, Not Divided",Dry,Clear,Six o'clock,Passenger Car,Disabling,N,Slowing or Stopping,2015-01-02 11:37,28,39.25656526,-76.66518331,1,3,좌회전 차선 사고,감속 중 사고
1553,N,Apparently Normal,No Misuse,Y,No Injury,08d3138a-5818-40ef-a58d-74baf059315f,D,AE56450017,Shoulder/Lap Belt(s),F,55440586-af1b-4055-8512-3e2ac7331105,Same Direction Rear End,N,Non Intersection,Left Turn Lane,Daylight,No Defects,"Two-way, Not Divided",Dry,Clear,Twelve o'clock,(Sport) Utility Vehicle,Disabling,N,Slowing or Stopping,2015-01-02 11:37,28,39.25656526,-76.66518331,1,3,좌회전 차선 사고,감속 중 사고
1554,N,Apparently Normal,No Misuse,N,No Injury,657360e1-b156-4f21-a2cb-98b936fb755a,D,AE56450017,Shoulder/Lap Belt(s),M,d6b9328e-b21b-4489-a5a1-ccddfd681b16,Same Direction Rear End,N,Non Intersection,Left Turn Lane,Daylight,No Defects,"Two-way, Not Divided",Dry,Clear,Six o'clock,Station Wagon,Disabling,N,Stopped in Traffic Lane,2015-01-02 11:37,34,39.25656526,-76.66518331,1,2,좌회전 차선 사고,기타
1555,N,Apparently Normal,No Misuse,Y,No Injury,e56c4f3b-393f-4c2e-b6ea-8e7e1f5ff0f1,D,AE56450018,Shoulder/Lap Belt(s),F,f6b60f47-3909-4d7c-b393-acb8f56e199b,Same Movement Angle,N,Intersection,Right Turn Lane,Dark Lights On,No Defects,"Two-way, Not Divided",Wet,Raining,One o'clock,Passenger Car,Disabling,N,Skidding,2015-01-12 17:04,27,39.26192343,-76.73650861,4,1,빗길사고,자차 사고
1556,N,Apparently Normal,No Misuse,N,Non-incapacitating Injury,0a7ae100-af4e-4d17-a38a-17742608843e,D,AE56450018,Shoulder/Lap Belt(s),F,6b90d54c-69c9-46e4-b4f1-c08edd722a5e,Same Movement Angle,N,Intersection,Right Turn Lane,Dark Lights On,No Defects,"Two-way, Not Divided",Wet,Raining,Ten o'clock,Passenger Car,Functional,N,Moving Constant Speed,2015-01-12 17:04,32,39.26192343,-76.73650861,4,1,빗길사고,자차 사고
1557,N,Apparently Normal,No Misuse,N,No Injury,a22339ae-96d5-47fd-b416-bf4203cc79e9,D,AE5645001P,Shoulder/Lap Belt(s),M,dd28322f-cb34-49a8-9dee-62cb7317f888,Same Direction Rear End,N,Non Intersection,Right Turn Lane,Daylight,No Defects,"Two-way, Not Divided",Wet,Clear,Six o'clock,Passenger Car,Functional,N,Stopped in Traffic Lane,2015-03-02 8:34,35,39.26229724,-76.67755365,2,0,기타,자차 사고
1558,N,Apparently Normal,No Misuse,N,No Injury,d4eeace8-8061-426f-aa59-0249b64eeb64,D,AE5647000C,Shoulder/Lap Belt(s),F,26ef9b88-04b2-4439-a79c-5d30ccad0163,Same Direction Sideswipe,N,Intersection,Acceleration Lane,Daylight,No Defects,"Two-way, Divided, Unprotected (painted >4 feet) Median",Dry,Clear,Eleven o'clock,Passenger Car,Superficial,N,Moving Constant Speed,2015-02-27 11:15,75,39.31114124,-76.45276308,1,0,좌회전 차선 사고,등속 주행 중 측면 추돌 사고
1559,N,Apparently Normal,No Misuse,N,No Injury,47552b57-714f-43ff-be6d-bed6c6495a0a,D,AE56530008,Shoulder/Lap Belt(s),F,96a78c20-1c63-4e0f-8c2d-c9a7c8f4bc0d,Same Direction Rear End,Y,Non Intersection,Right Turn Lane,Dusk,No Defects,"Two-way, Divided, Positive Median Barrier",Wet,Cloudy,Six o'clock,Passenger Car,Superficial,N,Slowing or Stopping,2015-03-14 16:35,29,39.39785865,-76.60446882,4,3,빗길사고,기타
1560,N,Apparently Normal,No Misuse,N,No Injury,cc1bf9b6-54ac-4ff5-9b75-281adbd05557,D,AE56580004,Shoulder/Lap Belt(s),F,e2060e0d-7f7b-4db4-bfcb-994233e6739a,Same Direction Rear End,N,Intersection Related,Right Turn Lane,Dusk,No Defects,"Two-way, Not Divided",Dry,Clear,Five o'clock,Passenger Car,Superficial,N,Stopped in Traffic Lane,2015-01-01 16:58,57,39.50526586,-76.57010436,3,3,우회전 차선 사고,동일 방향 운행 중 추돌 사고
1561,N,Apparently Normal,No Misuse,Y,No Injury,777fbabe-7bad-4f70-a8e7-65252a605100,D,AE56580004,Shoulder Belt Only,M,71b363d1-2499-43fc-b6ff-d7811864e79e,Same Direction Rear End,N,Intersection Related,Right Turn Lane,Dusk,No Defects,"Two-way, Not Divided",Dry,Clear,Twelve o'clock,Pickup Truck,Destroyed,N,Moving Constant Speed,2015-01-01 16:58,45,39.50526586,-76.57010436,3,2,우회전 차선 사고,기타
1562,N,Apparently Normal,No Misuse,N,Non-incapacitating Injury,1a91eefc-8914-4c67-b473-eba4e481db21,D,AE56580004,Shoulder/Lap Belt(s),M,4f40e25c-2dd3-4406-b10c-c3287c80361e,Same Direction Rear End,N,Intersection Related,Right Turn Lane,Dusk,No Defects,"Two-way, Not Divided",Dry,Clear,Six o'clock,Station Wagon,Functional,N,Stopped in Traffic Lane,2015-01-01 16:58,20,39.50526586,-76.57010436,3,3,우회전 차선 사고,동일 방향 운행 중 추돌 사고
1563,N,Apparently Normal,No Misuse,N,No Injury,af9ec924-4213-430f-8416-734e81be70ea,D,AE56640007,Shoulder/Lap Belt(s),F,13ee4c59-a0d1-4165-abd0-f464ddb408b6,Same Direction Rear End,N,Intersection,Left Turn Lane,Daylight,No Defects,"Two-way, Not Divided",Dry,Clear,Six o'clock,Passenger Car,Functional,N,Stopped in Traffic Lane,2015-02-05 13:19,31,39.31251091,-76.46533728,1,2,좌회전 차선 사고,기타
1564,N,Apparently Normal,No Misuse,Y,No Injury,bd7bcc38-b45b-43ea-adaf-a722f4117fd3,D,AE56640007,Shoulder/Lap Belt(s),M,a9d03738-6fde-42b9-ae57-1425a329feda,Same Direction Rear End,N,Intersection,Left Turn Lane,Daylight,No Defects,"Two-way, Not Divided",Dry,Clear,Twelve o'clock,Passenger Car,Disabling,N,Moving Constant Speed,2015-02-05 13:19,39,39.31251091,-76.46533728,1,0,좌회전 차선 사고,등속 주행 중 측면 추돌 사고
1565,N,Apparently Normal,No Misuse,Y,No Injury,8330fe13-68f0-454f-8bf7-561fd276718f,D,AE56700006,Shoulder/Lap Belt(s),F,deebc814-9fdb-4cc3-acc2-0b2a71b85cb1,Same Direction Right Turn,N,Non Intersection,Left Turn Lane,Dark Lights On,No Defects,"Two-way, Divided, Positive Median Barrier",Wet,Clear,One o'clock,Van,Superficial,N,Making Right Turn,2015-02-09 19:04,47,39.33750051,-76.48984194,1,1,좌회전 차선 사고,등속 주행 사고
1566,N,Apparently Normal,No Misuse,N,No Injury,0e513561-7b93-4b04-abd6-a4c17f860b9d,D,AE56700006,Shoulder/Lap Belt(s),M,b15accdd-a8c6-44d3-a440-e610042af591,Same Direction Right Turn,N,Non Intersection,Left Turn Lane,Dark Lights On,No Defects,"Two-way, Divided, Positive Median Barrier",Wet,Clear,Ten o'clock,Passenger Car,Disabling,N,Moving Constant Speed,2015-02-09 19:04,29,39.33750051,-76.48984194,1,0,좌회전 차선 사고,등속 주행 중 측면 추돌 사고
1567,N,Apparently Normal,No Misuse,Y,No Injury,a2ce23d7-54ba-4da3-893e-806158a12dd1,D,AE56710009,Shoulder/Lap Belt(s),M,80149b01-c783-41b1-abdb-a3a514525132,Same Direction Right Turn,N,Non Intersection,Right Turn Lane,Daylight,No Defects,"Two-way, Divided, Positive Median Barrier",Dry,Clear,Eight o'clock,Passenger Car,Functional,N,Making U Turn,2015-02-02 13:51,66,39.37848039,-76.7182374,2,0,기타,자차 사고
1568,N,Apparently Normal,No Misuse,N,No Injury,cd082ab3-f494-413b-9b39-05388cd3fac6,D,AE5677000C,Shoulder/Lap Belt(s),F,9cf47f86-f525-4955-adc0-6b96864bbcf7,Same Movement Angle,N,Intersection,Right Turn Lane,Dark - Unknown Lighting,No Defects,"Two-way, Not Divided",Dry,Clear,Seven o'clock,Passenger Car,Superficial,N,Accelerating,2015-02-03 18:19,41,39.32181562,-76.7432785,3,0,우회전 차선 사고,기타
1569,N,Apparently Normal,No Misuse,Y,No Injury,d98a5240-eb12-499e-ad00-9600c924536d,D,AE56960007,Shoulder/Lap Belt(s),F,12f6e3e6-f26f-4acc-b7aa-3ddd90c6c5be,Head On,N,Non Intersection,Right Turn Lane,Daylight,No Defects,"Two-way, Not Divided",Ice,Wintry Mix,Nine o'clock,(Sport) Utility Vehicle,Disabling,N,Negotiating a Curve,2015-01-19 9:52,57,39.497725,-76.681893,0,2,눈길사고,미끌어짐에 의한 사고
1570,N,Apparently Normal,No Misuse,N,No Injury,038e34ad-9d8a-4ce2-ab61-d7c8784e13f0,D,AE56960007,Shoulder/Lap Belt(s),M,4b3627b3-62e5-4c6c-b9db-3f30d482ea90,Head On,N,Non Intersection,Right Turn Lane,Daylight,No Defects,"Two-way, Not Divided",Ice,Wintry Mix,Twelve o'clock,(Sport) Utility Vehicle,Disabling,N,Moving Constant Speed,2015-01-19 9:52,68,39.497725,-76.681893,0,0,눈길사고,감속 중 사고
1571,N,Apparently Normal,No Misuse,N,No Injury,3d4786d3-fd20-4ac5-91d2-fe972736f0e2,D,AE56960009,Shoulder/Lap Belt(s),F,4a3823eb-a75d-4008-a8c6-7cba16dfdfff,Same Direction Left Turn,N,Intersection,Right Turn Lane,Daylight,No Defects,"Two-way, Divided, Positive Median Barrier",Dry,Clear,Twelve o'clock,Passenger Car,Functional,N,Moving Constant Speed,2015-01-31 16:40,65,39.495118,-76.67235,3,2,우회전 차선 사고,기타
1572,N,Apparently Normal,No Misuse,Y,No Injury,f7999a54-fcd5-4baf-95ff-e402f0e7331b,D,AE56960009,Shoulder/Lap Belt(s),F,e1f1aae0-4e8d-4892-ab2e-51da6a64f081,Same Direction Left Turn,N,Intersection,Right Turn Lane,Daylight,No Defects,"Two-way, Divided, Positive Median Barrier",Dry,Clear,Eight o'clock,(Sport) Utility Vehicle,Disabling,N,Making Left Turn,2015-01-31 16:40,18,39.495118,-76.67235,3,1,우회전 차선 사고,등속 주행 중 측면 추돌 사고
1573,N,Apparently Normal,No Misuse,Y,No Injury,624d0777-fd90-4f84-9787-54532a4dfc81,D,AE57060005,Shoulder/Lap Belt(s),F,1419ce94-a444-41d9-ba18-4c990679db15,Same Movement Angle,N,Intersection,Right Turn Lane,Dark Lights On,No Defects,"Two-way, Not Divided",Slush,Clear,Twelve o'clock,Passenger Car,Disabling,N,Accelerating,2015-02-17 18:00,56,39.30083054,-76.44591808,3,0,우회전 차선 사고,기타
1574,N,Apparently Normal,No Misuse,N,No Injury,eadc8127-b015-45d6-9e23-365415b9d1ce,D,AE5711000C,Shoulder/Lap Belt(s),F,ea77e1e2-6634-44f6-bd7a-06a2af30077d,Same Movement Angle,N,Non Intersection,Right Turn Lane,Dark No Lights,No Defects,"Two-way, Divided, Positive Median Barrier",Wet,Raining,Twelve o'clock,Passenger Car,Disabling,N,Moving Constant Speed,2015-01-25 18:23,34,39.31207926,-76.73135877,4,1,빗길사고,자차 사고
1575,N,Apparently Normal,No Misuse,Y,Non-incapacitating Injury,faf42aa9-7b3d-45c0-95c8-4e086d594dfe,D,AE5711000C,Shoulder/Lap Belt(s),F,fc27c712-6676-4729-bdc6-60a163e18b97,Same Movement Angle,N,Non Intersection,Right Turn Lane,Dark No Lights,No Defects,"Two-way, Divided, Positive Median Barrier",Wet,Raining,Twelve o'clock,Passenger Car,Disabling,N,Accelerating,2015-01-25 18:23,50,39.31207926,-76.73135877,4,1,빗길사고,자차 사고
1576,N,Apparently Normal,No Misuse,N,No Injury,83db8591-3cc8-42be-9c95-38aa8055cf81,D,AE5711000D,Shoulder/Lap Belt(s),F,1f537fb1-94c2-462c-887f-4dcfc86a990f,Same Direction Left Turn,N,Non Intersection,Right Turn Lane,Dusk,No Defects,"Two-way, Not Divided",Dry,Clear,Eleven o'clock,Transit Bus,Superficial,N,Making Left Turn,2015-01-29 16:16,61,39.31187173,-76.76073432,2,0,기타,자차 사고
1577,N,Apparently Normal,No Misuse,N,No Injury,bb073404-b799-4c1b-8bb1-c9f1bab38962,D,AE5711000G,Shoulder/Lap Belt(s),F,4c689bbd-62d0-4126-8f7d-06b7d1b2eed8,Same Direction Both Left Turn,N,Non Intersection,Right Turn Lane,Daylight,No Defects,"Two-way, Not Divided",Wet,Cloudy,Eleven o'clock,Passenger Car,Functional,N,Parked  ,2015-02-18 15:19,64,39.290884,-76.734025,4,0,빗길사고,등속 주행 중 사고
1578,N,Apparently Normal,No Misuse,Y,No Injury,5e45e0ec-bba7-45b6-934a-3d55801c79ed,D,AE57280007,Shoulder/Lap Belt(s),F,36fc1559-504e-465f-9d82-5462b4da7633,Same Direction Rear End,N,Non Intersection,Right Turn Lane,Daylight,No Defects,"Two-way, Not Divided",Dry,Clear,Twelve o'clock,Passenger Car,Superficial,Y,Moving Constant Speed,2015-01-08 15:10,48,39.27717327,-76.73310757,2,3,기타,등속 주행 중 측면 추돌 사고
1579,N,Apparently Normal,No Misuse,N,No Injury,507e5fda-638f-425f-b8fc-05544dfdd29a,D,AE5729000Z,Shoulder/Lap Belt(s),F,c483d679-4d79-4b75-8109-664b4c5095c5,Same Direction Rear End,N,Intersection Related,Right Turn Lane,Daylight,No Defects,"Two-way, Divided, Positive Median Barrier",Dry,Clear,Six o'clock,Passenger Car,Superficial,N,Slowing or Stopping,2015-03-21 12:25,24,39.3379652,-76.48018599,3,3,우회전 차선 사고,동일 방향 운행 중 추돌 사고
1580,N,Apparently Normal,No Misuse,N,No Injury,d8aa129d-0ad2-4b2a-b443-570885a3400a,D,AE57370007,Shoulder/Lap Belt(s),F,0c368685-7509-4ba1-8527-068a4a6b728a,Same Direction Rear End,N,Non Intersection,Right Turn Lane,Daylight,No Defects,"Two-way, Not Divided",Dry,Clear,Six o'clock,Passenger Car,Superficial,N,Slowing or Stopping,2015-02-03 15:10,40,39.4141067,-76.60034895,2,1,기타,등속 주행 사고