KEY_INDEX,CDL_FLAG,CONDITION_CODE,EQUIP_PROB_CODE,FAULT_FLAG,INJ_SEVER_CODE,PERSON_ID,PERSON_TYPE,REPORT_NO,SAF_EQUIP_CODE,SEX_CODE,VEHICLE_ID,COLLISION_TYPE_CODE,C_M_ZONE_FLAG,JUNCTION_CODE,LANE_CODE,LIGHT_CODE,RD_COND_CODE,RD_DIV_CODE,SURF_COND_CODE,WEATHER_CODE,AREA_DAMAGED_CODE_MAIN,BODY_TYPE_CODE,DAMAGE_CODE,HIT_AND_RUN_FLAG,MOVEMENT_CODE,TIME,AGE,LATITUDE,LONGITUDE,CLUSTER,SECOND_LABEL,FIRST_LABEL,SECOND_LABELING
1853,N,Apparently Normal,No Misuse,N,Non-incapacitating Injury,f4d0a693-865d-4d9d-ad80-d18a1f2a49f9,D,CE45780006,Shoulder/Lap Belt(s),F,a7ce20cf-e77f-46c9-b0ee-dac304bb7d08,Same Direction Rear End,N,Non Intersection,Right Turn Lane,Dark Lights On,No Defects,"Two-way, Divided, Positive Median Barrier",Dry,Clear,Six o'clock,Passenger Car,Superficial,N,Moving Constant Speed,2015-02-02 22:41,25,39.09552995,-76.83864713,2,3,기타,등속 주행 중 측면 추돌 사고
1854,N,Apparently Normal,No Misuse,N,No Injury,b1c98e4b-a78a-47cc-935b-2f638805cc30,D,CE45780007,Shoulder/Lap Belt(s),F,d4982b03-cc8c-4a88-9ba7-fd97d7b5bd22,Same Direction Left Turn,N,Non Intersection,Right Turn Lane,Daylight,No Defects,"Two-way, Not Divided",Dry,Clear,One o'clock,Passenger Car,Superficial,N,Moving Constant Speed,2015-02-11 14:45,52,39.10795215,-76.85631752,2,2,기타,기타
1855,N,Apparently Normal,No Misuse,Y,Non-incapacitating Injury,e9dfc61d-93ea-4955-820b-252e711693b8,D,CE45780007,Shoulder/Lap Belt(s),F,a8f2697c-d65a-49ea-9f82-ee23f84d7eab,Same Direction Left Turn,N,Non Intersection,Right Turn Lane,Daylight,No Defects,"Two-way, Not Divided",Dry,Clear,Eleven o'clock,Passenger Car,Superficial,N,Starting From Parked,2015-02-11 14:45,60,39.10795215,-76.85631752,2,0,기타,자차 사고
1856,N,Apparently Normal,No Misuse,N,No Injury,54e054bb-1f79-4fe2-80a8-0aaf9414fa3e,D,CE4578000F,Shoulder/Lap Belt(s),F,45f9717e-bb11-49c3-8632-667682b3a170,Same Direction Rear End,N,Non Intersection,Left Turn Lane,Daylight,No Defects,"Two-way, Not Divided",Dry,Clear,Six o'clock,Passenger Car,Superficial,N,Stopped in Traffic Lane,2015-03-17 7:51,34,39.10332322,-76.87112331,1,2,좌회전 차선 사고,기타
1857,N,Apparently Normal,No Misuse,Y,No Injury,22497b05-4b38-450c-b0c1-b5be3a057ad9,D,CE4578000F,Shoulder/Lap Belt(s),F,dd4c0bfe-ef81-4026-9589-377f832b371e,Same Direction Rear End,N,Non Intersection,Left Turn Lane,Daylight,No Defects,"Two-way, Not Divided",Dry,Clear,Twelve o'clock,Passenger Car,Superficial,N,Slowing or Stopping,2015-03-17 7:51,26,39.10332322,-76.87112331,1,3,좌회전 차선 사고,감속 중 사고
1858,N,Apparently Normal,No Misuse,Y,No Injury,755cb26f-ccb4-4447-b016-307facc71a25,D,CE4578000G,Shoulder/Lap Belt(s),F,658c61ad-bff1-4f0f-95e9-3826319c98af,Same Direction Left Turn,N,Intersection,Left Turn Lane,Daylight,No Defects,One-way Trafficway,Dry,Clear,Twelve o'clock,Passenger Car,Superficial,N,Slowing or Stopping,2015-03-23 18:35,32,39.10029261,-76.84593201,1,3,좌회전 차선 사고,감속 중 사고
1859,Y,Apparently Normal,No Misuse,N,No Injury,9e9eaadd-007a-402f-b992-7e5bd4bfd363,D,CE4578000G,Shoulder/Lap Belt(s),M,5ff286e3-86fc-473d-8a6f-db47c85c2319,Same Direction Left Turn,N,Intersection,Left Turn Lane,Daylight,No Defects,One-way Trafficway,Dry,Clear,Four o'clock,School Bus,Superficial,N,Moving Constant Speed,2015-03-23 18:35,62,39.10029261,-76.84593201,1,0,좌회전 차선 사고,등속 주행 중 측면 추돌 사고
1860,N,Apparently Normal,No Misuse,N,No Injury,bb669614-d24f-4721-9057-316cc43f8a7c,D,CNC31500005,Shoulder/Lap Belt(s),M,7dc1edb4-a600-4752-944d-4150cb93343c,Same Movement Angle,N,Intersection,Left Turn Lane,Daylight,No Defects,"Two-way, Divided, Positive Median Barrier",Wet,Clear,One o'clock,Station Wagon,Disabling,N,Moving Constant Speed,2015-01-27 11:08,52,38.95388574,-76.87650919,1,0,좌회전 차선 사고,등속 주행 중 측면 추돌 사고
1861,Y,Apparently Normal,No Misuse,Y,No Injury,2cc4a8b5-3c37-4579-b6df-cb1c900947ce,D,CT82740014,Shoulder/Lap Belt(s),F,c1e4151e-5dc8-471f-84f3-df7479a69260,Single Vehicle ,N,Non Intersection,Acceleration Lane,Dark Lights On,No Defects,One-way Trafficway,Dry,Clear,One o'clock,Other Bus,Superficial,N,Moving Constant Speed,2015-01-15 18:31,65,38.33450317,-75.08455753,1,0,좌회전 차선 사고,등속 주행 중 측면 추돌 사고
1862,N,Apparently Normal,No Misuse,Y,No Injury,604527a7-9bf1-4241-b333-fae38695e2ae,D,CTX3060024,Shoulder/Lap Belt(s),F,9421e27a-9478-46f9-b239-916f6bd64291,Same Direction Rear End,N,Intersection,Left Turn Lane,Dark Lights On,No Defects,"Two-way, Divided, Positive Median Barrier",Wet,Raining,Twelve o'clock,Passenger Car,Superficial,N,Starting From Lane,2015-02-21 18:45,18,38.35886683,-75.07407546,4,3,빗길사고,기타
1863,N,Apparently Normal,No Misuse,N,No Injury,c7ea538d-f0d9-41e3-97cd-1b01bd6c0e85,D,CTX3060024,Shoulder/Lap Belt(s),M,431242c2-0ee4-4356-b9b0-26edef0b5f8c,Same Direction Rear End,N,Intersection,Left Turn Lane,Dark Lights On,No Defects,"Two-way, Divided, Positive Median Barrier",Wet,Raining,Six o'clock,Police Vehicle/Non Emergency,Superficial,N,Starting From Lane,2015-02-21 18:45,55,38.35886683,-75.07407546,4,3,빗길사고,기타
1864,N,Apparently Normal,No Misuse,Y,No Injury,a31f2a4e-ebb5-493b-9199-c61c90a19bb3,D,CW00210005,Shoulder/Lap Belt(s),F,3f8409f3-8bda-4886-b066-129eeca22aea,Same Direction Rear End,N,Non Intersection,Right Turn Lane,Daylight,No Defects,"Two-way, Not Divided",Dry,Clear,Twelve o'clock,Van,Superficial,N,Slowing or Stopping,2015-03-25 16:47,17,39.56818331,-76.07040882,2,1,기타,등속 주행 사고
1865,N,Apparently Normal,No Misuse,N,Possible Incapacitating Injury,1eb7f96b-e634-44f3-8a75-886845d33186,D,CW00210005,Shoulder/Lap Belt(s),M,7f69c501-2e0f-458d-8052-b56a67a7668d,Same Direction Rear End,N,Non Intersection,Right Turn Lane,Daylight,No Defects,"Two-way, Not Divided",Dry,Clear,Six o'clock,(Sport) Utility Vehicle,No Damage,N,Slowing or Stopping,2015-03-25 16:47,33,39.56818331,-76.07040882,2,1,기타,등속 주행 사고
1866,N,Apparently Normal,No Misuse,N,No Injury,fe863682-3dba-4866-ab3f-9546c9456810,D,CW00230003,Shoulder/Lap Belt(s),F,16ca891b-af5b-4aae-902c-a6683de9cc38,Single Vehicle ,N,Non Intersection,Right Turn Lane,Daylight,No Defects,"Two-way, Not Divided",Dry,Clear,Twelve o'clock,Passenger Car,Functional,N,Moving Constant Speed,2015-02-06 17:15,44,39.56454419,-76.0618794,2,2,기타,기타
1867,N,Apparently Normal,No Misuse,Y,No Injury,0c3e6173-57b3-4a06-b191-00780188ba7e,D,CW00240004,Shoulder/Lap Belt(s),F,5afb18cf-9744-41a4-be3a-e2c0a9d5f376,Single Vehicle ,N,Non Intersection,Right Turn Lane,Daylight,No Defects,"Two-way, Not Divided",Snow,Snow,Eleven o'clock,Passenger Car,Disabling,N,Moving Constant Speed,2015-02-21 13:41,22,39.56922539,-76.07836962,0,0,눈길사고,감속 중 사고
1868,N,Apparently Normal,No Misuse,N,No Injury,4eca927b-c0c0-44db-8da2-ad2f9a721b38,D,CX01100003,Shoulder/Lap Belt(s),M,a06e3393-150b-48d8-a270-a39e62bbb23f,Same Movement Angle,N,Non Intersection,Right Turn Lane,Daylight,No Defects,"Two-way, Divided, Positive Median Barrier",Dry,Clear,Twelve o'clock,Pickup Truck,Disabling,N,Moving Constant Speed,2015-02-16 7:47,37,38.05398816,-75.54353714,2,2,기타,기타
1869,N,Apparently Normal,No Misuse,N,No Injury,8b50c99f-029b-4e9a-924c-f591bafd49ef,D,DA18690003,Shoulder/Lap Belt(s),F,e9efc5d3-1316-41cb-9147-e0abc6f99ba8,Same Direction Rear End,N,Intersection Related,Left Turn Lane,Daylight,No Defects,"Two-way, Divided, Positive Median Barrier",Dry,Clear,Six o'clock,Passenger Car,Superficial,N,Stopped in Traffic Lane,2015-01-28 17:05,44,38.84640939,-76.92684889,1,2,좌회전 차선 사고,기타
1870,N,Apparently Normal,No Misuse,Y,No Injury,3aa00112-b558-4005-b3b6-0f7b2c3319f9,D,DA23050002,Shoulder/Lap Belt(s),M,6728f646-1826-42a7-bfab-28a6b473c560,Same Direction Rear End,N,Non Intersection,Right Turn Lane,Daylight,No Defects,"Two-way, Not Divided",Ice,Cloudy,One o'clock,Police Vehicle/Non Emergency,Functional,N,Slowing or Stopping,2015-01-07 14:35,30,39.08128586,-76.85400546,0,1,눈길사고,등속 주행 사고
1871,N,Apparently Normal,No Misuse,N,No Injury,48ba3a66-8a7a-42cc-8991-bf932d1a00cd,D,DA24040002,Shoulder/Lap Belt(s),F,29d8ff90-87ed-499a-8543-459888206e41,Same Direction Rear End,N,Intersection,Right Turn Lane,Daylight,No Defects,"Two-way, Not Divided",Dry,Clear,Six o'clock,Passenger Car,Superficial,N,Slowing or Stopping,2015-02-18 13:21,44,38.80921574,-76.76615238,3,3,우회전 차선 사고,동일 방향 운행 중 추돌 사고
1872,N,Apparently Normal,No Misuse,Y,No Injury,fc46012e-223f-4356-ba1f-021a15019923,D,DA24040002,Shoulder Belt Only,F,3209270c-d14d-46d6-8014-9688e6c9cd01,Same Direction Rear End,N,Intersection,Right Turn Lane,Daylight,No Defects,"Two-way, Not Divided",Dry,Clear,Twelve o'clock,Police Vehicle/Emergency,Superficial,N,Slowing or Stopping,2015-02-18 13:21,29,38.80921574,-76.76615238,3,3,우회전 차선 사고,동일 방향 운행 중 추돌 사고
1873,N,Apparently Normal,No Misuse,Y,No Injury,21a607aa-45fa-4864-bd50-edeaaa4d6cf3,D,DA26600002,Shoulder/Lap Belt(s),F,9863df70-714e-4d6a-89a1-d9febfda7537,Head On,N,Non Intersection,Acceleration Lane,Daylight,Foreign Material,"Two-way, Divided, Positive Median Barrier",Ice,Clear,Twelve o'clock,Passenger Car,Disabling,N,Changing Lanes,2015-02-24 10:34,32,38.93935022,-76.91697836,1,1,좌회전 차선 사고,등속 주행 사고
1874,N,Apparently Normal,No Misuse,N,No Injury,72a03efb-97f0-4a94-b26b-d2d6be59736c,D,DA26600002,Shoulder/Lap Belt(s),M,142258a8-a8d9-41d8-8d2f-3e98b25406cb,Head On,N,Non Intersection,Acceleration Lane,Daylight,Foreign Material,"Two-way, Divided, Positive Median Barrier",Ice,Clear,Twelve o'clock,Passenger Car,Disabling,N,Moving Constant Speed,2015-02-24 10:34,43,38.93935022,-76.91697836,1,0,좌회전 차선 사고,등속 주행 중 측면 추돌 사고
1875,N,Apparently Normal,No Misuse,Y,No Injury,26d448de-dd23-4853-957c-7507f3d92e3e,D,DA27790002,Shoulder/Lap Belt(s),F,f3d477ca-a2ac-443f-baf7-0555fbf0d136,Single Vehicle ,N,Commercial Driveway,Right Turn Lane,Dark No Lights,Shoulder Defect,"Two-way, Not Divided",Dry,Clear,Twelve o'clock,Passenger Car,Functional,N,Moving Constant Speed,2015-03-12 1:08,38,38.7372055,-76.83180213,3,2,우회전 차선 사고,기타
1876,N,Apparently Normal,No Misuse,Y,No Injury,f7b247ae-5ca4-413a-ba57-cceb8aa9e5bb,D,DA28090003,Shoulder/Lap Belt(s),F,8918fff5-cff3-4236-b0de-b2e90847d14b,Same Direction Rear End,N,Intersection,Left Turn Lane,Daylight,No Defects,"Two-way, Not Divided",Dry,Clear,Six o'clock,Passenger Car,Superficial,N,Backing,2015-01-20 8:35,27,38.94262973,-76.93431884,1,3,좌회전 차선 사고,감속 중 사고
1877,N,Apparently Normal,No Misuse,N,No Injury,d0948159-80d1-469a-8402-908961c9a6ba,D,DA2810000K,Shoulder/Lap Belt(s),F,b03e424d-857c-4076-a88f-e214438116c1,Head On Left Turn,N,Non Intersection,Right Turn Lane,Daylight,No Defects,"Two-way, Divided, Unprotected (painted >4 feet) Median",Snow,Snow,Twelve o'clock,Passenger Car,Functional,N,Accelerating,2015-02-21 11:58,28,38.952434,-76.855717,0,2,눈길사고,미끌어짐에 의한 사고
1878,N,Apparently Normal,No Misuse,Y,No Injury,533b593a-880a-4f59-a695-d6a75db21511,D,DA2810000K,Shoulder/Lap Belt(s),M,022c3016-26ee-462c-82a9-2145a8b1a513,Head On Left Turn,N,Non Intersection,Right Turn Lane,Daylight,No Defects,"Two-way, Divided, Unprotected (painted >4 feet) Median",Snow,Snow,Twelve o'clock,Passenger Car,Disabling,N,Moving Constant Speed,2015-02-21 11:58,21,38.952434,-76.855717,0,0,눈길사고,감속 중 사고
1879,N,Apparently Normal,No Misuse,N,No Injury,0d6e9659-cb30-4743-9678-7461d699af42,D,DA2810000M,Shoulder/Lap Belt(s),F,627bd318-44af-4eb6-b4b8-51f44ff70105,Head On Left Turn,N,Intersection,Acceleration Lane,Daylight,No Defects,"Two-way, Divided, Positive Median Barrier",Dry,Clear,Twelve o'clock,Passenger Car,Functional,N,Moving Constant Speed,2015-03-26 13:30,52,38.95538752,-76.82928085,1,0,좌회전 차선 사고,등속 주행 중 측면 추돌 사고
1880,N,Apparently Normal,No Misuse,Y,No Injury,36262b13-c708-4193-98bf-362231e72ce3,D,DA2810000M,Shoulder/Lap Belt(s),F,38b8d0e3-fa0e-4fa4-b54c-b1861cbad111,Head On Left Turn,N,Intersection,Acceleration Lane,Daylight,No Defects,"Two-way, Divided, Positive Median Barrier",Dry,Clear,One o'clock,Passenger Car,Disabling,N,Making Left Turn,2015-03-26 13:30,44,38.95538752,-76.82928085,1,1,좌회전 차선 사고,등속 주행 사고
1881,N,Apparently Normal,No Misuse,Y,No Injury,40a33680-b6e5-4295-b3d9-2df635411193,D,DA28180001,Shoulder/Lap Belt(s),F,d4d3a5dc-a5d6-426b-b60d-6415786252cf,Single Vehicle ,N,Non Intersection,Right Turn Lane,Dark Lights On,No Defects,One-way Trafficway,Ice,Raining,Seven o'clock,Passenger Car,Superficial,N,Slowing or Stopping,2015-02-10 2:55,31,38.95401923,-76.71609163,0,1,눈길사고,등속 주행 사고
1882,N,Apparently Normal,No Misuse,Y,No Injury,13ff1209-64d1-4f60-bef3-c2fada72ef88,D,DA28780005,Shoulder/Lap Belt(s),F,078213a6-a1be-4d81-bfdd-79503dc70ad0,Same Direction Rear End Right Turn,N,Intersection,Left Turn Lane,Daylight,No Defects,"Two-way, Divided, Unprotected (painted >4 feet) Median",Wet,Raining,Twelve o'clock,Passenger Car,Functional,N,Slowing or Stopping,2015-03-14 11:59,34,38.86986065,-76.92016482,4,0,빗길사고,등속 주행 중 사고
1883,N,Apparently Normal,No Misuse,N,No Injury,f8576dbe-eef6-48dd-85e5-f829771cce33,D,DA28780005,Shoulder/Lap Belt(s),M,76032649-aaa6-42b6-a835-9edf4fe9fdc0,Same Direction Rear End Right Turn,N,Intersection,Left Turn Lane,Daylight,No Defects,"Two-way, Divided, Unprotected (painted >4 feet) Median",Wet,Raining,Six o'clock,Passenger Car,Functional,N,Making Right Turn,2015-03-14 11:59,29,38.86986065,-76.92016482,4,0,빗길사고,등속 주행 중 사고
1884,N,Apparently Normal,No Misuse,Y,No Injury,a1cdb9f7-aad9-4705-8ac6-7d9e8d828f81,D,DA29100008,Shoulder/Lap Belt(s),F,219ba71f-5fbb-4404-88e0-6e807647ba2d,Same Movement Angle,N,Intersection,Left Turn Lane,Daylight,No Defects,"Two-way, Divided, Unprotected (painted >4 feet) Median",Wet,Raining,Twelve o'clock,Passenger Car,Superficial,N,Making Left Turn,2015-01-03 11:35,28,38.87219115,-76.92528248,4,1,빗길사고,자차 사고
1885,N,Apparently Normal,No Misuse,N,Non-incapacitating Injury,9907110e-4394-4a28-8285-8f0b8c03e884,D,DA29100008,Shoulder/Lap Belt(s),F,1570a1f2-a266-428a-99d7-d3925319d06f,Same Movement Angle,N,Intersection,Left Turn Lane,Daylight,No Defects,"Two-way, Divided, Unprotected (painted >4 feet) Median",Wet,Raining,One o'clock,Passenger Car,Superficial,N,Moving Constant Speed,2015-01-03 11:35,52,38.87219115,-76.92528248,4,1,빗길사고,자차 사고
1886,N,Apparently Normal,No Misuse,N,No Injury,722e3aea-bea8-4f8b-9029-081a966b6a51,D,DA29450003,Shoulder/Lap Belt(s),F,ffcd47bd-60c4-467a-ba00-f5e2e1b1c9b8,Same Direction Rear End,N,Intersection Related,Left Turn Lane,Daylight,No Defects,"Two-way, Divided, Positive Median Barrier",Dry,Clear,Six o'clock,Passenger Car,Functional,N,Stopped in Traffic Lane,2015-02-25 17:33,21,38.93748091,-76.8591392,1,2,좌회전 차선 사고,기타
1887,N,Apparently Normal,No Misuse,Y,No Injury,ccf3281e-6d02-4c6f-8637-12c8fc863cbb,D,DA29450003,Shoulder/Lap Belt(s),F,921f1fc5-987d-409c-9ba5-79a95a398a0a,Same Direction Rear End,N,Intersection Related,Left Turn Lane,Daylight,No Defects,"Two-way, Divided, Positive Median Barrier",Dry,Clear,Twelve o'clock,(Sport) Utility Vehicle,Disabling,N,Slowing or Stopping,2015-02-25 17:33,21,38.93748091,-76.8591392,1,3,좌회전 차선 사고,감속 중 사고
1888,N,Apparently Normal,No Misuse,N,No Injury,28d9be0e-fc5b-4350-995c-f26071d91ff9,D,DA29450003,Shoulder/Lap Belt(s),M,e80bc7f4-451c-42aa-bae7-6d8c15e6aa2b,Same Direction Rear End,N,Intersection Related,Left Turn Lane,Daylight,No Defects,"Two-way, Divided, Positive Median Barrier",Dry,Clear,Six o'clock,Passenger Car,Functional,N,Slowing or Stopping,2015-02-25 17:33,47,38.93748091,-76.8591392,1,3,좌회전 차선 사고,감속 중 사고
1889,N,Apparently Normal,No Misuse,N,No Injury,34179f62-2ea9-4b9e-aa72-0b5467c08d04,D,DA29630002,Shoulder/Lap Belt(s),F,f01081d4-7c8d-464b-ad77-e4f8ebb6c622,Same Direction Right Turn,N,Intersection,Left Turn Lane,Dark Lights On,No Defects,"Two-way, Not Divided",Dry,Clear,Ten o'clock,Passenger Car,Superficial,N,Accelerating,2015-02-13 19:55,62,38.93925842,-76.93796396,1,1,좌회전 차선 사고,등속 주행 사고
1890,N,Apparently Normal,No Misuse,Y,No Injury,17927db1-2b58-47f7-823d-0264087aa5ff,D,DA29630002,Shoulder/Lap Belt(s),M,5dea14ee-f42b-475b-90d5-5016690ca223,Same Direction Right Turn,N,Intersection,Left Turn Lane,Dark Lights On,No Defects,"Two-way, Not Divided",Dry,Clear,One o'clock,Police Vehicle/Emergency,Superficial,N,Making Right Turn,2015-02-13 19:55,27,38.93925842,-76.93796396,1,1,좌회전 차선 사고,등속 주행 사고
1891,N,Apparently Normal,No Misuse,N,Non-incapacitating Injury,cb8ddc63-f3e8-4052-b8a7-45cf45b6dccf,D,DA3020000D,Shoulder/Lap Belt(s),F,f764ed69-784d-4e0d-a22c-2d54669a4428,Same Movement Angle,N,Intersection,Right Turn Lane,Daylight,No Defects,"Two-way, Not Divided",Dry,Clear,Eight o'clock,Passenger Car,Destroyed,N,Moving Constant Speed,2015-02-24 14:35,22,38.6498996,-76.77099109,3,0,우회전 차선 사고,기타
1892,N,Apparently Normal,No Misuse,N,No Injury,db3b3f11-001b-4516-864e-6e74aa059fe8,D,DA30210002,Shoulder/Lap Belt(s),F,19721ef8-d633-4736-9e72-140a0c5e24ae,Same Direction Rear End,N,Non Intersection,Right Turn Lane,Dusk,No Defects,"Two-way, Divided, Unprotected (painted >4 feet) Median",Dry,Clear,Six o'clock,(Sport) Utility Vehicle,Functional,N,Stopped in Traffic Lane,2015-02-06 17:30,41,38.95221706,-76.7989397,2,0,기타,자차 사고
1893,N,Apparently Normal,No Misuse,Y,No Injury,dfe20f00-f730-439c-8ac8-499840772e84,D,DA30210002,Shoulder/Lap Belt(s),M,42bde659-450a-4894-ad75-89568e5a9f02,Same Direction Rear End,N,Non Intersection,Right Turn Lane,Dusk,No Defects,"Two-way, Divided, Unprotected (painted >4 feet) Median",Dry,Clear,Twelve o'clock,(Sport) Utility Vehicle,Disabling,N,Moving Constant Speed,2015-02-06 17:30,53,38.95221706,-76.7989397,2,3,기타,등속 주행 중 측면 추돌 사고
1894,N,Apparently Normal,No Misuse,Y,No Injury,17027047-8802-44ce-b889-987ab149dbd2,D,DA3108000B,Shoulder/Lap Belt(s),F,0265b83c-764c-44ba-af44-0c228bc2e505,Same Direction Rear End,N,Non Intersection,Left Turn Lane,Dawn,No Defects,"Two-way, Not Divided",Dry,Clear,One o'clock,Passenger Car,Disabling,N,Changing Lanes,2015-02-11 7:45,37,38.75082016,-76.88169122,1,3,좌회전 차선 사고,감속 중 사고
1895,N,Apparently Normal,No Misuse,N,No Injury,b1779bb8-db1f-4aa1-9ad8-aa81d6dfec46,D,DA31110004,Shoulder/Lap Belt(s),F,bd9a54b1-79ad-4c8f-8272-437f5e16cb0c,Same Direction Rear End,N,Intersection Related,Left Turn Lane,Daylight,No Defects,"Two-way, Not Divided",Dry,Cloudy,Six o'clock,Passenger Car,No Damage,N,Starting From Lane,2015-03-25 16:30,31,38.97417375,-76.97770357,1,3,좌회전 차선 사고,감속 중 사고
1896,N,Apparently Normal,No Misuse,Y,No Injury,7df6fc3f-88de-4b7c-b4ab-648f0f546b82,D,DA31110004,Shoulder/Lap Belt(s),M,3d7eb842-eb19-4137-8f63-53357a4e249f,Same Direction Rear End,N,Intersection Related,Left Turn Lane,Daylight,No Defects,"Two-way, Not Divided",Dry,Cloudy,Twelve o'clock,Police Vehicle/Non Emergency,No Damage,N,Starting From Lane,2015-03-25 16:30,27,38.97417375,-76.97770357,1,3,좌회전 차선 사고,감속 중 사고
1897,N,Apparently Normal,No Misuse,N,No Injury,67fe4314-f2f6-4967-98b5-bbd37ddfc820,D,DA31400004,Shoulder/Lap Belt(s),F,0dbf5392-3a81-4288-924f-fa98d9c248cc,Same Direction Rear End Left Turn,N,Intersection Related,Right Turn Lane,Dusk,No Defects,"Two-way, Divided, Unprotected (painted >4 feet) Median",Dry,Clear,Six o'clock,Passenger Car,Superficial,N,Slowing or Stopping,2015-02-05 15:30,53,38.84279118,-76.87411666,3,1,우회전 차선 사고,등속 주행 중 측면 추돌 사고
1898,N,Apparently Normal,No Misuse,N,No Injury,c8edd375-58e9-469c-b7f6-4855065835f4,D,DA31430003,Shoulder/Lap Belt(s),F,8e542b95-c880-4755-8550-6923633b737e,Same Direction Sideswipe,N,Intersection Related,Right Turn Lane,Dark Lights On,No Defects,"Two-way, Divided, Unprotected (painted >4 feet) Median",Dry,Clear,Three o'clock,Police Vehicle/Emergency,Functional,N,Passing,2015-01-18 1:12,30,38.89574246,-76.90603495,3,1,우회전 차선 사고,등속 주행 중 측면 추돌 사고
1899,Y,Apparently Normal,No Misuse,Y,No Injury,fef62a68-344e-42e7-b445-9526b7716507,D,DA31430003,Shoulder/Lap Belt(s),M,dfc93b49-4faa-434f-a1c0-b34d38b08ad7,Same Direction Sideswipe,N,Intersection Related,Right Turn Lane,Dark Lights On,No Defects,"Two-way, Divided, Unprotected (painted >4 feet) Median",Dry,Clear,Eleven o'clock,"Cargo Van/Light Truck 2 axles (10,000 lbs (4,536 kg) or less)",Superficial,N,Making Left Turn,2015-01-18 1:12,48,38.89574246,-76.90603495,3,1,우회전 차선 사고,등속 주행 중 측면 추돌 사고
1900,N,Apparently Normal,No Misuse,N,No Injury,0975e934-421c-4a93-bb7e-f5b22cead2b4,D,DA31460006,Shoulder/Lap Belt(s),F,6c99bed6-3dfa-47db-9bf4-d48c3bf7f623,Same Direction Rear End,N,Non Intersection,Acceleration Lane,Dark Lights On,No Defects,"Two-way, Divided, Positive Median Barrier",Ice,Blowing Snow,One o'clock,Passenger Car,Functional,N,Moving Constant Speed,2015-02-15 3:44,40,38.96888541,-76.99995518,0,3,눈길사고,자차 사고
1901,N,Apparently Normal,No Misuse,N,No Injury,1b2f334c-45f9-4cc9-9059-b691c8058a87,D,DA31460006,Shoulder/Lap Belt(s),M,b138c55f-02d8-49a9-b2b9-63672cce511e,Same Direction Rear End,N,Non Intersection,Acceleration Lane,Dark Lights On,No Defects,"Two-way, Divided, Positive Median Barrier",Ice,Blowing Snow,Seven o'clock,Passenger Car,Functional,N,Moving Constant Speed,2015-02-15 3:44,41,38.96888541,-76.99995518,0,3,눈길사고,자차 사고
1902,N,Apparently Normal,No Misuse,Y,No Injury,94b529f0-17ce-4081-8dda-3f7a7c8ad660,D,DA31550005,Shoulder/Lap Belt(s),F,6baaf7c5-2692-4406-8d5b-d5b913573ff6,Same Direction Rear End,N,Intersection,Right Turn Lane,Dark Lights On,No Defects,"Two-way, Not Divided",Snow,Blowing Snow,Twelve o'clock,Passenger Car,Superficial,N,Skidding,2015-02-14 20:16,21,38.87100503,-76.81198597,0,2,눈길사고,미끌어짐에 의한 사고
1903,N,Apparently Normal,No Misuse,N,No Injury,1e669fdd-a394-4946-932b-fd67de4ddd5f,D,DA31670006,Shoulder/Lap Belt(s),F,b34c5ee4-5051-438c-9f63-7efe774ba495,Same Direction Rear End,N,Non Intersection,Left Turn Lane,Daylight,No Defects,"Two-way, Divided, Positive Median Barrier",Dry,Clear,Six o'clock,Passenger Car,Superficial,N,Stopped in Traffic Lane,2015-03-22 11:14,32,39.06319868,-76.83921576,1,2,좌회전 차선 사고,기타
1904,N,Apparently Normal,No Misuse,Y,No Injury,3dfa8ae0-e74c-4900-be9e-6b589832666a,D,DA31670006,Shoulder/Lap Belt(s),M,39602729-ef31-42cc-9b99-670b7060bc1c,Same Direction Rear End,N,Non Intersection,Left Turn Lane,Daylight,No Defects,"Two-way, Divided, Positive Median Barrier",Dry,Clear,Twelve o'clock,Police Vehicle/Emergency,Superficial,N,Moving Constant Speed,2015-03-22 11:14,30,39.06319868,-76.83921576,1,0,좌회전 차선 사고,등속 주행 중 측면 추돌 사고
1905,N,Apparently Normal,No Misuse,Y,No Injury,2a2ae8fb-8819-42d5-97c5-8c0c365ab634,D,DA31810004,Shoulder/Lap Belt(s),F,6c60f475-62f4-4ef4-9ff8-7f948808b7f0,Same Direction Rear End,N,Non Intersection,Left Turn Lane,Dawn,No Defects,"Two-way, Divided, Unprotected (painted >4 feet) Median",Snow,Snow,Twelve o'clock,Passenger Car,No Damage,N,Slowing or Stopping,2015-01-06 7:00,24,39.076068,-76.86734676,0,1,눈길사고,등속 주행 사고
1906,N,Apparently Normal,No Misuse,Y,No Injury,50cc87e7-244e-4067-bc1d-52e4555f1c9e,D,DA32440006,Shoulder/Lap Belt(s),M,ef9ed35f-e23c-472e-ad92-921ca5cd77bc,Same Direction Rear End,N,Non Intersection,Right Turn Lane,Daylight,No Defects,"Two-way, Not Divided",Ice,Severe Winds,Twelve o'clock,Passenger Car,Functional,N,Slowing or Stopping,2015-02-19 17:30,19,39.01159788,-76.9654727,0,1,눈길사고,등속 주행 사고