KEY_INDEX,CDL_FLAG,CONDITION_CODE,EQUIP_PROB_CODE,FAULT_FLAG,INJ_SEVER_CODE,PERSON_ID,PERSON_TYPE,REPORT_NO,SAF_EQUIP_CODE,SEX_CODE,VEHICLE_ID,COLLISION_TYPE_CODE,C_M_ZONE_FLAG,JUNCTION_CODE,LANE_CODE,LIGHT_CODE,RD_COND_CODE,RD_DIV_CODE,SURF_COND_CODE,WEATHER_CODE,AREA_DAMAGED_CODE_MAIN,BODY_TYPE_CODE,DAMAGE_CODE,HIT_AND_RUN_FLAG,MOVEMENT_CODE,TIME,AGE,LATITUDE,LONGITUDE,CLUSTER,SECOND_LABEL,FIRST_LABEL,SECOND_LABELING
1907,N,Apparently Normal,No Misuse,Y,No Injury,67d2cf70-7565-4db4-b740-fdc8e0427bc1,D,DA32890002,Shoulder/Lap Belt(s),F,04059bd8-c747-43a0-9994-689090692d38,Same Direction Left Turn,N,Intersection,Left Turn Lane,Dark Lights On,No Defects,"Two-way, Divided, Positive Median Barrier",Ice,Raining,Twelve o'clock,Passenger Car,Superficial,N,Moving Constant Speed,2015-01-23 20:05,28,38.96621607,-76.94849968,4,2,빗길사고,동일 방향 운행 중 추돌 사고
1908,N,Apparently Normal,No Misuse,N,No Injury,b6d04317-c416-43d4-9fe2-3b42f4d17dbd,D,DA32890002,Shoulder/Lap Belt(s),M,048efa6b-9a16-41a1-8665-44fbe51b7e47,Same Direction Left Turn,N,Intersection,Left Turn Lane,Dark Lights On,No Defects,"Two-way, Divided, Positive Median Barrier",Ice,Raining,Ten o'clock,Police Vehicle/Non Emergency,Superficial,N,Moving Constant Speed,2015-01-23 20:05,28,38.96621607,-76.94849968,4,2,빗길사고,동일 방향 운행 중 추돌 사고
1909,Y,Apparently Normal,No Misuse,N,No Injury,e1a0f11c-cb56-4fc8-977f-60a132a38350,D,DA33770007,Shoulder/Lap Belt(s),F,c77344f1-770e-424e-9c9c-bb4698932243,Same Direction Right Turn,N,Non Intersection,Left Turn Lane,Dark Lights On,No Defects,"Two-way, Divided, Positive Median Barrier",Dry,Clear,Five o'clock,Fire Vehicle/Emergency,No Damage,N,Changing Lanes,2015-02-10 0:00,40,38.98182195,-76.9789803,1,1,좌회전 차선 사고,등속 주행 사고
1910,N,Apparently Normal,No Misuse,Y,No Injury,7b6187b4-552b-4a1b-8352-68d049620e22,D,DA33770007,Shoulder/Lap Belt(s),M,3fe0867e-30e7-4a8e-973c-fc4726c9a950,Same Direction Right Turn,N,Non Intersection,Left Turn Lane,Dark Lights On,No Defects,"Two-way, Divided, Positive Median Barrier",Dry,Clear,Ten o'clock,Passenger Car,Superficial,N,Stopped in Traffic Lane,2015-02-10 0:00,32,38.98182195,-76.9789803,1,2,좌회전 차선 사고,기타
1911,N,Apparently Normal,No Misuse,Y,No Injury,cb6ab0e8-4b4f-41f4-8e03-54ca98e4562e,D,DA33790001,Shoulder/Lap Belt(s),M,7e8deba8-392b-467f-bfd2-f0c42de4558f,Same Direction Right Turn,N,Intersection,Right Turn Lane,Dark Lights On,No Defects,"Two-way, Not Divided",Dry,Clear,Ten o'clock,Passenger Car,Superficial,N,Moving Constant Speed,2015-03-08 19:09,37,38.89960013,-76.91194654,3,2,우회전 차선 사고,기타
1912,N,Apparently Normal,No Misuse,N,No Injury,e83447b5-3292-4a12-a909-15c578e16732,D,DA33820006,Shoulder/Lap Belt(s),F,6a270070-fc01-46fa-a7f8-0048d829c8a7,Same Direction Rear End,N,Intersection,Right Turn Lane,Daylight,No Defects,"Two-way, Not Divided",Wet,Raining,Twelve o'clock,Passenger Car,Superficial,N,Slowing or Stopping,2015-02-13 7:16,29,38.81140611,-76.98578238,4,3,빗길사고,기타
1913,Y,Apparently Normal,No Misuse,Y,No Injury,b2ff6d44-2d45-40c4-8755-d9109b22301a,D,DA33820006,Shoulder/Lap Belt(s),M,d6147ef7-b2b2-4424-b429-2103d60255f9,Same Direction Rear End,N,Intersection,Right Turn Lane,Daylight,No Defects,"Two-way, Not Divided",Wet,Raining,Six o'clock,Pickup Truck,Superficial,N,Backing,2015-02-13 7:16,42,38.81140611,-76.98578238,4,3,빗길사고,기타
1914,N,Apparently Normal,No Misuse,N,No Injury,5ad1f822-5974-4022-b820-d4f4b37fef74,D,DA33890007,Shoulder/Lap Belt(s),F,46632892-8825-42ba-bfdf-8b5dfe8e41c0,Same Direction Rear End,N,Commercial Driveway,Left Turn Lane,Daylight,No Defects,"Two-way, Divided, Unprotected (painted >4 feet) Median",Dry,Clear,Six o'clock,Passenger Car,Superficial,N,Stopped in Traffic Lane,2015-02-23 16:56,37,38.80510235,-76.99034214,1,2,좌회전 차선 사고,기타
1915,N,Apparently Normal,No Misuse,N,No Injury,a2f1e36c-fd7d-4929-9cd2-5cc34dcc16e7,D,DA3405000H,Shoulder/Lap Belt(s),F,24deb0ad-96fd-4a5a-ac78-5b4264ddf87e,Same Direction Rear End,N,Non Intersection,Acceleration Lane,Dusk,No Defects,"Two-way, Divided, Positive Median Barrier",Wet,Raining,Six o'clock,Passenger Car,Superficial,N,Slowing or Stopping,2015-03-20 19:02,49,38.78040866,-76.99753046,4,3,빗길사고,기타
1916,N,Apparently Normal,No Misuse,Y,No Injury,3b427fe2-7c12-4770-a533-5d7b7c2b2daf,D,DA34110005,Shoulder/Lap Belt(s),F,30155da0-193d-4e0e-a4fc-cb27ed3023e5,Same Movement Angle,N,Intersection,Right Turn Lane,Daylight,No Defects,"Two-way, Divided, Positive Median Barrier",Dry,Clear,Twelve o'clock,(Sport) Utility Vehicle,Disabling,N,Moving Constant Speed,2015-02-26 11:12,45,38.92660624,-76.88687325,3,0,우회전 차선 사고,기타
1917,N,Apparently Normal,No Misuse,N,No Injury,99203b2d-0e47-4bab-a3b3-606d5f490e7e,D,DA34110005,Shoulder/Lap Belt(s),M,433b58b8-ffda-44fd-b94d-68d693363339,Same Movement Angle,N,Intersection,Right Turn Lane,Daylight,No Defects,"Two-way, Divided, Positive Median Barrier",Dry,Clear,Twelve o'clock,Passenger Car,Disabling,N,Moving Constant Speed,2015-02-26 11:12,27,38.92660624,-76.88687325,3,0,우회전 차선 사고,기타
1918,N,Apparently Normal,No Misuse,N,No Injury,4d499c58-6749-4ace-883e-7fa2014fd578,D,DA34280009,Shoulder/Lap Belt(s),F,4540226c-e6c3-449d-bd76-aacc05c5fd38,Same Direction Rear End,N,Non Intersection,Acceleration Lane,Daylight,No Defects,"Two-way, Divided, Positive Median Barrier",Dry,Clear,Six o'clock,(Sport) Utility Vehicle,Functional,N,Stopped in Traffic Lane,2015-02-27 13:10,37,38.93055,-76.99601,1,2,좌회전 차선 사고,기타
1919,Y,Apparently Normal,No Misuse,Y,No Injury,51a358a0-2486-4354-ad13-04972f9b5152,D,DA3432000F,Shoulder/Lap Belt(s),F,31da0f01-d768-4b63-8e3b-6e6062411be6,Single Vehicle ,N,Commercial Driveway,Right Turn Lane,Dark Lights On,No Defects,"Two-way, Not Divided",Dry,Clear,Twelve o'clock,Passenger Car,Disabling,N,Moving Constant Speed,2015-01-20 5:00,50,38.7836077,-76.8460393,3,2,우회전 차선 사고,기타
1920,N,Apparently Normal,No Misuse,N,No Injury,72749e85-5f03-4914-bcfd-45b75c49be0d,D,DA34560009,Shoulder/Lap Belt(s),F,6342bc8e-f05e-4601-bb5a-17ec91b5606f,Same Direction Sideswipe,N,Non Intersection,Right Turn Lane,Dark Lights On,No Defects,"Two-way, Not Divided",Dry,Clear,Two o'clock,Passenger Car,Functional,N,Stopped in Traffic Lane,2015-03-01 1:23,34,38.97946586,-76.97081566,2,0,기타,자차 사고
1921,N,Apparently Normal,No Misuse,Y,No Injury,a90972a1-506b-4cc9-9d3f-2213124ea19c,D,DA3456000B,Shoulder/Lap Belt(s),F,9b6ee5af-9472-434b-865f-1d4f122cf74d,Head On Left Turn,N,Intersection Related,Left Turn Lane,Dark Lights On,No Defects,"Two-way, Divided, Positive Median Barrier",Wet,Raining,Twelve o'clock,Passenger Car,Disabling,N,Moving Constant Speed,2015-03-20 4:05,26,38.98538305,-76.98170543,4,2,빗길사고,동일 방향 운행 중 추돌 사고
1922,Y,Apparently Normal,No Misuse,N,No Injury,d04e3917-1a4f-4d74-b269-7709828eae28,D,DA3456000B,Shoulder/Lap Belt(s),M,5566bf7f-bd12-403d-8dfe-4be5f4aa13f4,Head On Left Turn,N,Intersection Related,Left Turn Lane,Dark Lights On,No Defects,"Two-way, Divided, Positive Median Barrier",Wet,Raining,One o'clock,"Medium/Heavy Truck 2 axles (10,000 lbs (4,536 kg) or less)",Superficial,N,Making Left Turn,2015-03-20 4:05,36,38.98538305,-76.98170543,4,0,빗길사고,등속 주행 중 사고
1923,N,Apparently Normal,No Misuse,Y,No Injury,73bd8d10-b95f-4a21-a8d7-a11bedd4ada9,D,DA34930008,Shoulder/Lap Belt(s),F,93b9dc2c-42ea-4c79-a490-3f541eaa0b2e,Single Vehicle ,N,Non Intersection,Right Turn Lane,Daylight,No Defects,"Two-way, Not Divided",Wet,Raining,Twelve o'clock,Van,Superficial,N,Moving Constant Speed,2015-03-25 17:33,44,38.85313561,-76.90726876,4,2,빗길사고,동일 방향 운행 중 추돌 사고
1924,N,Apparently Normal,No Misuse,N,No Injury,58173721-00fd-4e4e-9f4d-d388e910fa61,D,DA35020002,Shoulder/Lap Belt(s),F,0e8567ce-d2b8-4cfd-9871-05f86ca6256f,Head On Left Turn,N,Intersection,Right Turn Lane,Dark Lights On,No Defects,"Two-way, Not Divided",Wet,Raining,Twelve o'clock,Passenger Car,Disabling,N,Moving Constant Speed,2015-01-12 18:10,51,39.02529343,-76.91733241,4,2,빗길사고,동일 방향 운행 중 추돌 사고
1925,N,Apparently Normal,No Misuse,Y,No Injury,84cedae7-9108-4f85-a401-e42fd1424fbf,D,DA35020002,Shoulder/Lap Belt(s),F,66b9759c-30a7-4acc-8724-76d7493488da,Head On Left Turn,N,Intersection,Right Turn Lane,Dark Lights On,No Defects,"Two-way, Not Divided",Wet,Raining,Three o'clock,Passenger Car,Disabling,N,Moving Constant Speed,2015-01-12 18:10,27,39.02529343,-76.91733241,4,2,빗길사고,동일 방향 운행 중 추돌 사고
1926,N,Apparently Normal,No Misuse,N,No Injury,eb2786eb-0d75-4d40-8a1c-4efd692ffbb4,D,DA35490002,Shoulder/Lap Belt(s),F,fb267c7b-4353-4907-9e7e-e6e9b29aef6c,Same Direction Sideswipe,N,Commercial Driveway,Right Turn Lane,Dusk,No Defects,"Two-way, Divided, Unprotected (painted >4 feet) Median",Dry,Clear,Ten o'clock,Passenger Car,Superficial,N,Stopped in Traffic Lane,2015-02-13 17:52,31,39.09301528,-76.85574889,3,1,우회전 차선 사고,등속 주행 중 측면 추돌 사고
1927,N,Apparently Normal,No Misuse,N,Non-incapacitating Injury,0f968cac-2d04-4b91-84af-04e90cf37fa9,D,DA35490002,Shoulder/Lap Belt(s),F,c98757e9-5f68-4f75-b260-10e6d8c46798,Same Direction Sideswipe,N,Commercial Driveway,Right Turn Lane,Dusk,No Defects,"Two-way, Divided, Unprotected (painted >4 feet) Median",Dry,Clear,Six o'clock,Passenger Car,Superficial,N,Stopped in Traffic Lane,2015-02-13 17:52,36,39.09301528,-76.85574889,3,1,우회전 차선 사고,등속 주행 중 측면 추돌 사고
1928,N,Apparently Normal,No Misuse,Y,No Injury,41dc44ce-076c-4dc2-b476-4309fd73daa7,D,DA3566000K,Shoulder/Lap Belt(s),F,0996706e-6858-410c-b40d-d93b6363a380,Same Direction Rear End,N,Non Intersection,Right Turn Lane,Daylight,No Defects,"Two-way, Divided, Positive Median Barrier",Dry,Clear,Twelve o'clock,(Sport) Utility Vehicle,Disabling,N,Slowing or Stopping,2015-03-16 15:31,47,38.94688536,-76.88173413,2,1,기타,등속 주행 사고
1929,N,Apparently Normal,No Misuse,Y,No Injury,95c7b07d-53c8-4aa7-a68c-84243306447b,D,DA3566000L,Shoulder/Lap Belt(s),F,5acc7329-bb7b-4290-8dbc-cd885b8b9839,Same Direction Rear End,N,Intersection Related,Acceleration Lane,Daylight,No Defects,"Two-way, Divided, Positive Median Barrier",Dry,Clear,Twelve o'clock,Passenger Car,Superficial,N,Slowing or Stopping,2015-03-16 18:22,35,38.95098221,-76.88576818,1,3,좌회전 차선 사고,감속 중 사고
1930,N,Apparently Normal,No Misuse,N,No Injury,68357e32-544e-4084-8e06-a6b44c6af090,D,DA3566000L,Shoulder/Lap Belt(s),M,550285b0-d397-49fb-8b25-af3178501fe2,Same Direction Rear End,N,Intersection Related,Acceleration Lane,Daylight,No Defects,"Two-way, Divided, Positive Median Barrier",Dry,Clear,Six o'clock,Passenger Car,Superficial,N,Slowing or Stopping,2015-03-16 18:22,29,38.95098221,-76.88576818,1,3,좌회전 차선 사고,감속 중 사고
1931,N,Apparently Normal,No Misuse,N,No Injury,f78422c4-061d-44ed-bb47-c63b020d3344,D,DA35780003,Shoulder/Lap Belt(s),F,cbbad78c-e263-4e5a-8f2b-4b5d0b72bf04,Same Direction Sideswipe,N,Non Intersection,Shoulder Area,Dawn,No Defects,"Two-way, Divided, Positive Median Barrier",Wet,Snow,Eleven o'clock,Passenger Car,Superficial,N,Moving Constant Speed,2015-01-26 6:43,39,38.84610022,-76.92702055,4,2,빗길사고,동일 방향 운행 중 추돌 사고
1932,N,Apparently Normal,No Misuse,Y,No Injury,f09166c3-af60-407b-b0cc-868c047fe138,D,DA35780003,Shoulder/Lap Belt(s),F,e3c37858-dc50-4798-8565-69208cb3cb50,Same Direction Sideswipe,N,Non Intersection,Shoulder Area,Dawn,No Defects,"Two-way, Divided, Positive Median Barrier",Wet,Snow,Five o'clock,Passenger Car,Superficial,N,Moving Constant Speed,2015-01-26 6:43,29,38.84610022,-76.92702055,4,2,빗길사고,동일 방향 운행 중 추돌 사고
1933,N,Apparently Normal,No Misuse,Y,No Injury,63a82838-c059-4658-8b0d-3404fe04dacb,D,DA35780009,Shoulder/Lap Belt(s),F,7af82f1e-54d3-45ee-8696-12c6eaadf6ed,Same Movement Angle,N,Intersection,Right Turn Lane,Dark Lights On,No Defects,"Two-way, Divided, Positive Median Barrier",Wet,Raining,Twelve o'clock,Passenger Car,Disabling,N,Accelerating,2015-03-10 18:54,28,38.85026138,-76.9054234,4,1,빗길사고,자차 사고
1934,N,Apparently Normal,No Misuse,N,No Injury,d51c39cb-0a0c-4dd0-b937-36316f3cd038,D,DA35780009,Shoulder/Lap Belt(s),M,9be1fa8a-558a-4208-9422-75af5d893553,Same Movement Angle,N,Intersection,Right Turn Lane,Dark Lights On,No Defects,"Two-way, Divided, Positive Median Barrier",Wet,Raining,Two o'clock,Passenger Car,Superficial,N,Moving Constant Speed,2015-03-10 18:54,50,38.85026138,-76.9054234,4,1,빗길사고,자차 사고
1935,N,Apparently Normal,No Misuse,N,No Injury,f1cb2730-9219-48d1-99ee-89fc2b0217e9,D,DA36010006,Shoulder/Lap Belt(s),F,d80dbc0e-8047-46d4-a969-5fd2b1c04972,Same Direction Rear End,N,Intersection,Right Turn Lane,Dark Lights On,No Defects,"Two-way, Divided, Positive Median Barrier",Ice,Snow,Six o'clock,Passenger Car,Disabling,N,Slowing or Stopping,2015-02-15 0:41,23,38.86250112,-76.90103531,0,1,눈길사고,등속 주행 사고
1936,N,Apparently Normal,No Misuse,Y,No Injury,bc1f89d8-0977-4749-ac38-002ba7d11218,D,DA36010006,Shoulder/Lap Belt(s),M,a4c0e9ad-20c2-4e58-b664-30acae717b02,Same Direction Rear End,N,Intersection,Right Turn Lane,Dark Lights On,No Defects,"Two-way, Divided, Positive Median Barrier",Ice,Snow,Twelve o'clock,(Sport) Utility Vehicle,Functional,N,Slowing or Stopping,2015-02-15 0:41,57,38.86250112,-76.90103531,0,1,눈길사고,등속 주행 사고
1937,N,Apparently Normal,No Misuse,Y,No Injury,c7707f92-3fd3-47ad-b26c-959b6ff8cdd3,D,DA36010007,Shoulder/Lap Belt(s),F,a35e65d4-5e70-4034-b69c-8d4f2d6994d3,Same Direction Rear End,N,Non Intersection,Right Turn Lane,Dark Lights On,No Defects,"Two-way, Divided, Positive Median Barrier",Dry,Clear,Twelve o'clock,Van,Disabling,N,Moving Constant Speed,2015-02-20 23:30,18,38.85035329,-76.9053483,2,3,기타,등속 주행 중 측면 추돌 사고
1938,N,Apparently Normal,No Misuse,N,No Injury,36ad01d3-1b22-4e2f-8571-70c187518ece,D,DA36110006,Shoulder/Lap Belt(s),F,c3c9c1c9-dc35-4690-a976-920bc22a5b63,Same Direction Rear End,N,Intersection Related,Left Turn Lane,Daylight,No Defects,"Two-way, Divided, Positive Median Barrier",Dry,Clear,Six o'clock,Passenger Car,Functional,N,Slowing or Stopping,2015-01-20 8:15,44,38.9625539,-76.92905903,1,3,좌회전 차선 사고,감속 중 사고
1939,N,Apparently Normal,No Misuse,Y,No Injury,ca1b386b-b0bd-494d-8ecd-023e775585a2,D,DA36110006,Shoulder/Lap Belt(s),F,40c7cdb7-7ffe-4029-b909-7980fa021ecd,Same Direction Rear End,N,Intersection Related,Left Turn Lane,Daylight,No Defects,"Two-way, Divided, Positive Median Barrier",Dry,Clear,Twelve o'clock,Van,Disabling,N,Moving Constant Speed,2015-01-20 8:15,35,38.9625539,-76.92905903,1,0,좌회전 차선 사고,등속 주행 중 측면 추돌 사고
1940,N,Apparently Normal,No Misuse,Y,No Injury,c5287c08-5ec9-4a0d-aa09-9d145ddfbecd,D,DA36170007,Shoulder/Lap Belt(s),F,f0795cee-c451-4fc5-b425-f0116344f484,Single Vehicle ,N,Non Intersection,Right Turn Lane,Dark Lights On,No Defects,"Two-way, Not Divided",Wet,Raining,One o'clock,(Sport) Utility Vehicle,Disabling,N,Moving Constant Speed,2015-01-03 20:13,21,38.79825662,-76.94259346,4,2,빗길사고,동일 방향 운행 중 추돌 사고
1941,N,Apparently Normal,No Misuse,N,No Injury,816e1a31-0916-414a-aed1-fc1c2ecd029c,D,DA36170008,Shoulder/Lap Belt(s),F,f23b2a44-9ad9-4f0b-87bd-5f4182bcd75e,Same Direction Rear End,N,Non Intersection,Right Turn Lane,Daylight,No Defects,"Two-way, Divided, Unprotected (painted >4 feet) Median",Dry,Cloudy,Six o'clock,(Sport) Utility Vehicle,Functional,N,Moving Constant Speed,2015-01-10 14:14,52,38.84508496,-76.95101559,2,3,기타,등속 주행 중 측면 추돌 사고
1942,N,Apparently Normal,No Misuse,Y,No Injury,06b44294-77f7-44df-9541-23f11d808526,D,DA36170008,Shoulder/Lap Belt(s),F,136a1b2e-0e23-4f12-bd3f-1063623c2e10,Same Direction Rear End,N,Non Intersection,Right Turn Lane,Daylight,No Defects,"Two-way, Divided, Unprotected (painted >4 feet) Median",Dry,Cloudy,Twelve o'clock,Passenger Car,Disabling,N,Slowing or Stopping,2015-01-10 14:14,28,38.84508496,-76.95101559,2,1,기타,등속 주행 사고
1943,N,Apparently Normal,No Misuse,N,No Injury,4a0d1c63-3830-4890-975a-febf96c72019,D,DA36190009,Shoulder/Lap Belt(s),F,8fac763b-a577-4718-98f0-edd72c43a90a,Same Movement Angle,N,Intersection Related,Left Turn Lane,Daylight,No Defects,"Two-way, Divided, Positive Median Barrier",Dry,Clear,Eleven o'clock,(Sport) Utility Vehicle,Functional,N,Making Left Turn,2015-01-05 7:50,58,38.95029803,-76.88631535,1,1,좌회전 차선 사고,등속 주행 사고
1944,N,Apparently Normal,No Misuse,N,No Injury,3d1c5a34-2dc1-480f-ad64-fb73b515287f,D,DA36190009,Shoulder/Lap Belt(s),M,0f2b0bf6-2830-470f-bc1f-3ebc2ee1b63f,Same Movement Angle,N,Intersection Related,Left Turn Lane,Daylight,No Defects,"Two-way, Divided, Positive Median Barrier",Dry,Clear,Twelve o'clock,(Sport) Utility Vehicle,Disabling,N,Making Left Turn,2015-01-05 7:50,33,38.95029803,-76.88631535,1,1,좌회전 차선 사고,등속 주행 사고
1945,N,Apparently Normal,No Misuse,Y,No Injury,d279c17c-7d54-4d14-9344-48bedcb3862b,D,DA36190009,Shoulder/Lap Belt(s),M,187b4172-dd53-4d3d-9141-c5dfc18809b3,Same Movement Angle,N,Intersection Related,Left Turn Lane,Daylight,No Defects,"Two-way, Divided, Positive Median Barrier",Dry,Clear,Twelve o'clock,(Sport) Utility Vehicle,Functional,N,Moving Constant Speed,2015-01-05 7:50,31,38.95029803,-76.88631535,1,0,좌회전 차선 사고,등속 주행 중 측면 추돌 사고
1946,N,Apparently Normal,No Misuse,N,No Injury,eadd4052-e705-45e7-b8f3-349ebf7b81ba,D,DA3624000C,Shoulder/Lap Belt(s),F,6338c3ea-a5d9-4b62-8445-1722cc5b717e,Same Direction Rear End,N,Intersection Related,Left Turn Lane,Dark Lights On,No Defects,"Two-way, Not Divided",Dry,Clear,Six o'clock,Passenger Car,Functional,N,Stopped in Traffic Lane,2015-02-25 19:59,51,38.96109399,-76.90867424,1,2,좌회전 차선 사고,기타
1947,N,Apparently Normal,No Misuse,Y,No Injury,37dda256-b90f-47af-9b48-aa95bede2dc0,D,DA3624000C,Shoulder/Lap Belt(s),M,9fa1b459-1ce2-41c1-a780-104a9af67334,Same Direction Rear End,N,Intersection Related,Left Turn Lane,Dark Lights On,No Defects,"Two-way, Not Divided",Dry,Clear,Twelve o'clock,Pickup Truck,Disabling,N,Moving Constant Speed,2015-02-25 19:59,50,38.96109399,-76.90867424,1,0,좌회전 차선 사고,등속 주행 중 측면 추돌 사고
1948,N,Apparently Normal,No Misuse,N,No Injury,83e9c0ee-a009-41f0-88db-ba982411d373,D,DA3625000G,Shoulder/Lap Belt(s),M,670fba8c-c1c8-4d17-bee1-09e15b15f5bf,Same Direction Rear End,N,Non Intersection,Left Turn Lane,Daylight,No Defects,"Two-way, Not Divided",Dry,Clear,Twelve o'clock,Passenger Car,Functional,N,Slowing or Stopping,2015-03-22 17:18,31,38.97535815,-76.91976786,1,3,좌회전 차선 사고,감속 중 사고
1949,N,Apparently Normal,No Misuse,Y,No Injury,0db2ae49-3045-4484-ab80-943f94cbcecf,D,DA3625000G,Shoulder/Lap Belt(s),M,228e31ba-0997-49be-8793-425912a24af8,Same Direction Rear End,N,Non Intersection,Left Turn Lane,Daylight,No Defects,"Two-way, Not Divided",Dry,Clear,Six o'clock,Passenger Car,Functional,N,Stopped in Traffic Lane,2015-03-22 17:18,67,38.97535815,-76.91976786,1,2,좌회전 차선 사고,기타
1950,N,Apparently Normal,No Misuse,Y,No Injury,edd7a735-4e6c-49e5-8b3c-e7ee8b21f1e9,D,DA3636000B,Shoulder/Lap Belt(s),F,5e7ac95d-604e-490c-8d98-e27e1a3754d3,Single Vehicle ,N,Non Intersection,Right Turn Lane,Daylight,No Defects,"Two-way, Divided, Unprotected (painted >4 feet) Median",Wet,Cloudy,Eleven o'clock,Passenger Car,Disabling,N,Moving Constant Speed,2015-01-04 13:26,53,38.73016703,-76.89550996,4,2,빗길사고,동일 방향 운행 중 추돌 사고
1951,N,Apparently Normal,No Misuse,N,No Injury,a55cc6cd-dc50-45af-987b-44fb5ad72072,D,DA3636000C,Shoulder/Lap Belt(s),F,8fb035c7-8e9f-4c3c-aca2-212487c92afc,Same Direction Rear End,N,Intersection,Right Turn Lane,Daylight,No Defects,"Two-way, Divided, Unprotected (painted >4 feet) Median",Dry,Clear,Six o'clock,Passenger Car,Superficial,N,Stopped in Traffic Lane,2015-01-05 8:06,59,38.79414051,-76.83604002,3,3,우회전 차선 사고,동일 방향 운행 중 추돌 사고
1952,N,Apparently Normal,No Misuse,Y,No Injury,f83ac8cf-3ec8-4f48-aa9e-887f772396da,D,DA3636000C,Shoulder/Lap Belt(s),M,3fe6026e-2d1b-4d05-9d37-039950bbafe6,Same Direction Rear End,N,Intersection,Right Turn Lane,Daylight,No Defects,"Two-way, Divided, Unprotected (painted >4 feet) Median",Dry,Clear,Twelve o'clock,Passenger Car,Superficial,N,Starting From Lane,2015-01-05 8:06,59,38.79414051,-76.83604002,3,3,우회전 차선 사고,동일 방향 운행 중 추돌 사고
1953,N,Apparently Normal,No Misuse,Y,No Injury,14b96c4e-1ee4-41ec-ad43-a8c90d55abb0,D,DA3641000C,Shoulder Belt Only,F,1d9a3302-218d-4280-bd85-872896a0300a,Head On Left Turn,N,Intersection,Right Turn Lane,Daylight,No Defects,"Two-way, Not Divided",Dry,Clear,Twelve o'clock,(Sport) Utility Vehicle,Disabling,N,Making Left Turn,2015-02-04 14:21,55,39.062249,-76.92129135,3,1,우회전 차선 사고,등속 주행 중 측면 추돌 사고
1954,N,Apparently Normal,No Misuse,Y,No Injury,f6928b2c-ac02-4cf9-9839-d917a64a8465,D,DA3641000C,Shoulder Belt Only,M,0237ced9-461d-449b-9b76-aad4817363b0,Head On Left Turn,N,Intersection,Right Turn Lane,Daylight,No Defects,"Two-way, Not Divided",Dry,Clear,Twelve o'clock,Passenger Car,Disabling,N,Moving Constant Speed,2015-02-04 14:21,72,39.062249,-76.92129135,3,2,우회전 차선 사고,기타
1955,N,Apparently Normal,No Misuse,N,No Injury,f2b4c1e0-7e3a-428f-a3e0-b3be3d0513a0,D,DA3648000B,Shoulder/Lap Belt(s),F,1345d7c0-e8cc-4abd-8e98-8f84dc27775e,Same Direction Rear End,N,Intersection Related,Right Turn Lane,Daylight,No Defects,"Two-way, Divided, Positive Median Barrier",Dry,Clear,Six o'clock,Passenger Car,Superficial,N,Slowing or Stopping,2015-02-14 13:16,67,38.99147903,-76.98726296,3,3,우회전 차선 사고,동일 방향 운행 중 추돌 사고
1956,N,Apparently Normal,No Misuse,Y,No Injury,835afa50-ece7-4a0a-acbd-bcb8bc11d4ab,D,DA3648000B,Shoulder/Lap Belt(s),F,52726459-dde3-4a94-b9ca-c4626eb3a2b9,Same Direction Rear End,N,Intersection Related,Right Turn Lane,Daylight,No Defects,"Two-way, Divided, Positive Median Barrier",Dry,Clear,Twelve o'clock,Passenger Car,Superficial,N,Moving Constant Speed,2015-02-14 13:16,30,38.99147903,-76.98726296,3,2,우회전 차선 사고,기타
1957,N,Apparently Normal,No Misuse,N,No Injury,8f4380ed-cfb1-43aa-9afb-b1f485ea2abc,D,DA3648000B,Shoulder/Lap Belt(s),M,d9fca41f-dd6b-48c2-95bb-ff0bba7dbf81,Same Direction Rear End,N,Intersection Related,Right Turn Lane,Daylight,No Defects,"Two-way, Divided, Positive Median Barrier",Dry,Clear,Six o'clock,Passenger Car,Superficial,N,Slowing or Stopping,2015-02-14 13:16,43,38.99147903,-76.98726296,3,3,우회전 차선 사고,동일 방향 운행 중 추돌 사고
1958,N,Apparently Normal,No Misuse,N,No Injury,cf06481d-838e-480b-a26c-af1cf18eea5c,D,DA3648000F,Shoulder/Lap Belt(s),F,a9ae7382-1ef7-4fd0-a833-c3c8e5342d6e,Same Direction Rear End,N,Non Intersection,Left Turn Lane,Daylight,No Defects,"Two-way, Divided, Positive Median Barrier",Dry,Clear,Ten o'clock,Passenger Car,Superficial,N,Stopped in Traffic Lane,2015-03-02 12:40,43,38.99075146,-76.98945835,1,2,좌회전 차선 사고,기타
1959,N,Apparently Normal,No Misuse,N,No Injury,b56fd539-e82d-43a1-b3db-a1ee37bfe757,D,DA3648000F,Shoulder/Lap Belt(s),F,303794e9-9b25-41d3-ad1d-496090836d5f,Same Direction Rear End,N,Non Intersection,Left Turn Lane,Daylight,No Defects,"Two-way, Divided, Positive Median Barrier",Dry,Clear,Six o'clock,Passenger Car,Superficial,N,Stopped in Traffic Lane,2015-03-02 12:40,22,38.99075146,-76.98945835,1,2,좌회전 차선 사고,기타