KEY_INDEX,CDL_FLAG,CONDITION_CODE,EQUIP_PROB_CODE,FAULT_FLAG,INJ_SEVER_CODE,PERSON_ID,PERSON_TYPE,REPORT_NO,SAF_EQUIP_CODE,SEX_CODE,VEHICLE_ID,COLLISION_TYPE_CODE,C_M_ZONE_FLAG,JUNCTION_CODE,LANE_CODE,LIGHT_CODE,RD_COND_CODE,RD_DIV_CODE,SURF_COND_CODE,WEATHER_CODE,AREA_DAMAGED_CODE_MAIN,BODY_TYPE_CODE,DAMAGE_CODE,HIT_AND_RUN_FLAG,MOVEMENT_CODE,TIME,AGE,LATITUDE,LONGITUDE,CLUSTER,SECOND_LABEL,FIRST_LABEL,SECOND_LABELING
1960,N,Apparently Normal,No Misuse,N,No Injury,2e025cf5-ab36-41ab-9e6f-164f36c05f93,D,DA3648000F,Shoulder/Lap Belt(s),M,235014a8-9966-4370-9b90-828cbfc312ea,Same Direction Rear End,N,Non Intersection,Left Turn Lane,Daylight,No Defects,"Two-way, Divided, Positive Median Barrier",Dry,Clear,Six o'clock,(Sport) Utility Vehicle,Superficial,N,Stopped in Traffic Lane,2015-03-02 12:40,75,38.99075146,-76.98945835,1,2,좌회전 차선 사고,기타
1961,N,Apparently Normal,No Misuse,N,No Injury,f55d2f51-cbdc-48ba-8686-0bf4cad88035,D,DA3648000F,Shoulder/Lap Belt(s),M,a48208d6-db71-4d80-bd6e-8a88dc12febe,Same Direction Rear End,N,Non Intersection,Left Turn Lane,Daylight,No Defects,"Two-way, Divided, Positive Median Barrier",Dry,Clear,Two o'clock,Pickup Truck,Superficial,N,Stopped in Traffic Lane,2015-03-02 12:40,44,38.99075146,-76.98945835,1,2,좌회전 차선 사고,기타
1962,N,Apparently Normal,No Misuse,Y,Non-incapacitating Injury,090811df-e3ee-4c9d-91fd-c7a178b278a1,D,DA3648000F,Shoulder/Lap Belt(s),M,b57f6efb-bc0f-4168-a509-d38642cc0927,Same Direction Rear End,N,Non Intersection,Left Turn Lane,Daylight,No Defects,"Two-way, Divided, Positive Median Barrier",Dry,Clear,Twelve o'clock,Passenger Car,Disabling,N,Slowing or Stopping,2015-03-02 12:40,72,38.99075146,-76.98945835,1,3,좌회전 차선 사고,감속 중 사고
1963,N,Apparently Normal,No Misuse,Y,No Injury,4bdea552-3ebf-4a7b-b18a-9f45b053cbf9,D,DA36490004,Shoulder/Lap Belt(s),F,bc53b695-4a7e-4931-9e4d-c215c113a9a1,Same Direction Rear End,N,Non Intersection,Right Turn Lane,Daylight,No Defects,"Two-way, Divided, Unprotected (painted >4 feet) Median",Snow,Snow,Twelve o'clock,Passenger Car,Disabling,N,Moving Constant Speed,2015-02-26 7:15,34,38.81617118,-76.80496931,0,3,눈길사고,자차 사고
1964,N,Apparently Normal,No Misuse,N,No Injury,4b1daf8a-c936-49f3-b23b-488ebd7d1052,D,DA36490004,Shoulder/Lap Belt(s),M,05e81746-7431-4597-b552-a5e0d655ea35,Same Direction Rear End,N,Non Intersection,Right Turn Lane,Daylight,No Defects,"Two-way, Divided, Unprotected (painted >4 feet) Median",Snow,Snow,Six o'clock,Transit Bus,Functional,N,Parked  ,2015-02-26 7:15,55,38.81617118,-76.80496931,0,1,눈길사고,등속 주행 사고
1965,N,Apparently Normal,No Misuse,N,No Injury,d7534010-af1d-4f68-9577-515675898202,D,DA36730003,Shoulder/Lap Belt(s),F,b4fc8c61-32e0-478d-a0d6-e0be7dc1bb43,Same Direction Rear End,N,Non Intersection,Right Turn Lane,Daylight,No Defects,"Two-way, Divided, Positive Median Barrier",Dry,Clear,Six o'clock,Passenger Car,Superficial,N,Stopped in Traffic Lane,2015-01-30 11:56,69,38.83290491,-76.94071054,2,0,기타,자차 사고
1966,N,Had Been Drinking,No Misuse,Y,No Injury,b79b4306-8ca7-48a7-9a82-767dba98fb88,D,DA36730003,Shoulder/Lap Belt(s),M,5273ec52-1b27-48c5-920a-aedd9c5312ad,Same Direction Rear End,N,Non Intersection,Right Turn Lane,Daylight,No Defects,"Two-way, Divided, Positive Median Barrier",Dry,Clear,Twelve o'clock,Passenger Car,Superficial,N,Moving Constant Speed,2015-01-30 11:56,33,38.83290491,-76.94071054,2,3,기타,등속 주행 중 측면 추돌 사고
1967,N,Apparently Normal,No Misuse,Y,No Injury,f2a84bf1-6c39-42e9-ac0e-063ce3351280,D,DA36760002,Shoulder/Lap Belt(s),F,f905be19-b6b3-4e13-b5ad-9ebaffa987e0,Same Direction Rear End,N,Intersection Related,Left Turn Lane,Dark Lights On,No Defects,"Two-way, Divided, Positive Median Barrier",Dry,Clear,Twelve o'clock,(Sport) Utility Vehicle,Superficial,N,Slowing or Stopping,2015-01-08 19:03,48,38.65511951,-76.99896812,1,3,좌회전 차선 사고,감속 중 사고
1968,N,Apparently Normal,No Misuse,N,Non-incapacitating Injury,d8b4951d-1eb0-46ef-987f-e2fe5fad67c0,D,DA36760002,Shoulder/Lap Belt(s),M,328cf4f0-d213-46ef-93b0-aaccd20cad40,Same Direction Rear End,N,Intersection Related,Left Turn Lane,Dark Lights On,No Defects,"Two-way, Divided, Positive Median Barrier",Dry,Clear,Six o'clock,(Sport) Utility Vehicle,Superficial,N,Slowing or Stopping,2015-01-08 19:03,58,38.65511951,-76.99896812,1,3,좌회전 차선 사고,감속 중 사고
1969,N,Apparently Normal,No Misuse,N,No Injury,c7a908ea-36a8-4b3a-b813-30f58515f4ed,D,DA36760003,Shoulder/Lap Belt(s),F,2a96262e-c769-4050-a4da-6a82f4d72f8a,Same Direction Rear End,N,Intersection Related,Acceleration Lane,Dark Lights On,No Defects,"Two-way, Divided, Positive Median Barrier",Dry,Clear,Six o'clock,(Sport) Utility Vehicle,Superficial,N,Slowing or Stopping,2015-01-07 22:06,46,38.77998211,-76.99725151,1,3,좌회전 차선 사고,감속 중 사고
1970,N,Apparently Normal,No Misuse,N,No Injury,3c947a51-140d-4cd8-90ab-0cf92aca9fc8,D,DA36760003,Shoulder/Lap Belt(s),M,a89e6648-d045-419b-b53b-ec9fb714fcbb,Same Direction Rear End,N,Intersection Related,Acceleration Lane,Dark Lights On,No Defects,"Two-way, Divided, Positive Median Barrier",Dry,Clear,Six o'clock,Passenger Car,Disabling,N,Slowing or Stopping,2015-01-07 22:06,57,38.77998211,-76.99725151,1,3,좌회전 차선 사고,감속 중 사고
1971,N,Apparently Normal,No Misuse,Y,No Injury,5eab59e9-37a4-4589-90dd-3b0168aaa7d6,D,DA36760003,Shoulder/Lap Belt(s),M,59cd83c4-6e93-4ff6-9d35-6747a86913fd,Same Direction Rear End,N,Intersection Related,Acceleration Lane,Dark Lights On,No Defects,"Two-way, Divided, Positive Median Barrier",Dry,Clear,Twelve o'clock,(Sport) Utility Vehicle,Disabling,N,Slowing or Stopping,2015-01-07 22:06,51,38.77998211,-76.99725151,1,3,좌회전 차선 사고,감속 중 사고
1972,N,Apparently Normal,No Misuse,Y,No Injury,c25680c4-7e19-48cf-a914-ca09bbe476ec,D,DA3687000B,Shoulder/Lap Belt(s),F,b5eb69b4-b5fe-4bff-8b61-187d94ba1e80,Single Vehicle ,N,Non Intersection,Right Turn Lane,Dark No Lights,No Defects,"Two-way, Not Divided",Dry,Clear,One o'clock,Passenger Car,Disabling,N,Moving Constant Speed,2015-01-03 2:41,27,38.92431091,-76.76668882,2,2,기타,기타
1973,N,Apparently Normal,No Misuse,Y,No Injury,2fb6a277-ac2b-4a60-a16f-03abd341b4d4,D,DA3687000F,Shoulder/Lap Belt(s),F,4699d0cf-b1bf-4d37-beb8-c05e4fc1c39d,Single Vehicle ,N,Non Intersection,Right Turn Lane,Dark Lights On,No Defects,"Two-way, Not Divided",Dry,Clear,One o'clock,Passenger Car,Disabling,N,Moving Constant Speed,2015-01-03 2:41,29,38.92467816,-76.76956415,2,2,기타,기타
1974,N,Apparently Normal,No Misuse,N,No Injury,63d69c12-2309-4166-b81e-f7e17f046a93,D,DA3689000P,Shoulder/Lap Belt(s),F,984bcd58-c517-4b02-93ba-d641edcaa54c,Same Direction Rear End,N,Intersection,Right Turn Lane,Daylight,No Defects,"Two-way, Divided, Unprotected (painted >4 feet) Median",Dry,Clear,Six o'clock,School Bus,Superficial,N,Stopped in Traffic Lane,2015-03-19 8:00,38,38.95124921,-76.96671724,3,3,우회전 차선 사고,동일 방향 운행 중 추돌 사고
1975,N,Apparently Normal,No Misuse,Y,No Injury,09606acc-0c26-47fc-8cc5-dac013f6cdc4,D,DA3689000P,Shoulder/Lap Belt(s),F,ca56049d-3fb0-4125-b110-98347acb20cc,Same Direction Rear End,N,Intersection,Right Turn Lane,Daylight,No Defects,"Two-way, Divided, Unprotected (painted >4 feet) Median",Dry,Clear,Twelve o'clock,Passenger Car,Superficial,N,Slowing or Stopping,2015-03-19 8:00,30,38.95124921,-76.96671724,3,3,우회전 차선 사고,동일 방향 운행 중 추돌 사고
1976,Y,Apparently Normal,No Misuse,Y,No Injury,aca23e43-2dc6-4817-bcd2-31f64c23a1ad,D,DA36900006,Shoulder/Lap Belt(s),F,91aee48a-c21d-4658-9646-939bad8c7158,Single Vehicle ,N,Non Intersection,Right Turn Lane,Dawn,No Defects,"Two-way, Divided, Unprotected (painted >4 feet) Median",Dry,Clear,Six o'clock,School Bus,Superficial,N,Backing,2015-01-23 7:08,56,38.7716848,-76.92649484,2,0,기타,자차 사고
1977,N,Apparently Normal,No Misuse,N,No Injury,0c1541ad-ae36-4df4-8607-dc9e29f01724,D,DA3700000B,Shoulder/Lap Belt(s),F,5d7005c2-b388-4f34-8628-78201eeba2a2,Same Direction Left Turn,N,Non Intersection,Left Turn Lane,Daylight,No Defects,"Two-way, Divided, Positive Median Barrier",Dry,Clear,One o'clock,Van,Superficial,N,Moving Constant Speed,2015-02-23 14:53,27,38.94877111,-76.8875277,1,0,좌회전 차선 사고,등속 주행 중 측면 추돌 사고
1978,N,Apparently Normal,No Misuse,Y,No Injury,df69ff51-27a5-4e61-a24e-ba2a68d98cef,D,DA3700000B,Shoulder/Lap Belt(s),M,cb90b09d-39b8-4c70-b189-87d74b828f05,Same Direction Left Turn,N,Non Intersection,Left Turn Lane,Daylight,No Defects,"Two-way, Divided, Positive Median Barrier",Dry,Clear,Seven o'clock,(Sport) Utility Vehicle,Superficial,N,Changing Lanes,2015-02-23 14:53,26,38.94877111,-76.8875277,1,1,좌회전 차선 사고,등속 주행 사고
1979,N,Apparently Normal,No Misuse,N,No Injury,e009df6c-a824-43db-bd58-ddae3d18d8da,D,DA3700000D,Shoulder/Lap Belt(s),F,bdf1f908-6f1f-451a-b752-9e8d9ba021f7,Same Direction Rear End,N,Intersection Related,Left Turn Lane,Dark Lights On,No Defects,"Two-way, Divided, Unprotected (painted >4 feet) Median",Wet,Clear,Six o'clock,Passenger Car,Superficial,N,Stopped in Traffic Lane,2015-03-14 21:00,42,38.96096051,-76.91091657,4,3,빗길사고,기타
1980,N,Apparently Normal,No Misuse,N,No Injury,5e07df5e-410c-448b-b1cd-59095f29e9a5,D,DA3700000D,Shoulder/Lap Belt(s),F,2e634f25-b367-4ee6-abc2-3541836237b3,Same Direction Rear End,N,Intersection Related,Left Turn Lane,Dark Lights On,No Defects,"Two-way, Divided, Unprotected (painted >4 feet) Median",Wet,Clear,Six o'clock,(Sport) Utility Vehicle,Superficial,N,Stopped in Traffic Lane,2015-03-14 21:00,39,38.96096051,-76.91091657,4,3,빗길사고,기타
1981,N,Had Been Drinking,No Misuse,Y,No Injury,df8bd6b6-49d9-44c7-97d4-a4ad322d0701,D,DA3700000D,Shoulder/Lap Belt(s),M,ea66ba51-27ee-4979-b6ea-503a252b5313,Same Direction Rear End,N,Intersection Related,Left Turn Lane,Dark Lights On,No Defects,"Two-way, Divided, Unprotected (painted >4 feet) Median",Wet,Clear,Twelve o'clock,Pickup Truck,Superficial,N,Slowing or Stopping,2015-03-14 21:00,34,38.96096051,-76.91091657,4,3,빗길사고,기타
1982,N,Apparently Normal,No Misuse,Y,No Injury,f5dcfe75-5f8f-48d3-8918-2a855bc76ee5,D,DA37020006,Shoulder/Lap Belt(s),F,080961ee-603f-4f24-86d7-6e267345ff24,Single Vehicle ,N,Non Intersection,Right Turn Lane,Dark Lights On,No Defects,"Two-way, Not Divided",Wet,Cloudy,Twelve o'clock,Passenger Car,Disabling,N,Moving Constant Speed,2015-03-04 5:34,61,38.79245971,-76.97326183,4,2,빗길사고,동일 방향 운행 중 추돌 사고
1983,N,Apparently Normal,No Misuse,N,No Injury,def75fa6-bc95-479f-b4e4-e3b2e2d3d7f8,D,DA3711000B,Shoulder/Lap Belt(s),F,45204ac0-1c53-47bd-bfcf-34644e2449d4,Same Direction Sideswipe,N,Intersection,Right Turn Lane,Daylight,No Defects,"Two-way, Divided, Unprotected (painted >4 feet) Median",Dry,Clear,Four o'clock,(Sport) Utility Vehicle,Superficial,N,Stopped in Traffic Lane,2015-02-02 13:09,30,38.82339341,-76.9500339,3,1,우회전 차선 사고,등속 주행 중 측면 추돌 사고
1984,N,Apparently Normal,No Misuse,Y,No Injury,38e4d263-8e93-4d4f-8ba5-2d1b8b03c965,D,DA37130008,Shoulder/Lap Belt(s),F,12a0a0d4-867b-4c74-b38d-e68b919385ab,Same Direction Rear End,N,Intersection,Acceleration Lane,Daylight,No Defects,"Two-way, Divided, Positive Median Barrier",Dry,Clear,Twelve o'clock,Passenger Car,Disabling,N,Starting From Lane,2015-03-29 8:30,59,38.96526509,-76.84598565,1,3,좌회전 차선 사고,감속 중 사고
1985,N,Apparently Normal,No Misuse,N,No Injury,7e2398f5-0e53-4d9b-b92e-8e929cdbcdab,D,DA37140007,Shoulder/Lap Belt(s),F,6814472b-5bdc-4962-ab49-624b2a7efd41,Same Direction Rear End,N,Non Intersection,Left Turn Lane,Daylight,No Defects,"Two-way, Divided, Positive Median Barrier",Dry,Clear,Six o'clock,Passenger Car,Superficial,N,Stopped in Traffic Lane,2015-03-31 7:44,35,38.84040122,-76.94322109,1,2,좌회전 차선 사고,기타
1986,N,Apparently Normal,No Misuse,Y,No Injury,1cdbd2c2-8894-4646-a5ad-749424ebeac3,D,DA37140007,Shoulder/Lap Belt(s),F,0faf1c05-4469-4d2e-bf6d-dcc8c4c0cd01,Same Direction Rear End,N,Non Intersection,Left Turn Lane,Daylight,No Defects,"Two-way, Divided, Positive Median Barrier",Dry,Clear,Twelve o'clock,Other Bus,Superficial,N,Slowing or Stopping,2015-03-31 7:44,61,38.84040122,-76.94322109,1,3,좌회전 차선 사고,감속 중 사고
1987,N,Apparently Normal,No Misuse,N,No Injury,5fa4086a-4a9e-4c7d-9632-9d0079cb0ac4,D,DA37340003,Shoulder/Lap Belt(s),F,6a7f709b-4459-4244-a7e8-104bde58420f,Single Vehicle ,N,Non Intersection,Right Turn Lane,Daylight,No Defects,"Two-way, Not Divided",Wet,Raining,Twelve o'clock,Passenger Car,No Damage,N,Slowing or Stopping,2015-01-03 13:38,44,38.96426405,-76.89532757,4,0,빗길사고,등속 주행 중 사고
1988,N,Apparently Normal,No Misuse,Y,No Injury,9ce9d339-0200-4b26-87a5-10cc42ef0da0,D,DA37360001,Shoulder/Lap Belt(s),F,c0d01847-1901-4fa1-93dd-7fa30682b5ac,Head On Left Turn,N,Non Intersection,Right Turn Lane,Daylight,No Defects,"Two-way, Not Divided",Wet,Clear,Twelve o'clock,Passenger Car,Superficial,N,Moving Constant Speed,2015-02-17 14:30,21,38.81112186,-76.819067,2,2,기타,기타
1989,N,Apparently Normal,No Misuse,N,No Injury,f3fd4513-b64a-4006-83f6-9e70567d45c5,D,DA37360001,Shoulder/Lap Belt(s),M,bd4c2304-643f-43b5-bd46-7dea69184419,Head On Left Turn,N,Non Intersection,Right Turn Lane,Daylight,No Defects,"Two-way, Not Divided",Wet,Clear,Seven o'clock,Passenger Car,Superficial,N,Moving Constant Speed,2015-02-17 14:30,30,38.81112186,-76.819067,2,2,기타,기타
1990,N,Apparently Normal,No Misuse,N,No Injury,bc51a685-3926-4c8d-911d-f060630df7fe,D,DA37470009,Shoulder/Lap Belt(s),F,dc131cac-4cd3-47b5-a481-ea55892a6f4b,Same Direction Sideswipe,N,Non Intersection,Left Turn Lane,Dark Lights On,No Defects,"Two-way, Not Divided",Dry,Clear,Six o'clock,Passenger Car,Functional,N,Moving Constant Speed,2015-01-16 20:37,35,38.99272151,-76.93309307,1,0,좌회전 차선 사고,등속 주행 중 측면 추돌 사고
1991,N,Had Been Drinking,No Misuse,Y,No Injury,b04a21f1-fc9b-41e1-a72c-9106a564467f,D,DA37470009,Shoulder/Lap Belt(s),F,af4d0f00-1fd7-4a1a-b218-950ed25fd522,Same Direction Sideswipe,N,Non Intersection,Left Turn Lane,Dark Lights On,No Defects,"Two-way, Not Divided",Dry,Clear,Twelve o'clock,Passenger Car,Functional,N,Moving Constant Speed,2015-01-16 20:37,39,38.99272151,-76.93309307,1,0,좌회전 차선 사고,등속 주행 중 측면 추돌 사고
1992,N,Apparently Normal,No Misuse,Y,No Injury,36244efd-4a89-498f-8416-0fbd8949d900,D,DA37490006,Shoulder/Lap Belt(s),F,2d037d8b-55c7-427a-a689-66d070a0f44b,Same Direction Rear End,N,Non Intersection,Right Turn Lane,Daylight,No Defects,"Two-way, Divided, Unprotected (painted >4 feet) Median",Snow,Blowing Snow,Twelve o'clock,Passenger Car,Disabling,N,Moving Constant Speed,2015-02-26 7:20,54,38.9065509,-76.82029009,0,3,눈길사고,자차 사고
1993,N,Apparently Normal,No Misuse,N,No Injury,2987018f-afa9-4f69-9e25-0fc252bd8e85,D,DA3751000C,Shoulder/Lap Belt(s),F,3061d197-b369-49e0-a1cd-5fcb94b4320d,Same Direction Sideswipe,N,Intersection,Left Turn Lane,Daylight,No Defects,"Two-way, Divided, Positive Median Barrier",Dry,Clear,Ten o'clock,Passenger Car,Functional,N,Moving Constant Speed,2015-01-11 16:04,29,39.07647611,-76.86775446,1,0,좌회전 차선 사고,등속 주행 중 측면 추돌 사고
1994,N,Apparently Normal,No Misuse,Y,No Injury,bfd3aa04-bec0-486f-9f25-8241f1e5d45b,D,DA37560005,Shoulder/Lap Belt(s),F,5670d5bc-d8b0-4738-ab30-305acf550111,Same Movement Angle,N,Intersection,Left Turn Lane,Daylight,No Defects,"Two-way, Divided, Positive Median Barrier",Dry,Clear,Twelve o'clock,Passenger Car,Disabling,N,Moving Constant Speed,2015-01-17 13:43,44,38.98819344,-76.817801,1,0,좌회전 차선 사고,등속 주행 중 측면 추돌 사고
1995,N,Apparently Normal,No Misuse,N,No Injury,25d6d1e6-091d-41cb-b1ea-8674376b40bf,D,DA37560007,Shoulder/Lap Belt(s),F,da476a9c-3198-47b6-97f0-52bd48cb5996,Same Direction Rear End,N,Non Intersection,Right Turn Lane,Daylight,No Defects,"Two-way, Not Divided",Wet,Cloudy,Six o'clock,(Sport) Utility Vehicle,Functional,N,Moving Constant Speed,2015-02-10 14:45,38,38.93926677,-76.82412028,4,2,빗길사고,동일 방향 운행 중 추돌 사고
1996,N,Apparently Normal,No Misuse,Y,No Injury,a7c2897e-e212-493a-a1f3-70f92f8cc7ef,D,DA3756000B,Shoulder/Lap Belt(s),F,3fd9337e-29c2-4093-abc6-ddcf1ee7cb52,Same Movement Angle,N,Intersection,Left Turn Lane,Dark Lights On,No Defects,"Two-way, Divided, Unprotected (painted >4 feet) Median",Dry,Clear,Twelve o'clock,Pickup Truck,Disabling,N,Making Left Turn,2015-03-29 22:28,27,38.9368717,-76.8490541,1,1,좌회전 차선 사고,등속 주행 사고
1997,N,Apparently Normal,No Misuse,N,Possible Incapacitating Injury,ec0cc830-2308-408d-8eee-5bc3f25464e6,D,DA3756000B,Shoulder/Lap Belt(s),M,9808acfa-4abe-4246-b57a-6efe3df6d646,Same Movement Angle,N,Intersection,Left Turn Lane,Dark Lights On,No Defects,"Two-way, Divided, Unprotected (painted >4 feet) Median",Dry,Clear,Ten o'clock,Passenger Car,Disabling,N,Moving Constant Speed,2015-03-29 22:28,31,38.9368717,-76.8490541,1,0,좌회전 차선 사고,등속 주행 중 측면 추돌 사고
1998,N,Apparently Normal,No Misuse,Y,No Injury,6787ef6f-ac17-4fcd-9eca-041300f83ac9,D,DA37590008,Shoulder/Lap Belt(s),F,a2b9e3f3-9c17-4bc7-8682-16ab6dfa928f,Single Vehicle ,N,Intersection,Left Turn Lane,Daylight,No Defects,"Two-way, Divided, Positive Median Barrier",Ice,Snow,Twelve o'clock,Passenger Car,Disabling,N,Moving Constant Speed,2015-02-15 11:00,42,38.97,-76.77,0,0,눈길사고,감속 중 사고
1999,N,Apparently Normal,No Misuse,Y,No Injury,ef7854d7-5663-4568-84ac-0dbc0d378580,D,DA37620006,Shoulder/Lap Belt(s),F,203dce92-5bf7-4f77-978c-0ba39e95190d,Single Vehicle ,N,Non Intersection,Left Turn Lane,Dawn,No Defects,"Two-way, Divided, Unprotected (painted >4 feet) Median",Slush,Sleet,Twelve o'clock,Passenger Car,Disabling,N,Moving Constant Speed,2015-03-01 16:47,49,38.96469784,-76.84895754,0,0,눈길사고,감속 중 사고
2000,Y,Apparently Normal,No Misuse,N,No Injury,893498f8-a1e3-4c78-818e-fd21525465cb,D,DA37710003,Shoulder/Lap Belt(s),F,1c86a2fb-e78b-4845-8223-53409b68d3ce,Same Direction Left Turn,N,Non Intersection,Left Turn Lane,Daylight,No Defects,"Two-way, Divided, Positive Median Barrier",Dry,Clear,One o'clock,Passenger Car,Superficial,N,Moving Constant Speed,2015-02-12 7:34,55,39.04745243,-76.93706274,1,0,좌회전 차선 사고,등속 주행 중 측면 추돌 사고
2001,N,Apparently Normal,No Misuse,Y,No Injury,0c50f9cd-434c-4d78-b163-c3bc8d6348b2,D,DA3776000B,Shoulder/Lap Belt(s),F,10bcf4d5-02fa-4809-bae8-f8ebe6f79302,Same Direction Rear End,N,Intersection Related,Acceleration Lane,Dusk,No Defects,"Two-way, Divided, Positive Median Barrier",Dry,Clear,Twelve o'clock,Passenger Car,Disabling,N,Moving Constant Speed,2015-02-05 17:00,22,38.99092032,-76.8323493,1,0,좌회전 차선 사고,등속 주행 중 측면 추돌 사고
2002,N,Apparently Normal,No Misuse,Y,No Injury,e1f9494f-535a-4bfc-bc39-3a09c1a7ad6a,D,DA37810008,Shoulder/Lap Belt(s),F,7a5f02ed-dec9-4a2b-92c2-a06c2236b70f,Same Direction Rear End,N,Intersection,Left Turn Lane,Daylight,No Defects,"Two-way, Divided, Unprotected (painted >4 feet) Median",Dry,Clear,Twelve o'clock,Passenger Car,Superficial,N,Slowing or Stopping,2015-03-09 11:59,33,39.03939466,-76.94774866,1,3,좌회전 차선 사고,감속 중 사고
2003,N,Apparently Normal,No Misuse,N,No Injury,53c517ac-6f52-4320-9f92-a442b1b52764,D,DA37810008,Shoulder/Lap Belt(s),M,d1aa2392-e40f-4dc3-8c0e-e36c098d8168,Same Direction Rear End,N,Intersection,Left Turn Lane,Daylight,No Defects,"Two-way, Divided, Unprotected (painted >4 feet) Median",Dry,Clear,Six o'clock,Passenger Car,Superficial,N,Stopped in Traffic Lane,2015-03-09 11:59,38,39.03939466,-76.94774866,1,2,좌회전 차선 사고,기타
2004,N,Apparently Normal,No Misuse,N,No Injury,b330c41a-f04f-49e7-b413-45247385ee31,D,DA37920005,Shoulder/Lap Belt(s),F,09d8cfbc-888c-4476-9321-ac20d8a3e12d,Head On Left Turn,N,Intersection,Left Turn Lane,Daylight,No Defects,"Two-way, Divided, Positive Median Barrier",Dry,Clear,Twelve o'clock,Passenger Car,Disabling,N,Moving Constant Speed,2015-03-17 14:30,79,38.94323054,-76.88076854,1,0,좌회전 차선 사고,등속 주행 중 측면 추돌 사고
2005,N,Apparently Normal,No Misuse,Y,No Injury,b770e153-7c6c-4315-897e-73f53f94bd94,D,DA37920005,Shoulder/Lap Belt(s),M,7c7ee405-fd68-4285-ba57-efc176995675,Head On Left Turn,N,Intersection,Left Turn Lane,Daylight,No Defects,"Two-way, Divided, Positive Median Barrier",Dry,Clear,Three o'clock,Passenger Car,Disabling,N,Starting From Lane,2015-03-17 14:30,52,38.94323054,-76.88076854,1,1,좌회전 차선 사고,등속 주행 사고
2006,N,Apparently Normal,No Misuse,Y,No Injury,b8bae90b-db28-4f1b-a3c4-d9781230e53c,D,DA3793000B,Shoulder/Lap Belt(s),M,7d427364-16d5-4674-a664-cf08c4f6da2d,Same Movement Angle,N,Intersection Related,Right Turn Lane,Daylight,No Defects,"Two-way, Not Divided",Dry,Clear,Eleven o'clock,Passenger Car,Superficial,N,Making Left Turn,2015-01-16 8:24,33,38.99606943,-76.92765355,3,0,우회전 차선 사고,기타
2007,N,Apparently Normal,No Misuse,N,No Injury,e9a46742-b5dc-4ad0-a8cb-37d51957c1c5,D,DA3793000C,Shoulder/Lap Belt(s),F,b3d75b3b-bab0-42a0-8f24-75ea662e27e8,Same Direction Rear End,N,Non Intersection,Left Turn Lane,Daylight,No Defects,"Two-way, Not Divided",Dry,Clear,Six o'clock,Passenger Car,Superficial,N,Stopped in Traffic Lane,2015-01-30 13:45,33,38.96108565,-76.90748334,1,2,좌회전 차선 사고,기타
2008,N,Apparently Normal,No Misuse,Y,No Injury,79070226-81f4-4013-a905-2d02df5a278e,D,DA3793000C,Shoulder/Lap Belt(s),F,227bdd30-1f26-4698-b116-64eca926bd14,Same Direction Rear End,N,Non Intersection,Left Turn Lane,Daylight,No Defects,"Two-way, Not Divided",Dry,Clear,Twelve o'clock,Passenger Car,Functional,N,Moving Constant Speed,2015-01-30 13:45,51,38.96108565,-76.90748334,1,0,좌회전 차선 사고,등속 주행 중 측면 추돌 사고
2009,N,Apparently Normal,No Misuse,N,No Injury,d00ffb11-4471-45a7-beb9-e0aa93e0b558,D,DA3793000C,Shoulder/Lap Belt(s),M,3222040b-3aa1-4037-9425-408b57d44214,Same Direction Rear End,N,Non Intersection,Left Turn Lane,Daylight,No Defects,"Two-way, Not Divided",Dry,Clear,Six o'clock,Passenger Car,Superficial,N,Stopped in Traffic Lane,2015-01-30 13:45,60,38.96108565,-76.90748334,1,2,좌회전 차선 사고,기타
2010,N,Apparently Normal,No Misuse,N,No Injury,ad9f82cd-b237-4923-8d32-56791872327c,D,DA38010008,Shoulder/Lap Belt(s),F,dc23e340-7021-4442-8f77-418ba4b941d7,Same Direction Rear End Right Turn,N,Intersection Related,Acceleration Lane,Dark Lights On,No Defects,"Two-way, Divided, Positive Median Barrier",Dry,Cloudy,Six o'clock,Pickup Truck,No Damage,N,Accelerating,2015-01-14 16:59,37,38.97435725,-76.97914124,1,1,좌회전 차선 사고,등속 주행 사고
2011,N,Apparently Normal,No Misuse,Y,No Injury,64745ca9-219d-4047-bc1c-9e4a2d7c8754,D,DA38010008,Shoulder/Lap Belt(s),M,2b9dfb2c-98ff-44b2-98b6-608139d92e3e,Same Direction Rear End Right Turn,N,Intersection Related,Acceleration Lane,Dark Lights On,No Defects,"Two-way, Divided, Positive Median Barrier",Dry,Cloudy,Twelve o'clock,Passenger Car,Superficial,N,Accelerating,2015-01-14 16:59,42,38.97435725,-76.97914124,1,1,좌회전 차선 사고,등속 주행 사고
2012,N,Apparently Normal,No Misuse,N,No Injury,58028942-c9f3-419d-aedb-f679a2dd6548,D,DA3804000F,Shoulder/Lap Belt(s),F,9a0cc491-ff1f-4379-ab1e-0249f438848c,Angle Meets Left Turn,N,Non Intersection,Right Turn Lane,Daylight,No Defects,"Two-way, Not Divided",Ice,Clear,Six o'clock,Passenger Car,Functional,N,Moving Constant Speed,2015-02-18 7:55,22,39.03032752,-76.9139421,2,2,기타,기타
2013,N,Apparently Normal,No Misuse,N,No Injury,e8ed6e40-4d87-4b01-a11e-43531efbf5d3,D,DA3804000F,Shoulder/Lap Belt(s),M,4b261eea-ed9f-48f6-9089-20cf4f26512c,Angle Meets Left Turn,N,Non Intersection,Right Turn Lane,Daylight,No Defects,"Two-way, Not Divided",Ice,Clear,Twelve o'clock,Pickup Truck,Superficial,N,Moving Constant Speed,2015-02-18 7:55,57,39.03032752,-76.9139421,2,2,기타,기타