KEY_INDEX,CDL_FLAG,CONDITION_CODE,EQUIP_PROB_CODE,FAULT_FLAG,INJ_SEVER_CODE,PERSON_ID,PERSON_TYPE,REPORT_NO,SAF_EQUIP_CODE,SEX_CODE,VEHICLE_ID,COLLISION_TYPE_CODE,C_M_ZONE_FLAG,JUNCTION_CODE,LANE_CODE,LIGHT_CODE,RD_COND_CODE,RD_DIV_CODE,SURF_COND_CODE,WEATHER_CODE,AREA_DAMAGED_CODE_MAIN,BODY_TYPE_CODE,DAMAGE_CODE,HIT_AND_RUN_FLAG,MOVEMENT_CODE,TIME,AGE,LATITUDE,LONGITUDE,CLUSTER,SECOND_LABEL,FIRST_LABEL,SECOND_LABELING
2122,N,Apparently Normal,No Misuse,Y,No Injury,e511b74d-b926-4986-bb4a-91e9ce97203a,D,DA39170004,Shoulder/Lap Belt(s),M,27fc981b-3b96-4437-9fc1-3ae867edbd6d,Same Direction Both Left Turn,N,Intersection,Right Turn Lane,Daylight,No Defects,"Two-way, Divided, Positive Median Barrier",Dry,Clear,Eleven o'clock,Pickup Truck,Superficial,N,Moving Constant Speed,2015-03-28 13:56,43,39.0471608,-76.93755627,3,2,우회전 차선 사고,기타
2123,N,Apparently Normal,No Misuse,N,No Injury,994651df-1e7e-4fc6-bb6a-00e824aef349,D,DA39180003,Shoulder/Lap Belt(s),F,e8b7254e-1180-406c-9303-02c135615137,Single Vehicle ,N,Intersection,Right Turn Lane,Dark Lights On,No Defects,"Two-way, Divided, Positive Median Barrier",Wet,Raining,Twelve o'clock,Passenger Car,Superficial,N,Accelerating,2015-02-09 18:28,73,38.83795268,-76.95018411,4,0,빗길사고,등속 주행 중 사고
2124,N,Apparently Normal,No Misuse,N,No Injury,b51bf777-25aa-43bd-be59-b81691ff7b38,D,DA39180005,Shoulder/Lap Belt(s),F,405c0a95-667f-4088-9f3d-226e325d4101,Same Direction Rear End,Y,Non Intersection,Acceleration Lane,Daylight,No Defects,"Two-way, Divided, Positive Median Barrier",Dry,Cloudy,Six o'clock,(Sport) Utility Vehicle,Functional,N,Entering Traffic Lane,2015-02-16 11:31,55,38.82202258,-76.92114115,1,3,좌회전 차선 사고,감속 중 사고
2125,N,Apparently Normal,No Misuse,Y,No Injury,6b7b80ea-5f56-4d23-997a-1c0aad9c19bd,D,DA39180005,Shoulder/Lap Belt(s),M,68affeb6-8712-4b22-a693-3256511eabdd,Same Direction Rear End,Y,Non Intersection,Acceleration Lane,Daylight,No Defects,"Two-way, Divided, Positive Median Barrier",Dry,Cloudy,One o'clock,(Sport) Utility Vehicle,Disabling,N,Accelerating,2015-02-16 11:31,50,38.82202258,-76.92114115,1,3,좌회전 차선 사고,감속 중 사고
2126,N,Apparently Normal,No Misuse,Y,No Injury,a5455daa-a791-494a-a7a7-a8d78b876d9c,D,DA39210006,Shoulder/Lap Belt(s),F,ed542af2-d1f3-4595-9daa-e8d9b263ea82,Same Direction Rear End,N,Non Intersection,Crossover Area,Dusk,No Defects,"Two-way, Divided, Positive Median Barrier",Dry,Clear,Twelve o'clock,Passenger Car,Superficial,N,Accelerating,2015-03-15 19:05,41,38.88974681,-76.8636024,1,3,좌회전 차선 사고,감속 중 사고
2127,N,Apparently Normal,No Misuse,Y,No Injury,359e7fa6-7efa-49e2-95d3-fd9f93edcc20,D,DA39250009,Shoulder/Lap Belt(s),F,62e23e25-942a-4ec4-b865-2202b01fbf51,Same Movement Angle,N,Non Intersection,Left Turn Lane,Daylight,No Defects,"Two-way, Not Divided",Dry,Clear,Eleven o'clock,Passenger Car,Superficial,N,Starting From Parked,2015-01-04 9:23,77,38.91416049,-76.86435878,1,1,좌회전 차선 사고,등속 주행 사고
2128,N,Apparently Normal,No Misuse,N,Possible Incapacitating Injury,2e3dda99-fb7d-4974-91fd-64d8815148fb,D,DA39250009,Shoulder/Lap Belt(s),F,ccb13852-0d8d-470f-9f3b-f27b64383c80,Same Movement Angle,N,Non Intersection,Left Turn Lane,Daylight,No Defects,"Two-way, Not Divided",Dry,Clear,Four o'clock,Passenger Car,Disabling,N,Moving Constant Speed,2015-01-04 9:23,41,38.91416049,-76.86435878,1,0,좌회전 차선 사고,등속 주행 중 측면 추돌 사고
2129,N,Apparently Normal,No Misuse,N,No Injury,243b0b7f-d341-4cf7-879a-d759cf303def,D,DA39260005,Shoulder/Lap Belt(s),F,e22f5c9b-7b42-46dc-bf50-5ed86fba794d,Same Direction Rear End,N,Non Intersection,Left Turn Lane,Daylight,No Defects,"Two-way, Divided, Positive Median Barrier",Dry,Clear,Six o'clock,(Sport) Utility Vehicle,Functional,N,Slowing or Stopping,2015-03-24 13:35,51,38.76119468,-76.99360371,1,3,좌회전 차선 사고,감속 중 사고
2130,N,Apparently Normal,No Misuse,N,No Injury,649da9ff-6388-49b8-b1c4-cef21ed63696,D,DA39260005,Shoulder/Lap Belt(s),F,29408630-734b-4395-ac2b-fa63b66e432c,Same Direction Rear End,N,Non Intersection,Left Turn Lane,Daylight,No Defects,"Two-way, Divided, Positive Median Barrier",Dry,Clear,Six o'clock,Passenger Car,Functional,N,Slowing or Stopping,2015-03-24 13:35,50,38.76119468,-76.99360371,1,3,좌회전 차선 사고,감속 중 사고
2131,N,Apparently Normal,No Misuse,Y,No Injury,c5150899-2c41-45b1-a8d7-f2e001506ebe,D,DA39260005,Shoulder/Lap Belt(s),F,e3ae4aeb-d4d9-4ab2-8e98-2e39ec0eab8d,Same Direction Rear End,N,Non Intersection,Left Turn Lane,Daylight,No Defects,"Two-way, Divided, Positive Median Barrier",Dry,Clear,Twelve o'clock,Passenger Car,Functional,N,Moving Constant Speed,2015-03-24 13:35,20,38.76119468,-76.99360371,1,0,좌회전 차선 사고,등속 주행 중 측면 추돌 사고
2132,N,Apparently Normal,No Misuse,Y,No Injury,df102b51-ac7b-426b-89fd-112cd590fe56,D,DA39280007,Shoulder/Lap Belt(s),M,d0705356-c5a4-4332-babb-ce6704ea31b7,Same Direction Rear End,N,Intersection Related,Right Turn Lane,Daylight,No Defects,"Two-way, Divided, Unprotected (painted >4 feet) Median",Dry,Clear,Twelve o'clock,Passenger Car,Disabling,N,Slowing or Stopping,2015-03-12 18:42,51,39.03238606,-76.90100312,3,3,우회전 차선 사고,동일 방향 운행 중 추돌 사고
2133,N,Apparently Normal,No Misuse,Y,No Injury,bda4955e-3c92-4afe-b798-ea46cbb74b8e,D,DA3929000G,Shoulder/Lap Belt(s),F,ec156127-ce2c-4e6a-b15f-39f6211d9d3b,Same Movement Angle,N,Intersection Related,Right Turn Lane,Daylight,No Defects,"Two-way, Not Divided",Dry,Clear,Ten o'clock,Passenger Car,Functional,N,Accelerating,2015-02-02 12:30,21,38.81311154,-76.7500484,3,0,우회전 차선 사고,기타
2134,N,Apparently Normal,No Misuse,N,No Injury,e8d7c673-bb08-4cf8-ba57-5a66aee0f061,D,DA3929000G,Shoulder/Lap Belt(s),M,bd05cf98-46a5-43a6-a42b-1382ca5aa9cc,Same Movement Angle,N,Intersection Related,Right Turn Lane,Daylight,No Defects,"Two-way, Not Divided",Dry,Clear,Twelve o'clock,Passenger Car,Disabling,N,Moving Constant Speed,2015-02-02 12:30,28,38.81311154,-76.7500484,3,0,우회전 차선 사고,기타
2135,N,Apparently Normal,No Misuse,N,No Injury,66864ba7-5d5b-4a52-bbeb-82e73780baf4,D,DA3929000K,Shoulder/Lap Belt(s),M,310201d2-9ace-47bd-a4d0-66c97effccc7,Same Direction Rear End Left Turn,N,Intersection Related,Right Turn Lane,Daylight,No Defects,"Two-way, Not Divided",Dry,Clear,Six o'clock,Passenger Car,Functional,N,Making Left Turn,2015-03-28 17:13,31,38.84416997,-76.84668303,3,1,우회전 차선 사고,등속 주행 중 측면 추돌 사고
2136,N,Apparently Normal,No Misuse,N,No Injury,f82b28cc-4140-442a-adc3-6d2c3c22e918,D,DA3930000B,Shoulder/Lap Belt(s),F,2fee4c72-c3ad-4faa-8798-7e5788a0a789,Same Direction Sideswipe,N,Non Intersection,Acceleration Lane,Dark No Lights,No Defects,"Two-way, Divided, Positive Median Barrier",Ice,Wintry Mix,Ten o'clock,Other Bus,Superficial,N,Moving Constant Speed,2015-02-10 6:00,29,38.91725752,-76.85161829,0,0,눈길사고,감속 중 사고
2137,N,Apparently Normal,No Misuse,N,No Injury,f6111347-5888-4a3d-90ef-3daa09f5b160,D,DA3932000F,Shoulder/Lap Belt(s),F,d89e2793-7645-4e07-af3d-0f0aad402491,Same Movement Angle,N,Intersection,Acceleration Lane,Daylight,No Defects,"Two-way, Divided, Positive Median Barrier",Ice,Cloudy,Twelve o'clock,Passenger Car,Disabling,N,Accelerating,2015-02-21 10:19,34,38.99294249,-76.98652536,0,2,눈길사고,미끌어짐에 의한 사고
2138,N,Apparently Normal,No Misuse,Y,No Injury,13a2f661-54d3-436c-bb46-8e17c9aa8c82,D,DA3932000F,Shoulder/Lap Belt(s),M,cd216536-8cf1-4997-aa55-9cc1c7414c8b,Same Movement Angle,N,Intersection,Acceleration Lane,Daylight,No Defects,"Two-way, Divided, Positive Median Barrier",Ice,Cloudy,Nine o'clock,Passenger Car,Superficial,N,Moving Constant Speed,2015-02-21 10:19,33,38.99294249,-76.98652536,0,0,눈길사고,감속 중 사고
2139,N,Apparently Normal,No Misuse,Y,No Injury,304be8e5-f205-448d-94fa-8019ccbc2843,D,DA39400007,Shoulder/Lap Belt(s),F,694b6da9-808d-4a28-a180-f75d701a13d0,Same Movement Angle,N,Intersection Related,Right Turn Lane,Dark Lights On,No Defects,"Two-way, Divided, Unprotected (painted >4 feet) Median",Dry,Clear,Eleven o'clock,(Sport) Utility Vehicle,Disabling,N,Accelerating,2015-01-16 18:29,49,38.79386456,-76.92860842,3,0,우회전 차선 사고,기타
2140,N,Apparently Normal,No Misuse,N,Possible Incapacitating Injury,ddfe6b89-64fa-4e3e-b5c9-088e887574de,D,DA39400007,Shoulder/Lap Belt(s),M,e0197838-3d19-4f03-bf5b-81695b0de658,Same Movement Angle,N,Intersection Related,Right Turn Lane,Dark Lights On,No Defects,"Two-way, Divided, Unprotected (painted >4 feet) Median",Dry,Clear,One o'clock,Passenger Car,Disabling,N,Accelerating,2015-01-16 18:29,35,38.79386456,-76.92860842,3,0,우회전 차선 사고,기타
2141,N,Apparently Normal,No Misuse,Y,No Injury,678bd9b9-5712-4610-9741-4e71ae1207a2,D,DA3940000F,Shoulder/Lap Belt(s),F,4d661fcb-e739-4b4d-a704-256a9ddf35f6,Same Direction Rear End,N,Non Intersection,Left Turn Lane,Daylight,No Defects,"Two-way, Divided, Positive Median Barrier",Dry,Clear,Twelve o'clock,Passenger Car,Disabling,N,Accelerating,2015-03-18 13:42,65,38.82818275,-76.92830801,1,3,좌회전 차선 사고,감속 중 사고
2142,N,Apparently Normal,No Misuse,N,No Injury,11e5c725-f713-4e12-a006-0351e2082174,D,DA3940000F,Shoulder/Lap Belt(s),M,b52a25d4-ddd9-4126-b5a1-9192c6397beb,Same Direction Rear End,N,Non Intersection,Left Turn Lane,Daylight,No Defects,"Two-way, Divided, Positive Median Barrier",Dry,Clear,Six o'clock,Passenger Car,Functional,N,Moving Constant Speed,2015-03-18 13:42,76,38.82818275,-76.92830801,1,0,좌회전 차선 사고,등속 주행 중 측면 추돌 사고
2143,N,Apparently Normal,No Misuse,Y,No Injury,efe62fc1-eda9-4b5e-ae9f-de63db22153e,D,DA39410008,Shoulder/Lap Belt(s),F,5f4e9c82-459c-4f07-b9d5-d9f8423f52b0,Same Direction Rear End,N,Intersection Related,Left Turn Lane,Daylight,No Defects,"Two-way, Not Divided",Slush,Wintry Mix,Six o'clock,Police Vehicle/Emergency,Superficial,N,Backing,2015-03-01 9:00,52,39.0763845,-76.86887026,0,1,눈길사고,등속 주행 사고
2144,N,Apparently Normal,No Misuse,N,No Injury,17390c5f-6f23-48a9-b85c-4f44cf5e3f13,D,DA39430008,Shoulder/Lap Belt(s),F,1464b754-aac0-496f-888e-fe03b4bf1072,Angle Meets Right Turn,N,Non Intersection,Right Turn Lane,Daylight,No Defects,"Two-way, Divided, Positive Median Barrier",Dry,Clear,Twelve o'clock,Passenger Car,Disabling,N,Moving Constant Speed,2015-01-30 16:35,28,38.91566311,-76.83152318,2,2,기타,기타
2145,N,Apparently Normal,No Misuse,Y,No Injury,afff64bc-2510-4793-833d-001c54cc7930,D,DA39430008,Shoulder/Lap Belt(s),M,492bad4c-bbfe-4496-b66d-fdd9449d520d,Angle Meets Right Turn,N,Non Intersection,Right Turn Lane,Daylight,No Defects,"Two-way, Divided, Positive Median Barrier",Dry,Clear,Eleven o'clock,Passenger Car,Functional,N,Making Left Turn,2015-01-30 16:35,61,38.91566311,-76.83152318,2,0,기타,자차 사고
2146,N,Apparently Normal,No Misuse,N,No Injury,08323575-a015-47c2-8c0e-a9ffef2c3b15,D,DA3949000G,Shoulder/Lap Belt(s),F,b2e01c42-f115-4701-9eb8-3f7f214933fb,Same Direction Sideswipe,N,Non Intersection,Right Turn Lane,Daylight,No Defects,"Two-way, Divided, Positive Median Barrier",Dry,Clear,Three o'clock,Passenger Car,Superficial,N,Stopped in Traffic Lane,2015-03-28 12:25,30,38.91810689,-76.85988754,2,0,기타,자차 사고
2147,N,Apparently Normal,No Misuse,N,No Injury,20ca3934-c404-478f-ba99-40a3220bb2da,D,DA39520005,Shoulder/Lap Belt(s),F,03c45019-7de7-4281-b205-d2fbcad7ece8,Same Movement Angle,N,Intersection,Left Turn Lane,Daylight,No Defects,"Two-way, Not Divided",Dry,Clear,Twelve o'clock,Van,Functional,N,Stopped in Traffic Lane,2015-01-29 7:40,36,38.91731596,-76.88824654,1,1,좌회전 차선 사고,등속 주행 사고
2148,N,Apparently Normal,No Misuse,Y,Possible Incapacitating Injury,acbc985b-e628-4de3-8044-97decd7e3b2b,D,DA39520005,Shoulder/Lap Belt(s),F,57025f9e-e692-4b42-a463-b32ec785e51a,Same Movement Angle,N,Intersection,Left Turn Lane,Daylight,No Defects,"Two-way, Not Divided",Dry,Clear,Twelve o'clock,Passenger Car,Disabling,N,Moving Constant Speed,2015-01-29 7:40,18,38.91731596,-76.88824654,1,0,좌회전 차선 사고,등속 주행 중 측면 추돌 사고
2149,N,Apparently Normal,No Misuse,N,No Injury,e36242ea-6511-4a21-89f2-1696b5079f37,D,DA39520005,Shoulder/Lap Belt(s),M,2c39a840-8da5-4ffc-8b88-7db237703709,Same Movement Angle,N,Intersection,Left Turn Lane,Daylight,No Defects,"Two-way, Not Divided",Dry,Clear,Four o'clock,Passenger Car,Disabling,N,Leaving Traffic Lane,2015-01-29 7:40,37,38.91731596,-76.88824654,1,1,좌회전 차선 사고,등속 주행 사고
2150,N,Apparently Normal,No Misuse,N,No Injury,095ba03d-60f8-4dbf-8f13-10f10e49c6df,D,DA39540006,Shoulder/Lap Belt(s),F,30a90a6a-a70c-4414-b950-a4dcf0e1a684,Same Direction Rear End,N,Intersection,Acceleration Lane,Daylight,No Defects,"Two-way, Divided, Positive Median Barrier",Ice,Cloudy,Six o'clock,Passenger Car,Functional,N,Slowing or Stopping,2015-02-25 7:54,39,39.05840019,-76.83966637,0,1,눈길사고,등속 주행 사고
2151,N,Apparently Normal,No Misuse,N,No Injury,3a6e1fdd-6888-4108-932c-d2e3f6b16fa6,D,DA39540006,Shoulder/Lap Belt(s),M,cd614b6d-ba23-4adb-a333-2b44dc3c4e49,Same Direction Rear End,N,Intersection,Acceleration Lane,Daylight,No Defects,"Two-way, Divided, Positive Median Barrier",Ice,Cloudy,Six o'clock,Van,Superficial,N,Stopped in Traffic Lane,2015-02-25 7:54,29,39.05840019,-76.83966637,0,1,눈길사고,등속 주행 사고
2152,N,Apparently Normal,No Misuse,Y,No Injury,58cde0f0-941e-43ef-adb7-8561c77e2f1c,D,DA39540007,Shoulder/Lap Belt(s),F,6844b545-b367-4e78-a516-d763d15fd231,Same Direction Rear End,N,Intersection,Right Turn Lane,Daylight,No Defects,"Two-way, Divided, Unprotected (painted >4 feet) Median",Dry,Clear,Twelve o'clock,Passenger Car,Disabling,N,Moving Constant Speed,2015-03-21 16:22,31,39.0363863,-76.9059062,3,2,우회전 차선 사고,기타
2153,N,Apparently Normal,No Misuse,Y,No Injury,63f41d96-bc20-453c-8ba0-0c7e6d8976ac,D,DD5529000N,Shoulder/Lap Belt(s),F,e060acbb-d2f0-4393-ae5a-a992f5d990d1,Same Direction Rear End,N,Non Intersection,Acceleration Lane,Daylight,No Defects,"Two-way, Divided, Positive Median Barrier",Dry,Clear,Twelve o'clock,Van,Superficial,N,Slowing or Stopping,2015-03-02 12:48,49,39.08254,-77.15042167,1,3,좌회전 차선 사고,감속 중 사고
2154,N,Apparently Normal,No Misuse,N,No Injury,4e75c41f-31bc-4610-9720-708f7e89da79,D,DD5529000N,Shoulder/Lap Belt(s),M,34bcb443-891e-4aa1-83d8-7cef5bbd8139,Same Direction Rear End,N,Non Intersection,Acceleration Lane,Daylight,No Defects,"Two-way, Divided, Positive Median Barrier",Dry,Clear,Six o'clock,(Sport) Utility Vehicle,Superficial,N,Slowing or Stopping,2015-03-02 12:48,33,39.08254,-77.15042167,1,3,좌회전 차선 사고,감속 중 사고
2155,N,Apparently Normal,No Misuse,N,No Injury,bc0b2acc-cba4-4196-bb2b-5c5a268125a8,D,DD5538000H,Shoulder/Lap Belt(s),F,1b1fba81-960b-40d6-b06f-7ae94da4ca18,Same Direction Rear End,N,Non Intersection,Right Turn Lane,Daylight,No Defects,"Two-way, Divided, Unprotected (painted >4 feet) Median",Dry,Clear,Six o'clock,Pickup Truck,Functional,N,Slowing or Stopping,2015-01-13 13:15,34,39.10612,-77.15797667,2,1,기타,등속 주행 사고
2156,N,Apparently Normal,No Misuse,Y,No Injury,44d1be9f-7076-4dfa-b749-962d851fc252,D,DD5538000H,Shoulder/Lap Belt(s),F,50e0aba5-329c-4f01-9f24-0585c7c54231,Same Direction Rear End,N,Non Intersection,Right Turn Lane,Daylight,No Defects,"Two-way, Divided, Unprotected (painted >4 feet) Median",Dry,Clear,Twelve o'clock,Passenger Car,Disabling,N,Slowing or Stopping,2015-01-13 13:15,23,39.10612,-77.15797667,2,1,기타,등속 주행 사고
2157,N,Apparently Normal,No Misuse,N,No Injury,022857e4-133e-4fa8-8e1b-9adeae77f005,D,DD5538000M,None  ,F,9e1fe7f6-f840-43a6-9dfc-d255711f785b,Head On Left Turn,N,Intersection,Left Turn Lane,Dark Lights On,No Defects,"Two-way, Divided, Positive Median Barrier",Dry,Clear,Twelve o'clock,Van,Disabling,N,Moving Constant Speed,2015-03-02 19:47,56,39.06668667,-77.15309167,1,0,좌회전 차선 사고,등속 주행 중 측면 추돌 사고
2158,N,Apparently Normal,No Misuse,Y,No Injury,b643fc09-58e5-4f64-af4c-88c8ce2b99cf,D,DD5538000M,Shoulder/Lap Belt(s),M,66f69745-d3fa-4d5d-955d-c88082119f45,Head On Left Turn,N,Intersection,Left Turn Lane,Dark Lights On,No Defects,"Two-way, Divided, Positive Median Barrier",Dry,Clear,Twelve o'clock,Passenger Car,Disabling,N,Making Left Turn,2015-03-02 19:47,57,39.06668667,-77.15309167,1,1,좌회전 차선 사고,등속 주행 사고
2159,N,Apparently Normal,No Misuse,Y,No Injury,97c4b07b-85d0-453c-9be2-d449560f4c9b,D,DD55630004,Shoulder/Lap Belt(s),F,e40e507b-8165-4b8e-8f94-37be26afc3e6,Same Direction Sideswipe,N,Non Intersection,Right Turn Lane,Dark Lights On,No Defects,"Two-way, Divided, Positive Median Barrier",Wet,Clear,Eleven o'clock,(Sport) Utility Vehicle,Functional,N,Changing Lanes,2015-02-20 20:19,41,39.07604301,-77.13809967,4,0,빗길사고,등속 주행 중 사고
2160,N,Apparently Normal,No Misuse,N,No Injury,6a2ad44b-6bdd-4999-8319-3d87aa879ee4,D,DD55630004,Shoulder/Lap Belt(s),M,59a1cf04-0e41-43e8-b13c-05ee6038a575,Same Direction Sideswipe,N,Non Intersection,Right Turn Lane,Dark Lights On,No Defects,"Two-way, Divided, Positive Median Barrier",Wet,Clear,One o'clock,Police Vehicle/Non Emergency,Functional,N,Moving Constant Speed,2015-02-20 20:19,32,39.07604301,-77.13809967,4,2,빗길사고,동일 방향 운행 중 추돌 사고
2161,N,Apparently Normal,No Misuse,Y,No Injury,3f838cf8-8a5c-4440-8c3b-9d79237582bd,D,DD55670005,Shoulder/Lap Belt(s),F,b73dad16-0c66-4b63-bd81-5c39ff808925,Same Direction Rear End,N,Non Intersection,Right Turn Lane,Dark Lights On,No Defects,"Two-way, Divided, Positive Median Barrier",Wet,Snow,Twelve o'clock,"Other Light Trucks (10,000 lbs (4,536 kg))",Functional,N,Moving Constant Speed,2015-02-18 18:24,37,39.068115,-77.1292,4,2,빗길사고,동일 방향 운행 중 추돌 사고
2162,N,Apparently Normal,No Misuse,N,No Injury,8e05c675-fae9-492e-b00a-1d777b5335e0,D,DD55670005,Shoulder/Lap Belt(s),M,e443171c-405a-4711-93d6-7fd39e6701df,Same Direction Rear End,N,Non Intersection,Right Turn Lane,Dark Lights On,No Defects,"Two-way, Divided, Positive Median Barrier",Wet,Snow,Six o'clock,Passenger Car,Functional,N,Stopped in Traffic Lane,2015-02-18 18:24,33,39.068115,-77.1292,4,3,빗길사고,기타
2163,N,Apparently Normal,No Misuse,N,No Injury,f30f3405-d2aa-4928-950c-4cce5885c147,D,DD5586000K,Shoulder/Lap Belt(s),F,c1512abf-a362-486f-a285-899df1db57a3,Same Direction Sideswipe,N,Intersection Related,Left Turn Lane,Daylight,No Defects,"Two-way, Divided, Positive Median Barrier",Dry,Clear,One o'clock,Passenger Car,Disabling,N,Moving Constant Speed,2015-02-01 12:41,65,39.079105,-77.142225,1,0,좌회전 차선 사고,등속 주행 중 측면 추돌 사고
2164,N,Apparently Normal,No Misuse,N,No Injury,1870e841-4acd-4d36-bd69-aa5eeca7bde9,D,DD5586000K,Shoulder/Lap Belt(s),M,02bde711-e844-4401-b02c-89f9b731017d,Same Direction Sideswipe,N,Intersection Related,Left Turn Lane,Daylight,No Defects,"Two-way, Divided, Positive Median Barrier",Dry,Clear,Two o'clock,Passenger Car,Disabling,N,Moving Constant Speed,2015-02-01 12:41,61,39.079105,-77.142225,1,0,좌회전 차선 사고,등속 주행 중 측면 추돌 사고
2165,N,Apparently Normal,No Misuse,N,No Injury,6048885e-ca0e-45f3-b0df-b71b00007124,D,DD5593000W,Shoulder/Lap Belt(s),M,6cf7a0dc-797a-4b02-a0f4-2d1388320ae3,Same Direction Sideswipe,N,Non Intersection,Right Turn Lane,Daylight,No Defects,"Two-way, Not Divided",Wet,Raining,Eleven o'clock,(Sport) Utility Vehicle,Superficial,N,Stopped in Traffic Lane,2015-03-03 15:00,47,39.08735,-77.16116833,4,0,빗길사고,등속 주행 중 사고
2166,N,Apparently Normal,No Misuse,N,No Injury,c6acdbcf-2215-4b8b-8080-d81ad842f187,D,DD55950013,Shoulder/Lap Belt(s),F,6d0fe8fb-e1f9-47c6-b713-c646c46721d1,Same Direction Rear End,N,Intersection Related,Right Turn Lane,Daylight,No Defects,"Two-way, Not Divided",Dry,Clear,Six o'clock,Passenger Car,Superficial,N,Stopped in Traffic Lane,2015-03-23 7:35,47,39.07417731,-77.18828917,3,3,우회전 차선 사고,동일 방향 운행 중 추돌 사고
2167,N,Apparently Normal,No Misuse,Y,No Injury,54870cd3-2445-4039-9981-41aec75e23b4,D,DD55950013,Shoulder/Lap Belt(s),F,288d2bed-7275-4b48-8b96-9a758b2d06b8,Same Direction Rear End,N,Intersection Related,Right Turn Lane,Daylight,No Defects,"Two-way, Not Divided",Dry,Clear,Twelve o'clock,"Other Light Trucks (10,000 lbs (4,536 kg))",Functional,N,Stopped in Traffic Lane,2015-03-23 7:35,18,39.07417731,-77.18828917,3,3,우회전 차선 사고,동일 방향 운행 중 추돌 사고
2168,N,Apparently Normal,No Misuse,N,No Injury,11f3e516-809a-453f-ab70-a8fd0a636965,D,DD55950013,Shoulder/Lap Belt(s),M,7b77d3b3-3c10-415b-a587-310d73012597,Same Direction Rear End,N,Intersection Related,Right Turn Lane,Daylight,No Defects,"Two-way, Not Divided",Dry,Clear,Six o'clock,Passenger Car,Disabling,N,Stopped in Traffic Lane,2015-03-23 7:35,47,39.07417731,-77.18828917,3,3,우회전 차선 사고,동일 방향 운행 중 추돌 사고
2169,N,Apparently Normal,No Misuse,N,No Injury,0be60f95-3286-4de8-8649-2c301d2979f9,D,DD55950013,Shoulder/Lap Belt(s),M,3db8942f-1ded-45fa-ad8f-dbca5df59406,Same Direction Rear End,N,Intersection Related,Right Turn Lane,Daylight,No Defects,"Two-way, Not Divided",Dry,Clear,Six o'clock,Passenger Car,Superficial,N,Stopped in Traffic Lane,2015-03-23 7:35,38,39.07417731,-77.18828917,3,3,우회전 차선 사고,동일 방향 운행 중 추돌 사고
2170,N,Apparently Normal,No Misuse,N,No Injury,bb6907ab-2f6a-4cb2-a720-fc29ff9f98b2,D,DD5604000V,Shoulder/Lap Belt(s),F,402e7d0f-f39a-49c3-826d-6ca51348111e,Head On Left Turn,N,Intersection,Left Turn Lane,Dark Lights On,No Defects,"Two-way, Divided, Positive Median Barrier",Dry,Clear,One o'clock,Passenger Car,Functional,N,Making Left Turn,2015-02-05 6:38,47,39.05852667,-77.11878333,1,1,좌회전 차선 사고,등속 주행 사고
2171,N,Apparently Normal,No Misuse,Y,No Injury,bd307e4c-a483-4c76-842b-a920bcb6e6d8,D,DD5604000V,Shoulder/Lap Belt(s),M,a5695fb4-18f4-4f2f-a650-15fbd810f8cb,Head On Left Turn,N,Intersection,Left Turn Lane,Dark Lights On,No Defects,"Two-way, Divided, Positive Median Barrier",Dry,Clear,Twelve o'clock,Passenger Car,Functional,N,Moving Constant Speed,2015-02-05 6:38,58,39.05852667,-77.11878333,1,0,좌회전 차선 사고,등속 주행 중 측면 추돌 사고
2172,N,Apparently Normal,No Misuse,N,No Injury,9bb2d1fa-0642-4111-9ac2-3ccb1dfa0699,D,DD5604000W,Shoulder/Lap Belt(s),F,b65bc942-d740-4861-9f5c-3bfe70355717,Same Direction Rear End,N,Intersection,Left Turn Lane,Daylight,No Defects,"Two-way, Divided, Positive Median Barrier",Dry,Clear,Six o'clock,Passenger Car,Functional,N,Stopped in Traffic Lane,2015-02-11 15:51,73,39.08461667,-77.14741333,1,2,좌회전 차선 사고,기타
2173,N,Apparently Normal,No Misuse,N,No Injury,f1da5ef6-9288-43c9-8816-ce52c84e3f99,D,DD5604000W,Shoulder/Lap Belt(s),F,c9106d23-b790-4e7d-be3a-4f2f95d8355d,Same Direction Rear End,N,Intersection,Left Turn Lane,Daylight,No Defects,"Two-way, Divided, Positive Median Barrier",Dry,Clear,Twelve o'clock,Passenger Car,Disabling,N,Stopped in Traffic Lane,2015-02-11 15:51,24,39.08461667,-77.14741333,1,2,좌회전 차선 사고,기타
2174,N,Apparently Normal,No Misuse,Y,No Injury,7f7dd0bd-aa84-4576-8230-042f956b35e4,D,DD5604000W,Shoulder/Lap Belt(s),M,6b36d2b5-bc2a-4683-bc5d-de8f5b9f61ef,Same Direction Rear End,N,Intersection,Left Turn Lane,Daylight,No Defects,"Two-way, Divided, Positive Median Barrier",Dry,Clear,Twelve o'clock,Passenger Car,Functional,N,Slowing or Stopping,2015-02-11 15:51,76,39.08461667,-77.14741333,1,3,좌회전 차선 사고,감속 중 사고