KEY_INDEX,CDL_FLAG,CONDITION_CODE,EQUIP_PROB_CODE,FAULT_FLAG,INJ_SEVER_CODE,PERSON_ID,PERSON_TYPE,REPORT_NO,SAF_EQUIP_CODE,SEX_CODE,VEHICLE_ID,COLLISION_TYPE_CODE,C_M_ZONE_FLAG,JUNCTION_CODE,LANE_CODE,LIGHT_CODE,RD_COND_CODE,RD_DIV_CODE,SURF_COND_CODE,WEATHER_CODE,AREA_DAMAGED_CODE_MAIN,BODY_TYPE_CODE,DAMAGE_CODE,HIT_AND_RUN_FLAG,MOVEMENT_CODE,TIME,AGE,LATITUDE,LONGITUDE,CLUSTER,SECOND_LABEL,FIRST_LABEL,SECOND_LABELING
2228,N,Apparently Normal,No Misuse,N,No Injury,43c8d46b-13ad-46e0-941e-66fad752a0e9,D,DE3115000L,Shoulder/Lap Belt(s),M,4f942687-4e3c-4911-a358-dfbcb4288f9d,Same Direction Sideswipe,N,Intersection Related,Right Turn Lane,Dark Lights On,No Defects,"Two-way, Divided, Positive Median Barrier",Dry,Clear,Six o'clock,(Sport) Utility Vehicle,Superficial,N,Stopped in Traffic Lane,2015-02-14 19:38,51,38.40985207,-75.56784868,3,1,우회전 차선 사고,등속 주행 중 측면 추돌 사고
2229,N,Apparently Normal,No Misuse,N,No Injury,bf5d425c-bf62-4540-bbb6-17df9bf0d54b,D,DE3115000L,Shoulder/Lap Belt(s),M,80d6141d-52cd-43e6-9bea-52228481f342,Same Direction Sideswipe,N,Intersection Related,Right Turn Lane,Dark Lights On,No Defects,"Two-way, Divided, Positive Median Barrier",Dry,Clear,Six o'clock,Passenger Car,Disabling,N,Stopped in Traffic Lane,2015-02-14 19:38,21,38.40985207,-75.56784868,3,1,우회전 차선 사고,등속 주행 중 측면 추돌 사고
2230,N,Apparently Normal,No Misuse,Y,No Injury,7046c00c-0c01-4d03-8a36-651cf9d5651e,D,DE3160000R,Shoulder/Lap Belt(s),F,e6241eb5-4be4-420f-a3b9-bfaf804c83e1,Same Direction Rear End,N,Intersection,Right Turn Lane,Daylight,No Defects,"Two-way, Not Divided",Dry,Clear,Twelve o'clock,Passenger Car,Superficial,N,Right Turn on Red,2015-01-02 7:36,49,38.36583658,-75.59552908,3,3,우회전 차선 사고,동일 방향 운행 중 추돌 사고
2231,N,Apparently Normal,No Misuse,Y,No Injury,3fa1c5de-0837-4b87-8c7f-6aa1bffd8cda,D,DE3160000T,Shoulder/Lap Belt(s),F,61e73e31-8a7e-4b19-a81a-2eeb1548bb50,Same Direction Rear End,N,Intersection,Left Turn Lane,Daylight,No Defects,"Two-way, Not Divided",Dry,Clear,Twelve o'clock,Van,Superficial,N,Slowing or Stopping,2015-01-27 13:57,26,38.34860657,-75.60206831,1,3,좌회전 차선 사고,감속 중 사고
2232,N,Apparently Normal,No Misuse,N,Possible Incapacitating Injury,b876f4d0-5196-437f-a79a-8fe22fa35a07,D,DE3160000T,Shoulder/Lap Belt(s),F,65ea1a63-684e-4403-b6fa-bafceb8c61a6,Same Direction Rear End,N,Intersection,Left Turn Lane,Daylight,No Defects,"Two-way, Not Divided",Dry,Clear,Six o'clock,Passenger Car,Superficial,N,Slowing or Stopping,2015-01-27 13:57,25,38.34860657,-75.60206831,1,3,좌회전 차선 사고,감속 중 사고
2233,N,Apparently Normal,No Misuse,N,No Injury,d89e065d-e0a2-45da-ac1d-777b06064770,D,DE3160000V,Shoulder/Lap Belt(s),F,b003e0bb-89f8-4f74-922e-fa228e7333c3,Single Vehicle ,N,Non Intersection,Right Turn Lane,Dark Lights On,No Defects,"Two-way, Not Divided",Wet,Raining,Twelve o'clock,Passenger Car,No Damage,N,Moving Constant Speed,2015-02-10 1:52,24,38.36920134,-75.60945913,4,2,빗길사고,동일 방향 운행 중 추돌 사고
2234,N,Apparently Normal,No Misuse,N,No Injury,09e9b517-ac41-4a1c-810c-c9eae411fd24,D,DE31770009,Shoulder/Lap Belt(s),F,671d3619-f9c4-487e-b763-868009322e55,Same Direction Sideswipe,N,Intersection Related,Right Turn Lane,Daylight,No Defects,"Two-way, Not Divided",Dry,Clear,Six o'clock,Passenger Car,Superficial,N,Stopped in Traffic Lane,2015-02-24 12:37,81,38.36769773,-75.61762378,3,1,우회전 차선 사고,등속 주행 중 측면 추돌 사고
2235,N,Apparently Normal,No Misuse,Y,No Injury,7ccc4b5e-9f9d-41da-817c-c9254fc7b099,D,DE31770009,Shoulder/Lap Belt(s),M,95a4d9c2-b412-4fd0-9b8a-f10f3b7b68f2,Same Direction Sideswipe,N,Intersection Related,Right Turn Lane,Daylight,No Defects,"Two-way, Not Divided",Dry,Clear,Twelve o'clock,Pickup Truck,Superficial,N,Slowing or Stopping,2015-02-24 12:37,73,38.36769773,-75.61762378,3,1,우회전 차선 사고,등속 주행 중 측면 추돌 사고
2236,N,Apparently Normal,No Misuse,N,No Injury,634dfdb5-5ea8-41f1-b5f5-788335078529,D,DE41270005,Shoulder/Lap Belt(s),F,dd60e525-ce81-4553-9dbb-d84e2678151d,Same Movement Angle,N,Intersection,Right Turn Lane,Daylight,No Defects,"Two-way, Not Divided",Dry,Clear,Four o'clock,Passenger Car,Functional,N,Moving Constant Speed,2015-02-11 12:41,31,38.3630353,-75.59487462,3,0,우회전 차선 사고,기타
2237,N,Apparently Normal,No Misuse,Y,No Injury,30c238f3-2d63-4d7c-99e7-a86e203e0547,D,DE41270005,Shoulder/Lap Belt(s),F,123f9bc1-c6ad-4630-a197-a3c94c2177c1,Same Movement Angle,N,Intersection,Right Turn Lane,Daylight,No Defects,"Two-way, Not Divided",Dry,Clear,Twelve o'clock,Passenger Car,Disabling,N,Starting From Lane,2015-02-11 12:41,22,38.3630353,-75.59487462,3,0,우회전 차선 사고,기타
2238,N,Apparently Normal,No Misuse,Y,No Injury,c030cf00-8099-4227-9502-1444e7fc019d,D,DE41270005,Shoulder/Lap Belt(s),M,a8c1f2d6-a364-4e87-85af-c9cc27369833,Same Movement Angle,N,Intersection,Right Turn Lane,Daylight,No Defects,"Two-way, Not Divided",Dry,Clear,Twelve o'clock,Passenger Car,Superficial,N,Starting From Lane,2015-02-11 12:41,20,38.3630353,-75.59487462,3,0,우회전 차선 사고,기타
2239,N,Apparently Normal,No Misuse,N,No Injury,4f200893-e248-4a29-8668-8ebb5b4ce793,D,DE41270007,Shoulder/Lap Belt(s),F,13934e81-2f8f-42cf-be21-3d6548476de8,Same Movement Angle,N,Intersection,Acceleration Lane,Dark Lights On,No Defects,"Two-way, Divided, Unprotected (painted >4 feet) Median",Wet,Raining,Seven o'clock,Passenger Car,Disabling,N,Making Left Turn,2015-02-21 20:53,32,38.41598469,-75.56607306,4,1,빗길사고,자차 사고
2240,N,Apparently Normal,No Misuse,Y,No Injury,5820d48f-2d1c-4ac5-835a-726837b56abb,D,DE41270007,Shoulder/Lap Belt(s),M,ec576917-460e-42ea-a41b-4c4ffc7d6b41,Same Movement Angle,N,Intersection,Acceleration Lane,Dark Lights On,No Defects,"Two-way, Divided, Unprotected (painted >4 feet) Median",Wet,Raining,Twelve o'clock,Pickup Truck,Functional,N,Moving Constant Speed,2015-02-21 20:53,19,38.41598469,-75.56607306,4,1,빗길사고,자차 사고
2241,N,Apparently Normal,No Misuse,N,No Injury,c96b50c5-9af0-4965-9fee-05c5a0328d6a,D,DE4147000R,Shoulder/Lap Belt(s),F,5000c81c-354a-4ac7-b86b-34793785c988,Head On,N,Intersection,Left Turn Lane,Dark Lights On,No Defects,"Two-way, Divided, Positive Median Barrier",Dry,Clear,Eleven o'clock,Passenger Car,Functional,N,Moving Constant Speed,2015-03-06 23:13,66,38.37332295,-75.61645031,1,0,좌회전 차선 사고,등속 주행 중 측면 추돌 사고
2242,Y,Apparently Normal,No Misuse,Y,No Injury,d70cfa44-e7c8-4066-844a-c2973167fa36,D,DE4147000R,Shoulder/Lap Belt(s),M,68347f85-5f5b-492a-89d6-1b3a1841b229,Head On,N,Intersection,Left Turn Lane,Dark Lights On,No Defects,"Two-way, Divided, Positive Median Barrier",Dry,Clear,Eleven o'clock,Passenger Car,Functional,N,Moving Constant Speed,2015-03-06 23:13,27,38.37332295,-75.61645031,1,0,좌회전 차선 사고,등속 주행 중 측면 추돌 사고
2243,N,Apparently Normal,No Misuse,Y,No Injury,846f5b1c-4399-457a-981d-bb80a4c98a57,D,DE4147000T,Shoulder/Lap Belt(s),F,b77d8dd9-b263-4d38-9c1a-68bd7acfdc96,Angle Meets Left Turn,N,Intersection,Acceleration Lane,Daylight,No Defects,"Two-way, Divided, Positive Median Barrier",Dry,Clear,One o'clock,(Sport) Utility Vehicle,Functional,N,Making Left Turn,2015-03-21 14:09,31,38.41234469,-75.56747854,1,1,좌회전 차선 사고,등속 주행 사고
2244,N,Apparently Normal,No Misuse,N,No Injury,766b014d-f54b-4ed8-a710-41c4a8eb3e1c,D,DE4197000H,Shoulder/Lap Belt(s),F,8df7e5ab-beee-4068-ae27-63f8cd5ee1d8,Same Direction Left Turn,N,Intersection Related,Right Turn Lane,Daylight,No Defects,"Two-way, Not Divided",Dry,Clear,Two o'clock,(Sport) Utility Vehicle,Functional,N,Accelerating,2015-02-28 14:24,53,38.36719933,-75.59552908,3,1,우회전 차선 사고,등속 주행 중 측면 추돌 사고
2245,N,Apparently Normal,No Misuse,Y,No Injury,49bcb23a-1233-4a26-a766-b48111ae06c0,D,DE4197000H,Shoulder/Lap Belt(s),F,099b8841-e5b5-481c-aeef-abe531f6277d,Same Direction Left Turn,N,Intersection Related,Right Turn Lane,Daylight,No Defects,"Two-way, Not Divided",Dry,Clear,Ten o'clock,Passenger Car,Functional,N,Changing Lanes,2015-02-28 14:24,26,38.36719933,-75.59552908,3,1,우회전 차선 사고,등속 주행 중 측면 추돌 사고
2246,N,Apparently Normal,No Misuse,N,No Injury,ba58f111-1f64-4df4-86af-e14d0e588414,D,DE5121000Q,Shoulder/Lap Belt(s),F,57b1e153-e485-4d90-bef0-e28e11b662c7,Same Direction Rear End,N,Intersection Related,Right Turn Lane,Daylight,No Defects,"Two-way, Not Divided",Dry,Clear,Six o'clock,(Sport) Utility Vehicle,Superficial,N,Stopped in Traffic Lane,2015-01-11 16:05,39,38.40966712,-75.57076693,3,3,우회전 차선 사고,동일 방향 운행 중 추돌 사고
2247,N,Apparently Normal,No Misuse,N,No Injury,26c7645d-d75e-4de9-a234-13fb3170e853,D,DE5121000S,Shoulder/Lap Belt(s),F,97731824-bae5-4855-b3b9-95776e56a568,Same Direction Rear End,N,Intersection Related,Right Turn Lane,Dark Lights On,No Defects,"Two-way, Not Divided",Wet,Clear,Six o'clock,Passenger Car,Functional,N,Accelerating,2015-01-24 19:44,46,38.35298176,-75.5975461,4,3,빗길사고,기타
2248,N,Apparently Normal,No Misuse,Y,No Injury,5b9bf36b-6cb6-428c-88d7-a6feb7177413,D,DE5121000S,Shoulder/Lap Belt(s),M,db14bb1b-b48a-4d90-8f1f-ed1c57120cf9,Same Direction Rear End,N,Intersection Related,Right Turn Lane,Dark Lights On,No Defects,"Two-way, Not Divided",Wet,Clear,Twelve o'clock,(Sport) Utility Vehicle,Functional,Y,Moving Constant Speed,2015-01-24 19:44,22,38.35298176,-75.5975461,4,2,빗길사고,동일 방향 운행 중 추돌 사고
2249,N,Apparently Normal,No Misuse,N,No Injury,8fc63275-755e-4b0c-94ee-b1fe6e14972a,D,DE5121000T,Shoulder/Lap Belt(s),F,a59c0f1c-3cd4-4498-8c38-0779bb67fbca,Single Vehicle ,N,Non Intersection,Right Turn Lane,Daylight,No Defects,"Two-way, Not Divided",Dry,Clear,Four o'clock,Passenger Car,Superficial,N,Slowing or Stopping,2015-02-07 12:28,56,38.36939481,-75.5923748,2,1,기타,등속 주행 사고
2250,N,Apparently Normal,No Misuse,Y,No Injury,2265d545-c2cb-4fe3-afed-45fb511ed507,D,DE5121000X,Shoulder/Lap Belt(s),F,7fa5f901-85de-4bfa-853b-6e2565b6ccd5,Same Movement Angle,N,Intersection Related,Right Turn Lane,Dark Lights On,No Defects,"Two-way, Divided, Positive Median Barrier",Wet,Clear,Twelve o'clock,Van,Functional,N,Slowing or Stopping,2015-02-20 17:51,62,38.36617306,-75.54772139,4,1,빗길사고,자차 사고
2251,N,Apparently Normal,No Misuse,N,Non-incapacitating Injury,fa8879fd-2f29-4d37-9980-55ec699f2d85,D,DE5121000X,Shoulder/Lap Belt(s),M,e7eef4cb-0192-4a4c-9faa-48e750554ca6,Same Movement Angle,N,Intersection Related,Right Turn Lane,Dark Lights On,No Defects,"Two-way, Divided, Positive Median Barrier",Wet,Clear,Two o'clock,Passenger Car,Disabling,N,Making Left Turn,2015-02-20 17:51,61,38.36617306,-75.54772139,4,1,빗길사고,자차 사고
2252,N,Apparently Normal,No Misuse,N,No Injury,16037365-7b38-4db8-b533-ae81ec7b8e94,D,DE5121000Z,Shoulder/Lap Belt(s),F,d1f6eae1-8701-4138-87c1-c8523ae3bcce,Same Movement Angle,N,Intersection Related,Right Turn Lane,Daylight,No Defects,"Two-way, Not Divided",Wet,Cloudy,One o'clock,Pickup Truck,Disabling,N,Accelerating,2015-03-02 8:16,67,38.35359595,-75.60102761,4,1,빗길사고,자차 사고
2253,N,Apparently Normal,No Misuse,Y,No Injury,35ebbf91-5c97-49db-9d8e-b693ab8d0f48,D,DM83780005,Shoulder/Lap Belt(s),F,d50db3ed-251d-456e-b99f-08bce6536336,Same Movement Angle,N,Intersection,Right Turn Lane,Daylight,No Defects,"Two-way, Not Divided",Wet,Raining,Two o'clock,"Cargo Van/Light Truck 2 axles (10,000 lbs (4,536 kg) or less)",Superficial,N,Accelerating,2015-03-26 9:18,32,38.98212667,-77.00316833,4,1,빗길사고,자차 사고
2254,N,Apparently Normal,No Misuse,Y,No Injury,756f453c-f9af-4c40-83fe-6054b65a49c4,D,DM8388000F,Shoulder/Lap Belt(s),F,19c5169e-e04f-483f-82d9-191dd4c85cf9,Same Direction Sideswipe,N,Intersection,Right Turn Lane,Daylight,No Defects,"Two-way, Not Divided",Wet,Raining,Two o'clock,Van,Superficial,N,Passing,2015-01-18 12:39,60,38.97495779,-77.01164961,4,0,빗길사고,등속 주행 중 사고
2255,N,Apparently Normal,No Misuse,Y,No Injury,6613c0d1-d0a3-4b11-a0c6-6de3e5bdb477,D,DM8437000D,Shoulder/Lap Belt(s),F,2cc0f14a-2454-47bc-8f1a-571df991a3fb,Single Vehicle ,N,Non Intersection,Right Turn Lane,Dark Lights On,No Defects,"Two-way, Not Divided",Wet,Raining,Twelve o'clock,Passenger Car,Disabling,N,Moving Constant Speed,2015-03-30 5:00,27,38.982025,-77.02108667,4,2,빗길사고,동일 방향 운행 중 추돌 사고
2256,N,Apparently Normal,No Misuse,N,No Injury,e7e9a51c-119e-4fbf-9943-810bb00fcdec,D,DM8447000D,Shoulder/Lap Belt(s),F,8e2dda91-e50a-48e8-a9fe-d2dd316d376f,Same Direction Rear End,N,Intersection Related,Acceleration Lane,Dawn,No Defects,"Two-way, Divided, Unprotected (painted >4 feet) Median",Wet,Clear,Six o'clock,Passenger Car,Superficial,N,Slowing or Stopping,2015-02-10 6:27,37,38.981349,-76.988765,4,3,빗길사고,기타
2257,N,Apparently Normal,No Misuse,N,No Injury,f2d094a8-f452-426c-94cf-769db65c4a62,D,DP02390004,Shoulder/Lap Belt(s),F,4f3874bf-1e2d-4cc0-a7cc-d69f51f6e6b4,Same Movement Angle,N,Intersection,Right Turn Lane,Daylight,No Defects,"Two-way, Not Divided",Wet,Raining,Four o'clock,Passenger Car,Functional,N,Moving Constant Speed,2015-03-14 16:30,38,39.62453216,-77.42101908,4,1,빗길사고,자차 사고
2258,N,Apparently Normal,No Misuse,N,No Injury,15a85e35-a299-43b5-86c1-85034bb93c32,D,DS0330000B,Shoulder/Lap Belt(s),F,0b9eb91e-27fc-4814-b95b-3e29126ff736,Opposite Direction Sideswipe,N,Intersection,Right Turn Lane,Daylight,No Defects,"Two-way, Not Divided",Dry,Clear,Eleven o'clock,Passenger Car,Superficial,N,Slowing or Stopping,2015-03-24 15:35,26,38.9935533,-76.93997294,3,1,우회전 차선 사고,등속 주행 중 측면 추돌 사고
2259,N,Apparently Normal,No Misuse,Y,No Injury,0699dfd6-c08d-4aa0-9493-55dac558a460,D,DS0330000B,Shoulder/Lap Belt(s),M,a254b94a-2e8c-4bba-bcb4-af6705640ff3,Opposite Direction Sideswipe,N,Intersection,Right Turn Lane,Daylight,No Defects,"Two-way, Not Divided",Dry,Clear,Nine o'clock,Transit Bus,Superficial,N,Making Left Turn,2015-03-24 15:35,27,38.9935533,-76.93997294,3,1,우회전 차선 사고,등속 주행 중 측면 추돌 사고
2260,N,Apparently Normal,No Misuse,N,No Injury,bebcd133-6aa4-4e3c-84c2-fef42b82d42a,D,DV01050004,Shoulder/Lap Belt(s),F,3cd861ea-a17a-4b88-b3b5-39889ea86ee1,Same Direction Rear End,N,Intersection,Right Turn Lane,Daylight,No Defects,"Two-way, Not Divided",Wet,Clear,Six o'clock,Passenger Car,Functional,N,Stopped in Traffic Lane,2015-01-22 15:38,26,39.60276194,-76.99856043,3,3,우회전 차선 사고,동일 방향 운행 중 추돌 사고
2261,N,Apparently Normal,No Misuse,N,No Injury,a18d61ec-79ab-4a33-83f0-cd9274776961,D,DV01050004,Shoulder/Lap Belt(s),M,07bc3c02-d7d8-447b-967b-557d799e0cff,Same Direction Rear End,N,Intersection,Right Turn Lane,Daylight,No Defects,"Two-way, Not Divided",Wet,Clear,Six o'clock,(Sport) Utility Vehicle,Disabling,N,Stopped in Traffic Lane,2015-01-22 15:38,58,39.60276194,-76.99856043,3,3,우회전 차선 사고,동일 방향 운행 중 추돌 사고
2262,N,Apparently Normal,No Misuse,Y,No Injury,759bc2c0-131c-4cb9-a66c-910e7aae23d6,D,DV01050004,Shoulder/Lap Belt(s),M,18f69c7b-11dc-4a7c-8ee5-37b0b360c5a3,Same Direction Rear End,N,Intersection,Right Turn Lane,Daylight,No Defects,"Two-way, Not Divided",Wet,Clear,Twelve o'clock,Pickup Truck,Functional,N,Slowing or Stopping,2015-01-22 15:38,69,39.60276194,-76.99856043,3,3,우회전 차선 사고,동일 방향 운행 중 추돌 사고
2263,N,Apparently Normal,No Misuse,Y,No Injury,c09f8b8a-59a4-4f4f-8824-43402db0d2fe,D,DV01250007,Shoulder/Lap Belt(s),F,cb46fca1-0971-4030-9272-eb71ecaa6ffd,Same Direction Rear End,N,Non Intersection,Acceleration Lane,Daylight,No Defects,"Two-way, Divided, Positive Median Barrier",Wet,Cloudy,Twelve o'clock,Passenger Car,Functional,N,Slowing or Stopping,2015-03-26 12:30,71,39.5739228,-76.98448956,4,3,빗길사고,기타
2264,N,Apparently Normal,No Misuse,N,Non-incapacitating Injury,86cdc3c3-dd18-4fbc-8986-2660b8575419,D,DV01250007,Shoulder/Lap Belt(s),F,12525682-6711-42f2-a8bd-49a48bde3e33,Same Direction Rear End,N,Non Intersection,Acceleration Lane,Daylight,No Defects,"Two-way, Divided, Positive Median Barrier",Wet,Cloudy,Six o'clock,Passenger Car,Functional,N,Slowing or Stopping,2015-03-26 12:30,54,39.5739228,-76.98448956,4,3,빗길사고,기타
2265,Y,Apparently Normal,No Misuse,N,Non-incapacitating Injury,32dfede9-4f1d-4dfb-8e46-f26851fb6043,D,DV01250007,Shoulder/Lap Belt(s),M,f110a06b-d7e0-4c96-832e-b9f438608753,Same Direction Rear End,N,Non Intersection,Acceleration Lane,Daylight,No Defects,"Two-way, Divided, Positive Median Barrier",Wet,Cloudy,Twelve o'clock,Passenger Car,Functional,N,Slowing or Stopping,2015-03-26 12:30,43,39.5739228,-76.98448956,4,3,빗길사고,기타
2266,N,Apparently Normal,No Misuse,Y,No Injury,f6e35144-73b0-4717-beb5-a971482db70b,D,DV01270006,Shoulder/Lap Belt(s),M,e0a9cca6-8e92-438f-9d5e-62e7ca8c966a,Same Movement Angle,N,Intersection Related,Acceleration Lane,Daylight,No Defects,"Two-way, Divided, Positive Median Barrier",Dry,Cloudy,Twelve o'clock,Passenger Car,Functional,N,Moving Constant Speed,2015-01-07 13:40,37,39.56444391,-76.97426096,1,0,좌회전 차선 사고,등속 주행 중 측면 추돌 사고
2267,N,Apparently Normal,No Misuse,N,No Injury,f387a0b0-b681-4a5f-8aff-0eff3641ab1d,D,EA99350001,Shoulder/Lap Belt(s),M,f44dc77d-b7f3-419c-82e3-3c85155741b0,Same Direction Both Left Turn,N,Non Intersection,Right Turn Lane,Dark Lights On,No Defects,One-way Trafficway,Dry,Cloudy,One o'clock,"Other Light Trucks (10,000 lbs (4,536 kg))",Superficial,N,Moving Constant Speed,2015-02-28 22:37,55,38.96791362,-77.07688361,2,2,기타,기타
2268,N,Apparently Normal,No Misuse,N,No Injury,b708f969-512a-44bf-b44b-e1ecee73b0fa,D,EA99430002,Shoulder/Lap Belt(s),F,62fb6b55-9896-4061-9e11-c99709d5d45f,Same Movement Angle,N,Intersection,Right Turn Lane,Dark Lights On,No Defects,"Two-way, Not Divided",Dry,Clear,Ten o'clock,Passenger Car,Functional,N,Moving Constant Speed,2015-03-21 20:09,57,38.97290592,-77.07416654,3,0,우회전 차선 사고,기타
2269,N,Apparently Normal,No Misuse,Y,No Injury,a015a8d2-1595-4628-a10e-d6fed4c8d16a,D,EA99430002,Shoulder/Lap Belt(s),M,aae4186d-9751-4f34-bcd2-a9f0f75ddac2,Same Movement Angle,N,Intersection,Right Turn Lane,Dark Lights On,No Defects,"Two-way, Not Divided",Dry,Clear,Twelve o'clock,Passenger Car,Functional,N,Moving Constant Speed,2015-03-21 20:09,19,38.97290592,-77.07416654,3,0,우회전 차선 사고,기타
2270,N,Apparently Normal,No Misuse,N,No Injury,5d2d74ee-8982-42c4-99af-67b20c2a7a28,D,EA99430003,Shoulder/Lap Belt(s),F,1328f115-9123-46cd-80e7-0935e6cbfe21,Same Direction Sideswipe,N,Intersection Related,Acceleration Lane,Daylight,No Defects,One-way Trafficway,Dry,Cloudy,Three o'clock,Passenger Car,Functional,N,Moving Constant Speed,2015-03-31 18:40,53,38.96792404,-77.07679778,1,0,좌회전 차선 사고,등속 주행 중 측면 추돌 사고
2271,N,Apparently Normal,No Misuse,Y,No Injury,f4e47ef2-47e3-417d-bdd0-36aaf2c00cdc,D,EA99430003,Shoulder/Lap Belt(s),F,8d548d7e-89e6-4ee5-aff6-e8a5a910d820,Same Direction Sideswipe,N,Intersection Related,Acceleration Lane,Daylight,No Defects,One-way Trafficway,Dry,Cloudy,Eleven o'clock,Passenger Car,Functional,N,Moving Constant Speed,2015-03-31 18:40,17,38.96792404,-77.07679778,1,0,좌회전 차선 사고,등속 주행 중 측면 추돌 사고
2272,N,Apparently Normal,No Misuse,Y,No Injury,6bc988f6-69d4-4933-92c8-e36eaa4c0bc8,D,EA99460003,Shoulder/Lap Belt(s),F,65a91558-f2b3-41c9-9bae-a59c06ef06d6,Same Movement Angle,N,Intersection,Right Turn Lane,Dark Lights On,No Defects,"Two-way, Not Divided",Wet,Raining,Twelve o'clock,(Sport) Utility Vehicle,Superficial,N,Starting From Lane,2015-03-11 7:15,68,38.97477429,-77.07297564,4,1,빗길사고,자차 사고
2273,N,Apparently Normal,No Misuse,N,No Injury,f4943883-e437-4828-a52c-02961ca738db,D,EA99460003,Shoulder/Lap Belt(s),M,58fcb3ee-ef32-4b41-8c84-a91bc8060352,Same Movement Angle,N,Intersection,Right Turn Lane,Dark Lights On,No Defects,"Two-way, Not Divided",Wet,Raining,Four o'clock,Passenger Car,Functional,N,Accelerating,2015-03-11 7:15,71,38.97477429,-77.07297564,4,1,빗길사고,자차 사고
2274,N,Apparently Normal,No Misuse,Y,No Injury,c27c5d1a-b883-4e52-96b2-038ae556a6d3,D,ED00210003,Shoulder/Lap Belt(s),F,9282b3dc-a69b-43c3-bdf0-fe44cd49741b,Single Vehicle ,N,Intersection Related,Right Turn Lane,Daylight,No Defects,"Two-way, Not Divided",Ice,Wintry Mix,Twelve o'clock,Pickup Truck,Disabling,N,Moving Constant Speed,2015-01-03 11:15,21,39.57387319,-76.88665867,0,0,눈길사고,감속 중 사고
2275,N,Apparently Normal,No Misuse,N,No Injury,afd134d8-029e-4753-808f-691a3f845daf,D,EJ7747000Q,Shoulder/Lap Belt(s),F,e8ab50cc-ae31-4aba-965b-5ff5a72f94a9,Same Movement Angle,N,Intersection,Right Turn Lane,Daylight,No Defects,"Two-way, Not Divided",Dry,Cloudy,Twelve o'clock,(Sport) Utility Vehicle,Disabling,N,Starting From Lane,2015-02-01 10:51,17,39.14261333,-77.221045,3,0,우회전 차선 사고,기타
2276,N,Apparently Normal,No Misuse,Y,Possible Incapacitating Injury,71cc0647-3fe6-415e-ae22-39d188039058,D,EJ7747000Q,Shoulder/Lap Belt(s),M,590a5d00-9f6b-4cce-9582-f04409210bb3,Same Movement Angle,N,Intersection,Right Turn Lane,Daylight,No Defects,"Two-way, Not Divided",Dry,Cloudy,Nine o'clock,Pickup Truck,Functional,N,Accelerating,2015-02-01 10:51,37,39.14261333,-77.221045,3,0,우회전 차선 사고,기타
2277,N,Apparently Normal,No Misuse,N,No Injury,466426fc-649d-48b2-aab1-295c3e2af2a0,D,EJ7747000Y,Shoulder/Lap Belt(s),F,1a935db1-cdec-4c9a-b15a-fcc029ef5cdc,Same Direction Rear End,N,Intersection,Left Turn Lane,Daylight,No Defects,"Two-way, Not Divided",Dry,Clear,Six o'clock,Passenger Car,Superficial,N,Stopped in Traffic Lane,2015-03-19 16:39,55,39.14702833,-77.20530667,1,2,좌회전 차선 사고,기타
2278,N,Apparently Normal,No Misuse,N,No Injury,04844383-d14d-42f4-b825-1c83d5dc6077,D,EJ77800004,Shoulder/Lap Belt(s),F,21de868b-e4ef-4a4c-9790-f968e5ad43f7,Same Direction Rear End,N,Intersection Related,Right Turn Lane,Dark Lights On,No Defects,"Two-way, Divided, Positive Median Barrier",Wet,Clear,Six o'clock,Passenger Car,Functional,N,Stopped in Traffic Lane,2015-02-26 18:36,52,39.128462,-77.237577,4,3,빗길사고,기타
2279,N,Apparently Normal,No Misuse,Y,No Injury,c09ebb73-88f7-4162-9feb-78f58fcb63b4,D,EJ77800004,Shoulder/Lap Belt(s),M,b0f0b28e-029e-451b-b388-4cf8b91f399a,Same Direction Rear End,N,Intersection Related,Right Turn Lane,Dark Lights On,No Defects,"Two-way, Divided, Positive Median Barrier",Wet,Clear,Twelve o'clock,Pickup Truck,Disabling,N,Slowing or Stopping,2015-02-26 18:36,31,39.128462,-77.237577,4,3,빗길사고,기타
2280,N,Apparently Normal,No Misuse,N,No Injury,455f24b4-ba2d-48ea-a143-d6f3e7efa905,D,EJ7801000D,Shoulder/Lap Belt(s),F,afeb52ef-1857-42c0-83f6-076716b91d43,Same Direction Rear End,N,Non Intersection,Right Turn Lane,Daylight,No Defects,One-way Trafficway,Dry,Clear,Six o'clock,Passenger Car,Functional,N,Slowing or Stopping,2015-01-17 14:08,24,39.13795,-77.20541167,2,1,기타,등속 주행 사고
2281,N,Apparently Normal,No Misuse,N,No Injury,54978d4d-db6b-4ac3-9145-6d0f205ac2b1,D,EJ78290015,Shoulder/Lap Belt(s),F,111ae7e6-e2ba-46c3-97b2-bd733c52e1b9,Angle Meets Left Turn,N,Intersection,Right Turn Lane,Daylight,No Defects,"Two-way, Not Divided",Dry,Clear,Seven o'clock,Passenger Car,Superficial,N,Moving Constant Speed,2015-03-30 17:30,69,39.16439,-77.2271,3,2,우회전 차선 사고,기타
2282,N,Apparently Normal,No Misuse,N,No Injury,caf95d56-b542-4a96-ae45-ed88d38b66ba,D,EJ78290016,Shoulder/Lap Belt(s),F,44de46d6-07e7-471a-a6b3-4a154bd2eee8,Same Movement Angle,N,Intersection,Right Turn Lane,Daylight,No Defects,"Two-way, Not Divided",Dry,Cloudy,One o'clock,Passenger Car,Disabling,N,Moving Constant Speed,2015-03-31 18:10,23,39.149885,-77.18971,3,0,우회전 차선 사고,기타