KEY_INDEX,CDL_FLAG,CONDITION_CODE,EQUIP_PROB_CODE,FAULT_FLAG,INJ_SEVER_CODE,PERSON_ID,PERSON_TYPE,REPORT_NO,SAF_EQUIP_CODE,SEX_CODE,VEHICLE_ID,COLLISION_TYPE_CODE,C_M_ZONE_FLAG,JUNCTION_CODE,LANE_CODE,LIGHT_CODE,RD_COND_CODE,RD_DIV_CODE,SURF_COND_CODE,WEATHER_CODE,AREA_DAMAGED_CODE_MAIN,BODY_TYPE_CODE,DAMAGE_CODE,HIT_AND_RUN_FLAG,MOVEMENT_CODE,TIME,AGE,LATITUDE,LONGITUDE,CLUSTER,SECOND_LABEL,FIRST_LABEL,SECOND_LABELING
2336,N,Apparently Normal,No Misuse,Y,No Injury,4e73bd37-bf85-41ee-bf2b-47f366bdc107,D,MCP1017000Q,Shoulder/Lap Belt(s),F,075c40b5-0c76-40a3-a601-f1837340d746,Same Direction Rear End,N,Intersection Related,Acceleration Lane,Daylight,"Holes, Ruts, Etc.",One-way Trafficway,Dry,Clear,Twelve o'clock,(Sport) Utility Vehicle,Superficial,N,Slowing or Stopping,2015-01-28 7:50,36,38.98518667,-77.09079333,1,3,좌회전 차선 사고,감속 중 사고
2337,N,Apparently Normal,No Misuse,N,No Injury,7b3e1b8c-916e-4d1d-87bf-01cfd9ca803a,D,MCP1017000Q,Shoulder/Lap Belt(s),M,4a952975-2fca-4511-a5b1-7fa575c16d99,Same Direction Rear End,N,Intersection Related,Acceleration Lane,Daylight,"Holes, Ruts, Etc.",One-way Trafficway,Dry,Clear,Six o'clock,Passenger Car,Functional,N,Stopped in Traffic Lane,2015-01-28 7:50,60,38.98518667,-77.09079333,1,2,좌회전 차선 사고,기타
2338,N,Apparently Normal,No Misuse,Y,No Injury,d6eaf08c-b9a0-4814-bff5-4afb1ed73430,D,MCP1022001Z,Shoulder/Lap Belt(s),F,5d2cd3b0-8232-4af4-9fc6-87a2e3c12dc5,Same Direction Rear End,N,Non Intersection,Acceleration Lane,Daylight,No Defects,"Two-way, Divided, Positive Median Barrier",Dry,Clear,Twelve o'clock,Passenger Car,Disabling,N,Moving Constant Speed,2015-01-15 8:41,27,39.20129833,-77.25545,1,0,좌회전 차선 사고,등속 주행 중 측면 추돌 사고
2339,N,Apparently Normal,No Misuse,Y,No Injury,df46c2dc-b562-4f84-b410-7c719260eb49,D,MCP10220020,Shoulder/Lap Belt(s),F,176e9c15-68f1-4b62-ba30-890fb5706f56,Single Vehicle ,N,Non Intersection,Right Turn Lane,Daylight,No Defects,"Two-way, Not Divided",Dry,Clear,Underside,Passenger Car,Disabling,N,Moving Constant Speed,2015-01-20 8:02,22,39.28228333,-77.16135,2,2,기타,기타
2340,N,Apparently Normal,No Misuse,Y,No Injury,755f730c-7598-4a77-a7c7-ce3377dc1621,D,MCP10220024,Shoulder/Lap Belt(s),F,29e717ff-a67b-4a19-a104-1c8087718431,Same Movement Angle,N,Intersection,Right Turn Lane,Daylight,No Defects,"Two-way, Divided, Positive Median Barrier",Wet,Clear,One o'clock,Van,Disabling,N,Making Left Turn,2015-01-27 13:29,51,39.169385,-77.264165,4,1,빗길사고,자차 사고
2341,N,Apparently Normal,No Misuse,N,Possible Incapacitating Injury,70a10499-ae92-413a-aeff-aafea2df84c3,D,MCP10220024,Shoulder/Lap Belt(s),F,0792247e-3fa1-4e2f-8c26-7088c46f412c,Same Movement Angle,N,Intersection,Right Turn Lane,Daylight,No Defects,"Two-way, Divided, Positive Median Barrier",Wet,Clear,Eight o'clock,(Sport) Utility Vehicle,Disabling,N,Moving Constant Speed,2015-01-27 13:29,37,39.169385,-77.264165,4,1,빗길사고,자차 사고
2342,N,Apparently Normal,No Misuse,N,No Injury,abb77b21-e9b9-419c-b06e-c7ee04c5ade4,D,MCP10220025,Shoulder/Lap Belt(s),F,a5a7fc7f-fccf-4cad-bf70-2fbdaf2b678b,Same Direction Rear End,N,Intersection Related,Right Turn Lane,Daylight,No Defects,"Two-way, Divided, Positive Median Barrier",Wet,Raining,Six o'clock,Van,Superficial,N,Slowing or Stopping,2015-02-09 10:33,70,39.17135333,-77.27745,4,3,빗길사고,기타
2343,N,Apparently Normal,No Misuse,Y,No Injury,5fb4c8e3-deba-4768-8782-5a2f2d2889d5,D,MCP10220025,Shoulder/Lap Belt(s),F,26115399-ea50-43c4-b014-82651275db01,Same Direction Rear End,N,Intersection Related,Right Turn Lane,Daylight,No Defects,"Two-way, Divided, Positive Median Barrier",Wet,Raining,Twelve o'clock,Passenger Car,Disabling,N,Moving Constant Speed,2015-02-09 10:33,29,39.17135333,-77.27745,4,2,빗길사고,동일 방향 운행 중 추돌 사고
2344,N,Apparently Normal,No Misuse,Y,No Injury,8e4291ac-8aa5-4403-949e-876bc4d658a7,D,MCP10220027,Shoulder/Lap Belt(s),F,5e37269a-8905-4dbd-8605-5b5cce51e420,Head On Left Turn,N,Intersection,Right Turn Lane,Daylight,No Defects,"Two-way, Not Divided",Ice,Cloudy,Four o'clock,Passenger Car,Disabling,N,Making Left Turn,2015-02-10 7:15,30,39.27314333,-77.20427333,0,2,눈길사고,미끌어짐에 의한 사고
2345,N,Apparently Normal,No Misuse,Y,No Injury,d40f0a8d-d7e7-4724-81c3-62d3505a30d6,D,MCP10220029,Shoulder/Lap Belt(s),F,31259806-50a9-40c6-b69a-6713ee91085b,Head On Left Turn,N,Intersection,Left Turn Lane,Daylight,No Defects,"Two-way, Divided, Positive Median Barrier",Dry,Clear,Three o'clock,Passenger Car,Disabling,N,Making Left Turn,2015-02-23 14:32,18,39.146205,-77.27441667,1,1,좌회전 차선 사고,등속 주행 사고
2346,N,Apparently Normal,No Misuse,N,Incapacitating/Disabled Injury,f5f9b7a1-8ebf-48b1-b02b-d8853f455bba,D,MCP10220029,Shoulder/Lap Belt(s),M,7c88a89e-302a-4481-bb12-3d10efadb34c,Head On Left Turn,N,Intersection,Left Turn Lane,Daylight,No Defects,"Two-way, Divided, Positive Median Barrier",Dry,Clear,Twelve o'clock,Passenger Car,Disabling,N,Moving Constant Speed,2015-02-23 14:32,24,39.146205,-77.27441667,1,0,좌회전 차선 사고,등속 주행 중 측면 추돌 사고
2347,N,Apparently Normal,No Misuse,Y,No Injury,d84f4611-3296-46a6-b143-fe79b61057c4,D,MCP1022002B,Shoulder/Lap Belt(s),F,046d0434-62ec-4b8e-b694-cc62762b7277,Same Direction Rear End,N,Non Intersection,Acceleration Lane,Daylight,No Defects,"Two-way, Divided, Positive Median Barrier",Wet,Clear,Twelve o'clock,(Sport) Utility Vehicle,Disabling,N,Moving Constant Speed,2015-02-26 12:39,46,39.16858333,-77.23373667,4,2,빗길사고,동일 방향 운행 중 추돌 사고
2348,N,Apparently Normal,No Misuse,Y,No Injury,bc207184-55cf-4c30-b764-dbe40986a1ed,D,MCP1022002C,Shoulder/Lap Belt(s),F,8239a348-c720-4441-94b4-5a440dd7803b,Same Direction Right Turn,N,Intersection Related,Right Turn Lane,Daylight,No Defects,"Two-way, Not Divided",Wet,Raining,Eleven o'clock,Passenger Car,Superficial,Y,Passing,2015-03-03 15:11,25,39.15429126,-77.25431442,4,0,빗길사고,등속 주행 중 사고
2349,Y,Apparently Normal,No Misuse,N,No Injury,b3aa167f-9117-4f96-9b49-a5bec5ee22fc,D,MCP1022002C,Shoulder/Lap Belt(s),M,7d9f14f6-75d3-4b26-85c0-20b71389acf7,Same Direction Right Turn,N,Intersection Related,Right Turn Lane,Daylight,No Defects,"Two-way, Not Divided",Wet,Raining,Four o'clock,School Bus,Superficial,N,Starting From Lane,2015-03-03 15:11,59,39.15429126,-77.25431442,4,0,빗길사고,등속 주행 중 사고
2350,N,Apparently Normal,No Misuse,Y,No Injury,55a99dab-a6b6-438f-a7e5-0468e0f76bf5,D,MCP1022002G,Shoulder/Lap Belt(s),F,905f4c44-f241-4d63-93df-52d38854924a,Same Movement Angle,N,Intersection,Right Turn Lane,Daylight,No Defects,"Two-way, Not Divided",Dry,Clear,Eleven o'clock,(Sport) Utility Vehicle,Disabling,N,Making U Turn,2015-03-17 9:08,52,39.17171879,-77.25171804,3,0,우회전 차선 사고,기타
2351,N,Apparently Normal,No Misuse,N,Incapacitating/Disabled Injury,d32f7e2d-ebf8-471f-9829-89309c7f92bb,D,MCP1022002G,Shoulder/Lap Belt(s),M,aa2d5269-241d-4343-9b5b-256b660e6a81,Same Movement Angle,N,Intersection,Right Turn Lane,Daylight,No Defects,"Two-way, Not Divided",Dry,Clear,Twelve o'clock,Passenger Car,Disabling,N,Moving Constant Speed,2015-03-17 9:08,53,39.17171879,-77.25171804,3,0,우회전 차선 사고,기타
2352,N,Apparently Normal,No Misuse,Y,No Injury,21a5d212-3b00-4530-9a90-1a1bab58df25,D,MCP10270007,Shoulder/Lap Belt(s),F,3d1abfdd-a468-4add-8085-a21327bd8f1f,Same Direction Rear End,N,Non Intersection,Left Turn Lane,Daylight,No Defects,"Two-way, Divided, Positive Median Barrier",Dry,Clear,One o'clock,Passenger Car,Disabling,N,Moving Constant Speed,2015-02-05 14:19,20,39.096012,-77.109216,1,0,좌회전 차선 사고,등속 주행 중 측면 추돌 사고
2353,N,Apparently Normal,No Misuse,Y,No Injury,92fcaccb-01cb-41d0-b97a-f3d4c2fb6188,D,MCP10270008,Shoulder/Lap Belt(s),F,62eac4e8-a3b8-4873-8bf4-f82c0f83bc6d,Same Movement Angle,N,Intersection,Right Turn Lane,Daylight,No Defects,"Two-way, Not Divided",Dry,Cloudy,Twelve o'clock,(Sport) Utility Vehicle,Superficial,N,Accelerating,2015-03-09 9:31,21,39.092725,-76.970728,3,0,우회전 차선 사고,기타
2354,N,Apparently Normal,No Misuse,N,Non-incapacitating Injury,27fa976e-7a1c-410d-a941-d62f8ed36563,D,MCP11510029,Shoulder/Lap Belt(s),M,5231470b-204a-4451-8db4-f457b5a5079a,Same Direction Rear End,N,Intersection,Right Turn Lane,Daylight,No Defects,"Two-way, Divided, Positive Median Barrier",Wet,Raining,Six o'clock,Passenger Car,Superficial,N,Stopped in Traffic Lane,2015-02-02 10:35,46,39.15842167,-77.27572667,4,3,빗길사고,기타
2355,N,Apparently Normal,No Misuse,N,No Injury,2724e679-2af3-467c-a420-82774ad47e2b,D,MCP1151002B,Shoulder/Lap Belt(s),F,fdadc920-e27d-42d2-8575-dca013db5a4d,Same Direction Rear End,N,Non Intersection,Acceleration Lane,Daylight,No Defects,"Two-way, Divided, Positive Median Barrier",Dry,Clear,Six o'clock,Passenger Car,Superficial,N,Stopped in Traffic Lane,2015-02-05 7:15,17,39.160395,-77.27866333,1,2,좌회전 차선 사고,기타
2356,N,Apparently Normal,No Misuse,Y,No Injury,d024bc8a-a59d-463d-9563-2f1d38b15b81,D,MCP1151002B,Shoulder/Lap Belt(s),F,c98e1ad0-88c5-4daa-96cc-d36ad1941f35,Same Direction Rear End,N,Non Intersection,Acceleration Lane,Daylight,No Defects,"Two-way, Divided, Positive Median Barrier",Dry,Clear,Twelve o'clock,Passenger Car,Disabling,N,Moving Constant Speed,2015-02-05 7:15,42,39.160395,-77.27866333,1,0,좌회전 차선 사고,등속 주행 중 측면 추돌 사고
2357,N,Apparently Normal,No Misuse,N,No Injury,35698427-3448-403a-85ee-430653686bbc,D,MCP1151002F,Shoulder/Lap Belt(s),F,eaf657f9-a770-4ede-84c4-f74b808bc46b,Same Movement Angle,N,Intersection,Right Turn Lane,Daylight,No Defects,"Two-way, Divided, Positive Median Barrier",Dry,Clear,One o'clock,Van,Disabling,N,Moving Constant Speed,2015-02-19 7:57,47,39.16358833,-77.28454667,3,0,우회전 차선 사고,기타
2358,N,Apparently Normal,No Misuse,N,No Injury,529fe964-835a-4a11-924b-730756907d20,D,MCP1151002H,Shoulder/Lap Belt(s),F,4a8af588-ed04-4b8f-a10c-2068e79ecf7c,Same Movement Angle,N,Intersection,Right Turn Lane,Dawn,No Defects,"Two-way, Not Divided",Dry,Cloudy,Twelve o'clock,Passenger Car,Disabling,N,Moving Constant Speed,2015-03-03 6:08,56,39.28370167,-77.20228,3,0,우회전 차선 사고,기타
2359,N,Apparently Normal,No Misuse,Y,No Injury,3b657c2d-2cc6-45de-9f2e-0889494abc67,D,MCP1151002H,Shoulder/Lap Belt(s),F,49b89080-8bf8-427c-9bc9-5576a977605a,Same Movement Angle,N,Intersection,Right Turn Lane,Dawn,No Defects,"Two-way, Not Divided",Dry,Cloudy,Eleven o'clock,(Sport) Utility Vehicle,Disabling,N,Making Left Turn,2015-03-03 6:08,59,39.28370167,-77.20228,3,0,우회전 차선 사고,기타
2360,N,Apparently Normal,No Misuse,N,No Injury,f25f0d5b-86e8-4d9a-a592-ea149095b066,D,MCP11520005,Shoulder/Lap Belt(s),F,eed35f71-b94e-4225-98d4-3405aea57d0b,Same Direction Rear End,N,Intersection Related,Right Turn Lane,Dark Lights On,No Defects,"Two-way, Divided, Positive Median Barrier",Dry,Clear,Six o'clock,Passenger Car,Functional,N,Stopped in Traffic Lane,2015-01-01 0:30,66,39.02200107,-77.10267305,3,3,우회전 차선 사고,동일 방향 운행 중 추돌 사고
2361,N,Apparently Normal,No Misuse,N,No Injury,705591df-a583-4376-8687-7dd41d171cb3,D,MCP1174000M,Shoulder/Lap Belt(s),F,729b794a-4e14-4f83-a4b0-f19228eaff59,Same Direction Rear End,N,Intersection Related,Right Turn Lane,Daylight,No Defects,"Two-way, Not Divided",Snow,Snow,Six o'clock,Pickup Truck,Superficial,N,Slowing or Stopping,2015-01-21 13:27,33,38.99299,-77.087475,0,1,눈길사고,등속 주행 사고
2362,N,Apparently Normal,No Misuse,Y,No Injury,d21e874b-a171-4c66-bc57-cc1db722e24d,D,MCP1174000M,Shoulder/Lap Belt(s),M,55961816-52ac-405b-9d4b-ad067495ef51,Same Direction Rear End,N,Intersection Related,Right Turn Lane,Daylight,No Defects,"Two-way, Not Divided",Snow,Snow,Eleven o'clock,Passenger Car,Disabling,N,Slowing or Stopping,2015-01-21 13:27,24,38.99299,-77.087475,0,1,눈길사고,등속 주행 사고
2363,N,Apparently Normal,No Misuse,N,Non-incapacitating Injury,4453c0c1-0f5d-4c35-a2b8-f30a03b2515e,D,MCP1174000Q,Shoulder/Lap Belt(s),F,25bb69fd-2266-4093-9f9e-dd5b8346323f,Same Direction Rear End,N,Intersection Related,Left Turn Lane,Daylight,No Defects,"Two-way, Not Divided",Dry,Clear,Six o'clock,Passenger Car,No Damage,N,Accelerating,2015-03-13 13:48,39,38.99093,-77.10316,1,3,좌회전 차선 사고,감속 중 사고
2364,N,Apparently Normal,No Misuse,Y,No Injury,91185c2a-219d-4b69-96d5-c23e3fa1ac45,D,MCP1194000R,Shoulder/Lap Belt(s),F,3ff21a74-549b-44cd-88ca-1d32ce1626b3,Same Direction Rear End,N,Intersection,Right Turn Lane,Dark Lights On,No Defects,"Two-way, Divided, Positive Median Barrier",Dry,Clear,Twelve o'clock,(Sport) Utility Vehicle,Functional,N,Moving Constant Speed,2015-02-26 20:05,38,38.99088697,-77.09587097,3,2,우회전 차선 사고,기타
2365,N,Apparently Normal,No Misuse,Y,No Injury,e12a74cd-af4a-4a46-980b-0c64045fe417,D,MCP1202000B,Shoulder/Lap Belt(s),F,38c7c1a6-2432-437c-ba50-7600466843d9,Same Movement Angle,N,Crossover Related,Acceleration Lane,Daylight,No Defects,"Two-way, Not Divided",Dry,Clear,Twelve o'clock,(Sport) Utility Vehicle,Disabling,N,Accelerating,2015-02-07 13:48,48,38.98529667,-77.07720167,1,1,좌회전 차선 사고,등속 주행 사고
2366,N,Apparently Normal,No Misuse,N,Possible Incapacitating Injury,95d2fb4c-1c8d-4804-9e42-160bff09873a,D,MCP1202000B,Shoulder/Lap Belt(s),M,b8cf8182-bc90-41b2-89b1-3d1cbcbea024,Same Movement Angle,N,Crossover Related,Acceleration Lane,Daylight,No Defects,"Two-way, Not Divided",Dry,Clear,Seven o'clock,Passenger Car,Disabling,N,Moving Constant Speed,2015-02-07 13:48,51,38.98529667,-77.07720167,1,0,좌회전 차선 사고,등속 주행 중 측면 추돌 사고
2367,N,Apparently Normal,No Misuse,N,No Injury,20d614a1-139c-4150-a437-8ee9985f3258,D,MCP1202000G,Shoulder/Lap Belt(s),F,dd69e018-51a1-4793-be29-406a49849c20,Same Movement Angle,N,Intersection,Acceleration Lane,Dark Lights On,No Defects,"Two-way, Divided, Positive Median Barrier",Dry,Clear,Twelve o'clock,Pickup Truck,Disabling,N,Moving Constant Speed,2015-03-10 6:53,52,39.01642167,-77.11970333,1,0,좌회전 차선 사고,등속 주행 중 측면 추돌 사고
2368,N,Apparently Normal,No Misuse,Y,No Injury,8f962c58-b109-4c81-b22f-fba68236e6e2,D,MCP1202000G,Shoulder/Lap Belt(s),M,28a8f7ec-3e5c-4b34-9cc3-9e4a0e108ddd,Same Movement Angle,N,Intersection,Acceleration Lane,Dark Lights On,No Defects,"Two-way, Divided, Positive Median Barrier",Dry,Clear,Six o'clock,Passenger Car,Disabling,N,Making Left Turn,2015-03-10 6:53,24,39.01642167,-77.11970333,1,1,좌회전 차선 사고,등속 주행 사고
2369,N,Apparently Normal,No Misuse,N,No Injury,01ce909d-a1c9-4283-aeec-9aeb245f6413,D,MCP1221000V,Shoulder/Lap Belt(s),F,d157ee94-517b-4a7d-8a1c-59ffd5a0464d,Same Direction Rear End,N,Intersection Related,Acceleration Lane,Daylight,No Defects,"Two-way, Divided, Positive Median Barrier",Dry,Clear,Six o'clock,Passenger Car,Superficial,N,Slowing or Stopping,2015-01-13 8:24,43,39.10887667,-77.21221,1,3,좌회전 차선 사고,감속 중 사고
2370,N,Apparently Normal,No Misuse,Y,No Injury,411546df-6d5c-4f6d-a8a8-41cf16acc00c,D,MCP1221000V,Shoulder/Lap Belt(s),F,ca1293cb-f56e-49c9-9458-2d7cc8fad2c1,Same Direction Rear End,N,Intersection Related,Acceleration Lane,Daylight,No Defects,"Two-way, Divided, Positive Median Barrier",Dry,Clear,Twelve o'clock,Passenger Car,Functional,N,Moving Constant Speed,2015-01-13 8:24,38,39.10887667,-77.21221,1,0,좌회전 차선 사고,등속 주행 중 측면 추돌 사고
2371,N,Apparently Normal,No Misuse,N,No Injury,9faf87a8-8ef1-4f0f-b944-1124668af083,D,MCP1221000V,Shoulder/Lap Belt(s),M,7bf5f58d-1101-4d4b-a5f7-7eb3c7a0d261,Same Direction Rear End,N,Intersection Related,Acceleration Lane,Daylight,No Defects,"Two-way, Divided, Positive Median Barrier",Dry,Clear,Six o'clock,Passenger Car,Superficial,N,Slowing or Stopping,2015-01-13 8:24,33,39.10887667,-77.21221,1,3,좌회전 차선 사고,감속 중 사고
2372,Y,Apparently Normal,No Misuse,Y,No Injury,481cb7b9-d1c1-4897-bd9a-f48aa25d136d,D,MCP1221000Y,Shoulder/Lap Belt(s),F,085f1c2c-e585-440c-91ee-b385218f08cb,Same Direction Sideswipe,N,Non Intersection,Acceleration Lane,Dawn,No Defects,"Two-way, Divided, Positive Median Barrier",Dry,Clear,Eleven o'clock,Transit Bus,Superficial,N,Changing Lanes,2015-03-17 7:05,46,39.15315833,-77.21148167,1,1,좌회전 차선 사고,등속 주행 사고
2373,N,Apparently Normal,No Misuse,N,No Injury,37392ca1-7902-455e-b143-dd7a63566736,D,MCP1221000Y,Shoulder/Lap Belt(s),M,49233160-bf34-4ca2-9394-a83fb1b2717b,Same Direction Sideswipe,N,Non Intersection,Acceleration Lane,Dawn,No Defects,"Two-way, Divided, Positive Median Barrier",Dry,Clear,Six o'clock,Passenger Car,Disabling,N,Slowing or Stopping,2015-03-17 7:05,53,39.15315833,-77.21148167,1,3,좌회전 차선 사고,감속 중 사고
2374,N,Apparently Normal,No Misuse,N,No Injury,4551f473-c057-4b38-91f0-878a8aedd396,D,MCP1221000Y,Shoulder/Lap Belt(s),M,48bf34f9-5d33-4d46-9f9d-e86d3f91efc8,Same Direction Sideswipe,N,Non Intersection,Acceleration Lane,Dawn,No Defects,"Two-way, Divided, Positive Median Barrier",Dry,Clear,Eight o'clock,Passenger Car,Superficial,N,Slowing or Stopping,2015-03-17 7:05,46,39.15315833,-77.21148167,1,3,좌회전 차선 사고,감속 중 사고
2375,N,Apparently Normal,No Misuse,N,No Injury,1cb84402-f0f0-4369-bc74-755e05f02974,D,MCP1221000Z,Shoulder/Lap Belt(s),F,55b04c5e-a185-49b0-9ae3-f84c079fb4c4,Same Direction Rear End,N,Non Intersection,Right Turn Lane,Daylight,No Defects,"Two-way, Divided, Positive Median Barrier",Dry,Clear,Six o'clock,Passenger Car,Functional,N,Slowing or Stopping,2015-03-30 7:45,61,39.16913197,-77.20461845,2,1,기타,등속 주행 사고
2376,N,Apparently Normal,No Misuse,Y,No Injury,6e8ed8b9-57db-4412-b199-5d2233972b89,D,MCP1221000Z,Shoulder/Lap Belt(s),M,2786dbbf-fec1-48d2-a117-fa8c274ff055,Same Direction Rear End,N,Non Intersection,Right Turn Lane,Daylight,No Defects,"Two-way, Divided, Positive Median Barrier",Dry,Clear,Twelve o'clock,Passenger Car,Disabling,N,Slowing or Stopping,2015-03-30 7:45,59,39.16913197,-77.20461845,2,1,기타,등속 주행 사고
2377,N,Apparently Normal,No Misuse,Y,No Injury,ca2fde3b-3ca4-48da-a16c-afbf0c47d2a2,D,MCP1233000M,Shoulder Belt Only,F,d5dc4e36-96e5-41f1-9183-095932882dd9,Same Movement Angle,N,Intersection,Right Turn Lane,Daylight,No Defects,"Two-way, Divided, Positive Median Barrier",Dry,Clear,Seven o'clock,Passenger Car,Disabling,N,Making Left Turn,2015-02-27 15:09,48,39.006395,-77.07859,3,0,우회전 차선 사고,기타
2378,N,Apparently Normal,No Misuse,N,No Injury,c49ba599-440b-425d-9e68-7210fa128c58,D,MCP1233000M,Shoulder/Lap Belt(s),M,b768398a-8b72-4bb8-8613-60236a8ac31a,Same Movement Angle,N,Intersection,Right Turn Lane,Daylight,No Defects,"Two-way, Divided, Positive Median Barrier",Dry,Clear,Twelve o'clock,Passenger Car,Disabling,N,Starting From Lane,2015-02-27 15:09,20,39.006395,-77.07859,3,0,우회전 차선 사고,기타
2379,N,Apparently Normal,No Misuse,N,No Injury,f7e9f8e8-1e37-442c-b021-99f19e71417c,D,MCP1252000H,Shoulder/Lap Belt(s),F,2cc35b3f-f6c7-45d1-922e-3c328e633eb2,Opposite Direction Sideswipe,N,Non Intersection,Right Turn Lane,Dark No Lights,No Defects,"Two-way, Not Divided",Dry,Clear,Eleven o'clock,Recreational Vehicle,Disabling,N,Moving Constant Speed,2015-01-16 19:55,58,39.24647167,-77.22426333,2,2,기타,기타
2380,N,Had Been Drinking,No Misuse,Y,No Injury,01ed9a26-7747-45ac-b99b-c34edbc580c0,D,MCP1252000H,Shoulder/Lap Belt(s),F,b7619a6e-cea6-4d13-bd4a-1538075fdd09,Opposite Direction Sideswipe,N,Non Intersection,Right Turn Lane,Dark No Lights,No Defects,"Two-way, Not Divided",Dry,Clear,Eleven o'clock,Recreational Vehicle,Disabling,N,Moving Constant Speed,2015-01-16 19:55,33,39.24647167,-77.22426333,2,2,기타,기타
2381,N,Apparently Normal,No Misuse,N,No Injury,a36abbc0-a572-4915-8b71-ab0b9dd54600,D,MCP12650007,Shoulder/Lap Belt(s),F,5235e5cf-d1fc-4b80-98f9-bac8743f51f0,Same Direction Rear End,N,Intersection,Right Turn Lane,Daylight,No Defects,"Two-way, Divided, Positive Median Barrier",Dry,Clear,Six o'clock,Passenger Car,Superficial,N,Stopped in Traffic Lane,2015-03-21 14:14,39,38.99905866,-76.99725151,3,3,우회전 차선 사고,동일 방향 운행 중 추돌 사고
2382,N,Apparently Normal,No Misuse,N,No Injury,7928d6a3-dfb8-4a9c-9ded-0dbf28a13665,D,MCP13180001,Shoulder/Lap Belt(s),F,263f9077-7894-4a9a-a388-8c933f4706ac,Single Vehicle ,N,Non Intersection,Right Turn Lane,Dark No Lights,No Defects,"Two-way, Not Divided",Dry,Clear,One o'clock,Police Vehicle/Non Emergency,Functional,N,Moving Constant Speed,2015-03-22 3:15,39,39.173447,-77.0976933,2,2,기타,기타
2383,N,Apparently Normal,No Misuse,N,No Injury,585393b0-3530-4d6f-8875-175efa6726af,D,MCP1342000J,Shoulder/Lap Belt(s),M,8149921d-17d1-4edc-a222-cf3b66f1a301,Same Direction Rear End,N,Non Intersection,Right Turn Lane,Daylight,No Defects,"Two-way, Divided, Positive Median Barrier",Wet,Clear,Six o'clock,(Sport) Utility Vehicle,Disabling,N,Slowing or Stopping,2015-03-07 14:25,45,39.13684667,-77.205525,4,3,빗길사고,기타
2384,N,Apparently Normal,No Misuse,Y,No Injury,3477a936-29eb-4722-8e34-700fb1f96622,D,MCP13580002,Shoulder/Lap Belt(s),F,5c0b3272-a558-4ce1-bda0-2a53f247056f,Same Movement Angle,N,Intersection,Left Turn Lane,Daylight,No Defects,"Two-way, Divided, Positive Median Barrier",Dry,Cloudy,Four o'clock,Passenger Car,Disabling,N,Moving Constant Speed,2015-01-02 15:15,21,39.19819,-77.244775,1,0,좌회전 차선 사고,등속 주행 중 측면 추돌 사고
2385,N,Apparently Normal,No Misuse,Y,No Injury,a279213f-8add-4d5f-a28a-bfe6221911cb,D,MCP1378003T,Shoulder/Lap Belt(s),F,79f5d7f5-c5e2-446c-b4c4-fe03e9873598,Same Direction Right Turn,N,Intersection,Deceleration Lane,Dark Lights On,No Defects,"Two-way, Divided, Unprotected (painted >4 feet) Median",Wet,Raining,Five o'clock,Passenger Car,Disabling,N,Changing Lanes,2015-01-12 17:50,34,39.11635167,-77.20831667,4,0,빗길사고,등속 주행 중 사고
2386,N,Apparently Normal,No Misuse,N,No Injury,4a63c67a-087d-4452-a76d-2f08832638c8,D,MCP1378003T,Shoulder/Lap Belt(s),M,16788de3-7baf-4bc8-977f-9e067d48d6c8,Same Direction Right Turn,N,Intersection,Deceleration Lane,Dark Lights On,No Defects,"Two-way, Divided, Unprotected (painted >4 feet) Median",Wet,Raining,Eleven o'clock,Passenger Car,Disabling,N,Moving Constant Speed,2015-01-12 17:50,36,39.11635167,-77.20831667,4,2,빗길사고,동일 방향 운행 중 추돌 사고
2387,N,Apparently Normal,No Misuse,Y,No Injury,d5b95ca4-c544-4697-a53a-3a5fd17079b9,D,MCP1378003W,Shoulder/Lap Belt(s),F,e380d447-ccf9-403a-84b9-29d27309facd,Same Direction Rear End,N,Intersection Related,Left Turn Lane,Dark Lights On,No Defects,"Two-way, Not Divided",Dry,Cloudy,Eleven o'clock,Passenger Car,Disabling,N,Changing Lanes,2015-01-13 17:55,61,39.18752167,-77.186245,1,3,좌회전 차선 사고,감속 중 사고
2388,N,Apparently Normal,No Misuse,N,No Injury,9b3d00a9-1391-47b2-9b34-0b27f701b3d9,D,MCP1378003W,Shoulder/Lap Belt(s),M,cdd8bde9-4916-4f9c-876e-02917ae724fd,Same Direction Rear End,N,Intersection Related,Left Turn Lane,Dark Lights On,No Defects,"Two-way, Not Divided",Dry,Cloudy,Five o'clock,(Sport) Utility Vehicle,Functional,N,Stopped in Traffic Lane,2015-01-13 17:55,24,39.18752167,-77.186245,1,2,좌회전 차선 사고,기타
2389,N,Apparently Normal,No Misuse,Y,No Injury,aea43b4f-3ed8-4439-9ccf-090a5ca87f6c,D,MCP1378003X,Shoulder/Lap Belt(s),F,091c164e-fdcf-4be2-8fad-d83195ab5ffc,Same Movement Angle,N,Intersection,Right Turn Lane,Daylight,No Defects,"Two-way, Divided, Unprotected (painted >4 feet) Median",Dry,Cloudy,Twelve o'clock,Passenger Car,Functional,N,Accelerating,2015-01-15 14:26,30,39.189105,-77.158585,3,0,우회전 차선 사고,기타
2390,Y,Apparently Normal,No Misuse,N,No Injury,9bb3792e-9c71-47d6-84e8-9a5e03d29867,D,MCP1378003X,Shoulder/Lap Belt(s),M,d3dd284b-8d44-4f5d-98a8-a0d5ccbe0ef0,Same Movement Angle,N,Intersection,Right Turn Lane,Daylight,No Defects,"Two-way, Divided, Unprotected (painted >4 feet) Median",Dry,Cloudy,Four o'clock,School Bus,Superficial,N,Moving Constant Speed,2015-01-15 14:26,44,39.189105,-77.158585,3,0,우회전 차선 사고,기타