KEY_INDEX,CDL_FLAG,CONDITION_CODE,EQUIP_PROB_CODE,FAULT_FLAG,INJ_SEVER_CODE,PERSON_ID,PERSON_TYPE,REPORT_NO,SAF_EQUIP_CODE,SEX_CODE,VEHICLE_ID,COLLISION_TYPE_CODE,C_M_ZONE_FLAG,JUNCTION_CODE,LANE_CODE,LIGHT_CODE,RD_COND_CODE,RD_DIV_CODE,SURF_COND_CODE,WEATHER_CODE,AREA_DAMAGED_CODE_MAIN,BODY_TYPE_CODE,DAMAGE_CODE,HIT_AND_RUN_FLAG,MOVEMENT_CODE,TIME,AGE,LATITUDE,LONGITUDE,CLUSTER,SECOND_LABEL,FIRST_LABEL,SECOND_LABELING
2443,N,Apparently Normal,No Misuse,N,No Injury,f2aa4412-8006-4a59-b318-f8962c4cee36,D,MCP2010000W,Shoulder/Lap Belt(s),F,0e58e4f1-ed4c-4d93-b1ed-f970f17bd06b,Head On,N,Intersection,Right Turn Lane,Daylight,No Defects,"Two-way, Not Divided",Dry,Clear,Eleven o'clock,Passenger Car,Superficial,N,Moving Constant Speed,2015-02-12 13:21,23,39.03191102,-77.11797237,3,2,우회전 차선 사고,기타
2444,N,Emotional Depressed Angry Disturbed,No Misuse,Y,No Injury,d311e9c7-ef3d-4ae3-98cf-a65e878369fe,D,MCP2010000W,Shoulder/Lap Belt(s),F,a1b373ad-cb63-4758-b837-30cc4498bd8d,Head On,N,Intersection,Right Turn Lane,Daylight,No Defects,"Two-way, Not Divided",Dry,Clear,Eleven o'clock,Recreational Vehicle,Disabling,Y,Moving Constant Speed,2015-02-12 13:21,70,39.03191102,-77.11797237,3,2,우회전 차선 사고,기타
2445,N,Apparently Normal,No Misuse,N,No Injury,1d9a4663-2b58-4479-9c9a-f6a1d0fdf89d,D,MCP2015000C,Shoulder/Lap Belt(s),F,14a8525c-aba7-49d2-a022-f58dee485b08,Same Direction Rear End,N,Intersection Related,Right Turn Lane,Dusk,No Defects,"Two-way, Not Divided",Dry,Clear,Six o'clock,Passenger Car,Disabling,N,Slowing or Stopping,2015-01-16 17:26,30,39.15411833,-77.25232833,3,3,우회전 차선 사고,동일 방향 운행 중 추돌 사고
2446,N,Apparently Normal,No Misuse,Y,No Injury,38318169-8f4f-418d-868f-7cd9734f6cb1,D,MCP2016000G,Shoulder/Lap Belt(s),M,020f67d5-3881-4943-9153-3136dd1a9d6d,Same Movement Angle,N,Intersection,Left Turn Lane,Daylight,No Defects,"Two-way, Divided, Unprotected (painted >4 feet) Median",Dry,Clear,Eleven o'clock,Passenger Car,Functional,N,Starting From Lane,2015-03-31 8:11,53,39.12122,-77.15830167,1,1,좌회전 차선 사고,등속 주행 사고
2447,N,Apparently Normal,No Misuse,N,No Injury,ed57dd10-bf3a-49dd-82bf-b22758d6f0c3,D,MCP2016000H,Shoulder/Lap Belt(s),F,6b7bf3cb-f866-4020-a359-ddfc7ae203d6,Same Direction Rear End,N,Intersection,Left Turn Lane,Daylight,No Defects,"Two-way, Divided, Positive Median Barrier",Dry,Clear,Six o'clock,Passenger Car,Functional,N,Slowing or Stopping,2015-03-31 9:30,42,39.08991333,-77.12995667,1,3,좌회전 차선 사고,감속 중 사고
2448,N,Apparently Normal,No Misuse,Y,No Injury,2d63509e-540f-4b1b-8663-ceff285a9059,D,MCP2016000H,Shoulder/Lap Belt(s),F,ca927609-190d-48d0-9314-450edab4979f,Same Direction Rear End,N,Intersection,Left Turn Lane,Daylight,No Defects,"Two-way, Divided, Positive Median Barrier",Dry,Clear,Twelve o'clock,Passenger Car,Disabling,N,Moving Constant Speed,2015-03-31 9:30,33,39.08991333,-77.12995667,1,0,좌회전 차선 사고,등속 주행 중 측면 추돌 사고
2449,N,Apparently Normal,No Misuse,N,No Injury,f3a70718-1ca9-4973-9908-4e15c33ecb19,D,MCP2016000H,Shoulder/Lap Belt(s),M,036800c1-bdb4-4229-9c9e-4a9db8733539,Same Direction Rear End,N,Intersection,Left Turn Lane,Daylight,No Defects,"Two-way, Divided, Positive Median Barrier",Dry,Clear,Six o'clock,Passenger Car,Functional,N,Slowing or Stopping,2015-03-31 9:30,73,39.08991333,-77.12995667,1,3,좌회전 차선 사고,감속 중 사고
2450,N,Apparently Normal,No Misuse,N,No Injury,096a8e0a-6644-443d-9970-6fe5ef1c8e54,D,MCP2048000C,Shoulder/Lap Belt(s),F,7c41ee48-22d4-45c0-860c-50d5b6570ec1,Same Movement Angle,N,Intersection Related,Right Turn Lane,Dark Lights On,No Defects,"Two-way, Not Divided",Dry,Clear,Four o'clock,Passenger Car,Disabling,N,Moving Constant Speed,2015-02-03 17:50,24,39.05582,-76.95585167,3,0,우회전 차선 사고,기타
2451,N,Apparently Normal,No Misuse,Y,No Injury,5cd2ff3e-1597-44ab-9661-29086294e7cc,D,MCP20590015,Shoulder/Lap Belt(s),F,98e15763-5a45-4a73-ae48-6bec0bae6c61,Single Vehicle ,N,Non Intersection,Right Turn Lane,Daylight,No Defects,"Two-way, Divided, Positive Median Barrier",Wet,Cloudy,One o'clock,Passenger Car,Disabling,N,Moving Constant Speed,2015-01-04 14:14,42,39.05119667,-77.13385167,4,2,빗길사고,동일 방향 운행 중 추돌 사고
2452,Y,Apparently Normal,No Misuse,N,Possible Incapacitating Injury,8801bcb9-15fb-4e17-bfaa-429129eba48a,D,MCP20590018,Shoulder/Lap Belt(s),M,95d0b170-a4a3-4b12-b7bf-e758234a90a3,Same Direction Rear End,N,Non Intersection,Left Turn Lane,Daylight,No Defects,"Two-way, Divided, Unprotected (painted >4 feet) Median",Dry,Clear,Six o'clock,Passenger Car,Functional,N,Stopped in Traffic Lane,2015-01-19 14:57,46,39.004555,-77.09739,1,2,좌회전 차선 사고,기타
2453,N,Apparently Normal,No Misuse,Y,Possible Incapacitating Injury,d2f8ccc9-b9bb-4fbf-aba4-2104015812a7,D,MCP20590018,Shoulder/Lap Belt(s),M,dcfe1f79-9195-41f4-bb56-3e90c3a59cdd,Same Direction Rear End,N,Non Intersection,Left Turn Lane,Daylight,No Defects,"Two-way, Divided, Unprotected (painted >4 feet) Median",Dry,Clear,Twelve o'clock,Passenger Car,Disabling,N,Changing Lanes,2015-01-19 14:57,26,39.004555,-77.09739,1,3,좌회전 차선 사고,감속 중 사고
2454,N,Apparently Normal,No Misuse,Y,No Injury,1ec31d1c-1970-48c8-8841-a5f829f88fa0,D,MCP20590019,Shoulder/Lap Belt(s),F,9e4a7719-d07c-4432-aae0-349ac8189a1d,Same Direction Rear End,N,Non Intersection,Acceleration Lane,Daylight,No Defects,"Two-way, Divided, Positive Median Barrier",Wet,Raining,Twelve o'clock,(Sport) Utility Vehicle,Functional,N,Slowing or Stopping,2015-01-24 11:41,23,39.00743333,-77.08596667,4,3,빗길사고,기타
2455,N,Apparently Normal,No Misuse,N,No Injury,2d226814-58cf-4d34-85ab-52575e8e8535,D,MCP20590019,Shoulder/Lap Belt(s),M,f8c8a94c-3900-4c5d-9dc1-6dc76dd1f2e6,Same Direction Rear End,N,Non Intersection,Acceleration Lane,Daylight,No Defects,"Two-way, Divided, Positive Median Barrier",Wet,Raining,Six o'clock,(Sport) Utility Vehicle,Superficial,N,Stopped in Traffic Lane,2015-01-24 11:41,24,39.00743333,-77.08596667,4,3,빗길사고,기타
2456,N,Apparently Normal,No Misuse,Y,No Injury,c951dbd4-02a0-40a6-aa7f-fb1d299f4c15,D,MCP20820006,Shoulder/Lap Belt(s),M,df71f950-3d29-49d8-940f-38843acc6d68,Same Direction Rear End,N,Intersection Related,Right Turn Lane,Dark Lights On,No Defects,"Two-way, Divided, Positive Median Barrier",Dry,Clear,Twelve o'clock,"Other Light Trucks (10,000 lbs (4,536 kg))",Disabling,N,Moving Constant Speed,2015-01-09 23:42,20,39.06549667,-76.97958833,3,2,우회전 차선 사고,기타
2457,N,Apparently Normal,No Misuse,Y,No Injury,2fe45be2-07a7-4aed-b016-fb97571141df,D,MCP2085000D,Shoulder/Lap Belt(s),F,65484b40-5692-4ea8-a634-4ec680d39a56,Single Vehicle ,N,Non Intersection,Left Turn Lane,Dark Lights On,No Defects,"Two-way, Not Divided",Dry,Clear,Twelve o'clock,Passenger Car,Disabling,N,Moving Constant Speed,2015-02-17 21:46,19,39.052975,-76.95317833,1,0,좌회전 차선 사고,등속 주행 중 측면 추돌 사고
2458,N,Apparently Normal,No Misuse,N,No Injury,2ac83f54-c9e7-4430-8e9e-775d041f5d12,D,MCP21160016,Shoulder/Lap Belt(s),F,2c4bf46f-9799-4a03-8f29-5ec7d720dec1,Same Movement Angle,N,Intersection,Left Turn Lane,Dark Lights On,No Defects,"Two-way, Divided, Positive Median Barrier",Dry,Clear,Twelve o'clock,Passenger Car,Functional,N,Accelerating,2015-01-07 18:11,30,39.112343,-77.161846,1,1,좌회전 차선 사고,등속 주행 사고
2459,N,Apparently Normal,No Misuse,N,Possible Incapacitating Injury,78a48e10-0c1f-4fd3-b520-3b9498886210,D,MCP21160016,Shoulder/Lap Belt(s),F,dac4c0cb-c83f-4e70-b257-b22afc7801a9,Same Movement Angle,N,Intersection,Left Turn Lane,Dark Lights On,No Defects,"Two-way, Divided, Positive Median Barrier",Dry,Clear,Seven o'clock,Passenger Car,Functional,N,Making Right Turn,2015-01-07 18:11,34,39.112343,-77.161846,1,1,좌회전 차선 사고,등속 주행 사고
2460,N,Apparently Normal,No Misuse,Y,No Injury,f5f47419-25ea-4c9a-8fe4-292a666efa6f,D,MCP21160016,Shoulder/Lap Belt(s),M,b8c54daa-d62a-4a59-8ee2-ca52fc182517,Same Movement Angle,N,Intersection,Left Turn Lane,Dark Lights On,No Defects,"Two-way, Divided, Positive Median Barrier",Dry,Clear,Twelve o'clock,Passenger Car,Destroyed,Y,Moving Constant Speed,2015-01-07 18:11,48,39.112343,-77.161846,1,0,좌회전 차선 사고,등속 주행 중 측면 추돌 사고
2461,N,Apparently Normal,No Misuse,N,No Injury,c4de92b6-6dc9-4f60-90cb-c9bf2c80ebf8,D,MCP21160017,Shoulder/Lap Belt(s),F,560ab767-2112-4b0e-aaab-ddf10239a8bd,Single Vehicle ,N,Intersection,Left Turn Lane,Dark Lights On,No Defects,"Two-way, Divided, Positive Median Barrier",Dry,Clear,One o'clock,Police Vehicle/Non Emergency,Superficial,N,Moving Constant Speed,2015-01-08 18:34,27,39.066836,-77.161665,1,0,좌회전 차선 사고,등속 주행 중 측면 추돌 사고
2462,N,Apparently Normal,No Misuse,Y,No Injury,56d4e530-bf9f-4070-8638-f4550e225fcf,D,MCP2116001B,Shoulder/Lap Belt(s),F,39c99c59-cc23-4564-8e12-b4f3c4a65eff,Single Vehicle ,Y,Non Intersection,Right Turn Lane,Daylight,No Defects,"Two-way, Divided, Unprotected (painted >4 feet) Median",Dry,Clear,Two o'clock,Passenger Car,No Damage,N,Accelerating,2015-01-13 9:17,35,39.09107,-77.114849,2,0,기타,자차 사고
2463,N,Apparently Normal,No Misuse,N,No Injury,2c8e0a2c-1e5f-4849-a7e7-a27b6e77e0c8,D,MCP2116001H,Shoulder/Lap Belt(s),F,1d6f3884-37b6-4e72-86d4-50d32f4d2d04,Same Direction Rear End,N,Intersection,Left Turn Lane,Daylight,No Defects,"Two-way, Divided, Positive Median Barrier",Dry,Clear,Six o'clock,Passenger Car,Superficial,N,Stopped in Traffic Lane,2015-02-10 12:36,31,39.057156,-77.161429,1,2,좌회전 차선 사고,기타
2464,N,Apparently Normal,No Misuse,Y,No Injury,8b081c69-eb0a-4cb4-9f5c-e4c5426f8139,D,MCP2116001H,Shoulder/Lap Belt(s),M,f1b932dc-b46a-4d0f-83b0-4345f2e9cec1,Same Direction Rear End,N,Intersection,Left Turn Lane,Daylight,No Defects,"Two-way, Divided, Positive Median Barrier",Dry,Clear,Twelve o'clock,Passenger Car,Superficial,N,Slowing or Stopping,2015-02-10 12:36,65,39.057156,-77.161429,1,3,좌회전 차선 사고,감속 중 사고
2465,N,Apparently Normal,No Misuse,N,Possible Incapacitating Injury,159618df-c1e8-423c-a29a-91278af8851c,D,MCP2116001H,Shoulder/Lap Belt(s),M,a386a869-1b49-4a93-9059-00f0860b9509,Same Direction Rear End,N,Intersection,Left Turn Lane,Daylight,No Defects,"Two-way, Divided, Positive Median Barrier",Dry,Clear,Twelve o'clock,Passenger Car,Functional,N,Stopped in Traffic Lane,2015-02-10 12:36,69,39.057156,-77.161429,1,2,좌회전 차선 사고,기타
2466,N,Apparently Normal,No Misuse,N,No Injury,24204337-771c-4200-bc38-54ad9b0844d8,D,MCP2116001N,Shoulder/Lap Belt(s),F,304e3a51-98f6-4b39-bce0-3c4d65563662,Same Direction Rear End,N,Intersection Related,Right Turn Lane,Daylight,No Defects,"Two-way, Divided, Positive Median Barrier",Dry,Clear,Six o'clock,Passenger Car,Superficial,N,Slowing or Stopping,2015-02-19 14:48,47,39.112291,-77.161846,3,3,우회전 차선 사고,동일 방향 운행 중 추돌 사고
2467,N,Apparently Normal,No Misuse,N,Non-incapacitating Injury,b8a818ff-c02a-4b7f-9a68-1303e33f1eba,D,MCP2116001N,Shoulder/Lap Belt(s),F,50b9df5e-62bd-4143-aa83-acc7b41db7d0,Same Direction Rear End,N,Intersection Related,Right Turn Lane,Daylight,No Defects,"Two-way, Divided, Positive Median Barrier",Dry,Clear,Six o'clock,Passenger Car,Functional,N,Slowing or Stopping,2015-02-19 14:48,26,39.112291,-77.161846,3,3,우회전 차선 사고,동일 방향 운행 중 추돌 사고
2468,N,Apparently Normal,No Misuse,Y,No Injury,2dfc6d5d-b67d-4de8-aee0-b6f3553f46e7,D,MCP2116001N,Shoulder/Lap Belt(s),M,65b1a72c-c8bd-4a28-8617-b7bba0f8edcd,Same Direction Rear End,N,Intersection Related,Right Turn Lane,Daylight,No Defects,"Two-way, Divided, Positive Median Barrier",Dry,Clear,Twelve o'clock,Passenger Car,Disabling,N,Moving Constant Speed,2015-02-19 14:48,49,39.112291,-77.161846,3,2,우회전 차선 사고,기타
2469,N,Apparently Normal,No Misuse,N,Non-incapacitating Injury,878c0eaa-597b-4a0c-a356-3ee28193754c,D,MCP2116001N,Shoulder/Lap Belt(s),M,a056eecd-ea63-4b6f-ab71-3818b1ac647c,Same Direction Rear End,N,Intersection Related,Right Turn Lane,Daylight,No Defects,"Two-way, Divided, Positive Median Barrier",Dry,Clear,Six o'clock,Passenger Car,Functional,N,Slowing or Stopping,2015-02-19 14:48,42,39.112291,-77.161846,3,3,우회전 차선 사고,동일 방향 운행 중 추돌 사고
2470,N,Apparently Normal,No Misuse,Y,No Injury,266f388a-582d-400e-8a62-1ed742c4d488,D,MCP2116001P,Shoulder/Lap Belt(s),F,3bd5dcf4-38e0-4595-ba98-e67ed0c01642,Same Direction Rear End,N,Non Intersection,Right Turn Lane,Daylight,No Defects,"Two-way, Divided, Positive Median Barrier",Dry,Clear,Twelve o'clock,Passenger Car,Disabling,N,Changing Lanes,2015-02-23 9:51,19,39.10661333,-77.15599833,2,0,기타,자차 사고
2471,N,Apparently Normal,No Misuse,N,No Injury,466495cc-8a21-4aab-aff7-da34ff6e440d,D,MCP2116001R,Shoulder/Lap Belt(s),M,1d378428-3a89-42b0-854a-a1dc63cbb668,Same Direction Rear End,N,Intersection,Right Turn Lane,Daylight,No Defects,"Two-way, Not Divided",Dry,Clear,Six o'clock,Pickup Truck,Superficial,N,Stopped in Traffic Lane,2015-03-17 16:31,51,39.05651833,-77.17905667,3,3,우회전 차선 사고,동일 방향 운행 중 추돌 사고
2472,Y,Apparently Normal,No Misuse,Y,No Injury,98a3469c-026c-4d8f-990c-6a7e67650fc1,D,MCP21460005,Shoulder/Lap Belt(s),M,6d8b7203-b029-4e88-b91a-78944b9d474f,Same Direction Right Turn,N,Non Intersection,Acceleration Lane,Daylight,No Defects,"Two-way, Divided, Positive Median Barrier",Dry,Clear,Four o'clock,School Bus,Superficial,Y,Making Right Turn,2015-02-11 14:21,52,39.05794,-77.048645,1,1,좌회전 차선 사고,등속 주행 사고
2473,N,Apparently Normal,No Misuse,N,No Injury,0459f240-4790-4579-8b31-f26715759b85,D,MCP2162000T,Shoulder/Lap Belt(s),F,0eb92cb1-dbd2-49a5-981a-ed0c1fd17d6e,Same Movement Angle,N,Intersection,Right Turn Lane,Dark Lights On,No Defects,"Two-way, Divided, Unprotected (painted >4 feet) Median",Dry,Clear,Eight o'clock,Passenger Car,Disabling,N,Starting From Lane,2015-02-08 19:19,24,39.0692,-77.045785,3,0,우회전 차선 사고,기타
2474,N,Apparently Normal,No Misuse,Y,No Injury,0558b316-fe6a-4010-a227-d341e8db4acb,D,MCP2162000T,Shoulder/Lap Belt(s),F,7c4b2aed-de6f-419e-9668-fd89b600539f,Same Movement Angle,N,Intersection,Right Turn Lane,Dark Lights On,No Defects,"Two-way, Divided, Unprotected (painted >4 feet) Median",Dry,Clear,Twelve o'clock,Passenger Car,Superficial,N,Moving Constant Speed,2015-02-08 19:19,75,39.0692,-77.045785,3,0,우회전 차선 사고,기타
2475,N,Apparently Normal,No Misuse,Y,No Injury,7e09ba44-2136-4040-ba90-2170743c5946,D,MCP2201000F,Shoulder/Lap Belt(s),F,422b81df-35b9-4857-88f2-de667517e861,Same Direction Right Turn,N,Non Intersection,Acceleration Lane,Daylight,No Defects,"Two-way, Not Divided",Dry,Clear,Four o'clock,Passenger Car,Superficial,N,Changing Lanes,2015-03-19 15:07,54,39.00770462,-77.01997519,2,0,기타,자차 사고
2476,Y,Apparently Normal,No Misuse,N,No Injury,b8da5ac4-28e8-4297-8512-5bbd67c04b2e,D,MCP2201000F,Shoulder/Lap Belt(s),M,adecdba3-831e-4afa-b7a0-7aed54b66f34,Same Direction Right Turn,N,Non Intersection,Acceleration Lane,Daylight,No Defects,"Two-way, Not Divided",Dry,Clear,Eleven o'clock,Transit Bus,Superficial,N,Moving Constant Speed,2015-03-19 15:07,61,39.00770462,-77.01997519,2,2,기타,기타
2477,N,Apparently Normal,No Misuse,N,No Injury,0938f21d-32fb-4f5b-87c4-f38ea4496909,D,MCP2231000X,Shoulder/Lap Belt(s),F,c2a4f7b5-d7c6-4c1b-b830-fb9e268ce1c0,Same Direction Right Turn,N,Non Intersection,Left Turn Lane,Daylight,No Defects,"Two-way, Divided, Positive Median Barrier",Dry,Clear,Ten o'clock,Van,Functional,N,Moving Constant Speed,2015-02-03 12:14,46,38.976689,-77.077109,1,0,좌회전 차선 사고,등속 주행 중 측면 추돌 사고
2478,N,Apparently Normal,No Misuse,N,No Injury,db8db433-c0f5-4f37-81fa-a99753b9afbf,D,MCP22430004,Shoulder/Lap Belt(s),F,e5569da2-fe70-4c4c-8f1c-b58c5edcf410,Same Direction Left Turn,N,Intersection,Left Turn Lane,Daylight,No Defects,"Two-way, Divided, Positive Median Barrier",Dry,Cloudy,One o'clock,Passenger Car,Functional,N,Moving Constant Speed,2015-03-07 15:51,25,38.99463939,-76.99285269,1,0,좌회전 차선 사고,등속 주행 중 측면 추돌 사고
2479,N,Apparently Normal,No Misuse,Y,No Injury,b5593b95-3467-40b6-a2a9-5c445611fcb7,D,MCP2251000R,Shoulder/Lap Belt(s),F,d490434e-c748-4c24-ac34-d14b10b1edb4,Same Movement Angle,N,Intersection,Right Turn Lane,Daylight,No Defects,"Two-way, Not Divided",Wet,Clear,Twelve o'clock,Passenger Car,Disabling,N,Starting From Lane,2015-02-19 11:13,59,39.16893,-77.07767,3,0,우회전 차선 사고,기타
2480,N,Apparently Normal,No Misuse,N,No Injury,b275146b-6638-4984-a639-2985d6918c43,D,MCP2251000R,Shoulder/Lap Belt(s),M,fd62fc85-2f83-4d11-946c-4f6df5bf0ace,Same Movement Angle,N,Intersection,Right Turn Lane,Daylight,No Defects,"Two-way, Not Divided",Wet,Clear,Twelve o'clock,Passenger Car,Disabling,N,Moving Constant Speed,2015-02-19 11:13,70,39.16893,-77.07767,3,0,우회전 차선 사고,기타
2481,N,Apparently Normal,No Misuse,Y,No Injury,3520614b-d520-41d6-9c38-c2b1d215d35d,D,MCP2251000S,Shoulder/Lap Belt(s),F,948ddd2c-058c-407b-96e7-476bbff5e4d2,Opposite Direction Sideswipe,N,Intersection,Right Turn Lane,Daylight,No Defects,"Two-way, Not Divided",Wet,Clear,One o'clock,Pickup Truck,Disabling,N,Starting From Lane,2015-03-07 10:53,74,39.14995667,-77.06322333,3,1,우회전 차선 사고,등속 주행 중 측면 추돌 사고
2482,N,Apparently Normal,No Misuse,N,No Injury,cc106533-8263-43d0-a0e3-3f0025213abd,D,MCP2251000S,Shoulder/Lap Belt(s),M,4eb499d0-a796-40df-95e5-60de3dd55efc,Opposite Direction Sideswipe,N,Intersection,Right Turn Lane,Daylight,No Defects,"Two-way, Not Divided",Wet,Clear,Eleven o'clock,Pickup Truck,Disabling,N,Moving Constant Speed,2015-03-07 10:53,46,39.14995667,-77.06322333,3,2,우회전 차선 사고,기타
2483,N,Apparently Normal,No Misuse,N,No Injury,445d78d9-db28-4196-8430-f0c9e9eeab3d,D,MCP2251000T,Shoulder/Lap Belt(s),F,2a0444cc-59e2-4027-97dc-0dd851969bbd,Head On,N,Non Intersection,Right Turn Lane,Dark No Lights,No Defects,"Two-way, Not Divided",Dry,Clear,Roof Top,Passenger Car,Superficial,N,Moving Constant Speed,2015-03-22 6:39,23,39.12301167,-76.98885167,2,2,기타,기타
2484,N,Apparently Normal,No Misuse,Y,No Injury,e0c47a44-5ee6-4fbc-a608-4188329f9fed,D,MCP2251000T,Shoulder/Lap Belt(s),F,68708b97-2a7f-438a-b290-d5dc3d06f2de,Head On,N,Non Intersection,Right Turn Lane,Dark No Lights,No Defects,"Two-way, Not Divided",Dry,Clear,Twelve o'clock,Passenger Car,Destroyed,N,Moving Constant Speed,2015-03-22 6:39,58,39.12301167,-76.98885167,2,2,기타,기타
2485,N,Apparently Normal,No Misuse,N,No Injury,b8133689-fab5-408d-865d-df86718dc06e,D,MCP2252000P,Shoulder/Lap Belt(s),M,dcdb5ad9-a84c-41f3-a493-34ab24fa24a3,Same Direction Rear End,N,Intersection Related,Acceleration Lane,Dawn,No Defects,"Two-way, Divided, Unprotected (painted >4 feet) Median",Dry,Clear,Twelve o'clock,(Sport) Utility Vehicle,Superficial,N,Stopped in Traffic Lane,2015-02-06 6:43,32,39.12075,-77.158075,1,2,좌회전 차선 사고,기타
2486,N,Apparently Normal,No Misuse,Y,No Injury,1ba8df2f-ab8c-4506-9534-637257282ed5,D,MCP2291000Y,Shoulder/Lap Belt(s),F,76f3b2ab-874d-4dfd-8e0f-f2b0de50af39,Head On Left Turn,N,Intersection,Right Turn Lane,Daylight,No Defects,"Two-way, Not Divided",Dry,Clear,Two o'clock,(Sport) Utility Vehicle,Disabling,N,Making Left Turn,2015-01-05 16:45,33,39.00262833,-77.05224167,3,1,우회전 차선 사고,등속 주행 중 측면 추돌 사고
2487,N,Apparently Normal,No Misuse,N,No Injury,dc09ea1a-ade8-4566-a251-3e7b7011ff85,D,MCP2291000Y,Shoulder/Lap Belt(s),M,bad363d6-568c-4aec-9251-4a96961da463,Head On Left Turn,N,Intersection,Right Turn Lane,Daylight,No Defects,"Two-way, Not Divided",Dry,Clear,Twelve o'clock,Passenger Car,Functional,N,Moving Constant Speed,2015-01-05 16:45,35,39.00262833,-77.05224167,3,2,우회전 차선 사고,기타
2488,N,Apparently Normal,No Misuse,Y,No Injury,20489e9f-2e30-4f59-9d2d-ecbb2cd41ab7,D,MCP2298003T,Shoulder/Lap Belt(s),F,1cc330ef-2245-4d60-8d25-baff81d4da9a,Single Vehicle ,N,Intersection,Right Turn Lane,Dark No Lights,No Defects,"Two-way, Divided, Unprotected (painted >4 feet) Median",Dry,Clear,Underside,Passenger Car,Disabling,N,Moving Constant Speed,2015-01-05 17:57,46,39.23079667,-77.178455,3,2,우회전 차선 사고,기타
2489,N,Apparently Normal,No Misuse,Y,Possible Incapacitating Injury,9bf8325b-a6cf-4562-9849-ebbff71e5a34,D,MCP2298003W,Shoulder/Lap Belt(s),M,68ad3b65-30c9-4599-8ebe-11970ac2be3e,Same Direction Rear End,N,Intersection Related,Left Turn Lane,Dark - Unknown Lighting,No Defects,"Two-way, Divided, Positive Median Barrier",Dry,Blowing Snow,Twelve o'clock,Passenger Car,Disabling,N,Moving Constant Speed,2015-01-07 18:08,30,39.18151167,-77.26134667,1,0,좌회전 차선 사고,등속 주행 중 측면 추돌 사고
2490,N,Apparently Normal,No Misuse,N,No Injury,b2eaf6c0-ba09-43e3-b8a0-09c2692dcb74,D,MCP2298004B,Shoulder/Lap Belt(s),F,9282abfa-967c-4afe-9e4e-a8b404ef709b,Same Direction Rear End,N,Intersection Related,Left Turn Lane,Daylight,No Defects,"Two-way, Divided, Positive Median Barrier",Wet,Raining,Six o'clock,(Sport) Utility Vehicle,Superficial,N,Stopped in Traffic Lane,2015-02-09 11:33,55,39.1984049,-77.24502325,4,3,빗길사고,기타
2491,N,Apparently Normal,No Misuse,Y,No Injury,8383590a-b8dd-4056-8d8c-3c24cf8aca61,D,MCP2298004B,Shoulder/Lap Belt(s),F,2477ef97-d412-4816-b461-362d75d1079c,Same Direction Rear End,N,Intersection Related,Left Turn Lane,Daylight,No Defects,"Two-way, Divided, Positive Median Barrier",Wet,Raining,Twelve o'clock,Passenger Car,Disabling,N,Slowing or Stopping,2015-02-09 11:33,71,39.1984049,-77.24502325,4,3,빗길사고,기타
2492,N,Apparently Normal,No Misuse,N,No Injury,3bb0ee9a-87ea-4df1-a566-758997d5943e,D,MCP2298004D,Shoulder/Lap Belt(s),F,e221d311-0452-48b8-ba5f-f0fe533eb9c4,Head On Left Turn,N,Intersection,Deceleration Lane,Daylight,No Defects,"Two-way, Divided, Positive Median Barrier",Dry,Clear,Twelve o'clock,Passenger Car,Functional,N,Moving Constant Speed,2015-02-12 14:29,26,39.18873333,-77.25175167,1,0,좌회전 차선 사고,등속 주행 중 측면 추돌 사고
2493,N,Apparently Normal,No Misuse,Y,No Injury,7698377f-b39d-4df9-8ee3-bb13ce13cbbb,D,MCP2298004D,Shoulder/Lap Belt(s),M,3bd64648-1292-4a89-85a5-0dd2097b8cb2,Head On Left Turn,N,Intersection,Deceleration Lane,Daylight,No Defects,"Two-way, Divided, Positive Median Barrier",Dry,Clear,Four o'clock,Passenger Car,Disabling,N,Making Left Turn,2015-02-12 14:29,59,39.18873333,-77.25175167,1,1,좌회전 차선 사고,등속 주행 사고
2494,Y,Apparently Normal,No Misuse,N,No Injury,cdd63801-32ba-4adb-a531-028000b400e5,D,MCP2298004Q,Shoulder/Lap Belt(s),F,b5a711df-1da6-45af-9e6a-cf099dad61f6,Opposite Direction Sideswipe,N,Alley,Right Turn Lane,Daylight,No Defects,"Two-way, Not Divided",Dry,Clear,Eleven o'clock,Transit Bus,Functional,N,Stopped in Traffic Lane,2015-02-24 14:41,38,39.18126167,-77.266725,3,1,우회전 차선 사고,등속 주행 중 측면 추돌 사고
2495,Y,Apparently Normal,No Misuse,Y,No Injury,942861a6-a725-427e-a35e-bb30928dc198,D,MCP2298004Q,Shoulder/Lap Belt(s),F,22cdb364-22d5-4d53-82fe-f288915369b9,Opposite Direction Sideswipe,N,Alley,Right Turn Lane,Daylight,No Defects,"Two-way, Not Divided",Dry,Clear,Six o'clock,Truck Tractor,Functional,N,Making Right Turn,2015-02-24 14:41,39,39.18126167,-77.266725,3,1,우회전 차선 사고,등속 주행 중 측면 추돌 사고
2496,N,Apparently Normal,No Misuse,N,No Injury,0b338688-6f6c-465b-adb4-e9d0afa4a976,D,MCP2298004S,Shoulder/Lap Belt(s),F,e726eafd-4fc5-4bde-9c8b-2cffb2a8a9ea,Angle Meets Left Turn Head On,N,Intersection,Left Turn Lane,Daylight,No Defects,"Two-way, Divided, Positive Median Barrier",Dry,Clear,Twelve o'clock,Passenger Car,Functional,N,Moving Constant Speed,2015-02-27 13:26,29,39.15576382,-77.27672696,1,0,좌회전 차선 사고,등속 주행 중 측면 추돌 사고