KEY_INDEX,CDL_FLAG,CONDITION_CODE,EQUIP_PROB_CODE,FAULT_FLAG,INJ_SEVER_CODE,PERSON_ID,PERSON_TYPE,REPORT_NO,SAF_EQUIP_CODE,SEX_CODE,VEHICLE_ID,COLLISION_TYPE_CODE,C_M_ZONE_FLAG,JUNCTION_CODE,LANE_CODE,LIGHT_CODE,RD_COND_CODE,RD_DIV_CODE,SURF_COND_CODE,WEATHER_CODE,AREA_DAMAGED_CODE_MAIN,BODY_TYPE_CODE,DAMAGE_CODE,HIT_AND_RUN_FLAG,MOVEMENT_CODE,TIME,AGE,LATITUDE,LONGITUDE,CLUSTER,SECOND_LABEL,FIRST_LABEL,SECOND_LABELING
2551,N,Apparently Normal,No Misuse,N,No Injury,7ecd4ba2-817c-45a8-9c8c-bcd7e65a25ca,D,MCP2651000D,Shoulder/Lap Belt(s),F,c1ab613c-1364-4f16-862b-df99f08fb466,Same Movement Angle,N,Intersection,Right Turn Lane,Dark Lights On,No Defects,"Two-way, Divided, Positive Median Barrier",Dry,Clear,Nine o'clock,Passenger Car,Destroyed,N,Moving Constant Speed,2015-01-10 21:50,29,39.11080667,-76.94912,3,0,우회전 차선 사고,기타
2552,N,Apparently Normal,No Misuse,Y,No Injury,29e7fdd4-8dbe-4bcb-a475-64121230b3ee,D,MCP2651000D,Shoulder/Lap Belt(s),F,81d76792-f1a2-4430-960e-bcaad46c7086,Same Movement Angle,N,Intersection,Right Turn Lane,Dark Lights On,No Defects,"Two-way, Divided, Positive Median Barrier",Dry,Clear,Twelve o'clock,Passenger Car,Disabling,N,Accelerating,2015-01-10 21:50,25,39.11080667,-76.94912,3,0,우회전 차선 사고,기타
2553,N,Apparently Normal,No Misuse,Y,No Injury,f6d7a2cc-61ef-433b-8adc-3c7945a18212,D,MCP2653000B,Shoulder/Lap Belt(s),F,19e47477-4805-43f7-8d84-9fb977a29cbd,Single Vehicle ,N,Non Intersection,Right Turn Lane,Dark Lights On,No Defects,"Two-way, Divided, Positive Median Barrier",Wet,Raining,Eleven o'clock,Police Vehicle/Emergency,Functional,N,Moving Constant Speed,2015-01-24 1:31,32,38.99838328,-77.00360298,4,2,빗길사고,동일 방향 운행 중 추돌 사고
2554,N,Apparently Normal,No Misuse,N,Non-incapacitating Injury,a4694870-12e8-4f27-b54e-e0d9370fd6d6,D,MCP2664000X,Shoulder/Lap Belt(s),M,0f4c6e26-dcc3-44fa-9e26-68b455c38366,Same Direction Rear End,N,Non Intersection,Acceleration Lane,Daylight,No Defects,"Two-way, Divided, Positive Median Barrier",Dry,Cloudy,Six o'clock,Passenger Car,Functional,N,Slowing or Stopping,2015-02-10 14:23,63,39.0415449,-77.05184739,1,3,좌회전 차선 사고,감속 중 사고
2555,N,Apparently Normal,No Misuse,Y,No Injury,60e7302b-3deb-44f3-962d-3044340fd739,D,MCP2665000N,Shoulder/Lap Belt(s),F,499d8563-f0b1-4d00-a589-940fa59d4ea7,Same Direction Rear End Right Turn,N,Intersection,Right Turn Lane,Daylight,No Defects,"Two-way, Not Divided",Wet,Clear,One o'clock,Passenger Car,Functional,N,Making Right Turn,2015-01-06 15:20,31,39.04776,-77.105685,3,1,우회전 차선 사고,등속 주행 중 측면 추돌 사고
2556,N,Apparently Normal,No Misuse,N,No Injury,ab8d5cd0-128c-4838-a74a-ecd2ce7ab769,D,MCP2665000N,Shoulder/Lap Belt(s),M,f19d3fda-f009-4b21-af31-89271abcd6d9,Same Direction Rear End Right Turn,N,Intersection,Right Turn Lane,Daylight,No Defects,"Two-way, Not Divided",Wet,Clear,Three o'clock,Transit Bus,No Damage,N,Making Right Turn,2015-01-06 15:20,53,39.04776,-77.105685,3,1,우회전 차선 사고,등속 주행 중 측면 추돌 사고
2557,N,Apparently Normal,No Misuse,N,No Injury,852cb74d-ea0d-460a-8666-2107382be0f4,D,MCP2665000R,Shoulder/Lap Belt(s),F,f9abe83c-0542-4e82-88d3-4b8f41bd18d6,Same Direction Rear End,N,Intersection Related,Acceleration Lane,Dark Lights On,No Defects,"Two-way, Divided, Positive Median Barrier",Dry,Clear,Six o'clock,Passenger Car,Superficial,N,Stopped in Traffic Lane,2015-03-07 21:17,40,38.98088667,-77.08911333,1,2,좌회전 차선 사고,기타
2558,N,Apparently Normal,No Misuse,Y,No Injury,ae3aeaaf-9f25-4ecd-a7a7-31393f1e4514,D,MCP2666000L,Shoulder/Lap Belt(s),F,58561546-eb51-4729-907b-c7b7c8d4a418,Single Vehicle ,N,Non Intersection,Right Turn Lane,Dark Lights On,No Defects,One-way Trafficway,Ice,Clear,Twelve o'clock,Passenger Car,Disabling,N,Slowing or Stopping,2015-02-16 5:39,57,39.125085,-76.92438833,2,1,기타,등속 주행 사고
2559,N,Apparently Normal,No Misuse,Y,No Injury,c73b14e4-5214-4802-97a7-f762e5b52823,D,MCP2666000M,Shoulder/Lap Belt(s),F,7bd65955-b2fa-4efb-81b9-2d870ad5941c,Same Direction Rear End,N,Intersection Related,Right Turn Lane,Dark Lights On,No Defects,One-way Trafficway,Dry,Clear,Twelve o'clock,Passenger Car,Functional,N,Slowing or Stopping,2015-02-28 22:15,39,39.07468167,-76.956635,3,3,우회전 차선 사고,동일 방향 운행 중 추돌 사고
2560,N,Apparently Normal,No Misuse,N,Possible Incapacitating Injury,745d1ac0-4921-4231-b1ed-dfcead940288,D,MCP2666000M,Shoulder/Lap Belt(s),F,fdff9dfd-959d-4105-9e46-f168fcfc7bfe,Same Direction Rear End,N,Intersection Related,Right Turn Lane,Dark Lights On,No Defects,One-way Trafficway,Dry,Clear,Six o'clock,Passenger Car,Functional,N,Stopped in Traffic Lane,2015-02-28 22:15,51,39.07468167,-76.956635,3,3,우회전 차선 사고,동일 방향 운행 중 추돌 사고
2561,N,Apparently Normal,No Misuse,Y,No Injury,6fbce610-b0a7-47e5-b471-dee04bc41d96,D,MCP2667000K,Shoulder/Lap Belt(s),F,eca81dec-4b27-4573-a5c1-ad90e9267de2,Same Direction Right Turn,N,Intersection Related,Right Turn Lane,Daylight,No Defects,"Two-way, Not Divided",Dry,Clear,Nine o'clock,Passenger Car,Disabling,N,Moving Constant Speed,2015-02-10 13:19,69,39.166755,-77.20199333,3,2,우회전 차선 사고,기타
2562,Y,Apparently Normal,No Misuse,Y,No Injury,eb936d91-e587-4d4c-a402-8b42e4c575a5,D,MCP2667000K,Shoulder/Lap Belt(s),M,a5ef89c1-948c-47b4-b691-9857bc07154e,Same Direction Right Turn,N,Intersection Related,Right Turn Lane,Daylight,No Defects,"Two-way, Not Divided",Dry,Clear,One o'clock,"Medium/Heavy Truck 2 axles (10,000 lbs (4,536 kg) or less)",Functional,N,Making Right Turn,2015-02-10 13:19,58,39.166755,-77.20199333,3,1,우회전 차선 사고,등속 주행 중 측면 추돌 사고
2563,N,Apparently Normal,No Misuse,Y,No Injury,df704628-bb1e-46dd-8a20-35161cc20975,D,MCP2667000Q,Shoulder/Lap Belt(s),F,28c21807-f232-4c39-b581-6dc22d4fb3a6,Same Direction Sideswipe,N,Intersection Related,Acceleration Lane,Daylight,No Defects,"Two-way, Divided, Positive Median Barrier",Dry,Clear,Twelve o'clock,Passenger Car,Functional,N,Changing Lanes,2015-03-22 14:20,28,39.14386833,-77.20776833,1,1,좌회전 차선 사고,등속 주행 사고
2564,N,Apparently Normal,No Misuse,N,No Injury,525f5e32-f4a7-49cf-9ee3-75b5ee4231f7,D,MCP2667000Q,Shoulder/Lap Belt(s),M,17131db9-7377-4cfd-a57a-9b322e066f4b,Same Direction Sideswipe,N,Intersection Related,Acceleration Lane,Daylight,No Defects,"Two-way, Divided, Positive Median Barrier",Dry,Clear,Two o'clock,Passenger Car,Functional,N,Moving Constant Speed,2015-03-22 14:20,33,39.14386833,-77.20776833,1,0,좌회전 차선 사고,등속 주행 중 측면 추돌 사고
2565,N,Apparently Normal,No Misuse,Y,No Injury,9433dc2c-4680-421c-b915-169f66e0b3a5,D,MCP2671000Q,Shoulder/Lap Belt(s),F,9a57e7ee-14e7-425e-846e-ac589b83a7db,Single Vehicle ,N,Non Intersection,Right Turn Lane,Dark Lights On,No Defects,"Two-way, Not Divided",Wet,Raining,Twelve o'clock,Passenger Car,Disabling,N,Moving Constant Speed,2015-03-04 20:41,58,38.987085,-77.022155,4,2,빗길사고,동일 방향 운행 중 추돌 사고
2566,N,Apparently Normal,No Misuse,Y,No Injury,c2cbaeda-3be7-4fa8-9e1c-475791074d69,D,MCP2678000L,Shoulder/Lap Belt(s),F,644012f1-e770-482d-93c7-98f8bbe7130a,Single Vehicle ,N,Non Intersection,Right Turn Lane,Dark Lights On,No Defects,"Two-way, Not Divided",Dry,Clear,One o'clock,Passenger Car,Disabling,N,Negotiating a Curve,2015-01-18 0:03,21,39.13894,-76.98401833,2,0,기타,자차 사고
2567,N,Apparently Normal,No Misuse,N,No Injury,3578f757-ac2b-4a4d-b8bc-a90e7ade9f77,D,MCP26800014,Shoulder/Lap Belt(s),F,d05565c6-d9b7-4689-9398-86f34a11781b,Same Direction Rear End,N,Intersection Related,Acceleration Lane,Dark Lights On,No Defects,"Two-way, Divided, Positive Median Barrier",Dry,Clear,Six o'clock,Passenger Car,Functional,N,Slowing or Stopping,2015-02-03 17:59,30,39.02094833,-77.04444167,1,3,좌회전 차선 사고,감속 중 사고
2568,N,Apparently Normal,No Misuse,Y,Possible Incapacitating Injury,12bedcd5-c4b8-4d6c-be7f-719260af006f,D,MCP26800014,Shoulder/Lap Belt(s),M,0c714b5f-cde9-4781-98e7-6ed9719655e0,Same Direction Rear End,N,Intersection Related,Acceleration Lane,Dark Lights On,No Defects,"Two-way, Divided, Positive Median Barrier",Dry,Clear,Twelve o'clock,Passenger Car,Functional,N,Slowing or Stopping,2015-02-03 17:59,46,39.02094833,-77.04444167,1,3,좌회전 차선 사고,감속 중 사고
2569,N,Apparently Normal,No Misuse,Y,No Injury,6186efad-09ff-47df-9ded-2d1f6222de33,D,MCP2683000R,Shoulder/Lap Belt(s),F,b57c5929-2aa3-42e0-b367-3a5f7f4db03e,Head On Left Turn,N,Intersection,Right Turn Lane,Daylight,No Defects,"Two-way, Not Divided",Dry,Clear,Twelve o'clock,Passenger Car,Functional,N,Making Left Turn,2015-02-28 14:46,24,39.13976167,-77.19401167,3,1,우회전 차선 사고,등속 주행 중 측면 추돌 사고
2570,N,Apparently Normal,No Misuse,N,No Injury,63c63fe5-e37d-49fe-8333-fe858b74fb11,D,MCP2683000R,Shoulder/Lap Belt(s),M,451c422f-ff7e-47bc-8ba3-4b7280d4791f,Head On Left Turn,N,Intersection,Right Turn Lane,Daylight,No Defects,"Two-way, Not Divided",Dry,Clear,Twelve o'clock,Passenger Car,Disabling,N,Moving Constant Speed,2015-02-28 14:46,35,39.13976167,-77.19401167,3,2,우회전 차선 사고,기타
2571,N,Apparently Normal,No Misuse,N,No Injury,82a1724f-deeb-4c99-b44a-f7e324edf79c,D,MCP2683000T,Shoulder/Lap Belt(s),F,2d3e0e89-8e0b-48ce-a62c-493a5cf0dfa0,Single Vehicle ,N,Non Intersection,Right Turn Lane,Daylight,No Defects,"Two-way, Not Divided",Dry,Clear,Twelve o'clock,Passenger Car,Disabling,N,Moving Constant Speed,2015-03-13 13:22,62,39.13029333,-77.18919667,2,2,기타,기타
2572,N,Apparently Normal,No Misuse,Y,No Injury,ab76fa5e-49c5-49e6-b5ad-7c87cdf1bf55,D,MCP2686000L,Shoulder/Lap Belt(s),F,62dce236-aa9e-4af0-9e71-0ae580c326db,Same Movement Angle,N,Intersection,Right Turn Lane,Dark Lights On,No Defects,"Two-way, Divided, Unprotected (painted >4 feet) Median",Wet,Raining,Twelve o'clock,(Sport) Utility Vehicle,Disabling,N,Moving Constant Speed,2015-03-26 23:20,68,39.19160667,-77.27201833,4,1,빗길사고,자차 사고
2573,N,Apparently Normal,No Misuse,Y,No Injury,625cb7a8-9fd0-48a4-b85f-d2d690644629,D,MCP2688001F,Shoulder/Lap Belt(s),F,74e65920-5f56-4db0-a75a-3962ac6326a4,Single Vehicle ,N,Non Intersection,Left Turn Lane,Dark Lights On,No Defects,"Two-way, Divided, Positive Median Barrier",Dry,Clear,Twelve o'clock,Passenger Car,Destroyed,N,Moving Constant Speed,2015-02-13 5:00,30,39.07876833,-76.94489667,1,0,좌회전 차선 사고,등속 주행 중 측면 추돌 사고
2574,N,Apparently Normal,No Misuse,Y,No Injury,f35bcbda-a82c-4008-bf3a-06203fd76187,D,MCP2688001G,Shoulder/Lap Belt(s),F,6c224119-56b0-4eb2-b0c7-6d96ac46c497,Single Vehicle ,N,Non Intersection,Left Turn Lane,Dark Lights On,No Defects,"Two-way, Divided, Positive Median Barrier",Snow,Snow,Twelve o'clock,Passenger Car,Disabling,N,Moving Constant Speed,2015-02-17 23:18,22,39.02419,-77.01844667,0,0,눈길사고,감속 중 사고
2575,N,Apparently Normal,No Misuse,Y,No Injury,e32e6203-4791-4d03-aac0-394d33c48881,D,MCP2693000M,Shoulder/Lap Belt(s),F,96303f4c-0506-4d7d-929e-ed59a1896e31,Single Vehicle ,N,Intersection,Right Turn Lane,Daylight,No Defects,"Two-way, Divided, Positive Median Barrier",Dry,Clear,Twelve o'clock,Passenger Car,No Damage,N,Making Left Turn,2015-02-13 16:00,74,39.05347833,-77.05083,3,1,우회전 차선 사고,등속 주행 중 측면 추돌 사고
2576,N,Apparently Normal,No Misuse,Y,No Injury,685bdc0c-105c-497f-bdb7-fb417f954925,D,MCP26940011,Shoulder/Lap Belt(s),F,0d7fb44d-82ef-4dbd-98e2-b1d9b721f3ca,Angle Meets Right Turn,N,Intersection,Left Turn Lane,Dark Lights On,No Defects,"Two-way, Divided, Unprotected (painted >4 feet) Median",Dry,Clear,Twelve o'clock,Passenger Car,Disabling,N,Making Right Turn,2015-01-13 21:45,51,39.05319333,-77.11086833,1,1,좌회전 차선 사고,등속 주행 사고
2577,N,Apparently Normal,No Misuse,N,No Injury,6bccf845-1577-4c5f-9ffa-d56054e046d9,D,MCP26940011,Shoulder/Lap Belt(s),M,0e7798cc-6f4d-48ec-856e-f222e9769091,Angle Meets Right Turn,N,Intersection,Left Turn Lane,Dark Lights On,No Defects,"Two-way, Divided, Unprotected (painted >4 feet) Median",Dry,Clear,One o'clock,Passenger Car,Functional,N,Moving Constant Speed,2015-01-13 21:45,67,39.05319333,-77.11086833,1,0,좌회전 차선 사고,등속 주행 중 측면 추돌 사고
2578,N,Apparently Normal,No Misuse,Y,No Injury,0397c32e-6a31-4707-854c-21f6034e1c78,D,MCP26940013,Shoulder/Lap Belt(s),F,f95fbed9-24fd-4de4-87c6-e4281fec2859,Head On Left Turn,N,Intersection,Acceleration Lane,Daylight,No Defects,"Two-way, Divided, Unprotected (painted >4 feet) Median",Dry,Clear,Twelve o'clock,(Sport) Utility Vehicle,Functional,N,Making Left Turn,2015-01-20 15:45,37,39.00873167,-77.11336667,1,1,좌회전 차선 사고,등속 주행 사고
2579,N,Apparently Normal,No Misuse,N,No Injury,904ac9cf-16a3-4da9-ba55-6bd55450d5ec,D,MCP26940013,Shoulder/Lap Belt(s),M,c90845fc-0595-42ba-9123-785fd3084e8c,Head On Left Turn,N,Intersection,Acceleration Lane,Daylight,No Defects,"Two-way, Divided, Unprotected (painted >4 feet) Median",Dry,Clear,Eleven o'clock,Passenger Car,Disabling,N,Moving Constant Speed,2015-01-20 15:45,36,39.00873167,-77.11336667,1,0,좌회전 차선 사고,등속 주행 중 측면 추돌 사고
2580,N,Apparently Normal,No Misuse,Y,No Injury,311051e7-47f3-4c0e-b4a5-fa0010a4f5ad,D,MCP26940016,Shoulder/Lap Belt(s),F,f9141d02-0a92-46dc-a447-bf6c473b57fb,Single Vehicle ,N,Non Intersection,Left Turn Lane,Daylight,No Defects,"Two-way, Divided, Positive Median Barrier",Dry,Clear,One o'clock,Passenger Car,Disabling,N,Moving Constant Speed,2015-03-07 17:45,28,39.05243333,-77.11711667,1,0,좌회전 차선 사고,등속 주행 중 측면 추돌 사고
2581,N,Apparently Normal,No Misuse,Y,No Injury,3e7d48cf-59cc-4c0a-bcb0-67c8cf9d9e3c,D,MCP2703000D,Shoulder/Lap Belt(s),F,68a9e131-bc85-4f91-a605-f6b661bbb4f7,Same Direction Rear End,N,Non Intersection,Left Turn Lane,Dusk,No Defects,"Two-way, Divided, Positive Median Barrier",Dry,Clear,Twelve o'clock,Passenger Car,Disabling,N,Moving Constant Speed,2015-01-28 17:59,30,39.07031,-76.95749333,1,0,좌회전 차선 사고,등속 주행 중 측면 추돌 사고
2582,N,Apparently Normal,No Misuse,N,No Injury,f4ceed1c-e5c1-4170-a6e0-c877aafe009b,D,MCP2703000D,Shoulder/Lap Belt(s),M,adb71571-c91b-4550-a3f1-eac0ad3948f4,Same Direction Rear End,N,Non Intersection,Left Turn Lane,Dusk,No Defects,"Two-way, Divided, Positive Median Barrier",Dry,Clear,Six o'clock,Passenger Car,Superficial,N,Moving Constant Speed,2015-01-28 17:59,39,39.07031,-76.95749333,1,0,좌회전 차선 사고,등속 주행 중 측면 추돌 사고
2583,N,Apparently Normal,No Misuse,N,No Injury,566f6bac-6e15-4a0d-863a-be93363917a0,D,MCP2703000D,Shoulder/Lap Belt(s),M,1b8fe4fa-3a9d-410c-8805-4636d69d3ed8,Same Direction Rear End,N,Non Intersection,Left Turn Lane,Dusk,No Defects,"Two-way, Divided, Positive Median Barrier",Dry,Clear,Six o'clock,Passenger Car,Superficial,N,Moving Constant Speed,2015-01-28 17:59,25,39.07031,-76.95749333,1,0,좌회전 차선 사고,등속 주행 중 측면 추돌 사고
2584,N,Apparently Normal,No Misuse,N,No Injury,adc2d2fc-ebac-47ed-9bf9-1504651853bc,D,MCP2717000Z,Shoulder/Lap Belt(s),M,4fc060ad-0ab7-4ed9-9a76-fdfdca296aa7,Same Movement Angle,N,Intersection,Left Turn Lane,Dark Lights On,No Defects,"Two-way, Divided, Positive Median Barrier",Dry,Clear,Eleven o'clock,Passenger Car,Functional,N,Moving Constant Speed,2015-02-12 22:13,41,39.067925,-76.95965833,1,0,좌회전 차선 사고,등속 주행 중 측면 추돌 사고
2585,N,Apparently Normal,No Misuse,Y,No Injury,0452755c-0928-4834-83f1-7c22cc67439e,D,MCP27280012,Shoulder/Lap Belt(s),F,4715adff-997d-42fd-a628-798234801bdc,Same Direction Rear End,N,Intersection Related,Right Turn Lane,Dark Lights On,No Defects,"Two-way, Divided, Positive Median Barrier",Dry,Clear,Twelve o'clock,Passenger Car,Superficial,Y,Slowing or Stopping,2015-03-16 0:00,31,39.0195713,-77.01332867,3,3,우회전 차선 사고,동일 방향 운행 중 추돌 사고
2586,N,Apparently Normal,No Misuse,N,No Injury,57a9218f-b43a-465e-abed-edf41d2faa7b,D,MCP27280012,Shoulder/Lap Belt(s),M,fd4256b2-208b-420a-ac93-eca4b52ae3b8,Same Direction Rear End,N,Intersection Related,Right Turn Lane,Dark Lights On,No Defects,"Two-way, Divided, Positive Median Barrier",Dry,Clear,Six o'clock,Passenger Car,Superficial,N,Stopped in Traffic Lane,2015-03-16 0:00,32,39.0195713,-77.01332867,3,3,우회전 차선 사고,동일 방향 운행 중 추돌 사고
2587,N,Apparently Normal,No Misuse,N,No Injury,e185ca8e-29b7-4f34-898a-ff39c1e47c6e,D,MCP2732000M,Shoulder/Lap Belt(s),F,3f414ab4-e742-4196-8d5a-f0732dbef532,Head On Left Turn,N,Non Intersection,Left Turn Lane,Dark No Lights,No Defects,"Two-way, Not Divided",Ice,Snow,Twelve o'clock,"Medium/Heavy Truck 2 axles (10,000 lbs (4,536 kg) or less)",No Damage,N,Moving Constant Speed,2015-02-14 17:58,45,39.09285333,-77.01483667,0,0,눈길사고,감속 중 사고
2588,N,Apparently Normal,No Misuse,Y,No Injury,be21d713-3686-4bcf-8e96-00217e41c163,D,MCP2732000M,Shoulder/Lap Belt(s),M,33313bcf-71c5-47d9-804e-de0fb7f8d883,Head On Left Turn,N,Non Intersection,Left Turn Lane,Dark No Lights,No Defects,"Two-way, Not Divided",Ice,Snow,Four o'clock,Passenger Car,Functional,N,Moving Constant Speed,2015-02-14 17:58,52,39.09285333,-77.01483667,0,0,눈길사고,감속 중 사고
2589,N,Apparently Normal,No Misuse,Y,No Injury,c7e048b0-3719-4aeb-a385-e00da8e18a13,D,MCP2738000P,Shoulder/Lap Belt(s),F,5b4e6f6d-ae93-44cf-bcf9-d2c1a083571c,Same Direction Rear End,N,Intersection,Left Turn Lane,Daylight,No Defects,"Two-way, Not Divided",Dry,Clear,Twelve o'clock,Passenger Car,Disabling,N,Slowing or Stopping,2015-02-11 15:33,23,39.06272167,-76.96360167,1,3,좌회전 차선 사고,감속 중 사고
2590,N,Apparently Normal,No Misuse,N,No Injury,64af5ca3-683a-4276-9ff4-d20495e547c8,D,MCP27390006,Shoulder/Lap Belt(s),F,ad7286f9-7ea7-4f09-8a89-7217bc82322c,Same Direction Rear End,N,Intersection Related,Acceleration Lane,Dark Lights On,No Defects,"Two-way, Divided, Positive Median Barrier",Dry,Clear,Six o'clock,Passenger Car,Disabling,N,Stopped in Traffic Lane,2015-03-07 22:49,23,39.014725,-76.97792,1,2,좌회전 차선 사고,기타
2591,N,Apparently Normal,No Misuse,Y,No Injury,ec38dae2-37c5-451b-ae59-ee70030ab664,D,MCP2749000Q,Shoulder/Lap Belt(s),F,ba18b317-bd55-49c6-bdc5-26b54f6d9c55,Single Vehicle ,N,Non Intersection,Acceleration Lane,Dark Lights On,"Holes, Ruts, Etc.","Two-way, Divided, Positive Median Barrier",Dry,Blowing Snow,One o'clock,Passenger Car,Disabling,N,Moving Constant Speed,2015-01-08 18:30,21,39.05744333,-77.07698833,1,0,좌회전 차선 사고,등속 주행 중 측면 추돌 사고
2592,N,Apparently Normal,No Misuse,N,No Injury,4961b76f-44b5-4649-8e0b-f45cf572a56a,D,MCP27500012,Shoulder/Lap Belt(s),F,68ae608e-43ac-43f5-be60-80b1c11c8db1,Same Direction Sideswipe,N,Non Intersection,Left Turn Lane,Daylight,No Defects,"Two-way, Divided, Positive Median Barrier",Dry,Clear,One o'clock,Passenger Car,Disabling,N,Moving Constant Speed,2015-02-20 15:20,33,39.03857667,-77.05438333,1,0,좌회전 차선 사고,등속 주행 중 측면 추돌 사고
2593,N,Apparently Normal,No Misuse,Y,No Injury,7d01b68d-93f6-4fa6-bc8c-6a63eaa93644,D,MCP27500012,Shoulder/Lap Belt(s),M,bc47338b-7691-4933-85a2-2a80de672d94,Same Direction Sideswipe,N,Non Intersection,Left Turn Lane,Daylight,No Defects,"Two-way, Divided, Positive Median Barrier",Dry,Clear,Eleven o'clock,Passenger Car,Functional,N,Moving Constant Speed,2015-02-20 15:20,90,39.03857667,-77.05438333,1,0,좌회전 차선 사고,등속 주행 중 측면 추돌 사고
2594,N,Apparently Normal,No Misuse,N,No Injury,c392a515-af68-4b67-8e6c-2fd7ed2133a5,D,MCP2761000J,Shoulder/Lap Belt(s),F,aa597e82-0520-498e-b175-b4cfb6dad664,Same Direction Rear End,N,Intersection,Right Turn Lane,Dark Lights On,No Defects,"Two-way, Divided, Positive Median Barrier",Wet,Raining,Six o'clock,Passenger Car,Functional,N,Slowing or Stopping,2015-01-03 22:34,45,39.18327667,-77.25695667,4,3,빗길사고,기타
2595,N,Apparently Normal,No Misuse,Y,Non-incapacitating Injury,18937be3-dddc-422d-8a6b-ce4530c59430,D,MCP2761000J,Shoulder/Lap Belt(s),F,8fc53d9b-99be-47e0-9f75-dad6b3afe947,Same Direction Rear End,N,Intersection,Right Turn Lane,Dark Lights On,No Defects,"Two-way, Divided, Positive Median Barrier",Wet,Raining,Twelve o'clock,Passenger Car,Functional,N,Slowing or Stopping,2015-01-03 22:34,20,39.18327667,-77.25695667,4,3,빗길사고,기타
2596,N,Apparently Normal,No Misuse,Y,No Injury,198825ef-ebf6-4079-b424-e65199417181,D,MCP2766000T,Shoulder/Lap Belt(s),F,42789108-9c82-49fe-bff9-52c24d9697b7,Head On,N,Non Intersection,Right Turn Lane,Dark No Lights,No Defects,"Two-way, Not Divided",Dry,Clear,Eleven o'clock,Passenger Car,Disabling,Y,Moving Constant Speed,2015-01-01 19:52,36,39.05628833,-77.08613667,2,2,기타,기타
2597,N,Apparently Normal,No Misuse,Y,No Injury,f07185b9-add5-4b00-9a6c-f634a8a57bb3,D,MCP2780000W,Shoulder/Lap Belt(s),F,5ae3692f-2af2-4f48-ba4d-de978a4c79c0,Single Vehicle ,N,Non Intersection,Right Turn Lane,Daylight,No Defects,"Two-way, Not Divided",Ice,Clear,One o'clock,Passenger Car,Disabling,N,Slowing or Stopping,2015-01-15 8:39,70,39.15527333,-77.25448667,2,1,기타,등속 주행 사고
2598,N,Apparently Normal,No Misuse,N,No Injury,acc3d013-9952-4f37-8d24-2262d5afdf7f,D,MCP27840019,Shoulder/Lap Belt(s),F,2165d23e-3aca-46ea-8955-b659ad05c9f3,Same Direction Sideswipe,N,Intersection Related,Right Turn Lane,Dark Lights On,No Defects,"Two-way, Divided, Positive Median Barrier",Dry,Clear,Three o'clock,Passenger Car,Functional,N,Stopped in Traffic Lane,2015-02-07 21:04,22,39.07572,-77.00226167,3,1,우회전 차선 사고,등속 주행 중 측면 추돌 사고
2599,N,Apparently Normal,No Misuse,N,No Injury,f0ea7bf1-02f7-4674-b97a-b4fefa1db9b8,D,MCP27840019,Shoulder/Lap Belt(s),M,ef6d893b-5cf2-458a-8ddf-fab7439feca8,Same Direction Sideswipe,N,Intersection Related,Right Turn Lane,Dark Lights On,No Defects,"Two-way, Divided, Positive Median Barrier",Dry,Clear,Eight o'clock,Passenger Car,Functional,N,Stopped in Traffic Lane,2015-02-07 21:04,62,39.07572,-77.00226167,3,1,우회전 차선 사고,등속 주행 중 측면 추돌 사고
2600,N,Apparently Normal,No Misuse,Y,No Injury,8feb3973-ff14-4e5c-8c8b-3f142b183f03,D,MCP2788000D,Shoulder/Lap Belt(s),F,4c6033f3-cb12-46da-b463-2054ce494eb0,Same Direction Rear End,N,Intersection Related,Right Turn Lane,Dark Lights On,No Defects,"Two-way, Divided, Positive Median Barrier",Dry,Clear,Twelve o'clock,Passenger Car,Destroyed,N,Moving Constant Speed,2015-01-03 1:33,42,39.05821833,-77.04869333,3,2,우회전 차선 사고,기타
2601,N,Apparently Normal,No Misuse,N,No Injury,419dd33b-3666-4b78-ae47-989c61f8d087,D,MCP2788000D,Shoulder/Lap Belt(s),M,e331c7e8-e66f-4280-9246-803fbf6d5cf6,Same Direction Rear End,N,Intersection Related,Right Turn Lane,Dark Lights On,No Defects,"Two-way, Divided, Positive Median Barrier",Dry,Clear,Six o'clock,Passenger Car,Functional,N,Stopped in Traffic Lane,2015-01-03 1:33,37,39.05821833,-77.04869333,3,3,우회전 차선 사고,동일 방향 운행 중 추돌 사고
2602,N,Apparently Normal,No Misuse,Y,No Injury,a0ac7f6c-eab3-4982-abac-faad96adc406,D,MCP2798000Q,Shoulder/Lap Belt(s),F,2aa4758f-2cef-4cc1-a2f8-ba34bad908f9,Same Direction Right Turn,N,Intersection,Acceleration Lane,Dark Lights On,No Defects,"Two-way, Not Divided",Slush,Clear,Ten o'clock,Passenger Car,Disabling,N,Accelerating,2015-01-06 22:57,36,38.996325,-77.028415,3,1,우회전 차선 사고,등속 주행 중 측면 추돌 사고
2603,Y,Apparently Normal,No Misuse,N,No Injury,e02391fe-f018-472c-bf13-0281e272c154,D,MCP2798000Q,Shoulder/Lap Belt(s),M,b46ba39d-f4fb-4c71-8010-b8498bec1813,Same Direction Right Turn,N,Intersection,Acceleration Lane,Dark Lights On,No Defects,"Two-way, Not Divided",Slush,Clear,Four o'clock,"Medium/Heavy Truck 2 axles (10,000 lbs (4,536 kg) or less)",Superficial,N,Making Right Turn,2015-01-06 22:57,42,38.996325,-77.028415,3,1,우회전 차선 사고,등속 주행 중 측면 추돌 사고