KEY_INDEX,CDL_FLAG,CONDITION_CODE,EQUIP_PROB_CODE,FAULT_FLAG,INJ_SEVER_CODE,PERSON_ID,PERSON_TYPE,REPORT_NO,SAF_EQUIP_CODE,SEX_CODE,VEHICLE_ID,COLLISION_TYPE_CODE,C_M_ZONE_FLAG,JUNCTION_CODE,LANE_CODE,LIGHT_CODE,RD_COND_CODE,RD_DIV_CODE,SURF_COND_CODE,WEATHER_CODE,AREA_DAMAGED_CODE_MAIN,BODY_TYPE_CODE,DAMAGE_CODE,HIT_AND_RUN_FLAG,MOVEMENT_CODE,TIME,AGE,LATITUDE,LONGITUDE,CLUSTER,SECOND_LABEL,FIRST_LABEL,SECOND_LABELING
2658,N,Apparently Normal,No Misuse,Y,No Injury,4c60f811-7d5c-404d-8fed-9e610d17a71e,D,MDTA1082000C,Shoulder/Lap Belt(s),F,186d2c62-0ab7-47f4-8417-cf86d0adf1f1,Single Vehicle ,N,Non Intersection,Right Turn Lane,Daylight,No Defects,One-way Trafficway,Wet,Raining,Twelve o'clock,Passenger Car,Disabling,N,Moving Constant Speed,2015-01-04 9:16,26,39.207696,-76.58587,4,2,빗길사고,동일 방향 운행 중 추돌 사고
2659,N,Apparently Normal,No Misuse,N,No Injury,dd050d56-c317-4577-aabd-9e7727dde0ed,D,MDTA1143000C,Shoulder/Lap Belt(s),F,5979c6e4-e67e-4bdd-a23e-6beb0f174510,Same Direction Right Turn,N,Non Intersection,Deceleration Lane,Dark Lights On,No Defects,"Two-way, Divided, Positive Median Barrier",Wet,Raining,Twelve o'clock,Van,Disabling,N,Moving Constant Speed,2015-01-03 21:33,25,39.27057039,-76.65635347,4,2,빗길사고,동일 방향 운행 중 추돌 사고
2660,N,Apparently Normal,No Misuse,Y,No Injury,c962d7a5-d75b-45e4-aa2f-2d92fad8df17,D,MDTA1143000C,Shoulder/Lap Belt(s),F,55d96a65-72b3-47a2-8cb1-ed77e7a7813d,Same Direction Right Turn,N,Non Intersection,Deceleration Lane,Dark Lights On,No Defects,"Two-way, Divided, Positive Median Barrier",Wet,Raining,One o'clock,(Sport) Utility Vehicle,Functional,N,Changing Lanes,2015-01-03 21:33,36,39.27057039,-76.65635347,4,0,빗길사고,등속 주행 중 사고
2661,N,Apparently Normal,No Misuse,Y,No Injury,e787b42f-927d-4708-a5f1-14ba9971703e,D,MDTA1217000C,Shoulder/Lap Belt(s),F,57487637-4f05-493c-873f-19e158a7fafe,Same Direction Rear End,N,Non Intersection,Right Turn Lane,Dark - Unknown Lighting,No Defects,"Two-way, Divided, Positive Median Barrier",Dry,Clear,Twelve o'clock,Van,Functional,N,Moving Constant Speed,2015-03-06 19:46,40,39.243023,-76.578484,2,3,기타,등속 주행 중 측면 추돌 사고
2662,N,Apparently Normal,No Misuse,N,Possible Incapacitating Injury,4f9a3ffe-e177-4f34-98aa-ab815678dc0c,D,MDTA1217000C,Shoulder/Lap Belt(s),F,be906d7b-c848-43f9-9496-1a967ffde3d5,Same Direction Rear End,N,Non Intersection,Right Turn Lane,Dark - Unknown Lighting,No Defects,"Two-way, Divided, Positive Median Barrier",Dry,Clear,Six o'clock,Passenger Car,Functional,N,Slowing or Stopping,2015-03-06 19:46,32,39.243023,-76.578484,2,1,기타,등속 주행 사고
2663,N,Apparently Normal,No Misuse,N,No Injury,116d9b35-81e9-4fd9-b5d8-369887c01a34,D,MDTA1217000C,Shoulder/Lap Belt(s),M,f3077a09-b6f8-4c70-a73c-4ce5c4c4568c,Same Direction Rear End,N,Non Intersection,Right Turn Lane,Dark - Unknown Lighting,No Defects,"Two-way, Divided, Positive Median Barrier",Dry,Clear,Six o'clock,Passenger Car,Superficial,N,Slowing or Stopping,2015-03-06 19:46,40,39.243023,-76.578484,2,1,기타,등속 주행 사고
2664,N,Apparently Normal,No Misuse,N,No Injury,26a67d01-1d04-4e03-9a11-a044ab8c8208,D,MDTA12280006,Shoulder/Lap Belt(s),F,91cccc4b-a32a-42f9-bfae-ff940a2c29a6,Same Direction Left Turn,N,Non Intersection,Right Turn Lane,Daylight,No Defects,One-way Trafficway,Wet,Wintry Mix,Twelve o'clock,(Sport) Utility Vehicle,Disabling,N,Moving Constant Speed,2015-03-02 8:33,37,39.082277,-76.901127,4,2,빗길사고,동일 방향 운행 중 추돌 사고
2665,N,Apparently Normal,No Misuse,Y,No Injury,2e1b4e68-a0e9-411b-8aea-29e4db9f2463,D,MDTA13530009,Shoulder/Lap Belt(s),F,f1bfc5eb-50a2-4eea-bc95-7dcb66aa3007,Same Direction Rear End,N,Non Intersection,Deceleration Lane,Dark Lights On,No Defects,"Two-way, Divided, Positive Median Barrier",Snow,Wintry Mix,Five o'clock,Passenger Car,Disabling,N,Moving Constant Speed,2015-02-02 0:09,62,39.29917005,-76.53038085,0,3,눈길사고,자차 사고
2666,N,Apparently Normal,No Misuse,N,No Injury,e90bbdc2-c199-4e04-b27d-28c27440e282,D,MDTA13530009,Shoulder/Lap Belt(s),M,74b48b05-7074-4909-b1ab-01d3e26ff7ed,Same Direction Rear End,N,Non Intersection,Deceleration Lane,Dark Lights On,No Defects,"Two-way, Divided, Positive Median Barrier",Snow,Wintry Mix,Eleven o'clock,Passenger Car,Functional,N,Moving Constant Speed,2015-02-02 0:09,28,39.29917005,-76.53038085,0,3,눈길사고,자차 사고
2667,N,Apparently Normal,No Misuse,Y,No Injury,4201db77-1a83-4520-a215-e03a8f77c3bd,D,MDTA1353000B,Shoulder Belt Only,F,a78e79cc-f286-412d-bc54-ed55f9b6e1df,Single Vehicle ,N,Non Intersection,Left Turn Lane,Dark Lights On,No Defects,"Two-way, Divided, Positive Median Barrier",Slush,Sleet,Twelve o'clock,Passenger Car,Disabling,N,Moving Constant Speed,2015-02-10 3:03,52,39.3144948,-76.53312206,1,0,좌회전 차선 사고,등속 주행 중 측면 추돌 사고
2668,N,Apparently Normal,No Misuse,N,No Injury,c66f8f10-bda3-473e-af39-cff08ba9955a,D,MDTA1375000D,Shoulder/Lap Belt(s),F,4ea2a90a-d5c7-4b33-b335-9e66ae47fbd0,Same Direction Rear End,N,Non Intersection,Right Turn Lane,Daylight,No Defects,"Two-way, Divided, Positive Median Barrier",Dry,Clear,Six o'clock,Passenger Car,Functional,N,Stopped in Traffic Lane,2015-03-27 15:10,45,39.2812113,-76.5534615,2,0,기타,자차 사고
2669,N,Apparently Normal,No Misuse,N,No Injury,b73579dc-a0d3-4426-8c00-9c7994c0a2dc,D,MDTA1375000D,Shoulder/Lap Belt(s),F,6d95df91-5664-4b7d-b1ca-78c508963910,Same Direction Rear End,N,Non Intersection,Right Turn Lane,Daylight,No Defects,"Two-way, Divided, Positive Median Barrier",Dry,Clear,Six o'clock,Passenger Car,Disabling,N,Stopped in Traffic Lane,2015-03-27 15:10,24,39.2812113,-76.5534615,2,0,기타,자차 사고
2670,N,Apparently Normal,No Misuse,N,No Injury,9ca31a24-6ce6-4b7f-902d-a7ebba05de2e,D,MDTA1375000D,Shoulder/Lap Belt(s),M,694e84dc-48b0-47d1-9fb4-f03d5470c69b,Same Direction Rear End,N,Non Intersection,Right Turn Lane,Daylight,No Defects,"Two-way, Divided, Positive Median Barrier",Dry,Clear,Six o'clock,Pickup Truck,Superficial,N,Stopped in Traffic Lane,2015-03-27 15:10,24,39.2812113,-76.5534615,2,0,기타,자차 사고
2671,N,Apparently Normal,No Misuse,Y,No Injury,7a2812be-935e-412c-8732-489a655b1c05,D,MDTA1375000D,Shoulder/Lap Belt(s),M,f041fbb7-3201-4316-8329-47710ac580a7,Same Direction Rear End,N,Non Intersection,Right Turn Lane,Daylight,No Defects,"Two-way, Divided, Positive Median Barrier",Dry,Clear,Twelve o'clock,Pickup Truck,Disabling,N,Moving Constant Speed,2015-03-27 15:10,22,39.2812113,-76.5534615,2,3,기타,등속 주행 중 측면 추돌 사고
2672,N,Apparently Normal,No Misuse,Y,No Injury,bc467d9a-ccc8-44b4-a78b-94b6a8e9a608,D,MDTA1380000B,Shoulder/Lap Belt(s),F,35773b63-6a72-4a8e-a182-29a4cc409336,Single Vehicle ,Y,Non Intersection,Acceleration Lane,Dark Lights On,No Defects,"Two-way, Divided, Positive Median Barrier",Wet,Raining,Seven o'clock,Passenger Car,Disabling,N,Changing Lanes,2015-01-03 17:28,24,39.016783,-76.410255,4,0,빗길사고,등속 주행 중 사고
2673,N,Apparently Normal,No Misuse,N,No Injury,d00ef12a-5e39-4455-9dac-091895d26b67,D,MDTA1380000F,Shoulder/Lap Belt(s),F,1beee0e2-afbf-4ff2-96bb-e2f10fd5be04,Same Direction Sideswipe,N,Non Intersection,Left Turn Lane,Dusk,No Defects,One-way Trafficway,Dry,Cloudy,Seven o'clock,(Sport) Utility Vehicle,Superficial,N,Slowing or Stopping,2015-03-27 20:13,40,38.99614031,-76.39403343,1,3,좌회전 차선 사고,감속 중 사고
2674,N,Apparently Normal,No Misuse,N,No Injury,37aade10-01b2-4cc7-844e-caf10b945297,D,MDTA1380000H,Shoulder/Lap Belt(s),F,0cabdcc1-7d7d-4339-97c8-9bece96ef97d,Same Direction Sideswipe,N,Non Intersection,Left Turn Lane,Dusk,No Defects,One-way Trafficway,Dry,Cloudy,Ten o'clock,Passenger Car,Superficial,N,Slowing or Stopping,2015-03-27 20:13,67,38.99177089,-76.37609482,1,3,좌회전 차선 사고,감속 중 사고
2675,N,Apparently Normal,No Misuse,N,No Injury,bcd1912b-0897-4afc-b7a8-09e66ca82dab,D,MDTA1380000J,Shoulder/Lap Belt(s),F,6c6b79bd-1717-4664-a613-7cbd7d343096,Same Direction Sideswipe,N,Non Intersection,Right Turn Lane,Dusk,No Defects,One-way Trafficway,Dry,Cloudy,Five o'clock,Passenger Car,Superficial,N,Slowing or Stopping,2015-03-27 20:13,22,38.99160411,-76.37502193,2,1,기타,등속 주행 사고
2676,N,Apparently Normal,No Misuse,N,No Injury,7433b01b-3ad1-4041-b62a-2dc9b3011ed8,D,MDTA1390000C,Shoulder/Lap Belt(s),F,53ffa9f7-a5b9-47d0-9512-e03205a27e5c,Same Direction Rear End,N,Non Intersection,Left Turn Lane,Dark Lights On,No Defects,"Two-way, Divided, Positive Median Barrier",Dry,Clear,Six o'clock,Passenger Car,Functional,N,Stopped in Traffic Lane,2015-02-25 21:24,34,39.24051323,-76.60646439,1,2,좌회전 차선 사고,기타
2677,N,Apparently Normal,No Misuse,Y,Non-incapacitating Injury,9ba7619e-0236-4807-a704-5ac49380c4c0,D,MDTA1390000C,Shoulder/Lap Belt(s),M,0642047b-3e0f-475c-bde7-0c123089292d,Same Direction Rear End,N,Non Intersection,Left Turn Lane,Dark Lights On,No Defects,"Two-way, Divided, Positive Median Barrier",Dry,Clear,Twelve o'clock,Passenger Car,Destroyed,N,Moving Constant Speed,2015-02-25 21:24,38,39.24051323,-76.60646439,1,0,좌회전 차선 사고,등속 주행 중 측면 추돌 사고
2678,N,Apparently Normal,No Misuse,N,Incapacitating/Disabled Injury,babe1d63-c3b2-4404-8e62-45c02aec71a2,D,MDTA1390000C,Shoulder/Lap Belt(s),M,fb387518-84fa-483d-af26-59e1029c70d2,Same Direction Rear End,N,Non Intersection,Left Turn Lane,Dark Lights On,No Defects,"Two-way, Divided, Positive Median Barrier",Dry,Clear,Six o'clock,Passenger Car,Destroyed,N,Stopped in Traffic Lane,2015-02-25 21:24,39,39.24051323,-76.60646439,1,2,좌회전 차선 사고,기타
2679,N,Apparently Normal,No Misuse,Y,No Injury,d463a3ec-7cfe-40fc-b0a0-1c4e2114b675,D,MDTA14060005,Shoulder/Lap Belt(s),F,ff5014b7-9bc4-4b14-b51b-5573fdc33186,Same Direction Rear End,N,Non Intersection,Right Turn Lane,Dawn,No Defects,"Two-way, Divided, Positive Median Barrier",Snow,Snow,Twelve o'clock,Passenger Car,Disabling,N,Moving Constant Speed,2015-01-06 5:34,57,39.27028978,-76.65743172,0,3,눈길사고,자차 사고
2680,N,Apparently Normal,No Misuse,N,No Injury,ee69a987-b69d-4bdb-bba0-4e3030c9258b,D,MDTA14060005,Shoulder/Lap Belt(s),M,b8555648-6554-4fc1-989c-a1deaf3c3c1e,Same Direction Rear End,N,Non Intersection,Right Turn Lane,Dawn,No Defects,"Two-way, Divided, Positive Median Barrier",Snow,Snow,Six o'clock,Passenger Car,Functional,N,Slowing or Stopping,2015-01-06 5:34,41,39.27028978,-76.65743172,0,1,눈길사고,등속 주행 사고
2681,N,Apparently Normal,No Misuse,Y,No Injury,d880b77b-f8aa-4f9a-bf0b-3ca2af17a1a4,D,MDTA14060005,Shoulder/Lap Belt(s),M,bae89302-6cab-4b47-813d-d03a27937710,Same Direction Rear End,N,Non Intersection,Right Turn Lane,Dawn,No Defects,"Two-way, Divided, Positive Median Barrier",Snow,Snow,Twelve o'clock,Pickup Truck,Superficial,N,Slowing or Stopping,2015-01-06 5:34,50,39.27028978,-76.65743172,0,1,눈길사고,등속 주행 사고
2682,N,Apparently Normal,No Misuse,Y,No Injury,c2f1b639-2c1c-442f-99f6-6812c2d7853a,D,MDTA14060005,Shoulder/Lap Belt(s),M,7e99b6d7-8964-42c4-ba48-bce527b6b8d0,Same Direction Rear End,N,Non Intersection,Right Turn Lane,Dawn,No Defects,"Two-way, Divided, Positive Median Barrier",Snow,Snow,Six o'clock,Pickup Truck,Functional,N,Moving Constant Speed,2015-01-06 5:34,37,39.27028978,-76.65743172,0,3,눈길사고,자차 사고
2683,N,Apparently Normal,No Misuse,Y,No Injury,89fab8a7-6bb7-41d2-ae99-ddc3efb0c6b5,D,MDTA14730009,Shoulder/Lap Belt(s),F,6d0a7dc8-d23c-47a1-b2ce-cd15c15cfe78,Same Direction Sideswipe,N,Non Intersection,Left Turn Lane,Dark Lights On,No Defects,One-way Trafficway,Dry,Clear,Three o'clock,Passenger Car,Disabling,N,Changing Lanes,2015-03-12 5:18,43,39.319492,-76.533594,1,1,좌회전 차선 사고,등속 주행 사고
2684,N,Apparently Normal,No Misuse,N,No Injury,05f7a1a3-dbc8-482e-96ec-08e52326f9c0,D,MDTA14730009,Shoulder/Lap Belt(s),M,677f923a-fca2-40a0-acf2-b21ae9f02386,Same Direction Sideswipe,N,Non Intersection,Left Turn Lane,Dark Lights On,No Defects,One-way Trafficway,Dry,Clear,Seven o'clock,Passenger Car,Functional,N,Moving Constant Speed,2015-03-12 5:18,41,39.319492,-76.533594,1,0,좌회전 차선 사고,등속 주행 중 측면 추돌 사고
2685,N,Apparently Normal,No Misuse,N,No Injury,563d5d5e-5b1d-4520-9ed2-55681e3d42c4,D,MDTA14730009,Shoulder/Lap Belt(s),M,1bbc6fc5-a6b5-4100-a552-14ff987eda37,Same Direction Sideswipe,N,Non Intersection,Left Turn Lane,Dark Lights On,No Defects,One-way Trafficway,Dry,Clear,Seven o'clock,Truck Tractor,Functional,N,Moving Constant Speed,2015-03-12 5:18,37,39.319492,-76.533594,1,0,좌회전 차선 사고,등속 주행 중 측면 추돌 사고
2686,Y,Apparently Normal,No Misuse,N,No Injury,c4bacc66-4a7b-412c-8f65-f85e0e91e6dd,D,MDTA14730009,Shoulder/Lap Belt(s),M,f6225862-0fd8-4b44-9591-88026f7bb9c7,Same Direction Sideswipe,N,Non Intersection,Left Turn Lane,Dark Lights On,No Defects,One-way Trafficway,Dry,Clear,One o'clock,Truck Tractor,Functional,N,Moving Constant Speed,2015-03-12 5:18,36,39.319492,-76.533594,1,0,좌회전 차선 사고,등속 주행 중 측면 추돌 사고
2687,N,Apparently Normal,No Misuse,N,No Injury,a02de842-7a82-4f2e-8537-0820d681943e,D,MDTA1573000J,Shoulder/Lap Belt(s),F,1d0ac27c-1aa8-41de-9a47-4844b7e080aa,Same Direction Left Turn,N,Non Intersection,Right Turn Lane,Dark Lights On,No Defects,"Two-way, Divided, Positive Median Barrier",Dry,Clear,Two o'clock,Passenger Car,Superficial,N,Moving Constant Speed,2015-01-04 0:10,24,39.26573,-76.561483,2,2,기타,기타
2688,N,Had Been Drinking,No Misuse,Y,No Injury,aa1ec13c-8b71-4d88-86ea-f4147c86e4fa,D,MDTA1573000J,Shoulder/Lap Belt(s),M,31165b7d-0994-44ba-959c-c06d760b1f6e,Same Direction Left Turn,N,Non Intersection,Right Turn Lane,Dark Lights On,No Defects,"Two-way, Divided, Positive Median Barrier",Dry,Clear,Eleven o'clock,Passenger Car,Superficial,Y,Moving Constant Speed,2015-01-04 0:10,21,39.26573,-76.561483,2,2,기타,기타
2689,N,Apparently Normal,No Misuse,N,No Injury,6c0c1ad2-a4f3-4452-9fe3-e5740fbddbd3,D,MDTA1573000K,Shoulder/Lap Belt(s),F,3eb7bb3b-46a3-4fff-a81d-f3d4a11766b5,Same Direction Left Turn,N,Non Intersection,Right Turn Lane,Dark Lights On,No Defects,"Two-way, Divided, Positive Median Barrier",Dry,Clear,Two o'clock,Passenger Car,Superficial,N,Moving Constant Speed,2015-02-15 0:00,24,39.26547654,-76.56177878,2,2,기타,기타
2690,N,Had Been Drinking,No Misuse,Y,No Injury,f930f80a-9342-4d61-aa63-061da6e1208e,D,MDTA1573000K,Shoulder/Lap Belt(s),M,058c1668-b9ab-47e5-8715-4c84b31c6265,Same Direction Left Turn,N,Non Intersection,Right Turn Lane,Dark Lights On,No Defects,"Two-way, Divided, Positive Median Barrier",Dry,Clear,Ten o'clock,Passenger Car,Superficial,Y,Moving Constant Speed,2015-02-15 0:00,21,39.26547654,-76.56177878,2,2,기타,기타
2691,N,Apparently Normal,No Misuse,N,No Injury,50dc2763-3300-4f4c-ab8f-8b669fee40c6,D,MDTA1573000M,Shoulder/Lap Belt(s),F,822111cb-4f6a-4dbb-97d6-74919df81f7b,Same Direction Rear End,N,Non Intersection,Left Turn Lane,Daylight,No Defects,"Two-way, Divided, Positive Median Barrier",Dry,Clear,Six o'clock,Passenger Car,Superficial,N,Stopped in Traffic Lane,2015-02-19 17:47,28,39.265385,-76.593625,1,2,좌회전 차선 사고,기타
2692,N,Apparently Normal,No Misuse,Y,No Injury,de4fe348-64d3-4eb6-a4f8-a0ff61ef22f6,D,MDTA1573000M,Shoulder/Lap Belt(s),F,f2af9ffa-2acb-41b0-8498-d1ecdcde166f,Same Direction Rear End,N,Non Intersection,Left Turn Lane,Daylight,No Defects,"Two-way, Divided, Positive Median Barrier",Dry,Clear,Twelve o'clock,Passenger Car,Disabling,N,Slowing or Stopping,2015-02-19 17:47,54,39.265385,-76.593625,1,3,좌회전 차선 사고,감속 중 사고
2693,N,Apparently Normal,No Misuse,N,No Injury,c494811a-3e0e-4151-80fd-c85de0a73d01,D,MDTA1573000M,Shoulder/Lap Belt(s),M,a615034f-6b62-48a8-89ce-372085000e43,Same Direction Rear End,N,Non Intersection,Left Turn Lane,Daylight,No Defects,"Two-way, Divided, Positive Median Barrier",Dry,Clear,Six o'clock,Passenger Car,Superficial,N,Stopped in Traffic Lane,2015-02-19 17:47,46,39.265385,-76.593625,1,2,좌회전 차선 사고,기타
2694,N,Apparently Normal,No Misuse,N,No Injury,da17bd39-e85f-4c9c-83a3-a6207600cf66,D,MDTA1573000M,Shoulder/Lap Belt(s),M,f84c8313-805e-4f42-8557-861fc9083629,Same Direction Rear End,N,Non Intersection,Left Turn Lane,Daylight,No Defects,"Two-way, Divided, Positive Median Barrier",Dry,Clear,Six o'clock,Passenger Car,Functional,N,Stopped in Traffic Lane,2015-02-19 17:47,22,39.265385,-76.593625,1,2,좌회전 차선 사고,기타
2695,N,Apparently Normal,No Misuse,N,No Injury,7355e78b-3af0-420a-a910-07d7869f5390,D,MDTA1573000R,Shoulder/Lap Belt(s),F,454db754-6b3b-4dd6-876d-f46fa0f3a7ea,Same Direction Left Turn,N,Non Intersection,Right Turn Lane,Dark Lights On,No Defects,One-way Trafficway,Dry,Clear,Two o'clock,Passenger Car,Superficial,N,Moving Constant Speed,2015-03-24 19:49,43,39.26067738,-76.57900929,2,2,기타,기타
2696,N,Apparently Normal,No Misuse,N,No Injury,a4dfe768-75b1-4bd5-be58-9bc8860ace54,D,MSP04860024,Shoulder/Lap Belt(s),F,5d0f40e0-a3da-4bf0-b83f-feebc4853a5f,Single Vehicle ,N,Non Intersection,Left Turn Lane,Dark No Lights,No Defects,"Two-way, Divided, Positive Median Barrier",Dry,Clear,Non-collision,Passenger Car,Destroyed,N,Moving Constant Speed,2015-02-13 20:30,48,39.62904267,-77.80668683,1,0,좌회전 차선 사고,등속 주행 중 측면 추돌 사고
2697,N,Apparently Normal,No Misuse,Y,No Injury,625379c5-df63-46f6-9b12-d7d503a8d896,D,MSP0616007W,Shoulder/Lap Belt(s),F,292871ca-aec1-4fd5-845d-440278af7771,Same Direction Rear End,N,Non Intersection,Right Turn Lane,Daylight,No Defects,One-way Trafficway,Dry,Clear,Twelve o'clock,Passenger Car,Disabling,N,Slowing or Stopping,2015-01-07 16:24,22,39.28843428,-76.74064317,2,1,기타,등속 주행 사고
2698,N,Apparently Normal,No Misuse,Y,No Injury,d55d0428-b183-4d44-be4f-1c1aac55e067,D,MSP0860000Q,Shoulder/Lap Belt(s),F,67674e58-9031-4e16-a851-1ca69aec52fb,Single Vehicle ,N,Non Intersection,Right Turn Lane,Daylight,Loose Surface Material,"Two-way, Not Divided",Snow,Snow,Three o'clock,Passenger Car,Disabling,N,Skidding,2015-02-14 11:48,35,39.4802141,-79.352882,0,2,눈길사고,미끌어짐에 의한 사고
2699,N,Apparently Normal,No Misuse,Y,No Injury,0b141e72-22d0-4009-964c-b59416db83c0,D,MSP08680002,Shoulder/Lap Belt(s),M,6408b0ba-8734-4e53-9fcb-4eb65d4b76ec,Same Direction Rear End,N,Intersection Related,Right Turn Lane,Daylight,No Defects,"Two-way, Divided, Unprotected (painted >4 feet) Median",Dry,Clear,Twelve o'clock,Passenger Car,Functional,N,Accelerating,2015-03-19 17:23,57,38.725441,-76.66013533,3,3,우회전 차선 사고,동일 방향 운행 중 추돌 사고
2700,Y,Apparently Normal,No Misuse,Y,No Injury,0dda0c4e-8df9-46df-9ecb-cce59096c150,D,MSP1205000W,Shoulder/Lap Belt(s),F,ff42a993-76bf-499b-8414-4ac090dc79aa,Single Vehicle ,N,Non Intersection,Left Turn Lane,Daylight,No Defects,"Two-way, Divided, Positive Median Barrier",Dry,Clear,One o'clock,Passenger Car,Disabling,N,Moving Constant Speed,2015-01-13 16:03,56,38.5052125,-76.98440317,1,0,좌회전 차선 사고,등속 주행 중 측면 추돌 사고
2701,N,Apparently Normal,No Misuse,Y,No Injury,3a45b070-8085-4057-ace8-5579dd7d2002,D,MSP12190013,Shoulder/Lap Belt(s),F,5a2e8826-abb3-4699-9450-637863149f1b,Single Vehicle ,N,Non Intersection,Right Turn Lane,Daylight,No Defects,"Two-way, Not Divided",Ice,Sleet,Underside,Passenger Car,Functional,N,Making U Turn,2015-03-01 12:30,59,39.64700933,-76.072922,0,2,눈길사고,미끌어짐에 의한 사고
2702,N,Apparently Normal,No Misuse,N,No Injury,7f7fef0c-b915-488c-b6e1-20a8212c7851,D,MSP12190014,Shoulder/Lap Belt(s),F,a39eb7e2-6a22-4410-91ce-0faf45132118,Same Movement Angle,N,Intersection,Right Turn Lane,Daylight,No Defects,"Two-way, Not Divided",Dry,Clear,Eleven o'clock,Station Wagon,Disabling,N,Starting From Lane,2015-03-02 11:50,83,39.5657352,-75.81085682,3,0,우회전 차선 사고,기타
2703,N,Apparently Normal,No Misuse,N,No Injury,439c845c-f85c-4c06-8c59-5e1f7a5a4ae5,D,MSP12190014,Shoulder/Lap Belt(s),F,b1ce8715-2ba9-4754-8522-b17e1b394bfa,Same Movement Angle,N,Intersection,Right Turn Lane,Daylight,No Defects,"Two-way, Not Divided",Dry,Clear,Twelve o'clock,Passenger Car,Disabling,N,Stopped in Traffic Lane,2015-03-02 11:50,66,39.5657352,-75.81085682,3,0,우회전 차선 사고,기타
2704,N,Apparently Normal,No Misuse,Y,No Injury,9657d658-c0d7-4c7f-8efc-04482aa884ed,D,MSP12930009,Shoulder/Lap Belt(s),F,c4e23312-6567-47a9-b9f4-0edcc0a6ea0f,Single Vehicle ,N,Non Intersection,Right Turn Lane,Daylight,Loose Surface Material,"Two-way, Not Divided","Mud, Dirt, Gravel",Cloudy,Eight o'clock,Passenger Car,Disabling,N,Moving Constant Speed,2015-01-15 12:18,20,39.68654882,-79.38041568,0,0,눈길사고,감속 중 사고
2705,N,Apparently Normal,No Misuse,Y,No Injury,e1b4640d-7f4b-443b-a07d-470bb5564e86,D,MSP13510009,Shoulder/Lap Belt(s),F,65a5c696-1636-4883-90b4-2ce54d447a2e,Single Vehicle ,N,Intersection,Right Turn Lane,Daylight,No Defects,"Two-way, Divided, Unprotected (painted >4 feet) Median",Wet,Raining,Nine o'clock,Passenger Car,Superficial,N,Moving Constant Speed,2015-03-20 13:35,18,38.499236,-76.53789833,4,2,빗길사고,동일 방향 운행 중 추돌 사고
2706,N,Apparently Normal,No Misuse,N,No Injury,043ca40e-6d2d-4a09-8818-129c305739e5,D,MSP14640004,Shoulder/Lap Belt(s),F,2cbd61a1-3f17-4e05-a39f-7be47b8e7fd5,Same Direction Rear End,N,Non Intersection,Right Turn Lane,Daylight,No Defects,"Two-way, Not Divided",Dry,Clear,Six o'clock,(Sport) Utility Vehicle,Superficial,N,Slowing or Stopping,2015-01-16 13:02,26,38.36424583,-75.595885,2,1,기타,등속 주행 사고
2707,N,Apparently Normal,No Misuse,Y,No Injury,c73a9429-d1ab-4ab7-9ddb-cb0794472853,D,MSP14640004,Shoulder/Lap Belt(s),M,ba40e113-26ac-4c0e-a4f6-bab0e12f6b41,Same Direction Rear End,N,Non Intersection,Right Turn Lane,Daylight,No Defects,"Two-way, Not Divided",Dry,Clear,Twelve o'clock,Police Vehicle/Non Emergency,Superficial,N,Slowing or Stopping,2015-01-16 13:02,31,38.36424583,-75.595885,2,1,기타,등속 주행 사고
2708,N,Apparently Normal,No Misuse,Y,No Injury,1c825680-238d-4780-9f99-7270c8a6891d,D,MSP16390008,Shoulder/Lap Belt(s),F,86ae771c-1889-4113-bc70-3ca6beb37cba,Same Direction Rear End,N,Non Intersection,Right Turn Lane,Daylight,No Defects,"Two-way, Divided, Positive Median Barrier",Wet,Cloudy,Twelve o'clock,Pickup Truck,Disabling,N,Slowing or Stopping,2015-02-10 10:07,56,38.64943876,-76.95923924,4,3,빗길사고,기타
2709,N,Apparently Normal,No Misuse,N,Possible Incapacitating Injury,e6aa11c6-da7c-4edb-9d93-fe2c93e7e888,D,MSP16390008,Shoulder/Lap Belt(s),F,b54ef5dc-6030-4c0b-aba7-9d07ecded8da,Same Direction Rear End,N,Non Intersection,Right Turn Lane,Daylight,No Defects,"Two-way, Divided, Positive Median Barrier",Wet,Cloudy,Six o'clock,Passenger Car,Disabling,N,Stopped in Traffic Lane,2015-02-10 10:07,29,38.64943876,-76.95923924,4,3,빗길사고,기타
2710,N,Apparently Normal,No Misuse,N,Possible Incapacitating Injury,429b6a2d-0867-4a9c-9a27-2fedd34282d5,D,MSP16390008,Shoulder/Lap Belt(s),F,3c99d80e-25f1-4534-97ec-5902327679f8,Same Direction Rear End,N,Non Intersection,Right Turn Lane,Daylight,No Defects,"Two-way, Divided, Positive Median Barrier",Wet,Cloudy,Six o'clock,Recreational Vehicle,Disabling,N,Stopped in Traffic Lane,2015-02-10 10:07,28,38.64943876,-76.95923924,4,3,빗길사고,기타
2711,N,Apparently Normal,No Misuse,Y,No Injury,b4b50195-ade3-456a-904d-836373c67010,D,MSP16700006,Shoulder/Lap Belt(s),F,79f0b3ca-01a9-4e78-bd6c-dd1b5eeb61a7,Single Vehicle ,N,Non Intersection,Right Turn Lane,Dark Lights On,No Defects,"Two-way, Divided, Positive Median Barrier",Slush,Wintry Mix,One o'clock,Pickup Truck,Functional,Y,Skidding,2015-02-01 23:00,28,39.59229591,-76.6732192,0,2,눈길사고,미끌어짐에 의한 사고