KEY_INDEX,CDL_FLAG,CONDITION_CODE,EQUIP_PROB_CODE,FAULT_FLAG,INJ_SEVER_CODE,PERSON_ID,PERSON_TYPE,REPORT_NO,SAF_EQUIP_CODE,SEX_CODE,VEHICLE_ID,COLLISION_TYPE_CODE,C_M_ZONE_FLAG,JUNCTION_CODE,LANE_CODE,LIGHT_CODE,RD_COND_CODE,RD_DIV_CODE,SURF_COND_CODE,WEATHER_CODE,AREA_DAMAGED_CODE_MAIN,BODY_TYPE_CODE,DAMAGE_CODE,HIT_AND_RUN_FLAG,MOVEMENT_CODE,TIME,AGE,LATITUDE,LONGITUDE,CLUSTER,SECOND_LABEL,FIRST_LABEL,SECOND_LABELING
2712,N,Apparently Normal,No Misuse,Y,No Injury,04339811-7db4-4b1c-ab55-678c7ede8d49,D,MSP16700008,Shoulder/Lap Belt(s),F,aa2211ae-f165-40bf-97fc-cdfe92698cc6,Single Vehicle ,Y,Non Intersection,Acceleration Lane,Dark Lights On,No Defects,"Two-way, Divided, Positive Median Barrier",Dry,Clear,Twelve o'clock,Passenger Car,Superficial,Y,Moving Constant Speed,2015-02-17 22:38,26,39.388285,-76.727418,1,0,좌회전 차선 사고,등속 주행 중 측면 추돌 사고
2713,N,Apparently Normal,No Misuse,N,No Injury,7f555bd6-4424-495a-9aa2-e2f76320a7c8,D,MSP17610010,Shoulder/Lap Belt(s),F,6e26889e-8f79-4479-9020-b3cd239dbdfc,Same Movement Angle,N,Intersection,Left Turn Lane,Dark Lights On,No Defects,"Two-way, Divided, Positive Median Barrier",Dry,Clear,Two o'clock,Passenger Car,Functional,N,Making Left Turn,2015-01-08 18:00,64,39.63853583,-78.83000733,1,1,좌회전 차선 사고,등속 주행 사고
2714,N,Apparently Normal,No Misuse,N,No Injury,580cd473-7151-4b3d-88c0-014ca49278ea,D,MSP17610010,Shoulder/Lap Belt(s),F,3d6c09d9-27e7-439b-aafc-2e5ddab3bf00,Same Movement Angle,N,Intersection,Left Turn Lane,Dark Lights On,No Defects,"Two-way, Divided, Positive Median Barrier",Dry,Clear,Twelve o'clock,(Sport) Utility Vehicle,Functional,N,Making Left Turn,2015-01-08 18:00,27,39.63853583,-78.83000733,1,1,좌회전 차선 사고,등속 주행 사고
2715,N,Apparently Normal,No Misuse,Y,No Injury,040962f8-a5d5-470e-bc30-a26359dee2c1,D,MSP17610010,Shoulder/Lap Belt(s),F,358fbca5-0f59-43c9-826a-7c78dfeb1432,Same Movement Angle,N,Intersection,Left Turn Lane,Dark Lights On,No Defects,"Two-way, Divided, Positive Median Barrier",Dry,Clear,Six o'clock,Passenger Car,Disabling,N,Moving Constant Speed,2015-01-08 18:00,37,39.63853583,-78.83000733,1,0,좌회전 차선 사고,등속 주행 중 측면 추돌 사고
2716,N,Apparently Normal,No Misuse,N,No Injury,86754351-e92f-4fb5-9a1a-ddfed5ae445a,D,MSP18660010,Shoulder/Lap Belt(s),F,c1bcab2d-0d2d-40bc-bc49-adb16ea1c432,Same Movement Angle,N,Intersection,Acceleration Lane,Daylight,No Defects,"Two-way, Divided, Positive Median Barrier",Dry,Cloudy,Two o'clock,(Sport) Utility Vehicle,Disabling,N,Making Left Turn,2015-03-11 18:38,64,38.55405633,-76.05077567,1,1,좌회전 차선 사고,등속 주행 사고
2717,N,Apparently Normal,No Misuse,Y,No Injury,fd92065c-0329-4c89-a8f0-0c87e4302111,D,MSP18660010,Shoulder/Lap Belt(s),M,be676184-9d94-4fe7-9fb7-f4698d5bf205,Same Movement Angle,N,Intersection,Acceleration Lane,Daylight,No Defects,"Two-way, Divided, Positive Median Barrier",Dry,Cloudy,Twelve o'clock,(Sport) Utility Vehicle,Disabling,N,Moving Constant Speed,2015-03-11 18:38,21,38.55405633,-76.05077567,1,0,좌회전 차선 사고,등속 주행 중 측면 추돌 사고
2718,N,Apparently Normal,No Misuse,N,No Injury,55585b9d-bcc0-4d3e-b17a-d6c4f737b720,D,MSP21180012,Shoulder/Lap Belt(s),F,17b5d8f0-ba7d-42b1-9d65-87b95d6a9f37,Same Direction Right Turn,N,Non Intersection,Left Turn Lane,Daylight,No Defects,"Two-way, Divided, Positive Median Barrier",Wet,Raining,Twelve o'clock,(Sport) Utility Vehicle,Functional,N,Slowing or Stopping,2015-01-04 13:16,57,39.1388825,-76.84798467,4,0,빗길사고,등속 주행 중 사고
2719,N,Apparently Normal,No Misuse,Y,No Injury,f284dee2-2b5f-4333-85b0-8415bdb094fb,D,MSP21180012,Shoulder/Lap Belt(s),F,6f925930-7944-4339-bc6f-e00c3a1e7ef0,Same Direction Right Turn,N,Non Intersection,Left Turn Lane,Daylight,No Defects,"Two-way, Divided, Positive Median Barrier",Wet,Raining,Twelve o'clock,Van,Disabling,N,Slowing or Stopping,2015-01-04 13:16,58,39.1388825,-76.84798467,4,0,빗길사고,등속 주행 중 사고
2720,N,Apparently Normal,No Misuse,N,No Injury,3ade2563-d75b-470b-9f1b-c14cc9023dd8,D,MSP21180012,Shoulder/Lap Belt(s),M,86e2d340-c313-41cc-b596-0332c8379945,Same Direction Right Turn,N,Non Intersection,Left Turn Lane,Daylight,No Defects,"Two-way, Divided, Positive Median Barrier",Wet,Raining,Six o'clock,(Sport) Utility Vehicle,Functional,N,Slowing or Stopping,2015-01-04 13:16,45,39.1388825,-76.84798467,4,0,빗길사고,등속 주행 중 사고
2721,N,Apparently Normal,No Misuse,N,No Injury,a1b63078-6975-424f-ac1f-ca04d8e0b8aa,D,MSP21180012,Shoulder/Lap Belt(s),M,72040464-6f90-46fe-93e6-6d5f3c0bb420,Same Direction Right Turn,N,Non Intersection,Left Turn Lane,Daylight,No Defects,"Two-way, Divided, Positive Median Barrier",Wet,Raining,Six o'clock,(Sport) Utility Vehicle,Disabling,N,Changing Lanes,2015-01-04 13:16,24,39.1388825,-76.84798467,4,0,빗길사고,등속 주행 중 사고
2722,N,Apparently Normal,No Misuse,Y,No Injury,1488e8de-d0b6-472b-a810-5bf132c55c5f,D,MSP2268001W,Shoulder/Lap Belt(s),F,b148f1e2-d183-41dd-9e23-cde674089deb,Single Vehicle ,N,Non Intersection,Right Turn Lane,Daylight,No Defects,"Two-way, Not Divided",Dry,Clear,Twelve o'clock,Passenger Car,Disabling,N,Moving Constant Speed,2015-01-23 8:01,41,39.64356982,-77.54998478,2,2,기타,기타
2723,N,Apparently Normal,No Misuse,N,No Injury,e0439fb8-0483-482e-a1a8-57cd911090b7,D,MSP2268001Z,Shoulder/Lap Belt(s),F,959e9681-9e79-475b-8b8d-2f05b253c12c,Same Direction Rear End,N,Intersection Related,Right Turn Lane,Daylight,No Defects,"Two-way, Not Divided",Dry,Clear,Six o'clock,Passenger Car,Functional,N,Stopped in Traffic Lane,2015-03-23 16:16,48,39.58914382,-77.67311743,3,3,우회전 차선 사고,동일 방향 운행 중 추돌 사고
2724,N,Apparently Normal,No Misuse,Y,No Injury,595a6d34-b456-48f3-80e3-bc0afd760f42,D,MSP24150001,Shoulder/Lap Belt(s),F,36e2a7ac-973e-4697-a9d2-5c55b300d135,Same Movement Angle,N,Intersection,Right Turn Lane,Dark No Lights,No Defects,"Two-way, Not Divided",Wet,Snow,Twelve o'clock,(Sport) Utility Vehicle,Disabling,N,Starting From Lane,2015-01-26 17:55,39,39.62806897,-76.93296432,4,1,빗길사고,자차 사고
2725,N,Apparently Normal,No Misuse,N,No Injury,12d76415-57e7-4e13-b96f-c5f4b9c79687,D,MSP24150001,Shoulder/Lap Belt(s),M,38e8cb89-effd-46a1-b970-c984448bb825,Same Movement Angle,N,Intersection,Right Turn Lane,Dark No Lights,No Defects,"Two-way, Not Divided",Wet,Snow,Two o'clock,Pickup Truck,Disabling,N,Moving Constant Speed,2015-01-26 17:55,58,39.62806897,-76.93296432,4,1,빗길사고,자차 사고
2726,N,Apparently Normal,No Misuse,Y,No Injury,9174f1e2-4883-4927-ac80-5089d07628e7,D,MSP2467001S,Shoulder/Lap Belt(s),F,cf0d5f66-664e-4a0c-b40e-f7a48cd9bee2,Single Vehicle ,N,Non Intersection,Right Turn Lane,Daylight,No Defects,One-way Trafficway,Ice,Raining,Twelve o'clock,Passenger Car,Disabling,N,Moving Constant Speed,2015-03-04 7:09,29,39.698597,-78.20244467,0,0,눈길사고,감속 중 사고
2727,N,Apparently Normal,No Misuse,N,No Injury,2b16c035-f370-49bd-a797-8cdbaf6b1a6b,D,MSP26500007,Shoulder/Lap Belt(s),F,a8abb5d5-1db8-46ef-8a28-1d6d655e9963,Single Vehicle ,N,Non Intersection,Right Turn Lane,Dawn,No Defects,"Two-way, Divided, Positive Median Barrier",Dry,Cloudy,Twelve o'clock,Passenger Car,Disabling,N,Moving Constant Speed,2015-01-25 7:14,50,38.980686,-76.32756533,2,2,기타,기타
2728,N,Apparently Normal,No Misuse,Y,No Injury,fb733a59-663f-4ead-8cf6-c87273eb91f8,D,MSP2846000R,Shoulder/Lap Belt(s),F,32dddd4c-fb80-4620-9ae4-fc759ed58fc6,Single Vehicle ,N,Non Intersection,Right Turn Lane,Dusk,No Defects,"Two-way, Divided, Positive Median Barrier",Ice,Snow,Twelve o'clock,(Sport) Utility Vehicle,Disabling,N,Moving Constant Speed,2015-01-06 7:15,51,38.970209,-76.18032967,0,0,눈길사고,감속 중 사고
2729,N,Apparently Normal,No Misuse,N,No Injury,052b3128-bb13-4a3b-a636-ff3bb1682145,D,MSP30530017,Shoulder/Lap Belt(s),F,f2ab6a5b-72a3-445c-8e38-5675bbda859d,Same Movement Angle,N,Commercial Driveway,Right Turn Lane,Daylight,No Defects,"Two-way, Not Divided",Dry,Clear,Twelve o'clock,Passenger Car,Disabling,N,Moving Constant Speed,2015-01-28 9:55,50,39.67775017,-77.68342183,3,0,우회전 차선 사고,기타
2730,N,Apparently Normal,No Misuse,Y,No Injury,4735b5c3-e444-44d1-bc6c-921bd9da30a9,D,MSP30530017,Shoulder/Lap Belt(s),F,67f8a3b3-3ff7-47cb-8559-972adf400e1d,Same Movement Angle,N,Commercial Driveway,Right Turn Lane,Daylight,No Defects,"Two-way, Not Divided",Dry,Clear,Two o'clock,(Sport) Utility Vehicle,Disabling,N,Making Left Turn,2015-01-28 9:55,63,39.67775017,-77.68342183,3,0,우회전 차선 사고,기타
2731,N,Apparently Normal,No Misuse,N,No Injury,c4c311f8-f105-47be-bd43-1d2fbf5f99e5,D,MSP34500014,Shoulder/Lap Belt(s),F,fe704ed3-e286-4a8e-a45b-3d2db5784ccd,Same Direction Rear End,N,Intersection,Left Turn Lane,Daylight,No Defects,"Two-way, Divided, Positive Median Barrier",Dry,Cloudy,Six o'clock,Pickup Truck,Functional,N,Slowing or Stopping,2015-02-16 15:00,62,38.85169,-75.81557,1,3,좌회전 차선 사고,감속 중 사고
2732,N,Apparently Normal,No Misuse,Y,No Injury,7faa03ad-a984-4e7b-aacc-724d369d193f,D,MSP34500014,Shoulder/Lap Belt(s),F,adfa1f1d-d085-409c-8464-891327adc080,Same Direction Rear End,N,Intersection,Left Turn Lane,Daylight,No Defects,"Two-way, Divided, Positive Median Barrier",Dry,Cloudy,Twelve o'clock,Pickup Truck,Disabling,N,Moving Constant Speed,2015-02-16 15:00,52,38.85169,-75.81557,1,0,좌회전 차선 사고,등속 주행 중 측면 추돌 사고
2733,N,Apparently Normal,No Misuse,N,No Injury,617d7683-a27a-4f2e-bd9a-b814458f87b0,D,MSP4151000G,Shoulder/Lap Belt(s),F,a6483418-8a06-4816-8c02-c675c7bc3897,Single Vehicle ,N,Non Intersection,Right Turn Lane,Dusk,No Defects,"Two-way, Not Divided",Dry,Clear,Twelve o'clock,(Sport) Utility Vehicle,Disabling,N,Moving Constant Speed,2015-02-13 17:39,35,39.60922467,-77.81314333,2,2,기타,기타
2734,N,Apparently Normal,No Misuse,N,No Injury,ebe12b6c-7d66-4eb6-ba96-08f495c142a4,D,MSP4151000L,Shoulder/Lap Belt(s),F,7c7e3b3b-cf0e-4350-8022-be5778325ed0,Single Vehicle ,N,Non Intersection,Left Turn Lane,Daylight,No Defects,"Two-way, Divided, Positive Median Barrier",Dry,Cloudy,Twelve o'clock,(Sport) Utility Vehicle,Disabling,N,Moving Constant Speed,2015-03-13 18:24,22,39.63241733,-77.77230667,1,0,좌회전 차선 사고,등속 주행 중 측면 추돌 사고
2735,Y,Apparently Normal,No Misuse,N,No Injury,b7d2427f-af4f-4c6a-b1a6-e2b26076823a,D,MSP4405000T,Shoulder/Lap Belt(s),F,3761812b-804b-411a-893f-6ddface54a77,Same Direction Sideswipe,N,Non Intersection,Left Turn Lane,Daylight,No Defects,"Two-way, Divided, Positive Median Barrier",Dry,Clear,Seven o'clock,Truck Tractor,Superficial,N,Moving Constant Speed,2015-03-09 16:15,46,39.07299643,-76.63238462,1,0,좌회전 차선 사고,등속 주행 중 측면 추돌 사고
2736,N,Apparently Normal,No Misuse,Y,Non-incapacitating Injury,998c9e61-f9f1-4a8f-8c32-28f9f1fb7e46,D,MSP4405000T,Shoulder/Lap Belt(s),F,04de62a0-a4fa-4e87-972e-a23576072e88,Same Direction Sideswipe,N,Non Intersection,Left Turn Lane,Daylight,No Defects,"Two-way, Divided, Positive Median Barrier",Dry,Clear,Twelve o'clock,Passenger Car,Destroyed,N,Changing Lanes,2015-03-09 16:15,52,39.07299643,-76.63238462,1,1,좌회전 차선 사고,등속 주행 사고
2737,N,Apparently Normal,No Misuse,Y,No Injury,3ff875d5-71a2-4f19-9d71-3f237e305aec,D,MSP4488000C,Shoulder/Lap Belt(s),F,d022b3ad-546c-4540-997f-d180bfa3868a,Single Vehicle ,N,Non Intersection,Right Turn Lane,Daylight,No Defects,"Two-way, Not Divided",Ice,Blowing Snow,Twelve o'clock,Pickup Truck,Destroyed,N,Moving Constant Speed,2015-01-22 15:45,32,39.56446845,-79.38023623,0,0,눈길사고,감속 중 사고
2738,N,Apparently Normal,No Misuse,Y,No Injury,c47c0aa2-53f7-4fce-b31d-c4fb3f61eecd,D,MSP4488000D,Shoulder/Lap Belt(s),F,10bf310d-4611-46d9-8c73-013b5e1a467f,Single Vehicle ,N,Non Intersection,Right Turn Lane,Daylight,No Defects,"Two-way, Not Divided",Snow,Clear,Twelve o'clock,Passenger Car,Disabling,N,Moving Constant Speed,2015-02-13 15:31,26,39.70886768,-78.99040735,2,2,기타,기타
2739,N,Apparently Normal,No Misuse,Y,No Injury,43db5453-731d-4321-929e-32c0366f6662,D,MSP4488000G,Shoulder/Lap Belt(s),F,623454ec-009f-46dc-89c8-f94e0ff75d67,Single Vehicle ,N,Non Intersection,Right Turn Lane,Daylight,No Defects,"Two-way, Not Divided",Ice,Wintry Mix,Twelve o'clock,Passenger Car,Functional,N,Slowing or Stopping,2015-03-02 7:35,24,39.65592655,-79.2921369,0,1,눈길사고,등속 주행 사고
2740,N,Apparently Normal,No Misuse,Y,No Injury,ad9d988c-0285-452a-8931-7aa4f3c44820,D,MSP46220019,Shoulder/Lap Belt(s),F,19359d57-cb53-46a2-9c59-b492fa75f95c,Single Vehicle ,N,Non Intersection,Right Turn Lane,Dark Lights On,No Defects,One-way Trafficway,Wet,Clear,Eleven o'clock,Recreational Vehicle,No Damage,N,Moving Constant Speed,2015-01-04 17:04,52,39.15105483,-76.64330233,4,2,빗길사고,동일 방향 운행 중 추돌 사고
2741,N,Apparently Normal,No Misuse,N,No Injury,bfdc721e-9087-4c67-8b28-1b68abe5c4c9,D,MSP4641004N,Shoulder/Lap Belt(s),F,a1a1ce97-9e7d-4208-8a38-6fb3ac78383b,Same Direction Rear End,N,Non Intersection,Acceleration Lane,Daylight,No Defects,One-way Trafficway,Dry,Cloudy,Six o'clock,(Sport) Utility Vehicle,Superficial,N,Moving Constant Speed,2015-01-29 17:02,57,39.394837,-76.54476733,1,0,좌회전 차선 사고,등속 주행 중 측면 추돌 사고
2742,N,Apparently Normal,No Misuse,N,No Injury,6acdbbec-bbbd-4843-97b6-0ab41493364f,D,MSP4641004V,Shoulder/Lap Belt(s),F,c1523e57-82b3-43bb-8d79-c7a8862d3ed3,Same Direction Sideswipe,N,Non Intersection,Left Turn Lane,Daylight,No Defects,One-way Trafficway,Dry,Clear,Three o'clock,Van,Superficial,N,Moving Constant Speed,2015-03-16 12:30,38,39.304798,-76.746586,1,0,좌회전 차선 사고,등속 주행 중 측면 추돌 사고
2743,N,Apparently Normal,No Misuse,N,No Injury,da24f0c3-83a9-4b09-b001-d1517609b992,D,MSP4641004W,Shoulder/Lap Belt(s),F,72524319-6bf3-4a7a-b012-92e2f9c25d42,Same Direction Rear End,N,Non Intersection,Right Turn Lane,Daylight,No Defects,One-way Trafficway,Dry,Clear,Twelve o'clock,(Sport) Utility Vehicle,Superficial,N,Slowing or Stopping,2015-03-21 18:04,45,39.40175767,-76.56206083,2,1,기타,등속 주행 사고
2744,N,Apparently Normal,No Misuse,N,No Injury,1c1ba7d3-6815-4a3b-83df-28928af9d0b7,D,MSP4641004W,Shoulder/Lap Belt(s),F,53486c89-aff9-43fc-9a09-2a8847b28772,Same Direction Rear End,N,Non Intersection,Right Turn Lane,Daylight,No Defects,One-way Trafficway,Dry,Clear,Twelve o'clock,(Sport) Utility Vehicle,Disabling,N,Moving Constant Speed,2015-03-21 18:04,72,39.40175767,-76.56206083,2,3,기타,등속 주행 중 측면 추돌 사고
2745,N,Apparently Normal,No Misuse,N,No Injury,4a9d2399-6264-4ab1-9b79-6fd139b724ef,D,MSP4641004W,Shoulder/Lap Belt(s),F,765ac6a4-45a3-4182-8668-f3c1469a922f,Same Direction Rear End,N,Non Intersection,Right Turn Lane,Daylight,No Defects,One-way Trafficway,Dry,Clear,Six o'clock,Passenger Car,Superficial,N,Slowing or Stopping,2015-03-21 18:04,38,39.40175767,-76.56206083,2,1,기타,등속 주행 사고
2746,N,Apparently Normal,No Misuse,N,No Injury,c57a63c9-5044-4298-b648-c63244ccb4d8,D,MSP4641004W,Shoulder/Lap Belt(s),M,05ec8c33-115e-482c-a468-3c9afd3dab27,Same Direction Rear End,N,Non Intersection,Right Turn Lane,Daylight,No Defects,One-way Trafficway,Dry,Clear,One o'clock,Pickup Truck,Superficial,N,Moving Constant Speed,2015-03-21 18:04,52,39.40175767,-76.56206083,2,3,기타,등속 주행 중 측면 추돌 사고
2747,N,Apparently Normal,No Misuse,N,No Injury,216870c9-b5f2-4021-9856-d2cf834be064,D,MSP4641004W,Shoulder/Lap Belt(s),M,9dbf7f93-6843-44ea-9b3d-6b54c901cd44,Same Direction Rear End,N,Non Intersection,Right Turn Lane,Daylight,No Defects,One-way Trafficway,Dry,Clear,Twelve o'clock,Passenger Car,Disabling,N,Moving Constant Speed,2015-03-21 18:04,25,39.40175767,-76.56206083,2,3,기타,등속 주행 중 측면 추돌 사고
2748,N,Apparently Normal,No Misuse,N,No Injury,f2c3a658-3a0a-4d4e-92a7-817ce8b38935,D,MSP4721001J,Shoulder/Lap Belt(s),F,67fa9e54-4edd-4910-bf6d-283415167f2f,Same Movement Angle,N,Intersection,Right Turn Lane,Daylight,No Defects,"Two-way, Not Divided",Dry,Clear,Twelve o'clock,Passenger Car,Disabling,N,Moving Constant Speed,2015-03-23 10:21,22,39.58796983,-77.7316005,3,0,우회전 차선 사고,기타
2749,N,Apparently Normal,No Misuse,Y,No Injury,d7685a3b-d877-4eb2-b5b6-0d370e859c89,D,MSP4739000X,Shoulder/Lap Belt(s),F,b54e5e93-eb31-4a91-a355-46aa030147d1,Single Vehicle ,N,Non Intersection,Right Turn Lane,Daylight,No Defects,"Two-way, Not Divided",Ice,Clear,Twelve o'clock,Passenger Car,Disabling,N,Moving Constant Speed,2015-02-15 15:31,82,38.958524,-76.20891367,2,2,기타,기타
2750,N,Apparently Normal,No Misuse,Y,No Injury,05398e3a-98e3-40fa-97dc-fc95926f0b4c,D,MSP47500012,Shoulder/Lap Belt(s),F,7b08e150-5932-4666-9071-3376dcc6d424,Single Vehicle ,N,Non Intersection,Right Turn Lane,Dark No Lights,No Defects,"Two-way, Not Divided",Ice,Raining,Eleven o'clock,Passenger Car,Functional,N,Moving Constant Speed,2015-01-12 0:31,24,39.6052255,-76.33569233,0,0,눈길사고,감속 중 사고
2751,N,Apparently Normal,No Misuse,N,No Injury,a69c0e7d-c804-442a-8c2d-a4af92895161,D,MSP47500016,Shoulder/Lap Belt(s),F,e4d0d5d0-b384-49fd-aae8-8f5cb1ebadd9,Same Direction Rear End,N,Non Intersection,Right Turn Lane,Daylight,No Defects,"Two-way, Not Divided",Dry,Clear,Six o'clock,Recreational Vehicle,Functional,N,Stopped in Traffic Lane,2015-01-29 16:27,38,39.53231312,-76.44645452,2,0,기타,자차 사고
2752,N,Apparently Normal,No Misuse,Y,No Injury,cb70986f-4330-4747-a36e-cf618bf97514,D,MSP47500016,Shoulder/Lap Belt(s),M,260bd498-d150-4b9a-a605-ddfb99a315e8,Same Direction Rear End,N,Non Intersection,Right Turn Lane,Daylight,No Defects,"Two-way, Not Divided",Dry,Clear,Twelve o'clock,Passenger Car,Functional,N,Moving Constant Speed,2015-01-29 16:27,34,39.53231312,-76.44645452,2,3,기타,등속 주행 중 측면 추돌 사고
2753,N,Apparently Normal,No Misuse,N,No Injury,db17e8f5-d9db-41ef-83e1-c1e570e0c10c,D,MSP47500017,Shoulder/Lap Belt(s),F,39b8b3ee-cce9-4860-a65d-c7a303d9b2d1,Same Direction Rear End,N,Intersection,Right Turn Lane,Dark Lights On,No Defects,"Two-way, Not Divided",Dry,Clear,Twelve o'clock,Recreational Vehicle,Disabling,N,Moving Constant Speed,2015-02-23 18:31,27,39.55307972,-76.48792684,3,2,우회전 차선 사고,기타
2754,N,Apparently Normal,No Misuse,N,Non-incapacitating Injury,6a45fb4b-b63a-4cdc-b1e6-092e8f7a3f0d,D,MSP47500017,Shoulder/Lap Belt(s),F,62094220-a021-4c36-8f7b-ca98c651421e,Same Direction Rear End,N,Intersection,Right Turn Lane,Dark Lights On,No Defects,"Two-way, Not Divided",Dry,Clear,Three o'clock,Recreational Vehicle,Destroyed,N,Stopped in Traffic Lane,2015-02-23 18:31,58,39.55307972,-76.48792684,3,3,우회전 차선 사고,동일 방향 운행 중 추돌 사고
2755,N,Apparently Normal,No Misuse,Y,No Injury,76c8c768-460d-4648-8a73-297727734f04,D,MSP47500017,Shoulder/Lap Belt(s),M,849072bb-7ded-478f-b2c2-a4f201948a9f,Same Direction Rear End,N,Intersection,Right Turn Lane,Dark Lights On,No Defects,"Two-way, Not Divided",Dry,Clear,Twelve o'clock,Recreational Vehicle,Disabling,N,Moving Constant Speed,2015-02-23 18:31,20,39.55307972,-76.48792684,3,2,우회전 차선 사고,기타
2756,N,Apparently Normal,No Misuse,Y,No Injury,7dbfb029-fcb3-4025-9b61-0fecc31f4c1c,D,MSP47500018,Shoulder/Lap Belt(s),F,6fe121b5-32c5-4552-9755-6dd7ecd30f97,Head On Left Turn,N,Intersection,Right Turn Lane,Daylight,No Defects,"Two-way, Not Divided",Dry,Clear,Four o'clock,Passenger Car,Functional,N,Making Left Turn,2015-02-27 14:52,65,39.57393934,-76.3539505,3,1,우회전 차선 사고,등속 주행 중 측면 추돌 사고
2757,N,Apparently Normal,No Misuse,N,No Injury,ec82e8e8-bafe-4168-b778-2cad6f41bde7,D,MSP47500018,Shoulder/Lap Belt(s),M,e1867cd9-8795-4d66-8fd6-159171647b3d,Head On Left Turn,N,Intersection,Right Turn Lane,Daylight,No Defects,"Two-way, Not Divided",Dry,Clear,Twelve o'clock,Passenger Car,Disabling,N,Moving Constant Speed,2015-02-27 14:52,48,39.57393934,-76.3539505,3,2,우회전 차선 사고,기타
2758,N,Apparently Normal,No Misuse,N,No Injury,7d227064-df4c-45be-8451-35062f90ba8e,D,MSP4772004G,Shoulder/Lap Belt(s),F,2d256f9f-7cda-42f9-b484-a5ccaa5ae353,Same Direction Rear End,N,Non Intersection,Acceleration Lane,Dark Lights On,No Defects,"Two-way, Divided, Positive Median Barrier",Dry,Clear,Six o'clock,(Sport) Utility Vehicle,Functional,N,Slowing or Stopping,2015-02-25 17:55,27,39.40948817,-76.57981933,1,3,좌회전 차선 사고,감속 중 사고
2759,N,Apparently Normal,No Misuse,Y,No Injury,393752bd-db53-40a4-ad45-fd053c89c82d,D,MSP4772004G,Shoulder/Lap Belt(s),M,157ffc16-e9b5-482f-947f-4b15039f2b52,Same Direction Rear End,N,Non Intersection,Acceleration Lane,Dark Lights On,No Defects,"Two-way, Divided, Positive Median Barrier",Dry,Clear,Twelve o'clock,Passenger Car,Disabling,N,Slowing or Stopping,2015-02-25 17:55,81,39.40948817,-76.57981933,1,3,좌회전 차선 사고,감속 중 사고
2760,N,Apparently Normal,No Misuse,N,No Injury,0ff166ae-6a79-4699-b5a9-9e7ef4190f47,D,MSP48260001,Shoulder/Lap Belt(s),F,7217eab9-88f6-4765-ab35-ae0beea5439d,Same Direction Rear End,N,Non Intersection,Right Turn Lane,Dawn,No Defects,"Two-way, Divided, Positive Median Barrier",Dry,Clear,Six o'clock,Passenger Car,Superficial,N,Stopped in Traffic Lane,2015-02-11 7:01,62,39.0581425,-77.1549424,2,0,기타,자차 사고
2761,N,Apparently Normal,No Misuse,Y,No Injury,c75a0c73-4944-4245-b3fa-562cb01156ac,D,MSP48260001,Shoulder/Lap Belt(s),M,4428d9fe-20ab-403e-af1e-2b9b9faa0fa7,Same Direction Rear End,N,Non Intersection,Right Turn Lane,Dawn,No Defects,"Two-way, Divided, Positive Median Barrier",Dry,Clear,Twelve o'clock,Passenger Car,Disabling,N,Moving Constant Speed,2015-02-11 7:01,44,39.0581425,-77.1549424,2,3,기타,등속 주행 중 측면 추돌 사고
2762,N,Apparently Normal,No Misuse,N,No Injury,b00eef68-f5b0-4995-86a5-ce997a1cebc0,D,MSP4830000Q,Shoulder/Lap Belt(s),F,99cc66d1-bcbc-4859-8d63-5bbd4486148c,Same Movement Angle,N,Intersection,Right Turn Lane,Daylight,No Defects,"Two-way, Not Divided",Dry,Clear,Eight o'clock,(Sport) Utility Vehicle,Functional,N,Moving Constant Speed,2015-02-18 12:48,40,38.631516,-75.745613,3,0,우회전 차선 사고,기타
2763,N,Apparently Normal,No Misuse,Y,No Injury,f5e8cfcc-cc56-495d-a264-2fffc4f0328c,D,MSP4830000Q,Shoulder/Lap Belt(s),M,6237cdba-3954-4262-9fd3-b057a638c512,Same Movement Angle,N,Intersection,Right Turn Lane,Daylight,No Defects,"Two-way, Not Divided",Dry,Clear,Twelve o'clock,Van,Disabling,N,Starting From Lane,2015-02-18 12:48,80,38.631516,-75.745613,3,0,우회전 차선 사고,기타
2764,N,Apparently Normal,No Misuse,Y,No Injury,a5a9fc0b-3245-471e-b995-f62927f49fc7,D,MSP4846000V,Shoulder/Lap Belt(s),F,71e668a0-5af0-4364-9415-0a4793209eb7,Head On Left Turn,Y,Intersection,Left Turn Lane,Daylight,No Defects,"Two-way, Divided, Positive Median Barrier",Dry,Clear,Twelve o'clock,Passenger Car,Functional,N,Moving Constant Speed,2015-02-19 10:50,30,39.37974133,-76.45411883,1,0,좌회전 차선 사고,등속 주행 중 측면 추돌 사고
2765,N,Apparently Normal,No Misuse,N,Non-incapacitating Injury,166a6480-a11a-422b-b1e3-85fd014ef5b6,D,MSP4846000V,Shoulder/Lap Belt(s),M,61b8a5d1-040a-49fe-8189-3a3aa682403a,Head On Left Turn,Y,Intersection,Left Turn Lane,Daylight,No Defects,"Two-way, Divided, Positive Median Barrier",Dry,Clear,Seven o'clock,Police Vehicle/Emergency,Disabling,N,Making Left Turn,2015-02-19 10:50,48,39.37974133,-76.45411883,1,1,좌회전 차선 사고,등속 주행 사고
2766,N,Apparently Normal,No Misuse,N,No Injury,af0e52fe-49e9-47fe-b414-2004ccfad056,D,MSP4899004N,Shoulder/Lap Belt(s),F,5c19aa43-ae16-402c-9c62-c0fab89079c5,Same Direction Rear End,N,Non Intersection,Right Turn Lane,Dark No Lights,No Defects,"Two-way, Divided, Positive Median Barrier",Wet,Raining,Six o'clock,Police Vehicle/Non Emergency,Functional,N,Slowing or Stopping,2015-03-10 18:57,39,39.51354517,-76.6629255,4,3,빗길사고,기타