KEY_INDEX,CDL_FLAG,CONDITION_CODE,EQUIP_PROB_CODE,FAULT_FLAG,INJ_SEVER_CODE,PERSON_ID,PERSON_TYPE,REPORT_NO,SAF_EQUIP_CODE,SEX_CODE,VEHICLE_ID,COLLISION_TYPE_CODE,C_M_ZONE_FLAG,JUNCTION_CODE,LANE_CODE,LIGHT_CODE,RD_COND_CODE,RD_DIV_CODE,SURF_COND_CODE,WEATHER_CODE,AREA_DAMAGED_CODE_MAIN,BODY_TYPE_CODE,DAMAGE_CODE,HIT_AND_RUN_FLAG,MOVEMENT_CODE,TIME,AGE,LATITUDE,LONGITUDE,CLUSTER,SECOND_LABEL,FIRST_LABEL,SECOND_LABELING
2767,N,Apparently Normal,No Misuse,Y,No Injury,d62d0c2a-8cba-445f-9f64-4da3d69b00f5,D,MSP4899004N,Shoulder/Lap Belt(s),M,33b62fab-81ca-42de-9b91-ea9f70024366,Same Direction Rear End,N,Non Intersection,Right Turn Lane,Dark No Lights,No Defects,"Two-way, Divided, Positive Median Barrier",Wet,Raining,Twelve o'clock,Pickup Truck,Functional,N,Slowing or Stopping,2015-03-10 18:57,71,39.51354517,-76.6629255,4,3,빗길사고,기타
2768,N,Apparently Normal,No Misuse,N,No Injury,c3749a49-7c7c-4cb7-841e-a9ba13928e53,D,MSP4899004P,Shoulder/Lap Belt(s),F,e48ebc2e-52c2-47ad-a69b-d332dc73bbf9,Same Direction Rear End,N,Non Intersection,Left Turn Lane,Dusk,No Defects,"Two-way, Divided, Positive Median Barrier",Dry,Clear,Six o'clock,(Sport) Utility Vehicle,Functional,N,Slowing or Stopping,2015-03-11 18:32,40,39.33820333,-76.46979283,1,3,좌회전 차선 사고,감속 중 사고
2769,N,Apparently Normal,No Misuse,N,No Injury,ab0b86f2-8f63-4cc9-bf22-e9ab33e6df2e,D,MSP4899004P,Shoulder/Lap Belt(s),M,6d601929-3d25-41c2-bf1f-908930692a27,Same Direction Rear End,N,Non Intersection,Left Turn Lane,Dusk,No Defects,"Two-way, Divided, Positive Median Barrier",Dry,Clear,Six o'clock,Passenger Car,Functional,N,Slowing or Stopping,2015-03-11 18:32,28,39.33820333,-76.46979283,1,3,좌회전 차선 사고,감속 중 사고
2770,N,Apparently Normal,No Misuse,Y,No Injury,92a4edcb-1e25-4513-8ff6-f4410c0bb16a,D,MSP4899004P,Shoulder/Lap Belt(s),M,220b28c7-b908-4c8f-80b8-9bb9be375001,Same Direction Rear End,N,Non Intersection,Left Turn Lane,Dusk,No Defects,"Two-way, Divided, Positive Median Barrier",Dry,Clear,Twelve o'clock,Passenger Car,Disabling,N,Moving Constant Speed,2015-03-11 18:32,35,39.33820333,-76.46979283,1,0,좌회전 차선 사고,등속 주행 중 측면 추돌 사고
2771,N,Apparently Normal,No Misuse,N,No Injury,0c49160f-8e61-4c38-a07c-3b4215d5a6e2,D,MSP4899004W,Shoulder/Lap Belt(s),F,787973b7-0584-4aa5-b2e2-66d2416f6352,Same Direction Rear End,N,Non Intersection,Acceleration Lane,Daylight,No Defects,"Two-way, Divided, Positive Median Barrier",Dry,Cloudy,Four o'clock,Pickup Truck,Functional,N,Moving Constant Speed,2015-03-28 13:35,28,39.33127677,-76.48698807,1,0,좌회전 차선 사고,등속 주행 중 측면 추돌 사고
2772,N,Apparently Normal,No Misuse,Y,No Injury,6f42947d-5ea1-497d-9707-e5c32a64ce34,D,MSP4925001B,Shoulder/Lap Belt(s),M,ff8347aa-55e3-4c94-a415-38cf4a409e03,Same Direction Rear End,N,Intersection,Left Turn Lane,Dark Lights On,No Defects,"Two-way, Not Divided",Ice,Cloudy,Twelve o'clock,Passenger Car,Disabling,N,Moving Constant Speed,2015-02-18 20:17,24,38.37521117,-75.50376783,0,3,눈길사고,자차 사고
2773,N,Apparently Normal,No Misuse,Y,No Injury,64f1fbaf-335b-4ffc-a0f5-99c9a6ccc3e7,D,MSP4939000N,Shoulder/Lap Belt(s),F,daba8b9c-b18e-4cfd-8921-d46218f6e669,Single Vehicle ,N,Non Intersection,Right Turn Lane,Daylight,No Defects,"Two-way, Not Divided",Snow,Blowing Snow,Twelve o'clock,Van,Functional,N,Skidding,2015-02-19 9:10,18,38.74386835,-75.88060481,0,2,눈길사고,미끌어짐에 의한 사고
2774,N,Apparently Normal,No Misuse,Y,No Injury,2c73eda3-ab0c-46fa-84b8-8349c6d037c0,D,MSP49760017,Shoulder/Lap Belt(s),F,8b7147ac-3dcf-4971-add8-b3605b09d2f1,Same Movement Angle,N,Intersection,Right Turn Lane,Dark No Lights,No Defects,"Two-way, Not Divided",Dry,Cloudy,Nine o'clock,(Sport) Utility Vehicle,Disabling,N,Starting From Lane,2015-02-16 17:31,52,39.67801167,-76.1588885,3,0,우회전 차선 사고,기타
2775,N,Apparently Normal,No Misuse,N,No Injury,5b0a1f08-58ac-4d91-8dae-3e17b32e8d91,D,MSP49760017,Shoulder/Lap Belt(s),M,077031a3-afd0-4264-9aec-803427a3845f,Same Movement Angle,N,Intersection,Right Turn Lane,Dark No Lights,No Defects,"Two-way, Not Divided",Dry,Cloudy,Twelve o'clock,"Cargo Van/Light Truck 2 axles (10,000 lbs (4,536 kg) or less)",Disabling,N,Moving Constant Speed,2015-02-16 17:31,65,39.67801167,-76.1588885,3,0,우회전 차선 사고,기타
2776,N,Apparently Normal,No Misuse,Y,No Injury,d041a6de-2c46-45af-87f0-4f6cb45ad5ad,D,MSP49760019,Shoulder/Lap Belt(s),F,3bfb3ad4-b485-43a6-b9cc-1d1e1e220321,Same Movement Angle,N,Intersection,Right Turn Lane,Dark No Lights,No Defects,"Two-way, Not Divided",Dry,Clear,Eleven o'clock,Passenger Car,Disabling,N,Starting From Lane,2015-02-17 18:02,57,39.67783583,-76.15922567,3,0,우회전 차선 사고,기타
2777,N,Apparently Normal,No Misuse,N,No Injury,0fe6cf03-4bf4-42a9-9376-a8172537318c,D,MSP49760019,Shoulder/Lap Belt(s),M,767ef18b-630e-4588-8256-ebba31b44905,Same Movement Angle,N,Intersection,Right Turn Lane,Dark No Lights,No Defects,"Two-way, Not Divided",Dry,Clear,Twelve o'clock,Pickup Truck,Disabling,N,Moving Constant Speed,2015-02-17 18:02,29,39.67783583,-76.15922567,3,0,우회전 차선 사고,기타
2778,N,Apparently Normal,No Misuse,N,No Injury,5c3d5487-2e6b-40cb-8167-c399d7c9d408,D,MSP4994000Q,Shoulder/Lap Belt(s),F,49d72e0a-15ef-465b-8729-e7049264e079,Single Vehicle ,N,Non Intersection,Right Turn Lane,Dark No Lights,No Defects,"Two-way, Divided, Positive Median Barrier",Wet,Raining,Twelve o'clock,Recreational Vehicle,Disabling,N,Moving Constant Speed,2015-01-04 19:25,43,39.64113092,-78.87438383,4,2,빗길사고,동일 방향 운행 중 추돌 사고
2779,N,Apparently Normal,No Misuse,N,No Injury,f25cc2ac-4d58-49d1-902e-c52eb9e22d8c,D,MSP4994000T,Shoulder/Lap Belt(s),F,db500005-3858-41f4-bd42-556d39364e4a,Same Direction Rear End,N,Non Intersection,Left Turn Lane,Daylight,No Defects,"Two-way, Divided, Positive Median Barrier",Dry,Clear,Six o'clock,Passenger Car,Disabling,N,Moving Constant Speed,2015-02-08 16:10,24,39.69846765,-78.38652417,1,0,좌회전 차선 사고,등속 주행 중 측면 추돌 사고
2780,N,Apparently Normal,No Misuse,Y,No Injury,60a6b977-82dd-4f45-b46f-c1cedeb4d2ce,D,MSP4994000T,Shoulder/Lap Belt(s),F,59f1e421-d694-4bc3-b532-7cbfbc953140,Same Direction Rear End,N,Non Intersection,Left Turn Lane,Daylight,No Defects,"Two-way, Divided, Positive Median Barrier",Dry,Clear,Twelve o'clock,Passenger Car,Disabling,N,Moving Constant Speed,2015-02-08 16:10,28,39.69846765,-78.38652417,1,0,좌회전 차선 사고,등속 주행 중 측면 추돌 사고
2781,N,Apparently Normal,No Misuse,Y,No Injury,b5bb1af5-2ef0-4180-9afd-ee44b1b6d4fd,D,MSP4994000X,Shoulder/Lap Belt(s),F,0699a39f-5463-4512-81ef-0da0963f2b98,Single Vehicle ,N,Non Intersection,Right Turn Lane,Daylight,No Defects,"Two-way, Not Divided",Dry,Cloudy,Twelve o'clock,Van,Disabling,N,Moving Constant Speed,2015-03-25 12:20,36,39.66355765,-78.81319767,2,2,기타,기타
2782,N,Apparently Normal,No Misuse,N,No Injury,0d09732f-8c21-40ad-93aa-a4c0f848d1da,D,MSP49990017,Shoulder/Lap Belt(s),F,a2b2d7da-146f-4839-a239-55daaa1cec33,Single Vehicle ,N,Non Intersection,Right Turn Lane,Daylight,No Defects,"Two-way, Not Divided",Ice,Sleet,One o'clock,Passenger Car,Destroyed,N,Skidding,2015-01-12 10:26,19,39.523514,-75.801763,0,2,눈길사고,미끌어짐에 의한 사고
2783,N,Apparently Normal,No Misuse,N,Possible Incapacitating Injury,5bb2d4a2-0953-46b2-9a92-82066f853115,D,MSP4999001D,Shoulder/Lap Belt(s),M,1c19801a-5fd1-477d-bbd7-aed64140bc9c,Same Direction Rear End,N,Non Intersection,Right Turn Lane,Daylight,No Defects,"Two-way, Not Divided",Dry,Clear,Six o'clock,Passenger Car,Disabling,N,Slowing or Stopping,2015-03-12 17:36,53,39.59828683,-75.82756783,2,1,기타,등속 주행 사고
2784,N,Apparently Normal,No Misuse,N,No Injury,f1e078a0-141f-4749-9e32-f5b653ece2ef,D,MSP5047000T,Shoulder/Lap Belt(s),F,d0b1b713-cae8-4df1-837b-1f7d966e0189,Same Direction Left Turn,N,Non Intersection,Right Turn Lane,Daylight,No Defects,"Two-way, Divided, Positive Median Barrier",Dry,Clear,Four o'clock,(Sport) Utility Vehicle,Superficial,N,Moving Constant Speed,2015-03-27 7:21,54,39.38862004,-76.53007,2,2,기타,기타
2785,N,Apparently Normal,No Misuse,Y,No Injury,18d0005b-bc7f-4539-94b3-64139d1c6924,D,MSP50510004,Shoulder Belt Only,F,b013aa3e-f898-4f8e-b972-0b76c74b818d,Same Direction Rear End,N,Non Intersection,Right Turn Lane,Dark No Lights,No Defects,One-way Trafficway,Dry,Clear,Twelve o'clock,Passenger Car,Destroyed,N,Accelerating,2015-02-13 18:39,48,38.1829035,-75.68984179,2,0,기타,자차 사고
2786,N,Apparently Normal,No Misuse,N,No Injury,3376efbf-8d8b-4b83-995e-4dc29d2c29cd,D,MSP50510004,Shoulder/Lap Belt(s),M,018ac2b9-ab54-4e15-bed6-72aca1a97994,Same Direction Rear End,N,Non Intersection,Right Turn Lane,Dark No Lights,No Defects,One-way Trafficway,Dry,Clear,Six o'clock,Passenger Car,Functional,N,Slowing or Stopping,2015-02-13 18:39,78,38.1829035,-75.68984179,2,1,기타,등속 주행 사고
2787,N,Apparently Normal,No Misuse,N,No Injury,c4c950cd-9f79-4f18-9857-e9219aa70910,D,MSP50900037,Shoulder/Lap Belt(s),F,d295b8bf-4d8c-4373-bb68-f94c5bf029a4,Same Direction Rear End,Y,Non Intersection,Right Turn Lane,Dark No Lights,No Defects,"Two-way, Not Divided",Dry,Clear,Six o'clock,Passenger Car,Disabling,N,Slowing or Stopping,2015-01-01 18:00,39,39.34778617,-77.28852583,2,1,기타,등속 주행 사고
2788,N,Apparently Normal,No Misuse,N,No Injury,0bbc1707-4c74-4026-9c61-9923faf97559,D,MSP50900037,Shoulder/Lap Belt(s),M,995cfa4c-9ffc-4661-a09c-9639cf6e643b,Same Direction Rear End,Y,Non Intersection,Right Turn Lane,Dark No Lights,No Defects,"Two-way, Not Divided",Dry,Clear,Six o'clock,Passenger Car,Functional,N,Slowing or Stopping,2015-01-01 18:00,54,39.34778617,-77.28852583,2,1,기타,등속 주행 사고
2789,N,Apparently Normal,No Misuse,Y,No Injury,cbcfd2a8-9be1-48e2-8dd5-f2e026c79f0e,D,MSP50900037,Shoulder/Lap Belt(s),M,53a591d9-d04c-40ec-b12e-05be9dd81c73,Same Direction Rear End,Y,Non Intersection,Right Turn Lane,Dark No Lights,No Defects,"Two-way, Not Divided",Dry,Clear,Twelve o'clock,Passenger Car,Functional,N,Moving Constant Speed,2015-01-01 18:00,23,39.34778617,-77.28852583,2,3,기타,등속 주행 중 측면 추돌 사고
2790,N,Apparently Normal,No Misuse,Y,No Injury,6dcc75f0-260a-4aaa-918f-edbf7755a177,D,MSP5090003B,Shoulder/Lap Belt(s),F,c13769ce-fac7-470d-ac44-07af9083e8c2,Same Direction Left Turn,N,Non Intersection,Left Turn Lane,Dark No Lights,No Defects,"Two-way, Divided, Positive Median Barrier",Wet,Snow,Ten o'clock,(Sport) Utility Vehicle,Superficial,N,Passing,2015-01-26 20:32,56,39.42230567,-77.48765633,4,0,빗길사고,등속 주행 중 사고
2791,N,Apparently Normal,No Misuse,N,No Injury,4db0778d-6e68-40c1-b212-6a16235827f3,D,MSP5093002K,Shoulder/Lap Belt(s),F,51f5f6a7-6b38-4301-8871-2b640704239d,Same Direction Rear End,N,Non Intersection,Right Turn Lane,Daylight,No Defects,"Two-way, Not Divided",Dry,Clear,Six o'clock,Passenger Car,Functional,N,Stopped in Traffic Lane,2015-02-11 7:51,26,39.55530317,-76.27652667,2,0,기타,자차 사고
2792,N,Apparently Normal,No Misuse,Y,No Injury,802a7556-0098-465a-9af2-318338e41196,D,MSP5093002K,Shoulder/Lap Belt(s),F,9167d404-91cc-4967-90d4-1729be6531e4,Same Direction Rear End,N,Non Intersection,Right Turn Lane,Daylight,No Defects,"Two-way, Not Divided",Dry,Clear,Twelve o'clock,Van,Superficial,N,Moving Constant Speed,2015-02-11 7:51,72,39.55530317,-76.27652667,2,3,기타,등속 주행 중 측면 추돌 사고
2793,N,Apparently Normal,No Misuse,N,No Injury,4f12cc81-212c-4dea-bcf0-37ba83363760,D,MSP5097000T,Shoulder/Lap Belt(s),F,a259fa51-3d09-489d-a1b1-5e111a5c0797,Same Direction Sideswipe,N,Non Intersection,Left Turn Lane,Daylight,No Defects,"Two-way, Divided, Positive Median Barrier",Dry,Clear,Two o'clock,Van,Functional,N,Moving Constant Speed,2015-02-20 10:40,53,39.17956,-76.633832,1,0,좌회전 차선 사고,등속 주행 중 측면 추돌 사고
2794,N,Apparently Normal,No Misuse,Y,No Injury,2991661c-3b89-49b6-b581-e61a356a6090,D,MSP5097000T,Shoulder/Lap Belt(s),F,8087cf1e-a180-45fb-9c1b-509d60892fc1,Same Direction Sideswipe,N,Non Intersection,Left Turn Lane,Daylight,No Defects,"Two-way, Divided, Positive Median Barrier",Dry,Clear,Ten o'clock,Pickup Truck,Functional,N,Changing Lanes,2015-02-20 10:40,26,39.17956,-76.633832,1,1,좌회전 차선 사고,등속 주행 사고
2795,N,Apparently Normal,No Misuse,Y,No Injury,71833cf6-0124-4df7-8b58-a1ea8996c2e1,D,MSP5097000W,Shoulder/Lap Belt(s),F,0820377a-b42c-433b-bf74-a3f0855b01f1,Single Vehicle ,N,Non Intersection,Left Turn Lane,Daylight,No Defects,"Two-way, Divided, Positive Median Barrier",Dry,Clear,Roof Top,(Sport) Utility Vehicle,Destroyed,N,Skidding,2015-03-18 9:50,33,39.142451,-76.64458383,1,1,좌회전 차선 사고,등속 주행 사고
2796,N,Apparently Normal,No Misuse,N,No Injury,00e2199f-5a36-45e5-88cc-e678191bd8a6,D,MSP51630022,Shoulder/Lap Belt(s),F,eaf5ffdb-edbc-4c2e-ba63-978d57256bd9,Same Direction Sideswipe,N,Non Intersection,Right Turn Lane,Daylight,No Defects,One-way Trafficway,Dry,Clear,Four o'clock,Passenger Car,Functional,N,Moving Constant Speed,2015-02-06 10:39,53,39.42013244,-76.64292097,2,2,기타,기타
2797,N,Apparently Normal,No Misuse,N,No Injury,d0d46f05-94e0-4a68-99ef-f4e3fda87685,D,MSP51750019,Shoulder/Lap Belt(s),F,8d9867cc-c803-41b2-9a88-fa466704748d,Head On Left Turn,N,Non Intersection,Left Turn Lane,Daylight,No Defects,"Two-way, Not Divided",Dry,Clear,Twelve o'clock,Passenger Car,Functional,N,Moving Constant Speed,2015-03-16 10:15,52,39.63950452,-75.95835686,1,0,좌회전 차선 사고,등속 주행 중 측면 추돌 사고
2798,N,Apparently Normal,No Misuse,Y,No Injury,93be40f7-81ff-4056-b935-1533eb6b8c04,D,MSP51820034,Shoulder/Lap Belt(s),F,4c9c0b7d-07ef-404b-bc40-9dfa2a8932be,Single Vehicle ,N,Non Intersection,Right Turn Lane,Dark No Lights,No Defects,"Two-way, Not Divided",Dry,Clear,Twelve o'clock,Passenger Car,Destroyed,N,Moving Constant Speed,2015-02-11 19:28,18,39.54577783,-76.52975767,2,2,기타,기타
2799,N,Apparently Normal,No Misuse,Y,No Injury,ca288ef9-f075-442b-a35a-fde76d72e147,D,MSP5182003C,Shoulder/Lap Belt(s),F,19fcf458-38fa-478a-9db4-b0e3bb540cc6,Single Vehicle ,N,Non Intersection,Right Turn Lane,Dark No Lights,No Defects,"Two-way, Not Divided",Dry,Cloudy,Roof Top,(Sport) Utility Vehicle,Disabling,N,Moving Constant Speed,2015-03-16 23:07,21,39.69834,-76.44255333,2,2,기타,기타
2800,N,Apparently Normal,No Misuse,Y,No Injury,4ff80a21-8bbb-4933-9282-ad42cdbe53cf,D,MSP5183000B,Shoulder/Lap Belt(s),F,c693437e-d174-493c-b746-38fbccc4a3b5,Single Vehicle ,N,Non Intersection,Right Turn Lane,Dark Lights On,No Defects,"Two-way, Divided, Positive Median Barrier",Ice,Wintry Mix,Eight o'clock,"Cargo Van/Light Truck 2 axles (10,000 lbs (4,536 kg) or less)",Disabling,N,Moving Constant Speed,2015-03-01 18:35,38,39.4039605,-77.39264517,0,0,눈길사고,감속 중 사고
2801,N,Apparently Normal,No Misuse,N,No Injury,46c95f42-2468-4a16-9f96-88c0bbfb4817,D,MSP5184001W,Shoulder/Lap Belt(s),F,8ee36a0c-5955-4179-bf13-7c41fa52822e,Same Direction Rear End,N,Intersection Related,Right Turn Lane,Daylight,No Defects,"Two-way, Not Divided",Dry,Cloudy,Six o'clock,Passenger Car,Superficial,N,Slowing or Stopping,2015-03-24 8:40,56,39.192189,-77.23343,3,3,우회전 차선 사고,동일 방향 운행 중 추돌 사고
2802,N,Apparently Normal,No Misuse,Y,No Injury,3a8bbaab-1223-4421-848a-2bc398c3ce74,D,MSP5184001W,Shoulder/Lap Belt(s),M,4fff175a-eda5-4320-a5ef-bc038a23cf66,Same Direction Rear End,N,Intersection Related,Right Turn Lane,Daylight,No Defects,"Two-way, Not Divided",Dry,Cloudy,Twelve o'clock,Police Vehicle/Emergency,Disabling,N,Slowing or Stopping,2015-03-24 8:40,26,39.192189,-77.23343,3,3,우회전 차선 사고,동일 방향 운행 중 추돌 사고
2803,N,Apparently Normal,No Misuse,Y,No Injury,f77b761f-4ee4-41ab-b4ef-2e47bfcbf397,D,MSP52050021,Shoulder/Lap Belt(s),F,d6970a47-adab-4109-a30f-852224606c92,Same Direction Right Turn,N,Non Intersection,Left Turn Lane,Dark No Lights,No Defects,"Two-way, Divided, Positive Median Barrier",Snow,Snow,Four o'clock,Passenger Car,Functional,N,Changing Lanes,2015-02-14 21:52,30,39.60577467,-76.03202533,0,2,눈길사고,미끌어짐에 의한 사고
2804,N,Apparently Normal,No Misuse,Y,No Injury,fddf401e-9f3c-4aa9-965c-bec38b56d4b8,D,MSP52170008,Shoulder/Lap Belt(s),F,9350d55c-44ee-4df2-b388-cf8f6c71a3be,Same Direction Rear End,N,Non Intersection,Right Turn Lane,Daylight,No Defects,"Two-way, Divided, Positive Median Barrier",Ice,Raining,Twelve o'clock,Passenger Car,Destroyed,N,Slowing or Stopping,2015-03-01 11:29,27,38.39486929,-75.56463003,0,1,눈길사고,등속 주행 사고
2805,N,Apparently Normal,No Misuse,N,No Injury,e84ce4ce-e7d5-4c01-8da6-db0f68baaf7f,D,MSP5297001R,Shoulder/Lap Belt(s),F,5cde744e-a33a-4431-9823-102042b47f13,Same Direction Rear End,N,Non Intersection,Deceleration Lane,Daylight,No Defects,"Two-way, Divided, Positive Median Barrier",Dry,Clear,Two o'clock,Passenger Car,Disabling,N,Moving Constant Speed,2015-02-08 13:28,32,38.99528033,-76.5139875,1,0,좌회전 차선 사고,등속 주행 중 측면 추돌 사고
2806,N,Apparently Normal,No Misuse,Y,No Injury,b20c581a-e898-4ba1-a8dc-63b1a45a8052,D,MSP5297001R,Shoulder/Lap Belt(s),F,b52f051c-1d5c-4b45-825d-d3f46b91672d,Same Direction Rear End,N,Non Intersection,Deceleration Lane,Daylight,No Defects,"Two-way, Divided, Positive Median Barrier",Dry,Clear,Twelve o'clock,Passenger Car,Superficial,N,Changing Lanes,2015-02-08 13:28,34,38.99528033,-76.5139875,1,3,좌회전 차선 사고,감속 중 사고
2807,N,Apparently Normal,No Misuse,N,No Injury,c1ccf962-ad53-4728-b992-c9cbde482f11,D,MSP53330068,Shoulder/Lap Belt(s),F,59842362-81aa-44ed-8481-df7c0eef5c26,Same Direction Rear End,N,Non Intersection,Right Turn Lane,Dawn,No Defects,"Two-way, Divided, Positive Median Barrier",Dry,Clear,Twelve o'clock,Passenger Car,Disabling,N,Moving Constant Speed,2015-01-16 7:02,32,39.52103033,-76.661423,2,3,기타,등속 주행 중 측면 추돌 사고
2808,N,Apparently Normal,No Misuse,N,No Injury,0b866fb8-989d-4708-a870-5d98d6737b4b,D,MSP53330068,Shoulder/Lap Belt(s),F,e815080d-b57e-496d-acf8-ceabbcb1c0d1,Same Direction Rear End,N,Non Intersection,Right Turn Lane,Dawn,No Defects,"Two-way, Divided, Positive Median Barrier",Dry,Clear,Six o'clock,(Sport) Utility Vehicle,Disabling,N,Slowing or Stopping,2015-01-16 7:02,22,39.52103033,-76.661423,2,1,기타,등속 주행 사고
2809,N,Apparently Normal,No Misuse,N,No Injury,8e336327-d46b-4941-9d9a-54bc45d40af7,D,MSP53330068,Shoulder/Lap Belt(s),M,ecb54a09-fa4e-404d-8840-82b4fe3fc894,Same Direction Rear End,N,Non Intersection,Right Turn Lane,Dawn,No Defects,"Two-way, Divided, Positive Median Barrier",Dry,Clear,Six o'clock,Passenger Car,Functional,N,Slowing or Stopping,2015-01-16 7:02,48,39.52103033,-76.661423,2,1,기타,등속 주행 사고
2810,N,Apparently Normal,No Misuse,N,No Injury,d269bd38-75de-46cd-91b7-41c7851b7d83,D,MSP5333006C,Shoulder/Lap Belt(s),F,3dd5c5a8-bf08-4b4e-81a4-ea954bef1065,Same Direction Rear End,N,Non Intersection,Right Turn Lane,Daylight,No Defects,"Two-way, Divided, Positive Median Barrier",Dry,Cloudy,Six o'clock,(Sport) Utility Vehicle,Functional,N,Slowing or Stopping,2015-02-10 13:48,43,39.2512285,-76.678195,2,1,기타,등속 주행 사고
2811,N,Apparently Normal,No Misuse,Y,No Injury,ea860ab9-a9d7-4ed3-b13d-7c661dd46ba6,D,MSP5333006C,Shoulder/Lap Belt(s),F,f4f10d3b-1c8b-4574-a932-924f49f89613,Same Direction Rear End,N,Non Intersection,Right Turn Lane,Daylight,No Defects,"Two-way, Divided, Positive Median Barrier",Dry,Cloudy,Twelve o'clock,(Sport) Utility Vehicle,Disabling,N,Slowing or Stopping,2015-02-10 13:48,24,39.2512285,-76.678195,2,1,기타,등속 주행 사고
2812,N,Apparently Normal,No Misuse,N,No Injury,c6f98c18-5945-4040-aae8-d48dc0bf6ece,D,MSP5333006N,Shoulder/Lap Belt(s),F,9b06f938-3147-4031-af66-45d7ef8d3359,Same Direction Rear End,N,Non Intersection,Deceleration Lane,Dark Lights On,No Defects,"Two-way, Divided, Positive Median Barrier",Dry,Clear,Six o'clock,(Sport) Utility Vehicle,Disabling,N,Slowing or Stopping,2015-02-20 18:31,31,39.28938695,-76.74102008,1,3,좌회전 차선 사고,감속 중 사고
2813,N,Apparently Normal,No Misuse,Y,No Injury,dea36da6-62ec-4f80-a9ea-98dad1291778,D,MSP5333006N,Shoulder/Lap Belt(s),M,91b2b47a-cb5a-45ea-bbba-e8856c6975d9,Same Direction Rear End,N,Non Intersection,Deceleration Lane,Dark Lights On,No Defects,"Two-way, Divided, Positive Median Barrier",Dry,Clear,Twelve o'clock,(Sport) Utility Vehicle,Disabling,N,Moving Constant Speed,2015-02-20 18:31,40,39.28938695,-76.74102008,1,0,좌회전 차선 사고,등속 주행 중 측면 추돌 사고
2814,N,Apparently Normal,No Misuse,Y,No Injury,4da98175-c850-4d64-9011-7075347f50ba,D,MSP5333006P,Shoulder/Lap Belt(s),F,b7226cce-0ff6-43bf-9ccd-cde97efab443,Same Direction Rear End,N,Non Intersection,Left Turn Lane,Daylight,No Defects,"Two-way, Divided, Positive Median Barrier",Dry,Clear,Twelve o'clock,Passenger Car,Disabling,N,Moving Constant Speed,2015-02-22 16:42,26,39.4494795,-76.63806017,1,0,좌회전 차선 사고,등속 주행 중 측면 추돌 사고
2815,N,Apparently Normal,No Misuse,N,No Injury,c54b9be3-e8ee-48d1-ac8c-f7329b0d65f0,D,MSP5333006P,Shoulder/Lap Belt(s),M,66e37e0d-fcdb-4ff3-b60e-16bd51316937,Same Direction Rear End,N,Non Intersection,Left Turn Lane,Daylight,No Defects,"Two-way, Divided, Positive Median Barrier",Dry,Clear,Six o'clock,(Sport) Utility Vehicle,Functional,N,Moving Constant Speed,2015-02-22 16:42,41,39.4494795,-76.63806017,1,0,좌회전 차선 사고,등속 주행 중 측면 추돌 사고
2816,N,Apparently Normal,No Misuse,N,No Injury,2f35075a-a4c3-41c5-b3ba-1c4276189c21,D,MSP5333006Q,Shoulder/Lap Belt(s),F,059184ab-dc04-4fe5-b103-d901fe5b66a5,Same Direction Rear End,N,Non Intersection,Acceleration Lane,Dark Lights On,No Defects,"Two-way, Divided, Positive Median Barrier",Dry,Clear,Six o'clock,Passenger Car,Disabling,N,Stopped in Traffic Lane,2015-02-28 23:13,29,39.39771333,-76.54952033,1,2,좌회전 차선 사고,기타
2817,N,Apparently Normal,No Misuse,Y,No Injury,33dabc46-4590-4e50-be7e-8371d2d82f5e,D,MSP5333006Q,Shoulder/Lap Belt(s),M,85659798-d05d-4126-806e-fa0579a2b5f0,Same Direction Rear End,N,Non Intersection,Acceleration Lane,Dark Lights On,No Defects,"Two-way, Divided, Positive Median Barrier",Dry,Clear,Twelve o'clock,(Sport) Utility Vehicle,Functional,N,Moving Constant Speed,2015-02-28 23:13,37,39.39771333,-76.54952033,1,0,좌회전 차선 사고,등속 주행 중 측면 추돌 사고
2818,N,Apparently Normal,No Misuse,N,No Injury,9a72bdef-74e7-477c-9c3d-176f44df22ee,D,MSP5333006S,Shoulder/Lap Belt(s),F,1379665b-ca54-4af5-9b59-e01d3db32304,Same Direction Sideswipe,N,Non Intersection,Left Turn Lane,Dark Lights On,No Defects,"Two-way, Divided, Positive Median Barrier",Dry,Clear,Eleven o'clock,Passenger Car,Functional,N,Moving Constant Speed,2015-02-27 20:30,50,39.38200901,-76.75418973,1,0,좌회전 차선 사고,등속 주행 중 측면 추돌 사고
2819,N,Apparently Normal,No Misuse,Y,No Injury,ee2a1204-1602-45f2-9f1d-2131a8800d7a,D,MSP5333006T,Shoulder/Lap Belt(s),F,adf66867-653f-4273-84af-931b6cde835a,Same Direction Rear End,Y,Non Intersection,Right Turn Lane,Dawn,No Defects,"Two-way, Divided, Positive Median Barrier",Dry,Clear,Twelve o'clock,Passenger Car,Disabling,N,Moving Constant Speed,2015-03-09 7:12,20,39.35521933,-76.7461295,2,3,기타,등속 주행 중 측면 추돌 사고
2820,N,Apparently Normal,No Misuse,N,No Injury,b86c1aad-ad9d-4d7b-8b5e-2a9f0e386ec2,D,MSP5333006T,Shoulder/Lap Belt(s),M,885f6f4a-9106-435e-b737-a5a193169e4f,Same Direction Rear End,Y,Non Intersection,Right Turn Lane,Dawn,No Defects,"Two-way, Divided, Positive Median Barrier",Dry,Clear,Six o'clock,Pickup Truck,Functional,N,Slowing or Stopping,2015-03-09 7:12,58,39.35521933,-76.7461295,2,1,기타,등속 주행 사고