KEY_INDEX,CDL_FLAG,CONDITION_CODE,EQUIP_PROB_CODE,FAULT_FLAG,INJ_SEVER_CODE,PERSON_ID,PERSON_TYPE,REPORT_NO,SAF_EQUIP_CODE,SEX_CODE,VEHICLE_ID,COLLISION_TYPE_CODE,C_M_ZONE_FLAG,JUNCTION_CODE,LANE_CODE,LIGHT_CODE,RD_COND_CODE,RD_DIV_CODE,SURF_COND_CODE,WEATHER_CODE,AREA_DAMAGED_CODE_MAIN,BODY_TYPE_CODE,DAMAGE_CODE,HIT_AND_RUN_FLAG,MOVEMENT_CODE,TIME,AGE,LATITUDE,LONGITUDE,CLUSTER,SECOND_LABEL,FIRST_LABEL,SECOND_LABELING
2821,N,Apparently Normal,No Misuse,Y,No Injury,1050f5e8-bdf7-4617-bb0a-6c5b6688196b,D,MSP5334002L,Shoulder/Lap Belt(s),F,f803f8d1-8265-4bfb-a17e-d0d57ee68d44,Single Vehicle ,N,Non Intersection,Right Turn Lane,Daylight,No Defects,"Two-way, Not Divided",Snow,Snow,Five o'clock,Passenger Car,Functional,N,Moving Constant Speed,2015-01-26 16:12,27,39.47798,-77.070379,0,0,눈길사고,감속 중 사고
2822,N,Apparently Normal,No Misuse,Y,No Injury,25479039-6bcc-487b-a70b-bb8ba117b7a2,D,MSP5356000P,Shoulder/Lap Belt(s),F,bc5ce737-87b0-465c-bf39-80da0f6d67ad,Single Vehicle ,N,Non Intersection,Right Turn Lane,Daylight,Foreign Material,"Two-way, Not Divided",Snow,Wintry Mix,Twelve o'clock,(Sport) Utility Vehicle,Disabling,N,Moving Constant Speed,2015-01-14 7:35,19,38.82690283,-75.8466975,0,0,눈길사고,감속 중 사고
2823,N,Apparently Normal,No Misuse,N,No Injury,c0d8ae56-2a6b-42a4-a520-d34b0a50ecb6,D,MSP5357001J,Shoulder/Lap Belt(s),M,81183a95-4b0c-4310-9487-b15b9e32b861,Same Direction Rear End,N,Non Intersection,Right Turn Lane,Dawn,No Defects,"Two-way, Divided, Positive Median Barrier",Dry,Clear,Six o'clock,Van,Functional,N,Slowing or Stopping,2015-03-24 6:15,53,38.72592817,-76.880984,2,1,기타,등속 주행 사고
2824,N,Apparently Normal,No Misuse,N,No Injury,05540b4b-bf1b-4ae6-85de-89a49e2ec96b,D,MSP5357001N,Shoulder/Lap Belt(s),F,c5430bdf-5ace-4958-a5d2-2a2973c76e66,Same Direction Rear End,N,Non Intersection,Right Turn Lane,Daylight,No Defects,"Two-way, Divided, Positive Median Barrier",Dry,Clear,Six o'clock,Pickup Truck,Functional,N,Slowing or Stopping,2015-03-26 8:45,57,38.73422283,-76.88164183,2,1,기타,등속 주행 사고
2825,N,Apparently Normal,No Misuse,Y,No Injury,436a96c6-4a3c-4afe-9f7e-dd545b09e4e6,D,MSP53600013,Shoulder/Lap Belt(s),F,d709711f-e163-4db5-847c-88060e4c0671,Single Vehicle ,N,Non Intersection,Right Turn Lane,Daylight,No Defects,"Two-way, Divided, Positive Median Barrier",Dry,Clear,Four o'clock,Passenger Car,Disabling,N,Changing Lanes,2015-03-21 9:02,32,38.303454,-76.519312,2,0,기타,자차 사고
2826,N,Apparently Normal,No Misuse,N,No Injury,826709f0-139e-4e73-8d39-e4f12dbf3065,D,MSP53620014,Shoulder/Lap Belt(s),F,c3de3d1d-736b-4fce-a3ad-cb03ed206326,Same Direction Rear End Left Turn,N,Intersection,Right Turn Lane,Daylight,No Defects,"Two-way, Divided, Positive Median Barrier",Wet,Raining,Twelve o'clock,Passenger Car,Destroyed,N,Moving Constant Speed,2015-01-03 10:38,36,38.64730317,-76.9377685,4,2,빗길사고,동일 방향 운행 중 추돌 사고
2827,N,Apparently Normal,No Misuse,Y,No Injury,d3a6bb35-b1c2-4758-a236-c6d7845594f3,D,MSP53620014,Shoulder/Lap Belt(s),F,a8e0233e-0a8b-4818-b2ed-ccac2ee76f95,Same Direction Rear End Left Turn,N,Intersection,Right Turn Lane,Daylight,No Defects,"Two-way, Divided, Positive Median Barrier",Wet,Raining,Six o'clock,Passenger Car,Superficial,N,Making Left Turn,2015-01-03 10:38,50,38.64730317,-76.9377685,4,0,빗길사고,등속 주행 중 사고
2828,N,Apparently Normal,No Misuse,N,No Injury,cb8e3cf1-3297-423d-b762-bf090df874ff,D,MSP53620014,Shoulder/Lap Belt(s),M,84684bc9-b4e2-41a7-8825-5ceeac8e7056,Same Direction Rear End Left Turn,N,Intersection,Right Turn Lane,Daylight,No Defects,"Two-way, Divided, Positive Median Barrier",Wet,Raining,Six o'clock,Pickup Truck,Superficial,N,Skidding,2015-01-03 10:38,49,38.64730317,-76.9377685,4,0,빗길사고,등속 주행 중 사고
2829,N,Apparently Normal,No Misuse,N,No Injury,13ab0c21-f812-4915-8009-4125bc58ea72,D,MSP53620016,Shoulder/Lap Belt(s),F,d80a7224-2ec1-4773-a4c2-12004724228f,Same Direction Rear End,N,Non Intersection,Right Turn Lane,Dark No Lights,No Defects,"Two-way, Divided, Unprotected (painted >4 feet) Median",Dry,Clear,Twelve o'clock,Passenger Car,Disabling,N,Slowing or Stopping,2015-02-05 18:05,28,38.64881033,-76.9568789,2,1,기타,등속 주행 사고
2830,N,Apparently Normal,No Misuse,N,No Injury,f6f864ec-587e-48b3-9efa-4273822cc8fa,D,MSP53620016,Shoulder/Lap Belt(s),M,7878b1ff-5385-42e2-a246-2905009e344a,Same Direction Rear End,N,Non Intersection,Right Turn Lane,Dark No Lights,No Defects,"Two-way, Divided, Unprotected (painted >4 feet) Median",Dry,Clear,Six o'clock,Passenger Car,Superficial,N,Slowing or Stopping,2015-02-05 18:05,39,38.64881033,-76.9568789,2,1,기타,등속 주행 사고
2831,N,Apparently Normal,No Misuse,N,No Injury,824f4689-2037-4c63-874b-afc64dbd5ae5,D,MSP53620016,Shoulder/Lap Belt(s),M,98f4c8ce-b136-46ec-a3f5-b7cf7434ec21,Same Direction Rear End,N,Non Intersection,Right Turn Lane,Dark No Lights,No Defects,"Two-way, Divided, Unprotected (painted >4 feet) Median",Dry,Clear,Six o'clock,Passenger Car,Disabling,N,Slowing or Stopping,2015-02-05 18:05,32,38.64881033,-76.9568789,2,1,기타,등속 주행 사고
2832,N,Apparently Normal,No Misuse,Y,No Injury,f8ba24ed-5774-48f4-a60d-76141f459492,D,MSP53620016,Shoulder/Lap Belt(s),M,3b31d39b-ce9b-4cdc-bfc0-51f474bd3259,Same Direction Rear End,N,Non Intersection,Right Turn Lane,Dark No Lights,No Defects,"Two-way, Divided, Unprotected (painted >4 feet) Median",Dry,Clear,Twelve o'clock,Passenger Car,Destroyed,N,Moving Constant Speed,2015-02-05 18:05,28,38.64881033,-76.9568789,2,3,기타,등속 주행 중 측면 추돌 사고
2833,N,Apparently Normal,No Misuse,Y,No Injury,e95a4761-dd7d-4532-a3db-3be9d187debb,D,MSP53620017,Shoulder/Lap Belt(s),F,d8071ba5-aae5-4d9a-8e76-d9bbb175a413,Same Movement Angle,N,Intersection Related,Right Turn Lane,Daylight,No Defects,"Two-way, Not Divided",Dry,Clear,One o'clock,Passenger Car,Disabling,N,Making Left Turn,2015-02-20 11:01,39,38.61794346,-76.89299941,3,0,우회전 차선 사고,기타
2834,N,Apparently Normal,No Misuse,N,No Injury,6bfabfdd-3750-4f87-aa0f-b4261264d441,D,MSP53620017,Shoulder/Lap Belt(s),M,255817c9-b265-412f-a939-8eb5ad12e8dc,Same Movement Angle,N,Intersection Related,Right Turn Lane,Daylight,No Defects,"Two-way, Not Divided",Dry,Clear,Twelve o'clock,Passenger Car,Disabling,N,Moving Constant Speed,2015-02-20 11:01,35,38.61794346,-76.89299941,3,0,우회전 차선 사고,기타
2835,N,Apparently Normal,No Misuse,Y,No Injury,b3b1fda6-b8b8-4870-8fe4-ca107a092b1d,D,MSP53620019,Shoulder/Lap Belt(s),F,ce44fd39-8a40-44e9-b1c4-600f4fe91c23,Same Movement Angle,N,Intersection,Left Turn Lane,Daylight,No Defects,"Two-way, Divided, Positive Median Barrier",Dry,Clear,Twelve o'clock,Passenger Car,Disabling,N,Accelerating,2015-02-24 11:22,25,38.55273829,-76.98611498,1,1,좌회전 차선 사고,등속 주행 사고
2836,N,Apparently Normal,No Misuse,N,Non-incapacitating Injury,16993d4d-c22a-4e19-8084-6dff968ecfd8,D,MSP53620019,Shoulder/Lap Belt(s),M,429c17c0-8bc8-4018-ad91-b26459329f78,Same Movement Angle,N,Intersection,Left Turn Lane,Daylight,No Defects,"Two-way, Divided, Positive Median Barrier",Dry,Clear,Nine o'clock,Pickup Truck,Destroyed,N,Moving Constant Speed,2015-02-24 11:22,66,38.55273829,-76.98611498,1,0,좌회전 차선 사고,등속 주행 중 측면 추돌 사고
2837,N,Apparently Normal,No Misuse,N,No Injury,b422a029-cbfd-4d15-9cbb-9d00ed6c7aa0,D,MSP5369002M,Shoulder/Lap Belt(s),F,45e4b0fd-5760-4018-97d8-8a4ec4b85884,Same Direction Sideswipe,N,Non Intersection,Right Turn Lane,Daylight,No Defects,"Two-way, Divided, Positive Median Barrier",Dry,Clear,Two o'clock,"Cargo Van/Light Truck 2 axles (10,000 lbs (4,536 kg) or less)",No Damage,N,Moving Constant Speed,2015-03-10 10:12,34,39.31393235,-76.49421343,2,2,기타,기타
2838,N,Apparently Normal,No Misuse,N,No Injury,d96cab0f-4ddb-4490-8a6d-8b235183cc85,D,MSP5372000G,Shoulder/Lap Belt(s),F,5a9bb51b-f416-4669-8659-33dcfcea5044,Same Direction Sideswipe,N,Non Intersection,Left Turn Lane,Dusk,No Defects,"Two-way, Divided, Positive Median Barrier",Dry,Clear,Four o'clock,Passenger Car,Disabling,N,Moving Constant Speed,2015-03-25 19:14,36,39.42472,-76.637839,1,0,좌회전 차선 사고,등속 주행 중 측면 추돌 사고
2839,N,Apparently Normal,No Misuse,Y,No Injury,95e7d66a-f28c-4568-a626-0293e4b9e549,D,MSP5397003G,Shoulder/Lap Belt(s),F,80f37790-c185-4070-8259-18e26fddd344,Same Direction Sideswipe,N,Non Intersection,Left Turn Lane,Daylight,No Defects,"Two-way, Divided, Positive Median Barrier",Dry,Clear,Eleven o'clock,Passenger Car,Disabling,N,Changing Lanes,2015-03-06 12:51,25,39.222316,-76.653806,1,1,좌회전 차선 사고,등속 주행 사고
2840,N,Apparently Normal,No Misuse,N,No Injury,a86759b5-a733-41ae-96ed-d0d9c8075d5a,D,MSP5397003G,Shoulder/Lap Belt(s),M,d23a50f1-3d35-4b35-8e7d-ea8322ec85cf,Same Direction Sideswipe,N,Non Intersection,Left Turn Lane,Daylight,No Defects,"Two-way, Divided, Positive Median Barrier",Dry,Clear,Four o'clock,Passenger Car,Superficial,N,Moving Constant Speed,2015-03-06 12:51,30,39.222316,-76.653806,1,0,좌회전 차선 사고,등속 주행 중 측면 추돌 사고
2841,N,Apparently Normal,No Misuse,N,No Injury,7d8ed2df-cf7b-42f4-a347-8fa2d2b42b74,D,MSP5397003H,Shoulder/Lap Belt(s),F,9041831d-4dfa-4229-a419-9d21fe9ab31c,Same Direction Rear End,N,Non Intersection,Right Turn Lane,Daylight,No Defects,"Two-way, Divided, Positive Median Barrier",Dry,Clear,Six o'clock,Passenger Car,Superficial,N,Stopped in Traffic Lane,2015-03-09 17:19,31,38.998611,-76.592351,2,0,기타,자차 사고
2842,N,Apparently Normal,No Misuse,N,No Injury,b1b9dd2f-addd-4792-a6a1-6dab7168e30d,D,MSP5397003H,Shoulder/Lap Belt(s),F,414f7704-c37b-492c-b584-a6b9706b934c,Same Direction Rear End,N,Non Intersection,Right Turn Lane,Daylight,No Defects,"Two-way, Divided, Positive Median Barrier",Dry,Clear,Six o'clock,Passenger Car,Superficial,N,Stopped in Traffic Lane,2015-03-09 17:19,28,38.998611,-76.592351,2,0,기타,자차 사고
2843,N,Apparently Normal,No Misuse,N,Possible Incapacitating Injury,334d2eb2-843f-4d40-9a75-a00d4e269a64,D,MSP5397003H,Shoulder/Lap Belt(s),F,3f8b1521-9b05-43a4-93fd-877e734476a5,Same Direction Rear End,N,Non Intersection,Right Turn Lane,Daylight,No Defects,"Two-way, Divided, Positive Median Barrier",Dry,Clear,Six o'clock,Passenger Car,Disabling,N,Slowing or Stopping,2015-03-09 17:19,30,38.998611,-76.592351,2,1,기타,등속 주행 사고
2844,N,Apparently Normal,No Misuse,Y,No Injury,86a4ef27-20af-4e08-bc9d-665506bb7806,D,MSP5397003H,Shoulder/Lap Belt(s),M,a9696287-4d31-421b-838c-49ec1a0ed576,Same Direction Rear End,N,Non Intersection,Right Turn Lane,Daylight,No Defects,"Two-way, Divided, Positive Median Barrier",Dry,Clear,Twelve o'clock,Pickup Truck,Functional,N,Slowing or Stopping,2015-03-09 17:19,27,38.998611,-76.592351,2,1,기타,등속 주행 사고
2845,N,Apparently Normal,No Misuse,Y,No Injury,c0344b33-37d4-4dbe-a931-e699e9bed001,D,MSP5397003J,Shoulder/Lap Belt(s),F,6dbb4e98-141c-45a2-b997-39309e2c5516,Same Direction Right Turn,N,Interchange Related,Left Turn Lane,Daylight,No Defects,"Two-way, Divided, Unprotected (painted >4 feet) Median",Dry,Clear,Five o'clock,Passenger Car,Disabling,N,Changing Lanes,2015-03-11 17:24,56,39.205703,-76.641025,1,1,좌회전 차선 사고,등속 주행 사고
2846,N,Apparently Normal,No Misuse,N,Possible Incapacitating Injury,5e4cbed4-fcef-4d0a-a47b-db7ca4349c2a,D,MSP5397003J,MC/Bike Helmet and Eye Protection,M,e88840a7-b3cd-477b-871a-85ee31f5aec9,Same Direction Right Turn,N,Interchange Related,Left Turn Lane,Daylight,No Defects,"Two-way, Divided, Unprotected (painted >4 feet) Median",Dry,Clear,Eleven o'clock,Motorcycle,Disabling,N,Moving Constant Speed,2015-03-11 17:24,52,39.205703,-76.641025,1,0,좌회전 차선 사고,등속 주행 중 측면 추돌 사고
2847,N,Apparently Normal,No Misuse,Y,No Injury,5e0097ff-4cc5-479a-a311-82860080421a,D,MSP5397003K,Shoulder/Lap Belt(s),F,69952773-4aa9-4d2c-8317-8e851bd5c98d,Same Direction Sideswipe,N,Non Intersection,Left Turn Lane,Daylight,No Defects,"Two-way, Divided, Positive Median Barrier",Dry,Clear,One o'clock,Passenger Car,Disabling,N,Moving Constant Speed,2015-03-11 16:23,22,39.145366,-76.753016,1,0,좌회전 차선 사고,등속 주행 중 측면 추돌 사고
2848,N,Apparently Normal,No Misuse,N,No Injury,2fcb2796-d94d-49f1-a63a-6bce6ed49613,D,MSP5397003K,Shoulder/Lap Belt(s),M,20e84014-2190-4974-92cd-4af608210129,Same Direction Sideswipe,N,Non Intersection,Left Turn Lane,Daylight,No Defects,"Two-way, Divided, Positive Median Barrier",Dry,Clear,Six o'clock,Passenger Car,Functional,N,Moving Constant Speed,2015-03-11 16:23,33,39.145366,-76.753016,1,0,좌회전 차선 사고,등속 주행 중 측면 추돌 사고
2849,N,Apparently Normal,No Misuse,Y,No Injury,67a00c95-4b7a-401f-a29e-79ed13911b82,D,MSP54160019,Shoulder/Lap Belt(s),F,bd20e978-7a30-4d28-993d-e71e5474dc2c,Same Movement Angle,N,Intersection,Right Turn Lane,Daylight,No Defects,One-way Trafficway,Dry,Clear,Non-collision,Van,No Damage,N,Accelerating,2015-03-18 12:51,40,38.469787,-76.77332683,3,0,우회전 차선 사고,기타
2850,N,Apparently Normal,No Misuse,N,Possible Incapacitating Injury,ea073a46-954a-4c33-96d6-60e2ec43b5ea,D,MSP54160019,Shoulder/Lap Belt(s),F,99f2e3e4-865f-41ab-8df9-d2bf98f2f9f0,Same Movement Angle,N,Intersection,Right Turn Lane,Daylight,No Defects,One-way Trafficway,Dry,Clear,Twelve o'clock,Passenger Car,Disabling,N,Moving Constant Speed,2015-03-18 12:51,21,38.469787,-76.77332683,3,0,우회전 차선 사고,기타
2851,N,Apparently Normal,No Misuse,Y,No Injury,ffa47720-d8ff-4f4f-a4b0-6317bac1b4ae,D,MSP5423000M,Shoulder/Lap Belt(s),F,4064145c-2635-4014-87ba-5847520e437c,Single Vehicle ,N,Non Intersection,Right Turn Lane,Dark No Lights,No Defects,"Two-way, Not Divided",Ice,Clear,Roof Top,Passenger Car,Disabling,N,Moving Constant Speed,2015-02-07 0:15,20,39.6686378,-79.035149,2,2,기타,기타
2852,N,Apparently Normal,No Misuse,N,No Injury,8e891d54-8c0e-44c0-a658-32230dda0568,D,MSP54450012,Shoulder/Lap Belt(s),F,85858a5c-97e5-4462-bee2-7bbe18a24894,Single Vehicle ,N,Non Intersection,Right Turn Lane,Dark No Lights,No Defects,"Two-way, Not Divided",Dry,Clear,Twelve o'clock,Passenger Car,Disabling,N,Moving Constant Speed,2015-03-11 20:20,33,39.60334215,-77.05440488,2,2,기타,기타
2853,N,Apparently Normal,No Misuse,Y,No Injury,f4902ef8-2dd7-459c-bf86-426f2ec881b8,D,MSP5458000B,Shoulder/Lap Belt(s),F,0306dff1-b124-4824-a8b4-15216a174300,Single Vehicle ,N,Non Intersection,Right Turn Lane,Daylight,No Defects,"Two-way, Not Divided",Ice,Wintry Mix,Roof Top,(Sport) Utility Vehicle,Disabling,N,Moving Constant Speed,2015-03-01 14:40,17,39.578395,-75.943464,0,0,눈길사고,감속 중 사고
2854,N,Apparently Normal,No Misuse,Y,No Injury,3e1092bd-9370-42ba-a52a-e26b6ebdefb8,D,MSP5492000L,Shoulder/Lap Belt(s),F,d47d67ad-95ca-4859-b3c7-a4eac5c16915,Same Direction Rear End,N,Non Intersection,Right Turn Lane,Daylight,No Defects,"Two-way, Not Divided with a Continuous Left Turn Lane",Dry,Clear,Twelve o'clock,Passenger Car,Disabling,N,Moving Constant Speed,2015-01-28 8:38,43,39.053718,-77.101326,2,3,기타,등속 주행 중 측면 추돌 사고
2855,N,Apparently Normal,No Misuse,N,Possible Incapacitating Injury,62902335-9da0-412c-be06-409597649f16,D,MSP5492000L,Shoulder/Lap Belt(s),M,ac5b31fc-46a8-40ad-9be3-f901725419c0,Same Direction Rear End,N,Non Intersection,Right Turn Lane,Daylight,No Defects,"Two-way, Not Divided with a Continuous Left Turn Lane",Dry,Clear,Six o'clock,Recreational Vehicle,Superficial,N,Slowing or Stopping,2015-01-28 8:38,29,39.053718,-77.101326,2,1,기타,등속 주행 사고
2856,N,Apparently Normal,No Misuse,Y,No Injury,bb92f5c4-3055-46e7-8805-1f829f7f58e5,D,MSP5516002N,Shoulder/Lap Belt(s),F,63abbcd0-fcb2-4977-833b-83b44b915fe0,Same Movement Angle,N,Intersection,Right Turn Lane,Dark Lights On,No Defects,"Two-way, Divided, Unprotected (painted >4 feet) Median",Dry,Clear,Three o'clock,(Sport) Utility Vehicle,Destroyed,N,Accelerating,2015-01-20 18:04,22,39.68814383,-77.3336485,3,0,우회전 차선 사고,기타
2857,N,Apparently Normal,No Misuse,N,Possible Incapacitating Injury,17eec05c-da88-4045-9672-71abb3ae9d67,D,MSP5516002N,Shoulder/Lap Belt(s),M,4c6e8f84-0cd9-4bf7-8cd3-4d1d386e8f73,Same Movement Angle,N,Intersection,Right Turn Lane,Dark Lights On,No Defects,"Two-way, Divided, Unprotected (painted >4 feet) Median",Dry,Clear,Twelve o'clock,Passenger Car,Disabling,N,Moving Constant Speed,2015-01-20 18:04,56,39.68814383,-77.3336485,3,0,우회전 차선 사고,기타
2858,N,Apparently Normal,No Misuse,N,No Injury,459eaa6e-7025-4c3c-b8e4-5be7ce15e4b7,D,MSP5516002R,Shoulder/Lap Belt(s),F,4553ba26-036a-4db1-805c-3ee81f9c8d67,Same Direction Rear End,N,Non Intersection,Right Turn Lane,Daylight,No Defects,"Two-way, Divided, Positive Median Barrier",Dry,Clear,Six o'clock,Passenger Car,Disabling,N,Slowing or Stopping,2015-03-08 17:43,52,39.30525667,-77.34181383,2,1,기타,등속 주행 사고
2859,N,Apparently Normal,No Misuse,Y,No Injury,b31fc811-9297-4967-bc83-af3b442ddea2,D,MSP5516002R,Shoulder/Lap Belt(s),M,cb0c949e-8706-4bbe-8329-f8db834db95b,Same Direction Rear End,N,Non Intersection,Right Turn Lane,Daylight,No Defects,"Two-way, Divided, Positive Median Barrier",Dry,Clear,Twelve o'clock,Passenger Car,Disabling,N,Skidding,2015-03-08 17:43,77,39.30525667,-77.34181383,2,0,기타,자차 사고
2860,N,Apparently Normal,No Misuse,N,No Injury,8fddae76-a408-4b86-8aa8-eefeff81fd25,D,MSP5516002T,Shoulder/Lap Belt(s),M,1193a509-355f-4f42-9f73-1d1898d56919,Same Direction Rear End,N,Non Intersection,Right Turn Lane,Daylight,No Defects,"Two-way, Divided, Positive Median Barrier",Dry,Clear,Six o'clock,Passenger Car,Functional,N,Slowing or Stopping,2015-03-24 7:39,34,39.28681517,-77.32906,2,1,기타,등속 주행 사고
2861,N,Apparently Normal,No Misuse,Y,No Injury,78eb462d-ffd4-48e5-899d-852b0edab7fe,D,MSP5516002T,Shoulder/Lap Belt(s),M,e5b94fd3-d984-4146-adfe-7d07e02f692d,Same Direction Rear End,N,Non Intersection,Right Turn Lane,Daylight,No Defects,"Two-way, Divided, Positive Median Barrier",Dry,Clear,Twelve o'clock,Passenger Car,Disabling,N,Skidding,2015-03-24 7:39,32,39.28681517,-77.32906,2,0,기타,자차 사고
2862,N,Apparently Normal,No Misuse,N,No Injury,c59e62a2-e915-4791-bacb-3bf463b34aa2,D,MSP5516002V,Shoulder/Lap Belt(s),F,d686e4c7-8c5c-4e50-804a-3a34574e8ecd,Same Direction Rear End,N,Non Intersection,Right Turn Lane,Daylight,No Defects,"Two-way, Divided, Positive Median Barrier",Dry,Clear,Underside,Passenger Car,Superficial,N,Skidding,2015-03-28 10:18,43,39.3057685,-77.34225483,2,0,기타,자차 사고
2863,N,Apparently Normal,No Misuse,N,No Injury,12c5272b-aef5-41c6-ac41-aa02dd683047,D,MSP5516002V,Shoulder/Lap Belt(s),F,ef473083-6a34-40d3-9a42-5e4902ef021e,Same Direction Rear End,N,Non Intersection,Right Turn Lane,Daylight,No Defects,"Two-way, Divided, Positive Median Barrier",Dry,Clear,Five o'clock,Passenger Car,Disabling,N,Slowing or Stopping,2015-03-28 10:18,29,39.3057685,-77.34225483,2,1,기타,등속 주행 사고
2864,N,Apparently Normal,No Misuse,N,Possible Incapacitating Injury,88bdaa10-f764-43f1-8efa-57541e805081,D,MSP5516002V,Shoulder/Lap Belt(s),F,869ae06d-af9f-4616-a413-365bc4eeaede,Same Direction Rear End,N,Non Intersection,Right Turn Lane,Daylight,No Defects,"Two-way, Divided, Positive Median Barrier",Dry,Clear,Five o'clock,Passenger Car,Destroyed,N,Slowing or Stopping,2015-03-28 10:18,54,39.3057685,-77.34225483,2,1,기타,등속 주행 사고
2865,N,Apparently Normal,No Misuse,Y,No Injury,815e189a-dd4b-4de5-b702-dce83301e37b,D,MSP5516002V,Shoulder/Lap Belt(s),M,a3635ce6-42aa-4199-a8f1-4db20744000b,Same Direction Rear End,N,Non Intersection,Right Turn Lane,Daylight,No Defects,"Two-way, Divided, Positive Median Barrier",Dry,Clear,Eleven o'clock,Pickup Truck,Disabling,N,Skidding,2015-03-28 10:18,41,39.3057685,-77.34225483,2,0,기타,자차 사고
2866,N,Apparently Normal,No Misuse,Y,No Injury,7eb38138-c012-4b36-a22e-002bb2ef12ec,D,MSP5573000X,Shoulder/Lap Belt(s),F,c3abc4a6-29f0-4124-a985-7e755b4bc453,Single Vehicle ,N,Intersection Related,Right Turn Lane,Daylight,No Defects,"Two-way, Divided, Positive Median Barrier",Snow,Snow,Ten o'clock,Passenger Car,Disabling,N,Slowing or Stopping,2015-02-16 16:03,21,38.427069,-76.463755,0,1,눈길사고,등속 주행 사고
2867,N,Apparently Normal,No Misuse,Y,No Injury,9cd47acf-54b9-4def-9a43-b9a553acc3de,D,MSP5574000R,Shoulder/Lap Belt(s),F,f4e02082-f458-4256-b937-29643080f2ea,Same Movement Angle,Y,Non Intersection,Right Turn Lane,Dark Lights On,"Holes, Ruts, Etc.","Two-way, Divided, Positive Median Barrier",Snow,Snow,Nine o'clock,Passenger Car,Superficial,N,Moving Constant Speed,2015-01-14 4:43,71,38.07890613,-75.57162523,0,0,눈길사고,감속 중 사고
2868,N,Apparently Normal,No Misuse,N,No Injury,cc54d137-d32b-4a91-a0d8-6a0a4bc47ec5,D,MSP5574000R,Shoulder/Lap Belt(s),M,af6a3314-c11d-462b-b936-e34e77041f80,Same Movement Angle,Y,Non Intersection,Right Turn Lane,Dark Lights On,"Holes, Ruts, Etc.","Two-way, Divided, Positive Median Barrier",Snow,Snow,Twelve o'clock,Passenger Car,Functional,N,Moving Constant Speed,2015-01-14 4:43,47,38.07890613,-75.57162523,0,0,눈길사고,감속 중 사고
2869,N,Apparently Normal,No Misuse,Y,No Injury,2bef50d2-c9ae-4df6-948e-286836d6ac04,D,MSP5574000V,Shoulder/Lap Belt(s),M,9ad81611-c241-43d1-8b4c-96cf8678c680,Same Direction Rear End,N,Intersection,Right Turn Lane,Daylight,No Defects,"Two-way, Not Divided",Dry,Snow,Six o'clock,School Bus,Functional,N,Backing,2015-02-24 16:21,48,38.07741974,-75.5771184,3,3,우회전 차선 사고,동일 방향 운행 중 추돌 사고
2870,N,Apparently Normal,Facing Wrong Way,Y,No Injury,bd30fa8b-429f-4cc5-8741-7b6c18d60c4f,D,MSP5634001Q,Shoulder/Lap Belt(s),F,c291ac41-9225-43cf-b464-f80e803a8b66,Same Direction Rear End,N,Non Intersection,Left Turn Lane,Daylight,No Defects,"Two-way, Divided, Positive Median Barrier",Dry,Clear,Six o'clock,Passenger Car,Disabling,N,Slowing or Stopping,2015-02-06 7:38,37,38.83607183,-76.85953017,1,3,좌회전 차선 사고,감속 중 사고
2871,Y,Apparently Normal,No Misuse,Y,No Injury,fe681c30-2293-4bfe-8ea1-27509f3cf758,D,MSP5634001Q,Shoulder/Lap Belt(s),M,318d4d3c-6234-4f85-8112-1c26fda8e00f,Same Direction Rear End,N,Non Intersection,Left Turn Lane,Daylight,No Defects,"Two-way, Divided, Positive Median Barrier",Dry,Clear,Twelve o'clock,Pickup Truck,Functional,N,Slowing or Stopping,2015-02-06 7:38,59,38.83607183,-76.85953017,1,3,좌회전 차선 사고,감속 중 사고
2872,N,Apparently Normal,No Misuse,N,No Injury,6316fb6d-81c2-4ce8-9dcd-4ae2879747f3,D,MSP5634001T,Shoulder/Lap Belt(s),F,93475fcb-c8d5-4937-9068-9b160c71b201,Same Direction Sideswipe,N,Non Intersection,Left Turn Lane,Daylight,No Defects,"Two-way, Divided, Positive Median Barrier",Dry,Clear,Twelve o'clock,Passenger Car,Functional,N,Moving Constant Speed,2015-02-28 8:57,53,38.80816467,-76.97283983,1,0,좌회전 차선 사고,등속 주행 중 측면 추돌 사고
2873,Y,Apparently Normal,No Misuse,N,No Injury,2d64dfe6-5338-4e1d-8baa-84f0e8fc17b5,D,MSP5634001T,Shoulder/Lap Belt(s),M,09e56edb-d0af-469f-ac1b-5bda7341f93a,Same Direction Sideswipe,N,Non Intersection,Left Turn Lane,Daylight,No Defects,"Two-way, Divided, Positive Median Barrier",Dry,Clear,Four o'clock,(Sport) Utility Vehicle,Functional,N,Moving Constant Speed,2015-02-28 8:57,40,38.80816467,-76.97283983,1,0,좌회전 차선 사고,등속 주행 중 측면 추돌 사고