KEY_INDEX,CDL_FLAG,CONDITION_CODE,EQUIP_PROB_CODE,FAULT_FLAG,INJ_SEVER_CODE,PERSON_ID,PERSON_TYPE,REPORT_NO,SAF_EQUIP_CODE,SEX_CODE,VEHICLE_ID,COLLISION_TYPE_CODE,C_M_ZONE_FLAG,JUNCTION_CODE,LANE_CODE,LIGHT_CODE,RD_COND_CODE,RD_DIV_CODE,SURF_COND_CODE,WEATHER_CODE,AREA_DAMAGED_CODE_MAIN,BODY_TYPE_CODE,DAMAGE_CODE,HIT_AND_RUN_FLAG,MOVEMENT_CODE,TIME,AGE,LATITUDE,LONGITUDE,CLUSTER,SECOND_LABEL,FIRST_LABEL,SECOND_LABELING
2874,N,Apparently Normal,No Misuse,Y,No Injury,172a36af-5d24-4bb2-9f32-16de5a0b75ae,D,MSP5634001T,Shoulder/Lap Belt(s),M,9911c62a-6a61-4582-868b-f7b43a580b06,Same Direction Sideswipe,N,Non Intersection,Left Turn Lane,Daylight,No Defects,"Two-way, Divided, Positive Median Barrier",Dry,Clear,Twelve o'clock,Passenger Car,Disabling,N,Moving Constant Speed,2015-02-28 8:57,23,38.80816467,-76.97283983,1,0,좌회전 차선 사고,등속 주행 중 측면 추돌 사고
2875,N,Apparently Normal,No Misuse,N,Possible Incapacitating Injury,ed41e883-d0c1-4772-8ed5-8359b602123a,D,MSP5634001T,Shoulder/Lap Belt(s),M,4d3d404c-c1f3-4cc7-93d2-5911e7609155,Same Direction Sideswipe,N,Non Intersection,Left Turn Lane,Daylight,No Defects,"Two-way, Divided, Positive Median Barrier",Dry,Clear,Four o'clock,(Sport) Utility Vehicle,Disabling,N,Moving Constant Speed,2015-02-28 8:57,44,38.80816467,-76.97283983,1,0,좌회전 차선 사고,등속 주행 중 측면 추돌 사고
2876,N,Apparently Normal,No Misuse,N,No Injury,4fb120c1-b9ae-410b-9677-6190492c8a0c,D,MSP5634001V,Shoulder/Lap Belt(s),F,4995945e-8362-4bd9-beb5-774cc907ee0b,Same Direction Rear End,N,Non Intersection,Right Turn Lane,Daylight,No Defects,"Two-way, Divided, Positive Median Barrier",Dry,Clear,Six o'clock,(Sport) Utility Vehicle,Functional,N,Slowing or Stopping,2015-03-27 14:29,36,38.8086805,-76.9697395,2,1,기타,등속 주행 사고
2877,N,Apparently Normal,No Misuse,Y,No Injury,8dd39690-2950-468c-bef6-a72fdf7bcf4b,D,MSP56350004,Shoulder/Lap Belt(s),F,7c600c8a-09c1-4117-9cb5-0c638ef054ea,Single Vehicle ,N,Non Intersection,Left Turn Lane,Daylight,No Defects,"Two-way, Divided, Positive Median Barrier",Wet,Foggy,Five o'clock,Passenger Car,Disabling,N,Moving Constant Speed,2015-01-22 8:42,21,39.52020817,-76.1993285,4,2,빗길사고,동일 방향 운행 중 추돌 사고
2878,Y,Apparently Normal,No Misuse,Y,No Injury,17d7f19a-ed7e-41b2-8f2d-bdc97c6adf4a,D,MSP5638001B,Shoulder/Lap Belt(s),F,d6fa7455-8791-4df0-a2b5-b2a20b2717d4,Same Direction Rear End,N,Non Intersection,Right Turn Lane,Dawn,No Defects,"Two-way, Not Divided",Wet,Cloudy,Twelve o'clock,Passenger Car,Destroyed,N,Slowing or Stopping,2015-01-13 6:42,65,38.51774003,-76.71167135,4,3,빗길사고,기타
2879,N,Apparently Normal,No Misuse,Y,No Injury,2ac6ef45-bbd3-4a52-b33a-0e0d2ab5d774,D,MSP5638001D,Shoulder/Lap Belt(s),F,1d023762-12b0-40a0-b85a-32db5fc3e8cb,Angle Meets Left Turn,N,Intersection,Right Turn Lane,Daylight,No Defects,"Two-way, Divided, Unprotected (painted >4 feet) Median",Wet,Snow,One o'clock,Passenger Car,Functional,N,Making U Turn,2015-01-21 14:38,27,38.59170433,-76.94064367,4,0,빗길사고,등속 주행 중 사고
2880,N,Apparently Normal,No Misuse,N,No Injury,20a8d07c-5c1c-41ff-83d7-e3a61e0278eb,D,MSP5638001D,Shoulder/Lap Belt(s),M,af7d9ab1-77d3-4b5d-b82e-38fedc407ef2,Angle Meets Left Turn,N,Intersection,Right Turn Lane,Daylight,No Defects,"Two-way, Divided, Unprotected (painted >4 feet) Median",Wet,Snow,Eight o'clock,Passenger Car,Functional,N,Moving Constant Speed,2015-01-21 14:38,21,38.59170433,-76.94064367,4,2,빗길사고,동일 방향 운행 중 추돌 사고
2881,N,Apparently Normal,No Misuse,N,No Injury,5fdf98a9-97a6-446c-8e6f-985f7314d090,D,MSP5638001J,Shoulder/Lap Belt(s),F,abd84239-f7cd-418c-92a8-0b1a419ab5e2,Same Movement Angle,N,Intersection,Left Turn Lane,Daylight,No Defects,"Two-way, Divided, Unprotected (painted >4 feet) Median",Dry,Clear,Twelve o'clock,Passenger Car,Disabling,N,Moving Constant Speed,2015-03-31 8:27,19,38.5877971,-76.94496989,1,0,좌회전 차선 사고,등속 주행 중 측면 추돌 사고
2882,N,Apparently Normal,No Misuse,Y,No Injury,520b9947-3768-4c05-a7d1-d6a46767ea40,D,MSP5638001J,Shoulder/Lap Belt(s),M,a580feed-b7ed-4785-9d3f-0eb31ddacfa4,Same Movement Angle,N,Intersection,Left Turn Lane,Daylight,No Defects,"Two-way, Divided, Unprotected (painted >4 feet) Median",Dry,Clear,Four o'clock,"Other Light Trucks (10,000 lbs (4,536 kg))",Superficial,N,Making Left Turn,2015-03-31 8:27,46,38.5877971,-76.94496989,1,1,좌회전 차선 사고,등속 주행 사고
2883,N,Apparently Normal,No Misuse,N,No Injury,99391663-7c36-47fe-882a-254740d98a48,D,MSP5642001S,Shoulder/Lap Belt(s),F,a940245b-0ef9-49ab-bc99-a89c65801fbb,Same Direction Right Turn,N,Non Intersection,Left Turn Lane,Daylight,No Defects,"Two-way, Divided, Positive Median Barrier",Dry,Clear,Twelve o'clock,Passenger Car,Disabling,N,Moving Constant Speed,2015-02-25 13:44,35,39.6700055,-77.73595867,1,0,좌회전 차선 사고,등속 주행 중 측면 추돌 사고
2884,N,Apparently Normal,No Misuse,Y,No Injury,e27c6cd7-7b5a-4b21-a436-29d3c300ec07,D,MSP5649000P,Shoulder/Lap Belt(s),M,93281cf2-01e8-490c-a6a3-a37976bf8dd6,Same Direction Rear End,N,Non Intersection,Right Turn Lane,Dark No Lights,No Defects,"Two-way, Not Divided",Dry,Clear,Twelve o'clock,Passenger Car,Disabling,N,Slowing or Stopping,2015-02-20 21:10,52,38.24148339,-76.56127453,2,1,기타,등속 주행 사고
2885,N,Apparently Normal,No Misuse,N,No Injury,f75fbed0-5b70-45b7-95b7-98e9bf755825,D,MSP5660002P,Shoulder/Lap Belt(s),F,051f85a8-d9cd-4ebd-970b-d66c89a5e6c3,Same Direction Rear End,N,Non Intersection,Left Turn Lane,Dark Lights On,No Defects,"Two-way, Divided, Positive Median Barrier",Wet,Raining,Six o'clock,Passenger Car,Disabling,N,Stopped in Traffic Lane,2015-01-12 20:34,26,39.10380633,-76.88799717,4,3,빗길사고,기타
2886,N,Apparently Normal,No Misuse,Y,No Injury,5349e132-8abf-42f7-869f-da0aad1084e3,D,MSP5660002P,Shoulder/Lap Belt(s),M,3488319f-2114-4ffb-8966-9e9f645a7c34,Same Direction Rear End,N,Non Intersection,Left Turn Lane,Dark Lights On,No Defects,"Two-way, Divided, Positive Median Barrier",Wet,Raining,Twelve o'clock,Passenger Car,Disabling,N,Slowing or Stopping,2015-01-12 20:34,34,39.10380633,-76.88799717,4,3,빗길사고,기타
2887,N,Apparently Normal,No Misuse,N,No Injury,8f268689-f6ac-4bd3-a546-05d9e71da332,D,MSP5660002R,Shoulder/Lap Belt(s),F,88678d26-2135-424e-90da-36950f46ed79,Same Direction Rear End,N,Non Intersection,Right Turn Lane,Daylight,No Defects,"Two-way, Divided, Positive Median Barrier",Dry,Clear,Twelve o'clock,Recreational Vehicle,Functional,N,Slowing or Stopping,2015-01-28 9:53,56,39.0617385,-76.9199245,2,1,기타,등속 주행 사고
2888,N,Apparently Normal,No Misuse,N,No Injury,314482d8-98ba-4ae7-90f7-861c2222d824,D,MSP5660002R,Shoulder/Lap Belt(s),M,d815d9e4-e5b2-4d72-99ac-840766bd32bd,Same Direction Rear End,N,Non Intersection,Right Turn Lane,Daylight,No Defects,"Two-way, Divided, Positive Median Barrier",Dry,Clear,Six o'clock,Recreational Vehicle,Functional,N,Slowing or Stopping,2015-01-28 9:53,41,39.0617385,-76.9199245,2,1,기타,등속 주행 사고
2889,N,Apparently Normal,No Misuse,Y,No Injury,9ef93a97-b497-4a07-904d-99059202a2ee,D,MSP5660002R,Shoulder/Lap Belt(s),M,88ebd3f5-6555-412c-abbc-1e44e0571ffb,Same Direction Rear End,N,Non Intersection,Right Turn Lane,Daylight,No Defects,"Two-way, Divided, Positive Median Barrier",Dry,Clear,Twelve o'clock,Pickup Truck,Functional,N,Moving Constant Speed,2015-01-28 9:53,83,39.0617385,-76.9199245,2,3,기타,등속 주행 중 측면 추돌 사고
2890,N,Apparently Normal,No Misuse,N,Non-incapacitating Injury,7e2bd17e-4dc1-41bf-b08d-505d0acddbe1,D,MSP5660002R,Shoulder/Lap Belt(s),M,a98f5ddc-6c28-4ac2-af13-d50785e69422,Same Direction Rear End,N,Non Intersection,Right Turn Lane,Daylight,No Defects,"Two-way, Divided, Positive Median Barrier",Dry,Clear,Six o'clock,Passenger Car,Disabling,N,Slowing or Stopping,2015-01-28 9:53,83,39.0617385,-76.9199245,2,1,기타,등속 주행 사고
2891,N,Apparently Normal,No Misuse,N,No Injury,9c477d00-3310-4f4c-970c-6642e61c1d1a,D,MSP5660003B,Shoulder/Lap Belt(s),F,78259e25-e3c7-4627-812f-c44dcedf4069,Same Direction Sideswipe,N,Non Intersection,Deceleration Lane,Daylight,No Defects,"Two-way, Divided, Positive Median Barrier",Dry,Clear,Twelve o'clock,Passenger Car,Disabling,N,Moving Constant Speed,2015-03-23 12:21,23,39.00179347,-76.89408302,1,0,좌회전 차선 사고,등속 주행 중 측면 추돌 사고
2892,N,Apparently Normal,No Misuse,Y,No Injury,469ccac3-6874-4ab2-9a36-74aaf52387a8,D,MSP56610010,Shoulder/Lap Belt(s),F,67e07038-d754-4650-b57a-9fa345835d61,Single Vehicle ,N,Non Intersection,Right Turn Lane,Daylight,No Defects,"Two-way, Divided, Positive Median Barrier",Snow,Snow,Eleven o'clock,Passenger Car,Disabling,N,Passing,2015-02-17 7:45,44,39.594953,-76.064015,0,2,눈길사고,미끌어짐에 의한 사고
2893,N,Apparently Normal,No Misuse,N,No Injury,3a9d3360-910e-4eaf-9fd5-db70c107dcc9,D,MSP56790063,Shoulder/Lap Belt(s),F,8397ce16-0acf-4e79-a112-fd6f3ed6b10f,Same Direction Sideswipe,N,Non Intersection,Left Turn Lane,Dawn,No Defects,"Two-way, Divided, Positive Median Barrier",Ice,Clear,Six o'clock,Passenger Car,Functional,N,Moving Constant Speed,2015-01-07 7:27,54,39.42360517,-76.63785367,1,0,좌회전 차선 사고,등속 주행 중 측면 추돌 사고
2894,N,Apparently Normal,No Misuse,N,Non-incapacitating Injury,685030e1-ecd7-414e-83b4-2fe23f009e03,D,MSP56790069,Shoulder/Lap Belt(s),F,23963ca1-0383-40e0-8fd5-7fde53cea82b,Same Direction Sideswipe,N,Non Intersection,Right Turn Lane,Daylight,No Defects,"Two-way, Divided, Positive Median Barrier",Dry,Clear,Twelve o'clock,Pickup Truck,Disabling,N,Moving Constant Speed,2015-01-31 11:45,67,39.38986588,-76.533916,2,2,기타,기타
2895,N,Apparently Normal,No Misuse,N,No Injury,1004365e-a153-406e-b5b8-e4477630bb41,D,MSP5679006J,Shoulder/Lap Belt(s),F,82661678-1130-42bc-add1-b528bfeae0fe,Same Direction Sideswipe,N,Non Intersection,Acceleration Lane,Daylight,No Defects,"Two-way, Divided, Positive Median Barrier",Dry,Clear,One o'clock,Passenger Car,Superficial,N,Slowing or Stopping,2015-03-07 16:10,36,39.28229734,-76.73158407,1,3,좌회전 차선 사고,감속 중 사고
2896,N,Apparently Normal,No Misuse,Y,No Injury,c49b126d-8ee2-4a39-8133-4413115df0d7,D,MSP5679006J,Shoulder/Lap Belt(s),F,3f9983da-e5ea-4873-bf97-761420f7e20d,Same Direction Sideswipe,N,Non Intersection,Acceleration Lane,Daylight,No Defects,"Two-way, Divided, Positive Median Barrier",Dry,Clear,Seven o'clock,Passenger Car,Superficial,N,Changing Lanes,2015-03-07 16:10,25,39.28229734,-76.73158407,1,1,좌회전 차선 사고,등속 주행 사고
2897,N,Apparently Normal,No Misuse,N,No Injury,a16c9e28-e99c-40d4-a0cd-23c8b778f112,D,MSP5680000K,Shoulder/Lap Belt(s),F,067f338b-c1af-4a03-9fb5-e2ca85e58875,Same Movement Angle,N,Non Intersection,Right Turn Lane,Dark Lights On,No Defects,"Two-way, Not Divided",Dry,Clear,One o'clock,Pickup Truck,No Damage,N,Moving Constant Speed,2015-01-01 16:43,27,39.69844567,-76.06272567,2,2,기타,기타
2898,N,Apparently Normal,No Misuse,Y,No Injury,2e4bf9ae-483b-4f68-a5b4-8a99682f87a8,D,MSP5680000K,Shoulder/Lap Belt(s),M,d00e1877-f1a3-4bf5-a3c9-f12f645c9713,Same Movement Angle,N,Non Intersection,Right Turn Lane,Dark Lights On,No Defects,"Two-way, Not Divided",Dry,Clear,Eleven o'clock,Police Vehicle/Emergency,Functional,N,Making Left Turn,2015-01-01 16:43,37,39.69844567,-76.06272567,2,0,기타,자차 사고
2899,N,Apparently Normal,No Misuse,N,No Injury,f9c249ad-2f68-40c2-bcf8-3d2bfced01af,D,MSP5687000Q,Shoulder/Lap Belt(s),F,9edb0e1c-c95a-49a2-850a-432612e3b4a3,Same Direction Rear End,N,Non Intersection,Right Turn Lane,Dusk,No Defects,"Two-way, Divided, Positive Median Barrier",Dry,Clear,Six o'clock,Passenger Car,Disabling,N,Moving Constant Speed,2015-02-25 18:24,70,38.2896166,-76.48516417,2,3,기타,등속 주행 중 측면 추돌 사고
2900,N,Apparently Normal,No Misuse,N,Possible Incapacitating Injury,c80699e8-c812-45a6-923a-f31e69970955,D,MSP5687000Q,Shoulder/Lap Belt(s),F,bb8d79df-1741-4353-b145-ad1f8767f7e9,Same Direction Rear End,N,Non Intersection,Right Turn Lane,Dusk,No Defects,"Two-way, Divided, Positive Median Barrier",Dry,Clear,Six o'clock,Passenger Car,Disabling,N,Moving Constant Speed,2015-02-25 18:24,42,38.2896166,-76.48516417,2,3,기타,등속 주행 중 측면 추돌 사고
2901,N,Apparently Normal,No Misuse,Y,No Injury,e4415609-7134-4772-ab8f-74ddd2b78321,D,MSP5687000Q,Shoulder/Lap Belt(s),M,1ee92e54-819e-49aa-8336-c3f189b9ea80,Same Direction Rear End,N,Non Intersection,Right Turn Lane,Dusk,No Defects,"Two-way, Divided, Positive Median Barrier",Dry,Clear,Twelve o'clock,Pickup Truck,Functional,N,Moving Constant Speed,2015-02-25 18:24,44,38.2896166,-76.48516417,2,3,기타,등속 주행 중 측면 추돌 사고
2902,N,Apparently Normal,No Misuse,Y,No Injury,391a0a95-7120-49f0-bbc8-246f4569d31e,D,MSP5688000V,Shoulder/Lap Belt(s),F,61736e02-19d7-4a48-a240-609c70670f69,Same Movement Angle,N,Intersection,Left Turn Lane,Daylight,No Defects,"Two-way, Not Divided",Dry,Clear,Four o'clock,Passenger Car,Disabling,N,Making Left Turn,2015-02-14 12:59,23,38.2993405,-76.6401315,1,1,좌회전 차선 사고,등속 주행 사고
2903,N,Apparently Normal,No Misuse,N,No Injury,c8d55b78-a1f4-4caf-9f08-b55991121021,D,MSP5688000V,Shoulder/Lap Belt(s),M,0131bda9-768d-469d-831d-2a04d46e5afe,Same Movement Angle,N,Intersection,Left Turn Lane,Daylight,No Defects,"Two-way, Not Divided",Dry,Clear,Twelve o'clock,Passenger Car,Functional,N,Moving Constant Speed,2015-02-14 12:59,54,38.2993405,-76.6401315,1,0,좌회전 차선 사고,등속 주행 중 측면 추돌 사고
2904,N,Apparently Normal,No Misuse,N,No Injury,d0478905-505e-45fb-b17c-e5a5d748fd97,D,MSP5688000W,Shoulder/Lap Belt(s),F,ad0c2881-9c41-4be4-bbaa-2e700b9f8c45,Same Direction Sideswipe,N,Non Intersection,Right Turn Lane,Dark No Lights,Loose Surface Material,"Two-way, Not Divided",Slush,Wintry Mix,Eleven o'clock,Passenger Car,Superficial,N,Moving Constant Speed,2015-02-21 19:00,29,38.41273433,-76.82201383,0,0,눈길사고,감속 중 사고
2905,N,Apparently Normal,No Misuse,Y,No Injury,506858a4-66d8-4b7f-afa8-8daf47253b51,D,MSP5688000W,Shoulder/Lap Belt(s),M,486745bc-6876-415c-9223-6dd2138631d0,Same Direction Sideswipe,N,Non Intersection,Right Turn Lane,Dark No Lights,Loose Surface Material,"Two-way, Not Divided",Slush,Wintry Mix,One o'clock,Pickup Truck,Superficial,N,Accelerating,2015-02-21 19:00,17,38.41273433,-76.82201383,0,2,눈길사고,미끌어짐에 의한 사고
2906,N,Apparently Normal,No Misuse,N,No Injury,b7139df6-18bf-400d-9767-e53b832dd8aa,D,MSP5688000Y,Shoulder/Lap Belt(s),F,475f4676-856a-4571-9117-42986c1dd3ea,Same Movement Angle,N,Intersection Related,Right Turn Lane,Daylight,No Defects,"Two-way, Not Divided",Dry,Clear,Five o'clock,Van,Functional,N,Moving Constant Speed,2015-03-12 14:05,51,38.25249367,-76.48068917,3,0,우회전 차선 사고,기타
2907,Y,Apparently Normal,No Misuse,Y,No Injury,9f5d33d2-b638-465a-95dc-a1f2a030a7c0,D,MSP5688000Y,Shoulder/Lap Belt(s),F,f95b1ee4-bb52-45b0-9000-b01064c87986,Same Movement Angle,N,Intersection Related,Right Turn Lane,Daylight,No Defects,"Two-way, Not Divided",Dry,Clear,Twelve o'clock,School Bus,Superficial,N,Starting From Parked,2015-03-12 14:05,37,38.25249367,-76.48068917,3,0,우회전 차선 사고,기타
2908,N,Apparently Normal,No Misuse,Y,No Injury,f397930c-a8d8-4afc-8d9b-f6151e1801a5,D,MSP5709000S,Shoulder/Lap Belt(s),F,427c5244-ae65-4d04-8f87-dde8b894dcac,Single Vehicle ,N,Non Intersection,Right Turn Lane,Daylight,No Defects,"Two-way, Not Divided",Wet,Cloudy,Twelve o'clock,Van,Disabling,N,Moving Constant Speed,2015-01-22 14:28,41,38.90409938,-76.0403488,4,2,빗길사고,동일 방향 운행 중 추돌 사고
2909,N,Apparently Normal,No Misuse,Y,No Injury,e5427ddf-56d3-415b-833f-2e6229a4bf83,D,MSP57300039,Shoulder/Lap Belt(s),F,0fdf43ce-873a-49c0-976d-e6e7a240f882,Single Vehicle ,N,Non Intersection,Right Turn Lane,Dark No Lights,No Defects,"Two-way, Not Divided",Dry,Clear,One o'clock,Passenger Car,Destroyed,N,Moving Constant Speed,2015-02-08 5:20,34,39.460627,-77.29681498,2,2,기타,기타
2910,N,Apparently Normal,No Misuse,Y,No Injury,7f6ab7e8-5ef3-4fc4-88ec-f03c938b7889,D,MSP5730003C,Shoulder/Lap Belt(s),F,98647ef9-52fa-4eed-8c1a-8db47fab2b53,Same Direction Rear End,N,Interchange Related,Right Turn Lane,Dark Lights On,No Defects,"Two-way, Divided, Positive Median Barrier",Dry,Clear,One o'clock,Passenger Car,Functional,N,Moving Constant Speed,2015-02-25 21:20,18,39.40184452,-77.42818978,3,2,우회전 차선 사고,기타
2911,N,Apparently Normal,No Misuse,Y,No Injury,5a14b60b-bd0e-4733-9ef6-608b25d68ab9,D,MSP5730003M,Shoulder/Lap Belt(s),F,8e0c6d8a-869e-4106-9f6b-06bd6ce49da8,Same Direction Rear End,N,Non Intersection,Acceleration Lane,Daylight,No Defects,"Two-way, Divided, Positive Median Barrier",Dry,Clear,Twelve o'clock,(Sport) Utility Vehicle,Superficial,Y,Moving Constant Speed,2015-03-24 16:45,51,39.444911,-77.396736,1,0,좌회전 차선 사고,등속 주행 중 측면 추돌 사고
2912,N,Apparently Normal,No Misuse,N,No Injury,460765b9-7cd9-41f8-bdb6-95f57ebb25b7,D,MSP5730003M,Shoulder/Lap Belt(s),M,1084782c-865a-46fa-8e1a-6fe28b17b756,Same Direction Rear End,N,Non Intersection,Acceleration Lane,Daylight,No Defects,"Two-way, Divided, Positive Median Barrier",Dry,Clear,Six o'clock,Passenger Car,Functional,N,Slowing or Stopping,2015-03-24 16:45,34,39.444911,-77.396736,1,3,좌회전 차선 사고,감속 중 사고
2913,N,Apparently Normal,No Misuse,Y,No Injury,69861adc-0ae3-40d0-95f8-caf2cb4fae82,D,MSP5730003N,Shoulder/Lap Belt(s),F,0edf0110-c0b0-40b8-a99e-5f0dac429ea5,Single Vehicle ,N,Non Intersection,Right Turn Lane,Daylight,No Defects,"Two-way, Not Divided",Dry,Clear,One o'clock,Passenger Car,Disabling,N,Moving Constant Speed,2015-03-24 18:47,26,39.6597431,-77.3315463,2,2,기타,기타
2914,N,Apparently Normal,No Misuse,Y,No Injury,92d920e3-e77d-4e02-9b10-286127d20d61,D,MSP57330014,Shoulder/Lap Belt(s),F,37720b5f-fa7e-4635-ab0b-9d5609b6d284,Single Vehicle ,N,Non Intersection,Left Turn Lane,Daylight,No Defects,"Two-way, Divided, Positive Median Barrier",Slush,Foggy,Six o'clock,Passenger Car,Disabling,N,Moving Constant Speed,2015-02-22 7:30,33,39.62610483,-75.97862367,1,0,좌회전 차선 사고,등속 주행 중 측면 추돌 사고
2915,N,Apparently Normal,No Misuse,N,No Injury,f80d9760-e722-4265-bb37-ca51b39165eb,D,MSP57410012,Shoulder/Lap Belt(s),F,72801f96-8011-4087-8550-d76d3f14bfee,Head On Left Turn,N,Non Intersection,Right Turn Lane,Daylight,"Holes, Ruts, Etc.","Two-way, Not Divided",Wet,Clear,Twelve o'clock,Passenger Car,Functional,N,Moving Constant Speed,2015-03-07 12:15,58,39.60014983,-76.0735015,2,2,기타,기타
2916,N,Apparently Normal,No Misuse,Y,No Injury,ed183942-c030-434d-a283-b68489c4cd86,D,MSP57430023,Shoulder/Lap Belt(s),F,ded4dc4a-7961-4d23-9a83-728c898af8d6,Same Movement Angle,N,Intersection,Right Turn Lane,Dark Lights On,No Defects,"Two-way, Not Divided",Wet,Raining,Four o'clock,Passenger Car,Disabling,N,Starting From Lane,2015-02-09 17:56,19,39.61233633,-77.73024267,4,1,빗길사고,자차 사고
2917,N,Apparently Normal,No Misuse,N,No Injury,66946a27-9996-4691-a1bf-c933735cf851,D,MSP57430029,Shoulder/Lap Belt(s),M,dab1d23f-ca46-423a-af79-853175db439e,Same Direction Rear End,N,Non Intersection,Right Turn Lane,Daylight,No Defects,"Two-way, Divided, Positive Median Barrier",Ice,Raining,Twelve o'clock,Passenger Car,Disabling,N,Skidding,2015-03-25 9:17,24,39.71945086,-78.2836175,0,2,눈길사고,미끌어짐에 의한 사고
2918,N,Apparently Normal,No Misuse,Y,No Injury,26fa2fae-0905-41d9-ba93-9870650c5efe,D,MSP5743002B,Shoulder/Lap Belt(s),F,f4645498-32ff-4b23-924e-51f3d6919b98,Single Vehicle ,N,Non Intersection,Left Turn Lane,Daylight,No Defects,"Two-way, Divided, Positive Median Barrier",Ice,Wintry Mix,Twelve o'clock,Passenger Car,Disabling,N,Skidding,2015-03-25 9:32,28,39.71948387,-78.28452945,0,2,눈길사고,미끌어짐에 의한 사고
2919,N,Apparently Normal,No Misuse,N,No Injury,fadf0efc-56c2-4f55-b495-3159117a4874,D,MSP5744001T,Shoulder/Lap Belt(s),F,63d150f8-8c44-4261-b90c-3a933a2535ad,Same Direction Rear End,N,Intersection Related,Left Turn Lane,Daylight,No Defects,"Two-way, Not Divided",Dry,Clear,Six o'clock,Passenger Car,Functional,N,Slowing or Stopping,2015-03-12 9:41,82,39.5867745,-76.97514967,1,3,좌회전 차선 사고,감속 중 사고
2920,N,Apparently Normal,No Misuse,Y,No Injury,e1d1e8e3-f171-42de-9bea-210577f6c0e9,D,MSP5744001T,Shoulder/Lap Belt(s),F,74d7f7b6-bc3b-40b7-a42f-10ba5acf5452,Same Direction Rear End,N,Intersection Related,Left Turn Lane,Daylight,No Defects,"Two-way, Not Divided",Dry,Clear,Twelve o'clock,Passenger Car,Destroyed,N,Slowing or Stopping,2015-03-12 9:41,26,39.5867745,-76.97514967,1,3,좌회전 차선 사고,감속 중 사고
2921,N,Apparently Normal,No Misuse,N,No Injury,61043394-cb87-462f-9577-9c67f104a9a3,D,MSP5744001V,Shoulder/Lap Belt(s),F,264f600e-6e61-4f96-9d6b-4d662580c22c,Same Direction Rear End,N,Intersection Related,Right Turn Lane,Dark No Lights,No Defects,"Two-way, Not Divided",Dry,Clear,Six o'clock,(Sport) Utility Vehicle,Disabling,N,Stopped in Traffic Lane,2015-03-13 6:50,61,39.588513,-77.026724,3,3,우회전 차선 사고,동일 방향 운행 중 추돌 사고
2922,N,Apparently Normal,No Misuse,Y,Non-incapacitating Injury,5fcacb52-e9df-4502-93c9-08911305c437,D,MSP5744001V,Shoulder/Lap Belt(s),F,cdb21c16-a1cb-4e17-b86c-8bb8146e385f,Same Direction Rear End,N,Intersection Related,Right Turn Lane,Dark No Lights,No Defects,"Two-way, Not Divided",Dry,Clear,Twelve o'clock,Passenger Car,Destroyed,N,Moving Constant Speed,2015-03-13 6:50,24,39.588513,-77.026724,3,2,우회전 차선 사고,기타
2923,N,Apparently Normal,No Misuse,N,No Injury,d11f58c6-703b-412e-8b6b-21b126d4d484,D,MSP57580018,Shoulder/Lap Belt(s),F,94f5389e-577a-49cd-aac9-dae07a99c322,Single Vehicle ,N,Non Intersection,Right Turn Lane,Daylight,No Defects,"Two-way, Not Divided",Dry,Cloudy,Eleven o'clock,Passenger Car,Disabling,N,Moving Constant Speed,2015-02-08 9:24,53,39.06157367,-75.92369033,2,2,기타,기타
2924,N,Apparently Normal,No Misuse,N,No Injury,70a76a79-de36-4189-ac73-7286bef82816,D,MSP5763002T,Shoulder/Lap Belt(s),F,0aaf9bac-abfe-4191-89a7-9f054bf1f7bc,Same Direction Rear End,N,Non Intersection,Left Turn Lane,Daylight,No Defects,"Two-way, Divided, Positive Median Barrier",Dry,Clear,Six o'clock,Passenger Car,Disabling,N,Slowing or Stopping,2015-01-11 9:08,26,39.20738433,-76.7481095,1,3,좌회전 차선 사고,감속 중 사고
2925,N,Apparently Normal,No Misuse,Y,No Injury,27cb1053-555a-48d4-a082-f01f14e07296,D,MSP5763002T,Shoulder/Lap Belt(s),M,d9f8e2f9-c21b-4837-abcc-c4dc45bfe87f,Same Direction Rear End,N,Non Intersection,Left Turn Lane,Daylight,No Defects,"Two-way, Divided, Positive Median Barrier",Dry,Clear,Twelve o'clock,Van,Functional,N,Moving Constant Speed,2015-01-11 9:08,51,39.20738433,-76.7481095,1,0,좌회전 차선 사고,등속 주행 중 측면 추돌 사고
2926,N,Apparently Normal,No Misuse,Y,No Injury,28012370-1f55-4897-b88c-3a67c2fdb347,D,MSP5763002W,Shoulder/Lap Belt(s),F,5465353f-e8f5-4560-ae91-e6ea5190e31b,Same Direction Rear End,N,Non Intersection,Deceleration Lane,Daylight,No Defects,"Two-way, Divided, Positive Median Barrier",Dry,Cloudy,Twelve o'clock,(Sport) Utility Vehicle,Disabling,N,Moving Constant Speed,2015-01-14 8:20,32,39.18604117,-76.77934,1,0,좌회전 차선 사고,등속 주행 중 측면 추돌 사고
2927,N,Apparently Normal,No Misuse,N,Possible Incapacitating Injury,112cedc8-99b5-4b2c-a2a6-be7327424c3b,D,MSP5763002W,Shoulder/Lap Belt(s),F,5a17a05d-4af1-4450-b6df-957ce1730c83,Same Direction Rear End,N,Non Intersection,Deceleration Lane,Daylight,No Defects,"Two-way, Divided, Positive Median Barrier",Dry,Cloudy,Six o'clock,Passenger Car,Disabling,N,Slowing or Stopping,2015-01-14 8:20,27,39.18604117,-76.77934,1,3,좌회전 차선 사고,감속 중 사고