KEY_INDEX,CDL_FLAG,CONDITION_CODE,EQUIP_PROB_CODE,FAULT_FLAG,INJ_SEVER_CODE,PERSON_ID,PERSON_TYPE,REPORT_NO,SAF_EQUIP_CODE,SEX_CODE,VEHICLE_ID,COLLISION_TYPE_CODE,C_M_ZONE_FLAG,JUNCTION_CODE,LANE_CODE,LIGHT_CODE,RD_COND_CODE,RD_DIV_CODE,SURF_COND_CODE,WEATHER_CODE,AREA_DAMAGED_CODE_MAIN,BODY_TYPE_CODE,DAMAGE_CODE,HIT_AND_RUN_FLAG,MOVEMENT_CODE,TIME,AGE,LATITUDE,LONGITUDE,CLUSTER,SECOND_LABEL,FIRST_LABEL,SECOND_LABELING
2981,N,Apparently Normal,No Misuse,N,No Injury,66b25247-23d5-400b-aa5f-9a7328f7254a,D,MSP58350025,Shoulder/Lap Belt(s),F,045f4b4d-04fa-4a7f-9243-74b9243458a5,Same Direction Sideswipe,N,Non Intersection,Right Turn Lane,Daylight,No Defects,"Two-way, Divided, Positive Median Barrier",Dry,Clear,One o'clock,(Sport) Utility Vehicle,Superficial,N,Moving Constant Speed,2015-02-11 16:01,62,39.0049979,-76.5957255,2,2,기타,기타
2982,N,Apparently Normal,No Misuse,Y,No Injury,14f0332e-1ac3-4087-a5f1-22424f8d1608,D,MSP58350025,Shoulder/Lap Belt(s),M,e4b3d5ef-dac2-41af-8720-855b2ba4a275,Same Direction Sideswipe,N,Non Intersection,Right Turn Lane,Daylight,No Defects,"Two-way, Divided, Positive Median Barrier",Dry,Clear,Seven o'clock,Passenger Car,Superficial,Y,Changing Lanes,2015-02-11 16:01,60,39.0049979,-76.5957255,2,0,기타,자차 사고
2983,Y,Apparently Normal,No Misuse,Y,No Injury,4017f59e-8a41-4963-b149-bbc95a6e72de,D,MSP58350027,Shoulder/Lap Belt(s),F,c18e0d73-7404-447c-8dff-d3e4da08601d,Same Direction Rear End,N,Non Intersection,Acceleration Lane,Dark No Lights,No Defects,"Two-way, Divided, Positive Median Barrier",Dry,Clear,Twelve o'clock,Passenger Car,Destroyed,N,Moving Constant Speed,2015-03-13 0:01,38,38.96956942,-76.62526131,1,0,좌회전 차선 사고,등속 주행 중 측면 추돌 사고
2984,N,Apparently Normal,No Misuse,N,Possible Incapacitating Injury,a54a1b3b-cc3f-4e16-abaa-88ca515dff68,D,MSP58350027,Shoulder/Lap Belt(s),F,24463f7e-e55d-462b-8f70-81f8bea9f2c4,Same Direction Rear End,N,Non Intersection,Acceleration Lane,Dark No Lights,No Defects,"Two-way, Divided, Positive Median Barrier",Dry,Clear,Six o'clock,Pickup Truck,Disabling,N,Moving Constant Speed,2015-03-13 0:01,45,38.96956942,-76.62526131,1,0,좌회전 차선 사고,등속 주행 중 측면 추돌 사고
2985,N,Apparently Normal,No Misuse,Y,No Injury,bc9ce174-6a1c-43e8-90a3-27692e1444af,D,MSP5842001G,Shoulder/Lap Belt(s),F,a3d5865d-4108-4248-bb17-9b5fb55c2a78,Same Direction Rear End,N,Intersection Related,Right Turn Lane,Dark Lights On,No Defects,"Two-way, Divided, Positive Median Barrier",Dry,Clear,Twelve o'clock,Passenger Car,Disabling,N,Moving Constant Speed,2015-01-09 17:20,20,39.644938,-75.79808183,3,2,우회전 차선 사고,기타
2986,N,Apparently Normal,No Misuse,N,No Injury,2b3cf7ee-911e-49f6-ac03-0389f53ecd92,D,MSP5845000Q,Shoulder/Lap Belt(s),F,e38e4902-91ec-477b-a878-66ce1d85b406,Same Movement Angle,N,Intersection,Left Turn Lane,Dawn,No Defects,"Two-way, Divided, Positive Median Barrier",Dry,Clear,Nine o'clock,Van,Functional,N,Moving Constant Speed,2015-03-29 6:53,69,38.44755333,-75.69867983,1,0,좌회전 차선 사고,등속 주행 중 측면 추돌 사고
2987,N,Apparently Normal,No Misuse,Y,No Injury,83f5dda4-a6d8-4400-b2f4-7bb6858808b1,D,MSP5845000Q,Shoulder/Lap Belt(s),M,cb011935-4283-432a-a739-61adcfddd060,Same Movement Angle,N,Intersection,Left Turn Lane,Dawn,No Defects,"Two-way, Divided, Positive Median Barrier",Dry,Clear,One o'clock,Pickup Truck,Superficial,N,Moving Constant Speed,2015-03-29 6:53,65,38.44755333,-75.69867983,1,0,좌회전 차선 사고,등속 주행 중 측면 추돌 사고
2988,N,Apparently Normal,No Misuse,Y,No Injury,8b55c1b2-c30d-4716-b874-b350d452a0ab,D,MSP58470032,Shoulder/Lap Belt(s),F,1a811a22-690b-4780-98d3-020bfbd15dd9,Same Direction Sideswipe,N,Intersection Related,Right Turn Lane,Daylight,No Defects,"Two-way, Divided, Positive Median Barrier",Ice,Clear,Nine o'clock,Passenger Car,Functional,N,Moving Constant Speed,2015-03-06 7:08,23,39.39818199,-77.42082596,3,2,우회전 차선 사고,기타
2989,N,Apparently Normal,No Misuse,Y,Possible Incapacitating Injury,483f085e-6831-4afe-a073-2a84bf3dc768,D,MSP58470032,Shoulder/Lap Belt(s),M,379f3fb9-4761-4c17-8a5c-32ea4da9314e,Same Direction Sideswipe,N,Intersection Related,Right Turn Lane,Daylight,No Defects,"Two-way, Divided, Positive Median Barrier",Ice,Clear,Three o'clock,Passenger Car,Disabling,N,Moving Constant Speed,2015-03-06 7:08,29,39.39818199,-77.42082596,3,2,우회전 차선 사고,기타
2990,N,Apparently Normal,No Misuse,Y,No Injury,61eba581-1830-4ed8-b2a1-00cb0e1e4595,D,MSP58540024,Shoulder/Lap Belt(s),F,6a3c5f2c-f6c6-4feb-b987-4a9b89d58162,Single Vehicle ,N,Non Intersection,Right Turn Lane,Dawn,No Defects,"Two-way, Divided, Positive Median Barrier",Dry,Clear,Twelve o'clock,Passenger Car,Disabling,N,Moving Constant Speed,2015-01-02 7:32,35,39.52038033,-76.19895317,2,2,기타,기타
2991,N,Apparently Normal,No Misuse,Y,No Injury,f11a0339-d2fa-4670-9b3c-a2758c16228e,D,MSP58540025,Shoulder/Lap Belt(s),F,e07420c2-efa4-4f33-b9fb-3174cbafa33b,Single Vehicle ,N,Non Intersection,Right Turn Lane,Dark Lights On,No Defects,One-way Trafficway,Wet,Raining,Twelve o'clock,Pickup Truck,Functional,N,Moving Constant Speed,2015-01-04 5:03,18,39.613568,-76.0066245,4,2,빗길사고,동일 방향 운행 중 추돌 사고
2992,N,Apparently Normal,No Misuse,N,No Injury,705fbedf-1ba4-43d3-a9cb-f829c13f7556,D,MSP58540026,Shoulder/Lap Belt(s),F,f1bdf69f-43b5-46c4-adeb-5a937685989d,Same Direction Rear End,N,Non Intersection,Right Turn Lane,Daylight,No Defects,"Two-way, Divided, Positive Median Barrier",Wet,Raining,Six o'clock,Passenger Car,Functional,N,Slowing or Stopping,2015-01-04 12:06,33,39.5855475,-76.08449617,4,3,빗길사고,기타
2993,N,Apparently Normal,No Misuse,N,No Injury,2ab001e4-ac90-4860-82d1-e2a75f38a29d,D,MSP58540026,Shoulder/Lap Belt(s),M,0502075e-19ac-492c-a1b3-487d71713e30,Same Direction Rear End,N,Non Intersection,Right Turn Lane,Daylight,No Defects,"Two-way, Divided, Positive Median Barrier",Wet,Raining,Six o'clock,Passenger Car,Disabling,N,Slowing or Stopping,2015-01-04 12:06,31,39.5855475,-76.08449617,4,3,빗길사고,기타
2994,N,Apparently Normal,No Misuse,Y,No Injury,5d8c0692-2197-4e0e-95ae-bc0f8dafedd0,D,MSP58540026,Shoulder/Lap Belt(s),M,7c55bad4-e542-4fd5-a8eb-eb57c2a85fa1,Same Direction Rear End,N,Non Intersection,Right Turn Lane,Daylight,No Defects,"Two-way, Divided, Positive Median Barrier",Wet,Raining,Twelve o'clock,Passenger Car,Disabling,N,Moving Constant Speed,2015-01-04 12:06,59,39.5855475,-76.08449617,4,2,빗길사고,동일 방향 운행 중 추돌 사고
2995,N,Apparently Normal,No Misuse,N,No Injury,09cfd3c7-a37e-4124-a594-ea767e4c456c,D,MSP58540029,Shoulder/Lap Belt(s),F,cbaacc92-9478-473b-ae3d-655f0d64b78d,Same Direction Right Turn,N,Non Intersection,Right Turn Lane,Dark No Lights,No Defects,"Two-way, Divided, Positive Median Barrier",Slush,Sleet,Twelve o'clock,Passenger Car,Functional,N,Moving Constant Speed,2015-03-01 18:37,23,39.36837133,-76.46421867,0,0,눈길사고,감속 중 사고
2996,N,Apparently Normal,No Misuse,N,No Injury,ec047285-889c-44db-96c6-c0b54d633769,D,MSP58540029,Shoulder/Lap Belt(s),M,e225c3ab-7745-4592-ba19-e77112cab932,Same Direction Right Turn,N,Non Intersection,Right Turn Lane,Dark No Lights,No Defects,"Two-way, Divided, Positive Median Barrier",Slush,Sleet,Twelve o'clock,Passenger Car,Functional,N,Moving Constant Speed,2015-03-01 18:37,40,39.36837133,-76.46421867,0,0,눈길사고,감속 중 사고
2997,N,Apparently Normal,No Misuse,Y,No Injury,017da4d3-1f2c-4b60-8dca-70e797eccbc5,D,MSP58540029,Shoulder/Lap Belt(s),M,0e3509a5-b0e3-43a6-85c2-c3b731487e47,Same Direction Right Turn,N,Non Intersection,Right Turn Lane,Dark No Lights,No Defects,"Two-way, Divided, Positive Median Barrier",Slush,Sleet,Six o'clock,Pickup Truck,Functional,N,Entering Traffic Lane,2015-03-01 18:37,54,39.36837133,-76.46421867,0,2,눈길사고,미끌어짐에 의한 사고
2998,N,Apparently Normal,No Misuse,Y,No Injury,18b798cd-c2be-4dfd-bb5e-77d1112288cf,D,MSP5854002B,Shoulder/Lap Belt(s),F,b5334ede-5ec4-43c6-8fdb-6949ed12f7a7,Same Direction Sideswipe,N,Non Intersection,Right Turn Lane,Dark No Lights,No Defects,One-way Trafficway,Slush,Sleet,Twelve o'clock,Passenger Car,Disabling,N,Moving Constant Speed,2015-03-01 20:17,22,39.35126183,-76.49447517,0,0,눈길사고,감속 중 사고
2999,N,Apparently Normal,No Misuse,N,No Injury,db95d0ed-09c3-47c2-ab66-ecf54a63340f,D,MSP5854002B,Shoulder/Lap Belt(s),M,67d27707-54af-4fcd-bb59-d93ab80f0365,Same Direction Sideswipe,N,Non Intersection,Right Turn Lane,Dark No Lights,No Defects,One-way Trafficway,Slush,Sleet,Twelve o'clock,Passenger Car,Disabling,N,Moving Constant Speed,2015-03-01 20:17,63,39.35126183,-76.49447517,0,0,눈길사고,감속 중 사고
3000,N,Apparently Normal,No Misuse,Y,No Injury,3d292869-e313-490b-a766-7c71cda642a3,D,MSP5854002C,Shoulder/Lap Belt(s),F,9f3d369f-3927-445f-aa05-0c9f5266dd7c,Single Vehicle ,N,Non Intersection,Acceleration Lane,Dark Lights On,No Defects,"Two-way, Divided, Positive Median Barrier",Slush,Sleet,Eleven o'clock,Passenger Car,Disabling,N,Moving Constant Speed,2015-03-03 18:16,24,39.58550817,-76.09536183,0,0,눈길사고,감속 중 사고
3001,N,Apparently Normal,No Misuse,N,No Injury,93b3c150-aa94-4800-8b59-826c74d7528d,D,MSP5857000J,Shoulder/Lap Belt(s),F,cc68d0eb-1dbd-4614-9e9a-ccb8a61ee1e1,Single Vehicle ,N,Non Intersection,Right Turn Lane,Dawn,No Defects,"Two-way, Not Divided",Dry,Clear,Twelve o'clock,Passenger Car,Disabling,N,Moving Constant Speed,2015-01-09 8:20,42,38.45859186,-76.53983295,2,2,기타,기타
3002,N,Apparently Normal,No Misuse,Y,No Injury,c66f5d24-83c4-44ed-bad1-b75562e3f8f7,D,MSP58580041,Shoulder/Lap Belt(s),F,1a196282-c449-4ded-a9e6-42ad5f8bdc2b,Same Direction Rear End,N,Non Intersection,Right Turn Lane,Dark Lights On,No Defects,"Two-way, Divided, Positive Median Barrier",Dry,Cloudy,Twelve o'clock,Passenger Car,Disabling,N,Moving Constant Speed,2015-01-13 18:20,27,38.871746,-76.843733,2,3,기타,등속 주행 중 측면 추돌 사고
3003,N,Apparently Normal,No Misuse,N,Non-incapacitating Injury,7b8f5572-e304-4589-892c-1f257bd73414,D,MSP58580041,Shoulder/Lap Belt(s),F,3405ad74-d580-478d-b8f2-de3dd1ed255c,Same Direction Rear End,N,Non Intersection,Right Turn Lane,Dark Lights On,No Defects,"Two-way, Divided, Positive Median Barrier",Dry,Cloudy,Six o'clock,Passenger Car,Functional,N,Slowing or Stopping,2015-01-13 18:20,27,38.871746,-76.843733,2,1,기타,등속 주행 사고
3004,N,Apparently Normal,No Misuse,N,No Injury,3c49ccf7-4f33-42aa-8ba0-660305956d8f,D,MSP58580041,Shoulder/Lap Belt(s),M,cd0bc83d-8234-4ab6-b97e-ec14adaaea7b,Same Direction Rear End,N,Non Intersection,Right Turn Lane,Dark Lights On,No Defects,"Two-way, Divided, Positive Median Barrier",Dry,Cloudy,Six o'clock,Passenger Car,Functional,N,Slowing or Stopping,2015-01-13 18:20,49,38.871746,-76.843733,2,1,기타,등속 주행 사고
3005,N,Apparently Normal,No Misuse,N,No Injury,f794ce92-d54c-4476-8b1e-aa3d93611163,D,MSP58580048,Shoulder/Lap Belt(s),F,d5c4f69d-325b-4cda-a1ad-d45124ef8735,Same Direction Rear End,N,Non Intersection,Right Turn Lane,Dawn,No Defects,"Two-way, Divided, Unprotected (painted >4 feet) Median",Dry,Clear,Twelve o'clock,Passenger Car,Disabling,N,Slowing or Stopping,2015-01-30 7:27,25,38.77476433,-76.80067117,2,1,기타,등속 주행 사고
3006,N,Apparently Normal,No Misuse,Y,No Injury,5dc835ea-406a-4854-8c7e-41b2c352ba50,D,MSP58580048,Shoulder/Lap Belt(s),F,0a77b392-1c3c-4301-b287-6973ced9e3b6,Same Direction Rear End,N,Non Intersection,Right Turn Lane,Dawn,No Defects,"Two-way, Divided, Unprotected (painted >4 feet) Median",Dry,Clear,Twelve o'clock,Van,Disabling,N,Moving Constant Speed,2015-01-30 7:27,64,38.77476433,-76.80067117,2,3,기타,등속 주행 중 측면 추돌 사고
3007,N,Apparently Normal,No Misuse,N,No Injury,b644dd01-bb0d-499c-9509-54b5c1d6782f,D,MSP58580048,Shoulder/Lap Belt(s),M,b1acaba4-56ca-473c-b57c-8276f143cd8a,Same Direction Rear End,N,Non Intersection,Right Turn Lane,Dawn,No Defects,"Two-way, Divided, Unprotected (painted >4 feet) Median",Dry,Clear,Six o'clock,Pickup Truck,Functional,N,Moving Constant Speed,2015-01-30 7:27,26,38.77476433,-76.80067117,2,3,기타,등속 주행 중 측면 추돌 사고
3008,N,Apparently Normal,No Misuse,Y,No Injury,85d7c1ae-a460-472c-9fc9-518240266781,D,MSP5859001M,Shoulder/Lap Belt(s),F,5c498e40-a793-4b8c-b051-b2ccc0b85236,Same Direction Rear End,N,Non Intersection,Right Turn Lane,Dark Lights On,No Defects,"Two-way, Divided, Unprotected (painted >4 feet) Median",Dry,Clear,Twelve o'clock,Passenger Car,Disabling,N,Moving Constant Speed,2015-01-05 6:50,53,38.818171,-76.84018367,2,3,기타,등속 주행 중 측면 추돌 사고
3009,N,Apparently Normal,No Misuse,Y,Non-incapacitating Injury,6727720b-d398-4628-bfb0-196909f14e32,D,MSP5859001M,Shoulder/Lap Belt(s),M,8447e644-a833-4c56-b18b-7d4ae7bc52c0,Same Direction Rear End,N,Non Intersection,Right Turn Lane,Dark Lights On,No Defects,"Two-way, Divided, Unprotected (painted >4 feet) Median",Dry,Clear,Six o'clock,(Sport) Utility Vehicle,Functional,N,Slowing or Stopping,2015-01-05 6:50,47,38.818171,-76.84018367,2,1,기타,등속 주행 사고
3010,N,Apparently Normal,No Misuse,N,No Injury,226a5a25-029f-40f2-a562-58beeff41337,D,MSP5859001R,Shoulder/Lap Belt(s),F,9ff61730-875d-4cc7-bcbf-0ad0e50abe73,Same Direction Rear End,N,Non Intersection,Deceleration Lane,Daylight,No Defects,"Two-way, Divided, Positive Median Barrier",Wet,Raining,Six o'clock,(Sport) Utility Vehicle,Functional,N,Slowing or Stopping,2015-03-20 16:22,37,38.98280817,-76.87733467,4,3,빗길사고,기타
3011,N,Apparently Normal,No Misuse,Y,No Injury,ebfdb70a-cda4-4444-8038-61bf28754387,D,MSP5859001R,Shoulder/Lap Belt(s),M,2d0ceef3-5bea-4645-b47f-9e6512c39e26,Same Direction Rear End,N,Non Intersection,Deceleration Lane,Daylight,No Defects,"Two-way, Divided, Positive Median Barrier",Wet,Raining,Twelve o'clock,Passenger Car,Disabling,N,Moving Constant Speed,2015-03-20 16:22,28,38.98280817,-76.87733467,4,2,빗길사고,동일 방향 운행 중 추돌 사고
3012,N,Apparently Normal,No Misuse,Y,No Injury,85debcaa-9d18-40c1-9804-50281f0f5d51,D,MSP58620023,Shoulder/Lap Belt(s),F,19d3527a-81f0-4b02-9166-bb4284f1829f,Same Direction Rear End,N,Intersection Related,Left Turn Lane,Dark No Lights,No Defects,"Two-way, Not Divided",Dry,Clear,Twelve o'clock,Passenger Car,Disabling,N,Moving Constant Speed,2015-01-14 17:28,23,38.647493,-76.938517,1,0,좌회전 차선 사고,등속 주행 중 측면 추돌 사고
3013,N,Apparently Normal,No Misuse,N,Possible Incapacitating Injury,6e3a4fac-0b2a-4739-b63d-6c8f4f2d912d,D,MSP58620023,Shoulder/Lap Belt(s),M,3ec1b1c2-96e9-4f07-8895-32b96fe8a8d4,Same Direction Rear End,N,Intersection Related,Left Turn Lane,Dark No Lights,No Defects,"Two-way, Not Divided",Dry,Clear,Six o'clock,(Sport) Utility Vehicle,Superficial,N,Slowing or Stopping,2015-01-14 17:28,43,38.647493,-76.938517,1,3,좌회전 차선 사고,감속 중 사고
3014,N,Apparently Normal,No Misuse,N,No Injury,fca04c41-47a5-4a6f-af23-dbc3243d3749,D,MSP58620024,Shoulder/Lap Belt(s),F,708f8fef-9d8d-4661-86bf-348757c70731,Single Vehicle ,N,Non Intersection,Right Turn Lane,Dark No Lights,No Defects,"Two-way, Not Divided",Dry,Clear,Twelve o'clock,Passenger Car,Disabling,N,Moving Constant Speed,2015-01-17 20:06,19,38.590769,-77.051249,2,2,기타,기타
3015,N,Apparently Normal,No Misuse,N,No Injury,e9a8c6a2-9ea7-4681-a3ec-f7cf1f49dcb4,D,MSP58620025,Shoulder/Lap Belt(s),F,469ee723-5025-4f1c-a902-fd7aa2649740,Same Direction Rear End,N,Intersection Related,Right Turn Lane,Dark No Lights,No Defects,"Two-way, Not Divided",Wet,Raining,Six o'clock,Passenger Car,Superficial,N,Stopped in Traffic Lane,2015-01-18 18:45,53,38.61377167,-76.88077917,4,3,빗길사고,기타
3016,N,Apparently Normal,No Misuse,Y,No Injury,3fec0ecf-45aa-4339-9765-b2ff2f1941d9,D,MSP58620025,Shoulder/Lap Belt(s),F,4cc5d657-f816-47a0-b534-52b48fa9f642,Same Direction Rear End,N,Intersection Related,Right Turn Lane,Dark No Lights,No Defects,"Two-way, Not Divided",Wet,Raining,Twelve o'clock,(Sport) Utility Vehicle,Superficial,N,Starting From Lane,2015-01-18 18:45,41,38.61377167,-76.88077917,4,3,빗길사고,기타
3017,N,Apparently Normal,No Misuse,Y,No Injury,628632ea-b191-41c3-b29a-48071d7f7984,D,MSP58620029,Shoulder/Lap Belt(s),F,ad17bd91-f37b-4db5-9e3b-56672a742ec8,Same Direction Rear End,N,Intersection Related,Acceleration Lane,Dark No Lights,No Defects,"Two-way, Not Divided",Dry,Clear,Twelve o'clock,Pickup Truck,Superficial,N,Moving Constant Speed,2015-02-08 18:06,25,38.625152,-76.911742,3,2,우회전 차선 사고,기타
3018,N,Apparently Normal,No Misuse,N,No Injury,58614c46-f2c9-4b5b-a6b8-f287818736b7,D,MSP58620029,Shoulder/Lap Belt(s),M,135751eb-3d17-4e3c-945b-e53e0a51a888,Same Direction Rear End,N,Intersection Related,Acceleration Lane,Dark No Lights,No Defects,"Two-way, Not Divided",Dry,Clear,Six o'clock,(Sport) Utility Vehicle,Superficial,N,Stopped in Traffic Lane,2015-02-08 18:06,59,38.625152,-76.911742,3,3,우회전 차선 사고,동일 방향 운행 중 추돌 사고
3019,N,Apparently Normal,No Misuse,N,No Injury,97a7e544-93b1-4662-aaaf-3c8aae6b46c9,D,MSP5862002K,Shoulder/Lap Belt(s),F,6b81394b-6605-40fd-b223-23191842e788,Same Direction Rear End,N,Intersection Related,Acceleration Lane,Daylight,No Defects,"Two-way, Not Divided",Wet,Raining,Six o'clock,Passenger Car,Superficial,N,Stopped in Traffic Lane,2015-03-26 9:13,28,38.667912,-76.876162,4,3,빗길사고,기타
3020,N,Apparently Normal,No Misuse,Y,No Injury,35fa6dbb-3bae-49bf-9e98-3029b1ae34f8,D,MSP5862002K,Shoulder/Lap Belt(s),M,d7b52184-3d1f-412a-a971-32e4e9e25a62,Same Direction Rear End,N,Intersection Related,Acceleration Lane,Daylight,No Defects,"Two-way, Not Divided",Wet,Raining,Twelve o'clock,Passenger Car,Disabling,N,Moving Constant Speed,2015-03-26 9:13,31,38.667912,-76.876162,4,2,빗길사고,동일 방향 운행 중 추돌 사고
3021,N,Apparently Normal,No Misuse,N,No Injury,cf3daad4-7fec-4b88-85bd-1674b2472192,D,MSP5867000F,Shoulder/Lap Belt(s),F,0dffe9ca-2bbb-4a80-9f6e-127b39d1eb05,Same Direction Right Turn,N,Non Intersection,Right Turn Lane,Daylight,No Defects,"Two-way, Divided, Positive Median Barrier",Dry,Clear,Eleven o'clock,Passenger Car,Functional,N,Moving Constant Speed,2015-03-23 15:58,40,39.36905881,-76.46198988,2,2,기타,기타
3022,N,Apparently Normal,No Misuse,N,No Injury,4c9309c3-1599-4558-a1ad-18b11a98ea01,D,MSP5910001J,Shoulder/Lap Belt(s),F,a9a3a35f-f9ee-4f5a-8288-768d0ee2a118,Same Direction Rear End,N,Intersection Related,Left Turn Lane,Dark No Lights,No Defects,"Two-way, Divided, Positive Median Barrier",Dry,Clear,Six o'clock,Passenger Car,Functional,N,Starting From Lane,2015-01-19 20:17,45,38.648306,-76.955152,1,3,좌회전 차선 사고,감속 중 사고
3023,N,Apparently Normal,No Misuse,N,No Injury,85112a35-68b1-4f13-98cc-0a7d008f6bfa,D,MSP5910001J,Shoulder/Lap Belt(s),M,e7d3c1da-8251-46ef-a48f-61892a06735b,Same Direction Rear End,N,Intersection Related,Left Turn Lane,Dark No Lights,No Defects,"Two-way, Divided, Positive Median Barrier",Dry,Clear,Six o'clock,(Sport) Utility Vehicle,Functional,N,Starting From Lane,2015-01-19 20:17,53,38.648306,-76.955152,1,3,좌회전 차선 사고,감속 중 사고
3024,N,Using Drugs,No Misuse,Y,Incapacitating/Disabled Injury,203fa140-d942-449a-a9bd-b7518f1fa726,D,MSP5910001J,Shoulder/Lap Belt(s),M,9bb5ea37-e89c-4c21-bd78-849392e6560d,Same Direction Rear End,N,Intersection Related,Left Turn Lane,Dark No Lights,No Defects,"Two-way, Divided, Positive Median Barrier",Dry,Clear,Twelve o'clock,Passenger Car,Disabling,N,Moving Constant Speed,2015-01-19 20:17,48,38.648306,-76.955152,1,0,좌회전 차선 사고,등속 주행 중 측면 추돌 사고
3025,N,Apparently Normal,No Misuse,N,No Injury,d39a49fa-5327-4cbc-b754-ea4361a1e545,D,MSP5910001K,Shoulder/Lap Belt(s),F,2c5b6b2f-3a12-45c8-99a1-d33ba1312ea7,Same Direction Rear End,N,Intersection Related,Left Turn Lane,Daylight,No Defects,"Two-way, Divided, Positive Median Barrier",Dry,Clear,Twelve o'clock,Passenger Car,Disabling,N,Slowing or Stopping,2015-02-07 13:00,46,38.6578965,-76.8747715,1,3,좌회전 차선 사고,감속 중 사고
3026,N,Apparently Normal,No Misuse,N,No Injury,b17e3953-f321-4162-921b-55abad912221,D,MSP5910001K,Shoulder/Lap Belt(s),M,1e3249dd-0c32-46a8-9fee-d27d6adf8fe1,Same Direction Rear End,N,Intersection Related,Left Turn Lane,Daylight,No Defects,"Two-way, Divided, Positive Median Barrier",Dry,Clear,Six o'clock,Passenger Car,Functional,N,Slowing or Stopping,2015-02-07 13:00,84,38.6578965,-76.8747715,1,3,좌회전 차선 사고,감속 중 사고
3027,N,Apparently Normal,No Misuse,Y,No Injury,c45c1a8f-59a8-4f18-abbe-604e3699f212,D,MSP5910001K,Shoulder/Lap Belt(s),M,03d27a5a-6eba-49fe-a5bb-1076d96dafaa,Same Direction Rear End,N,Intersection Related,Left Turn Lane,Daylight,No Defects,"Two-way, Divided, Positive Median Barrier",Dry,Clear,Twelve o'clock,Van,Functional,Y,Moving Constant Speed,2015-02-07 13:00,34,38.6578965,-76.8747715,1,0,좌회전 차선 사고,등속 주행 중 측면 추돌 사고
3028,N,Apparently Normal,No Misuse,Y,No Injury,271b9ea3-a03c-4967-b5eb-c1567dac865a,D,MSP5910001S,Shoulder/Lap Belt(s),F,ad7e48a9-1c8e-4183-b23e-2085c55c31ee,Single Vehicle ,N,Non Intersection,Right Turn Lane,Daylight,No Defects,"Two-way, Divided, Positive Median Barrier",Snow,Snow,Twelve o'clock,Passenger Car,Functional,N,Moving Constant Speed,2015-03-05 13:12,32,38.58508737,-76.94837417,0,0,눈길사고,감속 중 사고
3029,N,Apparently Normal,No Misuse,N,No Injury,934745d4-f224-4892-857e-06c8906a4c36,D,MSP5910001V,Shoulder/Lap Belt(s),F,42c5e1c0-6f08-4f82-8687-944f3c63d349,Head On Left Turn,N,Non Intersection,Left Turn Lane,Daylight,No Defects,"Two-way, Not Divided with a Continuous Left Turn Lane",Wet,Clear,Eleven o'clock,Passenger Car,Disabling,N,Moving Constant Speed,2015-03-06 12:50,21,38.61998427,-76.89921338,1,0,좌회전 차선 사고,등속 주행 중 측면 추돌 사고
3030,N,Apparently Normal,No Misuse,Y,No Injury,80cf4efc-5760-4500-b995-87bb18dabdbc,D,MSP5910001V,Shoulder/Lap Belt(s),F,75df8926-50ce-4fab-867b-bebc23aeb956,Head On Left Turn,N,Non Intersection,Left Turn Lane,Daylight,No Defects,"Two-way, Not Divided with a Continuous Left Turn Lane",Wet,Clear,Twelve o'clock,(Sport) Utility Vehicle,Disabling,N,Making Left Turn,2015-03-06 12:50,49,38.61998427,-76.89921338,1,1,좌회전 차선 사고,등속 주행 사고
3031,N,Apparently Normal,No Misuse,Y,No Injury,94ef27ea-7686-4077-bbe4-1cae7e642d56,D,MSP59190031,Shoulder/Lap Belt(s),F,d5cfd579-5d06-4eca-8731-e01f76ef1f61,Single Vehicle ,N,Non Intersection,Right Turn Lane,Daylight,No Defects,"Two-way, Divided, Positive Median Barrier",Dry,Clear,Twelve o'clock,Passenger Car,Disabling,N,Negotiating a Curve,2015-01-09 15:13,19,39.48676717,-77.556122,2,0,기타,자차 사고
3032,N,Apparently Normal,No Misuse,Y,No Injury,8e6172e0-0ada-403b-b634-edc324e981e7,D,MSP5920000N,Shoulder/Lap Belt(s),F,d639f0c2-2ca3-46e2-bdd4-eaba06a84ce1,Single Vehicle ,N,Non Intersection,Right Turn Lane,Daylight,No Defects,"Two-way, Not Divided",Snow,Snow,One o'clock,(Sport) Utility Vehicle,Disabling,N,Moving Constant Speed,2015-03-05 14:31,20,38.533381,-76.603326,0,0,눈길사고,감속 중 사고
3033,N,Apparently Normal,No Misuse,N,No Injury,7b431be6-91e7-407a-9a82-79ff2b1d4fb9,D,MSP59320021,Shoulder/Lap Belt(s),F,7725b486-4ed0-4af7-916f-16282a81bd48,Same Direction Rear End,N,Non Intersection,Left Turn Lane,Daylight,No Defects,"Two-way, Divided, Positive Median Barrier",Dry,Clear,Twelve o'clock,Passenger Car,Disabling,N,Moving Constant Speed,2015-03-29 16:44,37,39.50280883,-76.16816983,1,0,좌회전 차선 사고,등속 주행 중 측면 추돌 사고