KEY_INDEX,CDL_FLAG,CONDITION_CODE,EQUIP_PROB_CODE,FAULT_FLAG,INJ_SEVER_CODE,PERSON_ID,PERSON_TYPE,REPORT_NO,SAF_EQUIP_CODE,SEX_CODE,VEHICLE_ID,COLLISION_TYPE_CODE,C_M_ZONE_FLAG,JUNCTION_CODE,LANE_CODE,LIGHT_CODE,RD_COND_CODE,RD_DIV_CODE,SURF_COND_CODE,WEATHER_CODE,AREA_DAMAGED_CODE_MAIN,BODY_TYPE_CODE,DAMAGE_CODE,HIT_AND_RUN_FLAG,MOVEMENT_CODE,TIME,AGE,LATITUDE,LONGITUDE,CLUSTER,SECOND_LABEL,FIRST_LABEL,SECOND_LABELING
3142,N,Apparently Normal,Air Bag Failed,Y,No Injury,01ee834f-816e-4ddf-a653-187878781466,D,MSP60920073,Shoulder/Lap Belt(s),M,5af8c154-11a6-413b-ac1e-77fd17364fe4,Same Direction Rear End,N,Non Intersection,Deceleration Lane,Dark Lights On,No Defects,"Two-way, Divided, Positive Median Barrier",Wet,Snow,Twelve o'clock,Pickup Truck,Disabling,N,Moving Constant Speed,2015-01-07 18:06,45,39.420743,-76.64590683,4,2,빗길사고,동일 방향 운행 중 추돌 사고
3143,N,Apparently Normal,No Misuse,N,No Injury,4264692d-1423-47ea-a4a5-c0d58a1cd764,D,MSP6092007Q,Shoulder/Lap Belt(s),F,70bf7232-1353-4540-8e10-cd69b36326bd,Same Direction Rear End,N,Non Intersection,Right Turn Lane,Daylight,No Defects,"Two-way, Divided, Positive Median Barrier",Dry,Clear,Six o'clock,Passenger Car,Superficial,N,Stopped in Traffic Lane,2015-02-27 15:00,39,39.24167433,-76.693433,2,0,기타,자차 사고
3144,N,Apparently Normal,No Misuse,Y,No Injury,b3575ef9-05ef-4dbb-b192-7850ddebcd4c,D,MSP6094003K,Shoulder/Lap Belt(s),F,993217ed-ecf8-4608-a4f5-7e67689f9161,Single Vehicle ,N,Non Intersection,Left Turn Lane,Dark Lights On,No Defects,"Two-way, Divided, Positive Median Barrier",Wet,Raining,Twelve o'clock,(Sport) Utility Vehicle,Disabling,N,Skidding,2015-03-14 1:54,20,39.020946,-76.935168,4,0,빗길사고,등속 주행 중 사고
3145,N,Apparently Normal,No Misuse,N,No Injury,bcf67652-0e3f-447c-9b56-a504984a0b4b,D,MSP60990039,Shoulder/Lap Belt(s),F,4444fecb-7536-42be-8139-f731d5bd304c,Same Direction Rear End,N,Non Intersection,Acceleration Lane,Daylight,No Defects,"Two-way, Divided, Positive Median Barrier",Dry,Clear,Six o'clock,Pickup Truck,Superficial,N,Moving Constant Speed,2015-01-05 7:57,36,38.66667867,-76.87531667,1,0,좌회전 차선 사고,등속 주행 중 측면 추돌 사고
3146,N,Apparently Normal,No Misuse,Y,No Injury,97c46573-58b5-49ee-b143-aa48ac162717,D,MSP60990039,Shoulder/Lap Belt(s),M,54de3222-3cf4-44e9-8429-dfe7da02e331,Same Direction Rear End,N,Non Intersection,Acceleration Lane,Daylight,No Defects,"Two-way, Divided, Positive Median Barrier",Dry,Clear,Twelve o'clock,Passenger Car,Disabling,N,Moving Constant Speed,2015-01-05 7:57,60,38.66667867,-76.87531667,1,0,좌회전 차선 사고,등속 주행 중 측면 추돌 사고
3147,N,Apparently Normal,No Misuse,Y,No Injury,9b05d45a-5282-46f5-a2e6-56a457202994,D,MSP61000033,Shoulder/Lap Belt(s),F,a62607c6-19a6-4937-8dee-9d1254f45b2e,Same Direction Rear End,N,Non Intersection,Shoulder Area,Dark Lights On,No Defects,"Two-way, Divided, Positive Median Barrier",Dry,Clear,Twelve o'clock,Passenger Car,Disabling,N,Slowing or Stopping,2015-01-19 19:08,58,38.96686267,-77.18026883,1,3,좌회전 차선 사고,감속 중 사고
3148,N,Apparently Normal,No Misuse,Y,No Injury,0e6a693b-dfe0-45c9-9fcd-67250bf7f67f,D,MSP61000033,Shoulder/Lap Belt(s),F,c4e806bd-96d3-4c6f-87b3-9564f0a56a13,Same Direction Rear End,N,Non Intersection,Shoulder Area,Dark Lights On,No Defects,"Two-way, Divided, Positive Median Barrier",Dry,Clear,Twelve o'clock,Passenger Car,Disabling,N,Slowing or Stopping,2015-01-19 19:08,36,38.96686267,-77.18026883,1,3,좌회전 차선 사고,감속 중 사고
3149,N,Apparently Normal,No Misuse,N,No Injury,9bfd2b08-831b-4d96-923d-cf1b0fd55438,D,MSP61000033,Shoulder/Lap Belt(s),M,e1d2e590-9129-4504-beb7-cdd2e6db617e,Same Direction Rear End,N,Non Intersection,Shoulder Area,Dark Lights On,No Defects,"Two-way, Divided, Positive Median Barrier",Dry,Clear,Six o'clock,Passenger Car,Disabling,N,Slowing or Stopping,2015-01-19 19:08,50,38.96686267,-77.18026883,1,3,좌회전 차선 사고,감속 중 사고
3150,N,Apparently Normal,No Misuse,N,No Injury,6618ff9a-a5f9-4c6f-b82b-712b0c0f59d6,D,MSP61000033,Shoulder/Lap Belt(s),M,42d83015-4075-49af-a116-a9ad625db87f,Same Direction Rear End,N,Non Intersection,Shoulder Area,Dark Lights On,No Defects,"Two-way, Divided, Positive Median Barrier",Dry,Clear,Six o'clock,Passenger Car,Disabling,N,Stopped in Traffic Lane,2015-01-19 19:08,50,38.96686267,-77.18026883,1,2,좌회전 차선 사고,기타
3151,N,Apparently Normal,No Misuse,N,No Injury,ac9cb4dc-4d0b-40d8-a286-221650a0fe09,D,MSP61000033,Shoulder/Lap Belt(s),M,c83c085e-eb62-4a9e-8e28-75d48e374a78,Same Direction Rear End,N,Non Intersection,Shoulder Area,Dark Lights On,No Defects,"Two-way, Divided, Positive Median Barrier",Dry,Clear,Six o'clock,Passenger Car,Disabling,N,Stopped in Traffic Lane,2015-01-19 19:08,37,38.96686267,-77.18026883,1,2,좌회전 차선 사고,기타
3152,N,Apparently Normal,No Misuse,Y,No Injury,494814cc-7237-4b2d-b917-0761f2feb2bd,D,MSP61000033,Shoulder/Lap Belt(s),M,5d4b097d-2673-4452-8750-620080f9fe11,Same Direction Rear End,N,Non Intersection,Shoulder Area,Dark Lights On,No Defects,"Two-way, Divided, Positive Median Barrier",Dry,Clear,Twelve o'clock,Passenger Car,Disabling,N,Slowing or Stopping,2015-01-19 19:08,48,38.96686267,-77.18026883,1,3,좌회전 차선 사고,감속 중 사고
3153,N,Apparently Normal,No Misuse,Y,No Injury,3f0f6259-4b2a-42eb-9ef1-57a582fcc9af,D,MSP61000033,Shoulder/Lap Belt(s),M,88d5324c-a764-44b6-8301-7e08aaef58ac,Same Direction Rear End,N,Non Intersection,Shoulder Area,Dark Lights On,No Defects,"Two-way, Divided, Positive Median Barrier",Dry,Clear,Twelve o'clock,Passenger Car,Disabling,N,Slowing or Stopping,2015-01-19 19:08,26,38.96686267,-77.18026883,1,3,좌회전 차선 사고,감속 중 사고
3154,N,Apparently Normal,No Misuse,N,No Injury,5501e192-1264-4612-a872-5edff55a4904,D,MSP61000034,Shoulder/Lap Belt(s),F,5ca9452d-0d63-4985-8f7a-c07b0de8c397,Single Vehicle ,N,Non Intersection,Right Turn Lane,Daylight,No Defects,"Two-way, Divided, Positive Median Barrier",Wet,Snow,Non-collision,Passenger Car,Destroyed,N,Moving Constant Speed,2015-01-21 15:17,38,39.240215,-77.2919715,4,2,빗길사고,동일 방향 운행 중 추돌 사고
3155,N,Apparently Normal,No Misuse,Y,No Injury,60bc1ba1-3bcd-4a59-b355-d33936023dab,D,MSP61000035,Shoulder/Lap Belt(s),F,50b95354-8374-40d9-b33a-f1764da95904,Same Direction Rear End,N,Non Intersection,Deceleration Lane,Dark Lights On,No Defects,"Two-way, Divided, Positive Median Barrier",Dry,Clear,Twelve o'clock,Passenger Car,Disabling,N,Slowing or Stopping,2015-01-22 18:12,69,39.00734333,-77.085937,1,3,좌회전 차선 사고,감속 중 사고
3156,N,Apparently Normal,No Misuse,N,Possible Incapacitating Injury,b8ce7e9f-e870-4cd1-ab80-d74f71855aff,D,MSP61000035,Shoulder/Lap Belt(s),F,2bec850c-a6d4-46a9-9fde-a83d9785cbce,Same Direction Rear End,N,Non Intersection,Deceleration Lane,Dark Lights On,No Defects,"Two-way, Divided, Positive Median Barrier",Dry,Clear,Six o'clock,(Sport) Utility Vehicle,Functional,N,Stopped in Traffic Lane,2015-01-22 18:12,68,39.00734333,-77.085937,1,2,좌회전 차선 사고,기타
3157,N,Apparently Normal,No Misuse,N,No Injury,7e868911-559e-48f5-a88e-18dda888811e,D,MSP6100003B,Shoulder/Lap Belt(s),F,a74e0d7c-cb27-47b7-901c-b28067d7d911,Same Direction Rear End,N,Non Intersection,Shoulder Area,Daylight,No Defects,"Two-way, Divided, Positive Median Barrier",Dry,Clear,Six o'clock,Passenger Car,Functional,N,Stopped in Traffic Lane,2015-02-13 17:11,42,39.005604,-77.07894983,1,2,좌회전 차선 사고,기타
3158,N,Apparently Normal,No Misuse,N,No Injury,38c7a9e8-6884-4cc4-b78b-62111217e88c,D,MSP6100003B,Shoulder/Lap Belt(s),F,d4008041-f950-4e6f-a62a-46b8d4b59584,Same Direction Rear End,N,Non Intersection,Shoulder Area,Daylight,No Defects,"Two-way, Divided, Positive Median Barrier",Dry,Clear,Six o'clock,Passenger Car,Functional,N,Stopped in Traffic Lane,2015-02-13 17:11,24,39.005604,-77.07894983,1,2,좌회전 차선 사고,기타
3159,N,Apparently Normal,No Misuse,Y,No Injury,a66e7bb8-945b-4259-8d37-4e23a0ba1eda,D,MSP6100003B,Shoulder/Lap Belt(s),M,c52e7059-8cb2-4717-919b-9e98a8fff09b,Same Direction Rear End,N,Non Intersection,Shoulder Area,Daylight,No Defects,"Two-way, Divided, Positive Median Barrier",Dry,Clear,Twelve o'clock,Van,Disabling,N,Slowing or Stopping,2015-02-13 17:11,21,39.005604,-77.07894983,1,3,좌회전 차선 사고,감속 중 사고
3160,N,Apparently Normal,No Misuse,N,No Injury,b03867da-9212-4b14-aae9-a5970bd0f6eb,D,MSP6100003D,Shoulder/Lap Belt(s),F,c6e8cad0-ee4d-4337-9da0-ca0d27cfbf13,Same Direction Rear End,N,Non Intersection,Right Turn Lane,Daylight,No Defects,"Two-way, Divided, Positive Median Barrier",Wet,Clear,Six o'clock,(Sport) Utility Vehicle,Functional,N,Moving Constant Speed,2015-03-06 11:25,37,39.018697,-77.145838,4,2,빗길사고,동일 방향 운행 중 추돌 사고
3161,N,Apparently Normal,No Misuse,Y,No Injury,ec1c08de-bacd-4c26-82bd-bf0cdfd707b2,D,MSP6100003D,Shoulder/Lap Belt(s),M,6071c65a-7f59-4241-9875-ea3807d8d8b0,Same Direction Rear End,N,Non Intersection,Right Turn Lane,Daylight,No Defects,"Two-way, Divided, Positive Median Barrier",Wet,Clear,Twelve o'clock,Passenger Car,Disabling,N,Moving Constant Speed,2015-03-06 11:25,28,39.018697,-77.145838,4,2,빗길사고,동일 방향 운행 중 추돌 사고
3162,N,Apparently Normal,No Misuse,N,No Injury,2d60f7aa-b1fe-48a9-a7a6-3027f255ef97,D,MSP61080006,Shoulder/Lap Belt(s),F,b4628fda-2124-44d2-ae3e-4513a7af1ebb,Same Direction Sideswipe,N,Non Intersection,Deceleration Lane,Daylight,No Defects,"Two-way, Divided, Positive Median Barrier",Dry,Clear,Seven o'clock,(Sport) Utility Vehicle,Superficial,N,Moving Constant Speed,2015-03-31 18:35,33,39.01856685,-76.92077637,1,0,좌회전 차선 사고,등속 주행 중 측면 추돌 사고
3163,N,Apparently Normal,No Misuse,Y,No Injury,79da7031-c0c3-48db-be8e-8b5a9eefa9cb,D,MSP61110009,Shoulder/Lap Belt(s),F,d2ab6816-3916-4cb9-86b7-5e1eb84bd262,Single Vehicle ,N,Non Intersection,Right Turn Lane,Dawn,No Defects,"Two-way, Not Divided",Snow,Snow,Twelve o'clock,Passenger Car,Disabling,N,Slowing or Stopping,2015-03-05 6:53,25,39.63396876,-76.86461091,0,1,눈길사고,등속 주행 사고
3164,N,Apparently Normal,No Misuse,N,No Injury,6d213fca-534a-4885-a7f2-837e8c17ba8f,D,MSP6120000F,Shoulder/Lap Belt(s),F,bda942f8-306a-4303-80c7-9dd0ccceb556,Same Movement Angle,N,Intersection Related,Right Turn Lane,Daylight,No Defects,"Two-way, Not Divided",Wet,Cloudy,Four o'clock,(Sport) Utility Vehicle,Functional,N,Moving Constant Speed,2015-02-22 10:43,34,38.60063946,-76.57959938,4,1,빗길사고,자차 사고
3165,N,Apparently Normal,No Misuse,Y,No Injury,951fbbe4-0503-4800-8920-d28b98a45bfc,D,MSP6120000F,Shoulder/Lap Belt(s),F,79e44de3-7b38-4cb4-b4a3-2ca6fb2af14b,Same Movement Angle,N,Intersection Related,Right Turn Lane,Daylight,No Defects,"Two-way, Not Divided",Wet,Cloudy,Twelve o'clock,Passenger Car,Disabling,N,Accelerating,2015-02-22 10:43,26,38.60063946,-76.57959938,4,1,빗길사고,자차 사고
3166,N,Apparently Normal,No Misuse,Y,No Injury,011f0822-a86c-4f1c-9233-dc60c156bc01,D,MSP61210019,Shoulder/Lap Belt(s),F,a03ce6bd-2ac6-4d33-a00d-97f6dfc2315e,Single Vehicle ,N,Non Intersection,Right Turn Lane,Daylight,No Defects,"Two-way, Divided, Positive Median Barrier",Snow,Clear,Twelve o'clock,Passenger Car,Disabling,N,Moving Constant Speed,2015-03-06 11:07,27,38.32132294,-75.58499336,0,0,눈길사고,감속 중 사고
3167,N,Apparently Normal,No Misuse,Y,No Injury,73876272-71e2-4cf5-a964-8c60e660b861,D,MSP61510036,Shoulder/Lap Belt(s),F,2a90242a-2d3a-4f15-8243-c933113d0b9f,Single Vehicle ,N,Non Intersection,Right Turn Lane,Dark No Lights,No Defects,"Two-way, Divided, Positive Median Barrier",Wet,Raining,Eleven o'clock,Passenger Car,Disabling,N,Moving Constant Speed,2015-01-26 18:51,36,39.18638,-76.77857833,4,2,빗길사고,동일 방향 운행 중 추돌 사고
3168,N,Apparently Normal,No Misuse,N,No Injury,a7bfb477-0bd5-4a9c-915d-d4dab86a6389,D,MSP61510039,Shoulder/Lap Belt(s),F,94bc07b0-4197-4fbe-9acb-0ef3dfa46651,Same Direction Sideswipe,N,Non Intersection,Acceleration Lane,Dark No Lights,No Defects,"Two-way, Divided, Positive Median Barrier",Dry,Clear,Two o'clock,Passenger Car,Functional,N,Moving Constant Speed,2015-01-31 4:13,44,39.13124033,-76.86378317,1,0,좌회전 차선 사고,등속 주행 중 측면 추돌 사고
3169,N,Apparently Normal,No Misuse,Y,No Injury,073a0b7e-96f6-4618-a1de-db521e8a6341,D,MSP6151003B,Shoulder/Lap Belt(s),F,9a87f9e1-303b-49ef-9ee4-922e315697c0,Same Direction Sideswipe,N,Non Intersection,Left Turn Lane,Daylight,No Defects,"Two-way, Divided, Positive Median Barrier",Dry,Clear,Ten o'clock,Passenger Car,Disabling,N,Moving Constant Speed,2015-02-09 7:30,48,39.29875717,-76.8045145,1,0,좌회전 차선 사고,등속 주행 중 측면 추돌 사고
3170,N,Apparently Normal,No Misuse,N,Incapacitating/Disabled Injury,758c9a98-089f-4e4a-a0a0-9e88643f6ece,D,MSP6151003B,Shoulder/Lap Belt(s),F,f9109de0-e36c-4113-af8d-f0a5c1fb982d,Same Direction Sideswipe,N,Non Intersection,Left Turn Lane,Daylight,No Defects,"Two-way, Divided, Positive Median Barrier",Dry,Clear,Six o'clock,Passenger Car,Disabling,N,Moving Constant Speed,2015-02-09 7:30,33,39.29875717,-76.8045145,1,0,좌회전 차선 사고,등속 주행 중 측면 추돌 사고
3171,N,Apparently Normal,No Misuse,Y,No Injury,e7f0f456-11ee-467f-a4bb-7779bbc00b14,D,MSP6151003C,Shoulder/Lap Belt(s),F,de52292e-cdd3-46ce-b51c-f39a7a5d2b22,Single Vehicle ,N,Non Intersection,Right Turn Lane,Daylight,No Defects,"Two-way, Divided, Positive Median Barrier",Ice,Raining,Ten o'clock,Passenger Car,Disabling,N,Moving Constant Speed,2015-02-10 7:49,45,39.22455267,-76.7186485,0,0,눈길사고,감속 중 사고
3172,N,Apparently Normal,No Misuse,Y,No Injury,6d1fb7b7-8db1-4121-a55d-6c962d7d1819,D,MSP6151003J,Shoulder/Lap Belt(s),F,f87f4c21-8744-4296-ae91-8009c252d2b4,Same Direction Sideswipe,N,Non Intersection,Acceleration Lane,Daylight,No Defects,"Two-way, Divided, Positive Median Barrier",Dry,Clear,Four o'clock,Passenger Car,Functional,N,Accelerating,2015-03-07 10:17,68,39.30610333,-76.79288983,1,1,좌회전 차선 사고,등속 주행 사고
3173,N,Apparently Normal,No Misuse,Y,No Injury,67fae08a-c3fc-4a73-b091-809733a481da,D,MSP6151003L,Shoulder/Lap Belt(s),F,7be10fde-3744-4b78-b310-4f00984bf154,Single Vehicle ,N,Non Intersection,Right Turn Lane,Dark Lights On,No Defects,"Two-way, Divided, Positive Median Barrier",Dry,Clear,Seven o'clock,Passenger Car,Disabling,N,Moving Constant Speed,2015-03-10 6:13,53,39.29639367,-76.827055,2,2,기타,기타
3174,N,Apparently Normal,No Misuse,N,No Injury,0a90412e-9bd1-4537-b588-81b645beced7,D,MSP61540017,Shoulder/Lap Belt(s),F,986e04ed-e607-47cf-b0da-1c2a87bbc7bf,Same Direction Rear End,N,Non Intersection,Right Turn Lane,Daylight,No Defects,"Two-way, Not Divided",Wet,Cloudy,Six o'clock,Van,Superficial,N,Slowing or Stopping,2015-02-25 14:50,24,38.657325,-75.7611,4,3,빗길사고,기타
3175,N,Apparently Normal,No Misuse,N,No Injury,9919a0f9-43e3-4c7c-a468-80875b30ca6a,D,MSP61580010,Shoulder/Lap Belt(s),F,2b834a21-4838-4c53-8449-4699de7fa0dc,Single Vehicle ,N,Non Intersection,Right Turn Lane,Dark - Unknown Lighting,No Defects,"Two-way, Not Divided",Dry,Clear,Twelve o'clock,Passenger Car,Destroyed,N,Moving Constant Speed,2015-03-24 12:22,22,38.23113488,-75.47431469,2,2,기타,기타
3176,N,Apparently Normal,No Misuse,Y,No Injury,bfc515fe-6ee2-4bee-8e63-eada6b66090f,D,MSP61620025,Shoulder/Lap Belt(s),F,249d3269-ef1e-436d-b882-85f175b3446b,Single Vehicle ,N,Non Intersection,Right Turn Lane,Daylight,No Defects,"Two-way, Not Divided",Wet,Snow,Eleven o'clock,Passenger Car,Disabling,N,Skidding,2015-01-06 9:35,27,38.64143433,-77.0140295,0,2,눈길사고,미끌어짐에 의한 사고
3177,N,Apparently Normal,No Misuse,N,No Injury,f6373247-1adc-449f-8463-9e595ec1d052,D,MSP61620029,Shoulder/Lap Belt(s),F,8a6709f8-0062-4924-8556-1f8f03226967,Same Direction Rear End,N,Intersection Related,Right Turn Lane,Daylight,No Defects,"Two-way, Divided, Positive Median Barrier",Dry,Clear,Six o'clock,Passenger Car,Superficial,N,Slowing or Stopping,2015-01-31 15:08,49,38.653363,-76.99658967,3,3,우회전 차선 사고,동일 방향 운행 중 추돌 사고
3178,N,Apparently Normal,No Misuse,N,No Injury,50ff3741-4ebc-4437-b2fc-0562cc93bddf,D,MSP6162002H,Shoulder/Lap Belt(s),F,2e46e85d-6277-4ba4-82d5-7b00ee3d5303,Head On Left Turn,N,Intersection,Right Turn Lane,Daylight,No Defects,"Two-way, Not Divided",Dry,Clear,Eleven o'clock,Passenger Car,Disabling,N,Stopped in Traffic Lane,2015-03-09 15:09,20,38.544764,-77.17864883,3,1,우회전 차선 사고,등속 주행 중 측면 추돌 사고
3179,N,Apparently Normal,No Misuse,Y,No Injury,1b30d2bd-f4fe-4f1c-914a-dc26c4d9537e,D,MSP6162002H,Shoulder/Lap Belt(s),F,a0c24d90-767f-4ba8-881d-b3eb9dd25e95,Head On Left Turn,N,Intersection,Right Turn Lane,Daylight,No Defects,"Two-way, Not Divided",Dry,Clear,Eleven o'clock,Passenger Car,Superficial,N,Making Left Turn,2015-03-09 15:09,36,38.544764,-77.17864883,3,1,우회전 차선 사고,등속 주행 중 측면 추돌 사고
3180,N,Apparently Normal,No Misuse,Y,No Injury,49f15b58-62d9-4fd9-b8a5-cb582cae489d,D,MSP6163001L,Shoulder/Lap Belt(s),F,070bb3db-c8d9-4932-8290-2ed8a4b26006,Head On Left Turn,N,Intersection,Left Turn Lane,Daylight,No Defects,"Two-way, Not Divided",Wet,Clear,Twelve o'clock,Pickup Truck,Functional,N,Moving Constant Speed,2015-03-04 8:18,44,38.32813875,-75.10766013,4,2,빗길사고,동일 방향 운행 중 추돌 사고
3181,N,Apparently Normal,No Misuse,N,No Injury,f05f6029-9ee3-4d1c-a33d-b4c0c5d6b11b,D,MSP6163001L,Shoulder/Lap Belt(s),M,e4b200c7-1336-4459-869b-99545916be8f,Head On Left Turn,N,Intersection,Left Turn Lane,Daylight,No Defects,"Two-way, Not Divided",Wet,Clear,Twelve o'clock,Pickup Truck,Disabling,N,Slowing or Stopping,2015-03-04 8:18,66,38.32813875,-75.10766013,4,0,빗길사고,등속 주행 중 사고
3182,N,Apparently Normal,No Misuse,N,No Injury,fbfde35d-ac0b-4504-85e7-6497dfd64f95,D,MSP61660022,Shoulder/Lap Belt(s),M,887316fc-6651-46ee-ac84-dc41de3a427a,Same Direction Rear End,N,Non Intersection,Right Turn Lane,Dawn,No Defects,"Two-way, Divided, Positive Median Barrier",Wet,Cloudy,Six o'clock,Passenger Car,Superficial,N,Slowing or Stopping,2015-01-04 14:56,67,39.47286283,-76.27499683,4,3,빗길사고,기타
3183,N,Apparently Normal,No Misuse,N,No Injury,78d8d701-4ba8-472f-9a81-c403552b1ce5,D,MSP61660022,Shoulder/Lap Belt(s),M,637179a8-d98f-40f8-ab4b-b5a7f968177f,Same Direction Rear End,N,Non Intersection,Right Turn Lane,Dawn,No Defects,"Two-way, Divided, Positive Median Barrier",Wet,Cloudy,Six o'clock,Passenger Car,Functional,N,Slowing or Stopping,2015-01-04 14:56,20,39.47286283,-76.27499683,4,3,빗길사고,기타
3184,N,Apparently Normal,No Misuse,Y,No Injury,02388fb3-1cf8-4d98-b9f6-73d51c2e3595,D,MSP6168000Y,Shoulder/Lap Belt(s),F,dd7d9795-3bc8-491c-8905-67b9bbf13e7a,Same Direction Rear End,N,Intersection Related,Left Turn Lane,Daylight,No Defects,"Two-way, Divided, Positive Median Barrier",Dry,Clear,Twelve o'clock,(Sport) Utility Vehicle,Disabling,N,Slowing or Stopping,2015-01-29 8:45,40,38.3000395,-76.51307683,1,3,좌회전 차선 사고,감속 중 사고
3185,N,Apparently Normal,No Misuse,N,Possible Incapacitating Injury,3629ca62-9129-45a9-ba0a-ee65f53ba04e,D,MSP6168000Y,Shoulder/Lap Belt(s),M,4ad6d916-7294-4246-a77b-cbecf67f3aec,Same Direction Rear End,N,Intersection Related,Left Turn Lane,Daylight,No Defects,"Two-way, Divided, Positive Median Barrier",Dry,Clear,Six o'clock,Pickup Truck,Functional,N,Stopped in Traffic Lane,2015-01-29 8:45,39,38.3000395,-76.51307683,1,2,좌회전 차선 사고,기타
3186,N,Apparently Normal,No Misuse,N,No Injury,8e6a7b1d-7dd1-4c9b-91e7-c7ff9479cb91,D,MSP6184003Q,Shoulder/Lap Belt(s),F,faa1a166-6c29-445c-a093-b3215c26e30f,Same Direction Rear End,N,Non Intersection,Acceleration Lane,Dark Lights On,No Defects,"Two-way, Divided, Positive Median Barrier",Dry,Clear,Twelve o'clock,Pickup Truck,Disabling,N,Accelerating,2015-02-13 22:25,43,38.70186,-76.8762,1,3,좌회전 차선 사고,감속 중 사고
3187,N,Had Been Drinking,No Misuse,Y,No Injury,f154229a-9afa-4f99-bbe1-5b60bd072195,D,MSP6184003Q,Shoulder/Lap Belt(s),F,3c6bf6b4-c837-429f-bcad-51f6f5550998,Same Direction Rear End,N,Non Intersection,Acceleration Lane,Dark Lights On,No Defects,"Two-way, Divided, Positive Median Barrier",Dry,Clear,Twelve o'clock,Van,Disabling,N,Moving Constant Speed,2015-02-13 22:25,30,38.70186,-76.8762,1,0,좌회전 차선 사고,등속 주행 중 측면 추돌 사고
3188,N,Apparently Normal,No Misuse,N,No Injury,f25a98c6-e06f-46f0-bcda-e884183afea6,D,MSP6184003Q,Shoulder/Lap Belt(s),M,21129f09-1a0d-4fac-8bbf-fab9541b22b1,Same Direction Rear End,N,Non Intersection,Acceleration Lane,Dark Lights On,No Defects,"Two-way, Divided, Positive Median Barrier",Dry,Clear,Six o'clock,Truck Tractor,Functional,N,Accelerating,2015-02-13 22:25,30,38.70186,-76.8762,1,3,좌회전 차선 사고,감속 중 사고
3189,N,Apparently Normal,No Misuse,N,No Injury,fdaee7c1-61ba-447f-9c79-a04c5892476e,D,MSP6184003Q,Shoulder/Lap Belt(s),M,bc046fa1-83cb-4b96-bf4a-2a32a1d4b0e8,Same Direction Rear End,N,Non Intersection,Acceleration Lane,Dark Lights On,No Defects,"Two-way, Divided, Positive Median Barrier",Dry,Clear,Six o'clock,Passenger Car,Functional,N,Accelerating,2015-02-13 22:25,22,38.70186,-76.8762,1,3,좌회전 차선 사고,감속 중 사고
3190,N,Apparently Normal,No Misuse,Y,No Injury,b148fe66-ecd6-43a1-9f30-51cf9c9d3a27,D,MSP61870012,Shoulder/Lap Belt(s),F,0ccb6db9-145b-45e7-a28c-78d73564ebf4,Single Vehicle ,N,Non Intersection,Right Turn Lane,Dusk,No Defects,"Two-way, Not Divided",Ice,Clear,Twelve o'clock,Passenger Car,Disabling,N,Moving Constant Speed,2015-02-20 18:19,26,38.54068333,-76.757364,2,2,기타,기타
3191,N,Apparently Normal,No Misuse,Y,No Injury,671a9f7b-af6f-4cb9-9205-e15e47dbced1,D,MSP61870013,Shoulder/Lap Belt(s),F,5a954e4f-c702-460f-bae7-2dc68c2ba544,Single Vehicle ,N,Non Intersection,Right Turn Lane,Dark No Lights,No Defects,"Two-way, Not Divided",Snow,Raining,Twelve o'clock,Passenger Car,Disabling,N,Moving Constant Speed,2015-02-21 18:26,44,38.51462774,-76.69785261,0,0,눈길사고,감속 중 사고
3192,N,Apparently Normal,No Misuse,Y,No Injury,cc5f9f7c-0893-4508-9de7-71a638941da6,D,MSP61870014,Shoulder/Lap Belt(s),F,d8f426ee-a210-4b8f-9a5c-06d45de5dd4e,Same Direction Right Turn,N,Non Intersection,Left Turn Lane,Dusk,No Defects,"Two-way, Divided, Positive Median Barrier",Dry,Clear,One o'clock,Passenger Car,Functional,N,Moving Constant Speed,2015-02-22 18:09,25,38.65697949,-76.87567234,1,0,좌회전 차선 사고,등속 주행 중 측면 추돌 사고
3193,N,Apparently Normal,No Misuse,Y,No Injury,4c3cb7f6-74b5-4a0c-8e18-8a79777f6176,D,MSP6187001D,Shoulder/Lap Belt(s),F,7cbd8a89-c54a-4f1b-a0bf-49a5f4791121,Same Movement Angle,N,Intersection,Right Turn Lane,Daylight,No Defects,"Two-way, Divided, Positive Median Barrier",Dry,Clear,Twelve o'clock,Passenger Car,Functional,N,Making Left Turn,2015-03-18 15:40,33,38.59951867,-76.87169767,3,0,우회전 차선 사고,기타
3194,N,Apparently Normal,No Misuse,N,No Injury,d68996b1-92f3-4c66-a5ee-2c9bfe34eb5f,D,MSP6187001D,Shoulder/Lap Belt(s),M,88f620f5-f781-4ed2-9e1e-5314b4cd0efa,Same Movement Angle,N,Intersection,Right Turn Lane,Daylight,No Defects,"Two-way, Divided, Positive Median Barrier",Dry,Clear,Two o'clock,Passenger Car,Disabling,N,Moving Constant Speed,2015-03-18 15:40,77,38.59951867,-76.87169767,3,0,우회전 차선 사고,기타
3195,Y,Apparently Normal,No Misuse,Y,No Injury,f9d44541-1c4c-4d32-b27d-ff85999361f6,D,MSP6188000M,Shoulder/Lap Belt(s),F,1722f87f-41a7-4bb9-8f9e-4e7b31124e38,Same Movement Angle,N,Intersection,Acceleration Lane,Dark No Lights,No Defects,"Two-way, Not Divided",Dry,Clear,Twelve o'clock,School Bus,No Damage,N,Making Right Turn,2015-03-13 6:52,55,38.2943686,-76.5001274,3,0,우회전 차선 사고,기타