KEY_INDEX,CDL_FLAG,CONDITION_CODE,EQUIP_PROB_CODE,FAULT_FLAG,INJ_SEVER_CODE,PERSON_ID,PERSON_TYPE,REPORT_NO,SAF_EQUIP_CODE,SEX_CODE,VEHICLE_ID,COLLISION_TYPE_CODE,C_M_ZONE_FLAG,JUNCTION_CODE,LANE_CODE,LIGHT_CODE,RD_COND_CODE,RD_DIV_CODE,SURF_COND_CODE,WEATHER_CODE,AREA_DAMAGED_CODE_MAIN,BODY_TYPE_CODE,DAMAGE_CODE,HIT_AND_RUN_FLAG,MOVEMENT_CODE,TIME,AGE,LATITUDE,LONGITUDE,CLUSTER,SECOND_LABEL,FIRST_LABEL,SECOND_LABELING
3196,N,Apparently Normal,No Misuse,N,No Injury,aef56b4d-6d89-4f64-83fa-3b4c33632403,D,MSP6191002C,Shoulder/Lap Belt(s),F,43aadcb2-f00c-48a2-9cbc-58a5ca4f0315,Same Direction Sideswipe,N,Non Intersection,Left Turn Lane,Dark Lights On,No Defects,"Two-way, Divided, Positive Median Barrier",Dry,Clear,Twelve o'clock,Passenger Car,Disabling,N,Moving Constant Speed,2015-03-26 6:43,37,39.20229683,-76.63318367,1,0,좌회전 차선 사고,등속 주행 중 측면 추돌 사고
3197,N,Apparently Normal,No Misuse,Y,No Injury,7e8f8c99-d313-4e92-80b3-f4ec13152303,D,MSP6191002C,Shoulder/Lap Belt(s),F,285102e8-b197-4441-a7be-4a0caa2c7a74,Same Direction Sideswipe,N,Non Intersection,Left Turn Lane,Dark Lights On,No Defects,"Two-way, Divided, Positive Median Barrier",Dry,Clear,Two o'clock,Passenger Car,Superficial,N,Changing Lanes,2015-03-26 6:43,26,39.20229683,-76.63318367,1,1,좌회전 차선 사고,등속 주행 사고
3198,N,Apparently Normal,No Misuse,Y,No Injury,75fc7a4c-d4b2-4ff4-bf14-1dfe32b8834f,D,MSP6199001D,Shoulder/Lap Belt(s),F,5d53a13d-d44d-4586-b1fd-66f0db144e34,Single Vehicle ,N,Non Intersection,Right Turn Lane,Daylight,No Defects,"Two-way, Not Divided",Snow,Blowing Snow,Three o'clock,Passenger Car,Disabling,N,Moving Constant Speed,2015-02-19 14:25,76,38.430004,-75.245932,0,0,눈길사고,감속 중 사고
3199,N,Apparently Normal,No Misuse,N,No Injury,a2206993-2e7f-43d7-9adc-ab29b73eedbf,D,MSP6202003V,Shoulder/Lap Belt(s),F,b09f427a-af7f-4563-a24e-536d93942ed4,Same Movement Angle,N,Intersection Related,Right Turn Lane,Dark Lights On,No Defects,"Two-way, Divided, Positive Median Barrier",Dry,Clear,Twelve o'clock,Passenger Car,Disabling,N,Moving Constant Speed,2015-03-25 22:47,30,38.89952,-76.79607,3,0,우회전 차선 사고,기타
3200,N,Apparently Normal,No Misuse,N,No Injury,10f29670-3c34-4a2e-935a-09a10997f912,D,MSP6207000B,Shoulder/Lap Belt(s),F,d17fa078-7fef-477d-85a1-08f0a565470f,Same Direction Rear End,N,Non Intersection,Right Turn Lane,Daylight,No Defects,"Two-way, Divided, Positive Median Barrier",Dry,Clear,Six o'clock,(Sport) Utility Vehicle,Functional,N,Stopped in Traffic Lane,2015-03-06 12:58,58,39.58913233,-76.99545917,2,0,기타,자차 사고
3201,N,Apparently Normal,No Misuse,N,No Injury,83275f6f-b3f4-44b2-b445-0d9a44d9e5b7,D,MSP6207000B,Shoulder/Lap Belt(s),F,f26294af-ac23-4dcf-9e42-1c7b9afd6956,Same Direction Rear End,N,Non Intersection,Right Turn Lane,Daylight,No Defects,"Two-way, Divided, Positive Median Barrier",Dry,Clear,Six o'clock,(Sport) Utility Vehicle,Superficial,N,Slowing or Stopping,2015-03-06 12:58,51,39.58913233,-76.99545917,2,1,기타,등속 주행 사고
3202,N,Apparently Normal,No Misuse,N,No Injury,6dca48ba-5e8d-4fa6-84fb-8c129c762865,D,MSP6207000B,Shoulder/Lap Belt(s),M,62e72453-e1b0-45be-8482-6af4cb78a545,Same Direction Rear End,N,Non Intersection,Right Turn Lane,Daylight,No Defects,"Two-way, Divided, Positive Median Barrier",Dry,Clear,Six o'clock,Passenger Car,Disabling,N,Stopped in Traffic Lane,2015-03-06 12:58,72,39.58913233,-76.99545917,2,0,기타,자차 사고
3203,N,Apparently Normal,No Misuse,N,No Injury,1ef3da51-a9fd-44e9-aa66-4c69eae8a621,D,MSP6207000B,Shoulder/Lap Belt(s),M,06a1c31c-4d24-44af-9224-00efc8237276,Same Direction Rear End,N,Non Intersection,Right Turn Lane,Daylight,No Defects,"Two-way, Divided, Positive Median Barrier",Dry,Clear,Six o'clock,(Sport) Utility Vehicle,Superficial,N,Stopped in Traffic Lane,2015-03-06 12:58,34,39.58913233,-76.99545917,2,0,기타,자차 사고
3204,N,Apparently Normal,No Misuse,Y,No Injury,51bc122c-f2a3-4525-bf3a-274a5850b0d9,D,MSP6225002W,Shoulder/Lap Belt(s),F,137e43bf-2378-40a2-8019-413753a5c32b,Same Direction Sideswipe,N,Non Intersection,Left Turn Lane,Daylight,No Defects,One-way Trafficway,Wet,Snow,Eleven o'clock,Passenger Car,Disabling,N,Moving Constant Speed,2015-01-06 15:46,41,38.84319,-76.7269,4,2,빗길사고,동일 방향 운행 중 추돌 사고
3205,N,Apparently Normal,No Misuse,N,No Injury,6020213d-0bbe-499f-a79f-524570901ced,D,MSP6225002W,Shoulder/Lap Belt(s),M,f39c592c-ad37-46cb-8475-ff87cbf93179,Same Direction Sideswipe,N,Non Intersection,Left Turn Lane,Daylight,No Defects,One-way Trafficway,Wet,Snow,Two o'clock,Pickup Truck,Superficial,N,Changing Lanes,2015-01-06 15:46,32,38.84319,-76.7269,4,0,빗길사고,등속 주행 중 사고
3206,N,Apparently Normal,No Misuse,N,Non-incapacitating Injury,bb14efdf-3a5c-4547-aca2-ca19807f86cd,D,MSP6225002W,Shoulder/Lap Belt(s),M,2ee452ab-2c26-443a-ad51-9ac93f3f0246,Same Direction Sideswipe,N,Non Intersection,Left Turn Lane,Daylight,No Defects,One-way Trafficway,Wet,Snow,Six o'clock,Passenger Car,Disabling,N,Changing Lanes,2015-01-06 15:46,74,38.84319,-76.7269,4,0,빗길사고,등속 주행 중 사고
3207,N,Apparently Normal,No Misuse,Y,No Injury,d2f68bff-ead6-4251-9620-444ab7926d50,D,MSP6225002X,Shoulder/Lap Belt(s),F,158e18c1-3e19-445d-b0c9-022e808fef96,Single Vehicle ,N,Non Intersection,Left Turn Lane,Dark Lights On,No Defects,One-way Trafficway,Wet,Snow,Twelve o'clock,Passenger Car,Disabling,N,Moving Constant Speed,2015-01-06 19:23,39,38.8142,-76.825168,4,2,빗길사고,동일 방향 운행 중 추돌 사고
3208,N,Apparently Normal,No Misuse,Y,No Injury,d6d0c43a-c005-4996-b9f6-c64c7dcf6ecf,D,MSP62250031,Shoulder/Lap Belt(s),F,992cd339-d8a5-4888-a948-6cf73de78649,Single Vehicle ,N,Non Intersection,Right Turn Lane,Daylight,No Defects,One-way Trafficway,Dry,Clear,Twelve o'clock,Passenger Car,Disabling,N,Moving Constant Speed,2015-01-25 8:08,43,38.81335,-76.796468,2,2,기타,기타
3209,N,Apparently Normal,No Misuse,Y,No Injury,3a7c9cc8-a148-41b4-a1e8-32d57b6cdad3,D,MSP62250034,Shoulder/Lap Belt(s),F,1b93d282-55f3-4e5e-bfc7-0dfa12ab5a1d,Single Vehicle ,N,Non Intersection,Right Turn Lane,Dark Lights On,No Defects,One-way Trafficway,Dry,Clear,Twelve o'clock,Passenger Car,Disabling,N,Moving Constant Speed,2015-02-08 0:15,33,38.838802,-76.863694,2,2,기타,기타
3210,N,Apparently Normal,No Misuse,N,No Injury,dd44dd7d-3a5f-4d08-9e0b-37850e43d3cc,D,MSP6266004D,Shoulder/Lap Belt(s),F,aab048df-d8f5-4eab-b4e8-a84f2af5ae7a,Same Direction Rear End,N,Non Intersection,Deceleration Lane,Dark Lights On,No Defects,"Two-way, Divided, Positive Median Barrier",Dry,Clear,Six o'clock,Passenger Car,Superficial,N,Slowing or Stopping,2015-01-20 18:25,28,39.37529,-76.74997,1,3,좌회전 차선 사고,감속 중 사고
3211,N,Apparently Normal,No Misuse,Y,No Injury,8378cbfa-e031-4fe2-9498-6cf8e6c15afe,D,MSP6266004D,Shoulder/Lap Belt(s),F,d1fdc50b-29f9-49c8-b592-a086e3878d04,Same Direction Rear End,N,Non Intersection,Deceleration Lane,Dark Lights On,No Defects,"Two-way, Divided, Positive Median Barrier",Dry,Clear,Twelve o'clock,Passenger Car,Disabling,N,Slowing or Stopping,2015-01-20 18:25,24,39.37529,-76.74997,1,3,좌회전 차선 사고,감속 중 사고
3212,N,Apparently Normal,No Misuse,N,No Injury,3f13776b-a705-4f74-bf09-bcced3800ff4,D,MSP6266004D,Shoulder/Lap Belt(s),M,0646cd27-ded7-499c-9201-e59451e43caa,Same Direction Rear End,N,Non Intersection,Deceleration Lane,Dark Lights On,No Defects,"Two-way, Divided, Positive Median Barrier",Dry,Clear,Six o'clock,Passenger Car,Functional,N,Slowing or Stopping,2015-01-20 18:25,40,39.37529,-76.74997,1,3,좌회전 차선 사고,감속 중 사고
3213,N,Apparently Normal,No Misuse,Y,No Injury,0cac1bf5-4382-4f14-a5a7-a50a7738e0d5,D,MSP6266004G,Shoulder/Lap Belt(s),F,77826358-4c22-4e6a-be31-882108d4a738,Single Vehicle ,N,Non Intersection,Left Turn Lane,Dark Lights On,No Defects,"Two-way, Divided, Positive Median Barrier",Wet,Clear,Eleven o'clock,Pickup Truck,Destroyed,N,Moving Constant Speed,2015-01-21 21:17,32,39.70521,-76.64291,1,0,좌회전 차선 사고,등속 주행 중 측면 추돌 사고
3214,N,Apparently Normal,No Misuse,N,No Injury,6da1528d-cdc4-4b6a-9895-da602236f1e6,D,MSP6266004H,Shoulder/Lap Belt(s),F,4875b2b6-46b2-4cba-93b6-109352ee74d3,Same Direction Rear End,N,Non Intersection,Right Turn Lane,Daylight,No Defects,"Two-way, Divided, Positive Median Barrier",Dry,Clear,Six o'clock,Passenger Car,Superficial,N,Slowing or Stopping,2015-01-23 15:27,47,39.317336,-76.744792,2,1,기타,등속 주행 사고
3215,N,Apparently Normal,No Misuse,Y,No Injury,bd00e0a1-b108-4855-bf21-6deb709f07d5,D,MSP6266004H,Shoulder/Lap Belt(s),F,8576b3f7-cfd8-4667-bd52-febc825a3d59,Same Direction Rear End,N,Non Intersection,Right Turn Lane,Daylight,No Defects,"Two-way, Divided, Positive Median Barrier",Dry,Clear,Twelve o'clock,Passenger Car,Disabling,N,Slowing or Stopping,2015-01-23 15:27,24,39.317336,-76.744792,2,1,기타,등속 주행 사고
3216,N,Apparently Normal,No Misuse,N,No Injury,20a6ad86-d62c-4461-b35a-fd735c6d34ae,D,MSP6266004K,Shoulder/Lap Belt(s),F,ae4410e7-2331-43a3-8c35-af78bf20da55,Same Direction Rear End,N,Non Intersection,Left Turn Lane,Daylight,No Defects,One-way Trafficway,Dry,Clear,Six o'clock,Passenger Car,Superficial,N,Slowing or Stopping,2015-02-05 14:37,30,39.31249004,-76.74475,1,3,좌회전 차선 사고,감속 중 사고
3217,N,Apparently Normal,No Misuse,Y,No Injury,cf3bfaa8-a9a6-420b-afb1-15aedebf0600,D,MSP6266004K,Shoulder/Lap Belt(s),M,d510378c-3d85-46f1-ae97-ddc20b85fe41,Same Direction Rear End,N,Non Intersection,Left Turn Lane,Daylight,No Defects,One-way Trafficway,Dry,Clear,Twelve o'clock,Passenger Car,Functional,N,Slowing or Stopping,2015-02-05 14:37,34,39.31249004,-76.74475,1,3,좌회전 차선 사고,감속 중 사고
3218,N,Apparently Normal,No Misuse,N,No Injury,84e0c3f0-58a6-48da-a164-fed5cd3dcb45,D,MSP6266004R,Shoulder/Lap Belt(s),F,4cfe1ce7-53b4-437a-ae2d-c4093112070c,Same Direction Rear End,N,Non Intersection,Right Turn Lane,Daylight,No Defects,"Two-way, Divided, Positive Median Barrier",Wet,Raining,Six o'clock,(Sport) Utility Vehicle,Superficial,N,Slowing or Stopping,2015-03-10 16:26,40,39.24484004,-76.67386,4,3,빗길사고,기타
3219,N,Apparently Normal,No Misuse,N,No Injury,17cf76f5-1e51-422a-a731-e37002303a40,D,MSP6266004R,Shoulder/Lap Belt(s),M,23fa98a6-d214-44ee-a81e-ba5b99a162e7,Same Direction Rear End,N,Non Intersection,Right Turn Lane,Daylight,No Defects,"Two-way, Divided, Positive Median Barrier",Wet,Raining,Six o'clock,Passenger Car,Superficial,N,Slowing or Stopping,2015-03-10 16:26,46,39.24484004,-76.67386,4,3,빗길사고,기타
3220,N,Apparently Normal,No Misuse,Y,No Injury,47a8d19c-bfaf-4017-9fac-176a5e9cfae9,D,MSP6266004R,Shoulder/Lap Belt(s),M,831068d0-faad-424b-aada-cbed20fe1e77,Same Direction Rear End,N,Non Intersection,Right Turn Lane,Daylight,No Defects,"Two-way, Divided, Positive Median Barrier",Wet,Raining,Twelve o'clock,Passenger Car,Superficial,N,Slowing or Stopping,2015-03-10 16:26,22,39.24484004,-76.67386,4,3,빗길사고,기타
3221,N,Apparently Normal,No Misuse,N,No Injury,d0baa506-24eb-4e60-92d8-72c20b2b4960,D,MSP6266004T,Shoulder/Lap Belt(s),F,0508d6b7-7b19-494b-973f-9b91b4062e60,Single Vehicle ,N,Non Intersection,Right Turn Lane,Daylight,No Defects,"Two-way, Divided, Positive Median Barrier",Wet,Raining,Eleven o'clock,Passenger Car,Functional,N,Moving Constant Speed,2015-03-27 9:36,46,39.41484004,-76.78565,4,2,빗길사고,동일 방향 운행 중 추돌 사고
3222,N,Apparently Normal,No Misuse,N,No Injury,d9e82dfd-3191-4c62-bfe4-0696b15ed3d7,D,MSP6269003F,Shoulder/Lap Belt(s),F,1cd120f8-8819-44d9-904e-59a93db43e86,Same Direction Rear End,N,Non Intersection,Left Turn Lane,Daylight,No Defects,"Two-way, Divided, Positive Median Barrier",Dry,Cloudy,Six o'clock,(Sport) Utility Vehicle,Superficial,N,Slowing or Stopping,2015-02-05 7:23,28,39.07801383,-77.16909,1,3,좌회전 차선 사고,감속 중 사고
3223,N,Apparently Normal,No Misuse,N,No Injury,c4a0f7b5-9b4a-4ec0-83ab-ceb1f101b131,D,MSP6269003F,Shoulder/Lap Belt(s),M,19a7f467-8c4d-444c-85d0-9b7799210c02,Same Direction Rear End,N,Non Intersection,Left Turn Lane,Daylight,No Defects,"Two-way, Divided, Positive Median Barrier",Dry,Cloudy,Six o'clock,(Sport) Utility Vehicle,Superficial,N,Slowing or Stopping,2015-02-05 7:23,32,39.07801383,-77.16909,1,3,좌회전 차선 사고,감속 중 사고
3224,N,Apparently Normal,No Misuse,Y,No Injury,6e10b63b-9e98-4b62-859c-a0f650e94c4f,D,MSP6269003F,Shoulder/Lap Belt(s),M,90907322-9e6c-4af6-b9f0-a87885e4eab9,Same Direction Rear End,N,Non Intersection,Left Turn Lane,Daylight,No Defects,"Two-way, Divided, Positive Median Barrier",Dry,Cloudy,Twelve o'clock,Passenger Car,Disabling,N,Moving Constant Speed,2015-02-05 7:23,38,39.07801383,-77.16909,1,0,좌회전 차선 사고,등속 주행 중 측면 추돌 사고
3225,N,Apparently Normal,No Misuse,N,Non-incapacitating Injury,72196d43-670c-4270-ae50-dd4c75f23802,D,MSP6269003F,Shoulder/Lap Belt(s),M,ff7015a0-3f2f-4705-85bc-6c46e8511256,Same Direction Rear End,N,Non Intersection,Left Turn Lane,Daylight,No Defects,"Two-way, Divided, Positive Median Barrier",Dry,Cloudy,Six o'clock,Passenger Car,Functional,N,Slowing or Stopping,2015-02-05 7:23,38,39.07801383,-77.16909,1,3,좌회전 차선 사고,감속 중 사고
3226,N,Apparently Normal,No Misuse,N,No Injury,bafe13fc-a854-4293-b99c-f8f35865b316,D,MSP6269003N,Shoulder/Lap Belt(s),F,999a5f5d-a711-4a1a-becb-99cfc4dd9fa7,Same Direction Sideswipe,N,Non Intersection,Right Turn Lane,Dark Lights On,No Defects,"Two-way, Divided, Positive Median Barrier",Wet,Cloudy,Two o'clock,(Sport) Utility Vehicle,Disabling,N,Moving Constant Speed,2015-03-14 21:37,44,38.98634433,-77.15747583,4,2,빗길사고,동일 방향 운행 중 추돌 사고
3227,N,Apparently Normal,No Misuse,Y,No Injury,367c464f-17e6-4ca3-a186-5dcd03f48588,D,MSP6269003N,Shoulder/Lap Belt(s),M,4d44ee63-b05c-4cc9-9694-f32b9d8037ef,Same Direction Sideswipe,N,Non Intersection,Right Turn Lane,Dark Lights On,No Defects,"Two-way, Divided, Positive Median Barrier",Wet,Cloudy,Six o'clock,Passenger Car,Functional,N,Moving Constant Speed,2015-03-14 21:37,30,38.98634433,-77.15747583,4,2,빗길사고,동일 방향 운행 중 추돌 사고
3228,N,Apparently Normal,No Misuse,N,Possible Incapacitating Injury,8d7f940b-921e-40c1-8237-fb38203db136,D,MSP6271002X,Shoulder/Lap Belt(s),F,dae0032a-cbdb-4409-8954-d0c99337ca9e,Same Direction Rear End,N,Non Intersection,Right Turn Lane,Daylight,No Defects,"Two-way, Divided, Positive Median Barrier",Wet,Raining,Six o'clock,Passenger Car,Disabling,N,Slowing or Stopping,2015-03-01 15:42,49,39.034161,-77.14276517,4,3,빗길사고,기타
3229,N,Apparently Normal,No Misuse,N,No Injury,f2f1a9d2-3b16-4b68-b45c-5e2280f5826f,D,MSP6271002X,Shoulder/Lap Belt(s),M,fbb79169-ae45-4538-9415-fbbcaa990c70,Same Direction Rear End,N,Non Intersection,Right Turn Lane,Daylight,No Defects,"Two-way, Divided, Positive Median Barrier",Wet,Raining,Two o'clock,Passenger Car,Functional,N,Slowing or Stopping,2015-03-01 15:42,35,39.034161,-77.14276517,4,3,빗길사고,기타
3230,N,Apparently Normal,No Misuse,N,No Injury,eb187645-992a-4f91-b406-fbab138bbb77,D,MSP6272003L,Shoulder/Lap Belt(s),F,8c441b10-fef0-4d86-ab66-c6d327f22552,Same Direction Rear End,N,Non Intersection,Left Turn Lane,Daylight,No Defects,"Two-way, Divided, Positive Median Barrier",Dry,Clear,Four o'clock,Passenger Car,Functional,N,Slowing or Stopping,2015-01-02 8:21,62,39.429254,-76.6356675,1,3,좌회전 차선 사고,감속 중 사고
3231,N,Apparently Normal,No Misuse,N,No Injury,f8318bc0-9228-48f4-9475-3f301fb95ddd,D,MSP6272003L,Shoulder/Lap Belt(s),M,83397473-0f9f-4986-98ea-55b4f697ea12,Same Direction Rear End,N,Non Intersection,Left Turn Lane,Daylight,No Defects,"Two-way, Divided, Positive Median Barrier",Dry,Clear,One o'clock,Passenger Car,Functional,N,Slowing or Stopping,2015-01-02 8:21,45,39.429254,-76.6356675,1,3,좌회전 차선 사고,감속 중 사고
3232,N,Apparently Normal,No Misuse,N,No Injury,960fc5d9-3c4d-4193-a683-43cc89b8863c,D,MSP6272003M,Shoulder/Lap Belt(s),F,7158eb72-254e-4eae-a7ff-cff25d72feb4,Same Direction Sideswipe,N,Intersection Related,Right Turn Lane,Daylight,No Defects,One-way Trafficway,Wet,Raining,One o'clock,Passenger Car,Disabling,N,Moving Constant Speed,2015-01-03 10:24,22,39.41603067,-76.66599167,4,2,빗길사고,동일 방향 운행 중 추돌 사고
3233,N,Apparently Normal,No Misuse,Y,No Injury,2eed7c9b-68ae-4f8a-8ae8-177cfa07145a,D,MSP6272003N,Shoulder/Lap Belt(s),F,fe201ecd-f9d3-4488-8648-22e7d17b37b2,Same Direction Left Turn,N,Non Intersection,Acceleration Lane,Dark No Lights,No Defects,"Two-way, Divided, Positive Median Barrier",Dry,Clear,Eleven o'clock,Passenger Car,Disabling,N,Moving Constant Speed,2015-01-05 6:46,55,39.39527167,-76.693029,1,0,좌회전 차선 사고,등속 주행 중 측면 추돌 사고
3234,N,Apparently Normal,No Misuse,N,No Injury,2df5e2a8-0348-4d51-9f26-7e49f1f8048c,D,MSP6272003N,Shoulder/Lap Belt(s),M,2cb7f1cc-8757-407c-9322-6876e1bcc161,Same Direction Left Turn,N,Non Intersection,Acceleration Lane,Dark No Lights,No Defects,"Two-way, Divided, Positive Median Barrier",Dry,Clear,Five o'clock,Truck Tractor,Functional,N,Moving Constant Speed,2015-01-05 6:46,57,39.39527167,-76.693029,1,0,좌회전 차선 사고,등속 주행 중 측면 추돌 사고
3235,N,Apparently Normal,No Misuse,N,No Injury,a2588132-de77-41a7-95fc-72c53ddad00f,D,MSP6272003P,Shoulder/Lap Belt(s),F,e235fd7c-aea6-40f7-8123-c9cfb4dfaab8,Same Direction Rear End,N,Non Intersection,Right Turn Lane,Dark No Lights,No Defects,"Two-way, Divided, Positive Median Barrier",Dry,Clear,Six o'clock,Recreational Vehicle,Functional,N,Slowing or Stopping,2015-01-09 18:41,28,39.41435017,-76.62311717,2,1,기타,등속 주행 사고
3236,N,Apparently Normal,No Misuse,Y,No Injury,b330cde3-29cd-4b3c-a607-ff4d2b71956f,D,MSP6272003S,Shoulder/Lap Belt(s),F,e021a335-4f8f-4e61-bcae-5a3bcd52df9a,Same Direction Sideswipe,N,Non Intersection,Right Turn Lane,Daylight,No Defects,"Two-way, Not Divided",Dry,Clear,Two o'clock,Passenger Car,Superficial,N,Moving Constant Speed,2015-01-13 15:45,74,39.399665,-76.60134333,2,2,기타,기타
3237,N,Apparently Normal,No Misuse,N,No Injury,d55afd7f-6c7d-4884-96d8-8dcd8f68334b,D,MSP62720040,Shoulder/Lap Belt(s),F,0a9a99d3-e91d-43cb-bdf0-9e9cebe2deae,Same Direction Rear End,N,Non Intersection,Right Turn Lane,Dark No Lights,No Defects,"Two-way, Divided, Positive Median Barrier",Dry,Clear,Six o'clock,Passenger Car,Functional,N,Slowing or Stopping,2015-02-03 18:39,19,39.4040455,-76.67552583,2,1,기타,등속 주행 사고
3238,N,Apparently Normal,No Misuse,Y,No Injury,08d5370c-cd4e-42e7-8f52-febe6420f392,D,MSP62720040,Shoulder/Lap Belt(s),M,8fc44715-db6f-4bcb-a743-01c324d18a3a,Same Direction Rear End,N,Non Intersection,Right Turn Lane,Dark No Lights,No Defects,"Two-way, Divided, Positive Median Barrier",Dry,Clear,Twelve o'clock,Recreational Vehicle,Disabling,N,Slowing or Stopping,2015-02-03 18:39,30,39.4040455,-76.67552583,2,1,기타,등속 주행 사고
3239,N,Apparently Normal,No Misuse,N,No Injury,40a4feb6-8f0f-403b-9f76-44ae5233efd9,D,MSP62720041,Shoulder/Lap Belt(s),F,350754ce-040c-48dd-980c-aa49b8b4ccc0,Same Direction Rear End,N,Non Intersection,Acceleration Lane,Dark No Lights,No Defects,"Two-way, Divided, Positive Median Barrier",Dry,Clear,Six o'clock,Recreational Vehicle,Functional,N,Slowing or Stopping,2015-02-05 17:27,33,39.44039317,-76.63236083,1,3,좌회전 차선 사고,감속 중 사고
3240,N,Apparently Normal,No Misuse,Y,No Injury,b5590977-edf4-4555-9588-09d2db8b24e1,D,MSP62720041,Shoulder/Lap Belt(s),F,2edda0ba-0c8d-447f-b6d4-f807279cac9d,Same Direction Rear End,N,Non Intersection,Acceleration Lane,Dark No Lights,No Defects,"Two-way, Divided, Positive Median Barrier",Dry,Clear,Twelve o'clock,Passenger Car,Disabling,N,Slowing or Stopping,2015-02-05 17:27,34,39.44039317,-76.63236083,1,3,좌회전 차선 사고,감속 중 사고
3241,N,Apparently Normal,No Misuse,N,No Injury,4a9c5fa4-8e03-4c37-ab46-afb6164e1690,D,MSP62720042,Shoulder/Lap Belt(s),F,9de59171-4d53-4a24-a4bf-5667f61dc89d,Head On Left Turn,N,Intersection Related,Left Turn Lane,Dark Lights On,No Defects,"Two-way, Divided, Positive Median Barrier",Dry,Clear,Twelve o'clock,Passenger Car,Functional,N,Slowing or Stopping,2015-02-06 17:36,47,39.39047833,-76.722893,1,3,좌회전 차선 사고,감속 중 사고
3242,N,Apparently Normal,No Misuse,Y,No Injury,7351268c-4ea1-4160-b109-92784f0c8311,D,MSP62720042,Shoulder/Lap Belt(s),M,61703064-dc33-401b-9b3c-63b976a8e1cc,Head On Left Turn,N,Intersection Related,Left Turn Lane,Dark Lights On,No Defects,"Two-way, Divided, Positive Median Barrier",Dry,Clear,One o'clock,Passenger Car,Disabling,N,Stopped in Traffic Lane,2015-02-06 17:36,57,39.39047833,-76.722893,1,2,좌회전 차선 사고,기타
3243,N,Apparently Normal,No Misuse,Y,No Injury,f95b8e12-5d7a-47c9-b64f-666cb134b8a7,D,MSP62720045,Shoulder/Lap Belt(s),F,50e43d18-646a-4bfb-bd3e-8f7c141406e7,Single Vehicle ,N,Non Intersection,Deceleration Lane,Daylight,No Defects,"Two-way, Divided, Positive Median Barrier",Dry,Clear,One o'clock,Passenger Car,Disabling,N,Slowing or Stopping,2015-02-20 8:33,45,39.4614715,-76.65783733,1,3,좌회전 차선 사고,감속 중 사고
3244,N,Apparently Normal,No Misuse,N,No Injury,b468c69a-06c4-4dae-b77f-53ef8658c766,D,MSP6272004B,Shoulder/Lap Belt(s),F,d8ed4f1a-2b4e-4115-b496-bc8194856486,Same Direction Rear End,N,Non Intersection,Left Turn Lane,Dark Lights On,No Defects,One-way Trafficway,Dry,Clear,Seven o'clock,Passenger Car,Disabling,N,Moving Constant Speed,2015-03-02 22:36,36,39.42135083,-76.6389745,1,0,좌회전 차선 사고,등속 주행 중 측면 추돌 사고
3245,N,Apparently Normal,No Misuse,Y,No Injury,9785dbcc-42ef-4628-8aa1-c1f9ca8c7c99,D,MSP6272004B,Shoulder/Lap Belt(s),M,5d9a6f5c-3ed6-46fc-90f9-f10a39e9f5c3,Same Direction Rear End,N,Non Intersection,Left Turn Lane,Dark Lights On,No Defects,One-way Trafficway,Dry,Clear,One o'clock,Passenger Car,Functional,N,Moving Constant Speed,2015-03-02 22:36,34,39.42135083,-76.6389745,1,0,좌회전 차선 사고,등속 주행 중 측면 추돌 사고
3246,N,Apparently Normal,No Misuse,N,No Injury,da91afa8-c028-4642-8d8b-94ca131a2d11,D,MSP6272004C,Shoulder/Lap Belt(s),F,c8426238-b429-40c2-9f3d-11de0192292b,Same Direction Rear End,N,Non Intersection,Right Turn Lane,Daylight,No Defects,"Two-way, Divided, Positive Median Barrier",Dry,Clear,Six o'clock,Recreational Vehicle,Functional,N,Slowing or Stopping,2015-03-17 8:25,28,39.284925,-76.736559,2,1,기타,등속 주행 사고
3247,N,Apparently Normal,No Misuse,Y,No Injury,daa46258-4717-4d78-b520-ff656a49edd7,D,MSP6272004C,Shoulder/Lap Belt(s),M,025a1a33-0494-4e2d-98f7-4652e65a8b82,Same Direction Rear End,N,Non Intersection,Right Turn Lane,Daylight,No Defects,"Two-way, Divided, Positive Median Barrier",Dry,Clear,Twelve o'clock,Passenger Car,Disabling,N,Moving Constant Speed,2015-03-17 8:25,28,39.284925,-76.736559,2,3,기타,등속 주행 중 측면 추돌 사고
3248,N,Apparently Normal,No Misuse,N,No Injury,6305ae00-83ab-4946-b50b-a47d75cc059f,D,MSP6272004G,Shoulder/Lap Belt(s),F,dc2e8ff8-b2d3-436f-9d52-e57f800577e5,Same Direction Rear End,N,Non Intersection,Acceleration Lane,Dark Lights On,No Defects,"Two-way, Divided, Positive Median Barrier",Dry,Clear,Six o'clock,Passenger Car,Functional,N,Moving Constant Speed,2015-03-27 19:27,28,39.40229483,-76.66204433,1,0,좌회전 차선 사고,등속 주행 중 측면 추돌 사고
3249,N,Using Drugs,No Misuse,Y,No Injury,036d6768-aee0-433a-bf6b-ca570c849c89,D,MSP6272004G,Shoulder/Lap Belt(s),F,566f37c7-19fc-4f73-a4d1-a2812a562180,Same Direction Rear End,N,Non Intersection,Acceleration Lane,Dark Lights On,No Defects,"Two-way, Divided, Positive Median Barrier",Dry,Clear,One o'clock,Recreational Vehicle,Functional,N,Moving Constant Speed,2015-03-27 19:27,35,39.40229483,-76.66204433,1,0,좌회전 차선 사고,등속 주행 중 측면 추돌 사고