KEY_INDEX,CDL_FLAG,CONDITION_CODE,EQUIP_PROB_CODE,FAULT_FLAG,INJ_SEVER_CODE,PERSON_ID,PERSON_TYPE,REPORT_NO,SAF_EQUIP_CODE,SEX_CODE,VEHICLE_ID,COLLISION_TYPE_CODE,C_M_ZONE_FLAG,JUNCTION_CODE,LANE_CODE,LIGHT_CODE,RD_COND_CODE,RD_DIV_CODE,SURF_COND_CODE,WEATHER_CODE,AREA_DAMAGED_CODE_MAIN,BODY_TYPE_CODE,DAMAGE_CODE,HIT_AND_RUN_FLAG,MOVEMENT_CODE,TIME,AGE,LATITUDE,LONGITUDE,CLUSTER,SECOND_LABEL,FIRST_LABEL,SECOND_LABELING
3250,N,Apparently Normal,No Misuse,Y,No Injury,0987cd90-93b6-4b5d-a1cb-2aa455d7d0de,D,MSP6275001J,Shoulder/Lap Belt(s),F,bad8cda7-2d6d-4cf9-afcc-1321f6420326,Single Vehicle ,N,Non Intersection,Right Turn Lane,Dawn,No Defects,"Two-way, Divided, Positive Median Barrier",Dry,Clear,Twelve o'clock,Passenger Car,Disabling,N,Moving Constant Speed,2015-03-26 6:00,43,39.36112617,-77.14745167,2,2,기타,기타
3251,N,Apparently Normal,No Misuse,Y,No Injury,d22a2f53-e4e6-4c0c-bf7e-80cd9737b009,D,MSP6276000Z,Shoulder/Lap Belt(s),F,84468a14-e1d6-4f68-9492-0544e8870ddc,Same Direction Sideswipe,N,Non Intersection,Right Turn Lane,Daylight,No Defects,"Two-way, Divided, Positive Median Barrier",Ice,Clear,Eleven o'clock,Passenger Car,Destroyed,N,Moving Constant Speed,2015-02-15 11:40,18,39.02174117,-77.10603,2,2,기타,기타
3252,N,Apparently Normal,No Misuse,N,No Injury,1dddc732-34c1-4e7f-b2b6-429ec8a18bfa,D,MSP6277003Z,Shoulder/Lap Belt(s),F,6c16a63b-0b5a-4b3d-9dff-5ef79d2a49c5,Same Direction Rear End,N,Non Intersection,Deceleration Lane,Daylight,No Defects,"Two-way, Divided, Positive Median Barrier",Ice,Wintry Mix,Twelve o'clock,Passenger Car,Superficial,N,Moving Constant Speed,2015-01-18 7:51,65,39.30585717,-76.73425517,0,3,눈길사고,자차 사고
3253,N,Apparently Normal,No Misuse,Y,No Injury,171b87c2-0509-41c9-93aa-712ce8075867,D,MSP6277003Z,Shoulder/Lap Belt(s),F,ba0749db-e81d-4e93-a973-f6b398e000fc,Same Direction Rear End,N,Non Intersection,Deceleration Lane,Daylight,No Defects,"Two-way, Divided, Positive Median Barrier",Ice,Wintry Mix,Twelve o'clock,"Cargo Van/Light Truck 2 axles (10,000 lbs (4,536 kg) or less)",Disabling,N,Moving Constant Speed,2015-01-18 7:51,40,39.30585717,-76.73425517,0,3,눈길사고,자차 사고
3254,N,Apparently Normal,No Misuse,N,No Injury,6c97dad2-ffbe-45c3-80d9-288a35345aca,D,MSP62770043,Shoulder/Lap Belt(s),F,462f06c4-3070-498c-b94e-f94845c7deec,Same Direction Rear End,N,Non Intersection,Right Turn Lane,Daylight,No Defects,"Two-way, Divided, Positive Median Barrier",Dry,Clear,Six o'clock,Passenger Car,Functional,N,Slowing or Stopping,2015-03-19 7:45,27,39.22608783,-76.7170645,2,1,기타,등속 주행 사고
3255,N,Apparently Normal,No Misuse,Y,No Injury,7704e154-2d3f-45f1-bd0a-c4eb4c88e6a7,D,MSP62770043,Shoulder/Lap Belt(s),M,81e63bd7-a560-41a9-9ddc-d228b92b8261,Same Direction Rear End,N,Non Intersection,Right Turn Lane,Daylight,No Defects,"Two-way, Divided, Positive Median Barrier",Dry,Clear,Twelve o'clock,Passenger Car,Disabling,N,Moving Constant Speed,2015-03-19 7:45,24,39.22608783,-76.7170645,2,3,기타,등속 주행 중 측면 추돌 사고
3256,N,Apparently Normal,No Misuse,N,No Injury,a20fd9a8-01f6-4224-9883-6fdbb7b2b53e,D,MSP62770045,Shoulder/Lap Belt(s),F,df6a0e18-08d8-4820-8c91-3cc00138b688,Same Direction Rear End,N,Non Intersection,Right Turn Lane,Daylight,No Defects,"Two-way, Divided, Positive Median Barrier",Dry,Clear,Six o'clock,Passenger Car,Functional,N,Slowing or Stopping,2015-03-26 18:09,32,39.38963217,-76.7234945,2,1,기타,등속 주행 사고
3257,N,Apparently Normal,No Misuse,Y,No Injury,92712cf2-a109-41a0-8f5c-432ddb8326d0,D,MSP62780030,Shoulder/Lap Belt(s),F,dfb4e98d-142c-4344-adcf-b3bb07c0d790,Single Vehicle ,N,Non Intersection,Right Turn Lane,Daylight,No Defects,One-way Trafficway,Wet,Raining,Four o'clock,Passenger Car,Disabling,N,Moving Constant Speed,2015-01-04 10:09,52,39.049892,-76.92778933,4,2,빗길사고,동일 방향 운행 중 추돌 사고
3258,N,Apparently Normal,No Misuse,N,No Injury,40d3e8b0-8267-4fbb-b99c-ea8cda24dcfd,D,MSP62780033,Shoulder/Lap Belt(s),F,f89844fe-b3fc-4224-bd30-220aae6f96b1,Same Direction Rear End,N,Non Intersection,Right Turn Lane,Daylight,No Defects,"Two-way, Divided, Positive Median Barrier",Dry,Clear,Six o'clock,(Sport) Utility Vehicle,Functional,N,Slowing or Stopping,2015-01-05 9:25,31,39.01728717,-76.912281,2,1,기타,등속 주행 사고
3259,N,Apparently Normal,No Misuse,Y,No Injury,3b4b550e-7846-4e75-9db4-bbb036f38203,D,MSP62780033,Shoulder/Lap Belt(s),F,baa2736a-3319-4065-b370-f11a46c2934a,Same Direction Rear End,N,Non Intersection,Right Turn Lane,Daylight,No Defects,"Two-way, Divided, Positive Median Barrier",Dry,Clear,Twelve o'clock,Passenger Car,Disabling,N,Moving Constant Speed,2015-01-05 9:25,43,39.01728717,-76.912281,2,3,기타,등속 주행 중 측면 추돌 사고
3260,N,Apparently Normal,No Misuse,Y,No Injury,000a5751-336c-4c89-994e-28178e405d2c,D,MSP62780035,Shoulder/Lap Belt(s),M,d52c9de1-fe74-4140-9203-9f32e16e4263,Same Direction Rear End,N,Non Intersection,Right Turn Lane,Dark No Lights,No Defects,"Two-way, Divided, Positive Median Barrier",Dry,Clear,Twelve o'clock,Passenger Car,Disabling,N,Moving Constant Speed,2015-01-15 18:45,28,39.00977067,-76.90121117,2,3,기타,등속 주행 중 측면 추돌 사고
3261,N,Apparently Normal,No Misuse,Y,No Injury,5c4f4d39-4d51-44e3-b043-d0cfaa0db921,D,MSP62780038,Shoulder/Lap Belt(s),F,3b23b120-ebb1-4a61-a742-0de81dff60d1,Same Direction Rear End,N,Non Intersection,Left Turn Lane,Daylight,No Defects,"Two-way, Divided, Positive Median Barrier",Dry,Clear,Twelve o'clock,Pickup Truck,Superficial,N,Moving Constant Speed,2015-02-05 17:00,42,38.9714325,-76.86950467,1,0,좌회전 차선 사고,등속 주행 중 측면 추돌 사고
3262,N,Apparently Normal,No Misuse,Y,No Injury,9bf69bc1-37f5-4d88-9e7e-d6b86b1f47d5,D,MSP6278003C,Shoulder/Lap Belt(s),F,7e753876-9911-4829-945e-8de08d68e6a2,Same Direction Rear End,N,Non Intersection,Right Turn Lane,Daylight,No Defects,"Two-way, Divided, Positive Median Barrier",Dry,Clear,Twelve o'clock,Passenger Car,Disabling,N,Moving Constant Speed,2015-02-09 15:27,25,38.91774667,-76.915886,2,3,기타,등속 주행 중 측면 추돌 사고
3263,N,Apparently Normal,No Misuse,N,No Injury,f22cdab7-1677-402c-af11-b5dca181052c,D,MSP6278003J,Shoulder/Lap Belt(s),F,6eb9d8f6-b4df-4335-8460-9093c7fa3722,Same Movement Angle,N,Non Intersection,Left Turn Lane,Daylight,No Defects,"Two-way, Divided, Positive Median Barrier",Slush,Cloudy,Twelve o'clock,Passenger Car,Functional,N,Moving Constant Speed,2015-02-22 10:05,32,38.98164083,-76.87632633,1,0,좌회전 차선 사고,등속 주행 중 측면 추돌 사고
3264,N,Apparently Normal,No Misuse,Y,No Injury,4eda67d4-82b5-48de-b10d-2c42bc449f0e,D,MSP6278003J,Shoulder/Lap Belt(s),F,63c77230-bcd8-4cf5-83ae-aacf4d0e9007,Same Movement Angle,N,Non Intersection,Left Turn Lane,Daylight,No Defects,"Two-way, Divided, Positive Median Barrier",Slush,Cloudy,Three o'clock,(Sport) Utility Vehicle,Functional,N,Moving Constant Speed,2015-02-22 10:05,31,38.98164083,-76.87632633,1,0,좌회전 차선 사고,등속 주행 중 측면 추돌 사고
3265,N,Apparently Normal,No Misuse,Y,No Injury,49cac2f0-7f5e-4765-afea-939f117b180e,D,MSP6278003L,Shoulder/Lap Belt(s),F,324830d4-fd75-40cf-bcca-743cb223855d,Same Direction Rear End,N,Non Intersection,Left Turn Lane,Dark No Lights,No Defects,"Two-way, Divided, Positive Median Barrier",Dry,Clear,Twelve o'clock,(Sport) Utility Vehicle,Superficial,N,Moving Constant Speed,2015-02-24 6:30,41,38.91864283,-76.93088167,1,0,좌회전 차선 사고,등속 주행 중 측면 추돌 사고
3266,N,Apparently Normal,No Misuse,N,Possible Incapacitating Injury,8658203a-9cd5-4dd5-a993-7d33d76e2b64,D,MSP6278003L,Shoulder/Lap Belt(s),F,1e68a65f-c54d-4b76-88e7-e6964b6e6948,Same Direction Rear End,N,Non Intersection,Left Turn Lane,Dark No Lights,No Defects,"Two-way, Divided, Positive Median Barrier",Dry,Clear,Six o'clock,Passenger Car,Disabling,N,Slowing or Stopping,2015-02-24 6:30,38,38.91864283,-76.93088167,1,3,좌회전 차선 사고,감속 중 사고
3267,N,Apparently Normal,No Misuse,Y,No Injury,155defda-5d1b-4a07-b133-637e700af3de,D,MSP6278003L,Shoulder/Lap Belt(s),M,41ffb3b8-42bf-4883-a422-181d6ca8cd00,Same Direction Rear End,N,Non Intersection,Left Turn Lane,Dark No Lights,No Defects,"Two-way, Divided, Positive Median Barrier",Dry,Clear,Twelve o'clock,Pickup Truck,Superficial,N,Moving Constant Speed,2015-02-24 6:30,34,38.91864283,-76.93088167,1,0,좌회전 차선 사고,등속 주행 중 측면 추돌 사고
3268,N,Apparently Normal,No Misuse,N,No Injury,a3c66ae0-cc5f-466c-b25d-e3e2e1273004,D,MSP6278003Q,Shoulder/Lap Belt(s),F,0eea2e1b-16ab-48cd-885c-8eb2d7669d3e,Single Vehicle ,N,Non Intersection,Left Turn Lane,Daylight,No Defects,"Two-way, Divided, Positive Median Barrier",Dry,Clear,Five o'clock,(Sport) Utility Vehicle,Disabling,N,Moving Constant Speed,2015-03-06 13:55,35,38.97464533,-76.61813667,1,0,좌회전 차선 사고,등속 주행 중 측면 추돌 사고
3269,N,Apparently Normal,No Misuse,Y,No Injury,7a1fce7e-c5bc-469a-9404-51030c20075b,D,MSP62830006,Shoulder/Lap Belt(s),F,b3c85a57-73ad-4a64-8480-7d927835cc43,Single Vehicle ,N,Non Intersection,Right Turn Lane,Dawn,No Defects,"Two-way, Divided, Positive Median Barrier",Snow,Wintry Mix,Five o'clock,Passenger Car,Disabling,N,Moving Constant Speed,2015-01-14 6:47,41,38.327849,-75.57741567,0,0,눈길사고,감속 중 사고
3270,N,Apparently Normal,No Misuse,Y,No Injury,d5a7e887-4737-408a-bf1e-339983155d00,D,MSP62830007,Shoulder/Lap Belt(s),F,57f26aa9-5dbf-4807-8094-de50de77043f,Single Vehicle ,N,Non Intersection,Right Turn Lane,Daylight,No Defects,"Two-way, Not Divided",Slush,Wintry Mix,Six o'clock,Passenger Car,Disabling,N,Moving Constant Speed,2015-01-14 9:30,24,38.30819317,-75.53290317,0,0,눈길사고,감속 중 사고
3271,N,Apparently Normal,No Misuse,Y,No Injury,f90b6c31-e6ea-4ff6-9e2d-d82840360f9c,D,MSP6283000G,Shoulder/Lap Belt(s),F,f49495a9-956c-45ea-80b9-2dc5fb6c627f,Same Direction Rear End,N,Intersection,Right Turn Lane,Dark Lights On,No Defects,"Two-way, Divided, Positive Median Barrier",Slush,Snow,Twelve o'clock,Passenger Car,Disabling,N,Moving Constant Speed,2015-02-16 17:34,30,38.37564733,-75.5035655,0,3,눈길사고,자차 사고
3272,N,Apparently Normal,No Misuse,N,No Injury,21dccacc-8e4f-45df-9cdd-1102a202734c,D,MSP6283000G,Shoulder/Lap Belt(s),M,a9dac895-4fbd-42b6-a63e-b4631803915f,Same Direction Rear End,N,Intersection,Right Turn Lane,Dark Lights On,No Defects,"Two-way, Divided, Positive Median Barrier",Slush,Snow,Six o'clock,Passenger Car,Superficial,N,Moving Constant Speed,2015-02-16 17:34,68,38.37564733,-75.5035655,0,3,눈길사고,자차 사고
3273,N,Apparently Normal,No Misuse,Y,No Injury,647af254-ede2-4e99-b052-bc5ca1c15964,D,MSP62860027,Shoulder/Lap Belt(s),F,7551a683-41f5-419c-8e02-fec288529603,Same Direction Rear End,N,Non Intersection,Acceleration Lane,Dark Lights On,No Defects,"Two-way, Divided, Positive Median Barrier",Snow,Blowing Snow,Twelve o'clock,(Sport) Utility Vehicle,Disabling,N,Moving Constant Speed,2015-02-16 22:35,24,39.17991133,-76.634049,0,3,눈길사고,자차 사고
3274,N,Apparently Normal,No Misuse,N,No Injury,e30beca2-0de2-4db6-82a2-cb290bd6872d,D,MSP62860027,Shoulder/Lap Belt(s),M,d12ae5e2-2864-4639-82c5-d7dce5eb255d,Same Direction Rear End,N,Non Intersection,Acceleration Lane,Dark Lights On,No Defects,"Two-way, Divided, Positive Median Barrier",Snow,Blowing Snow,Six o'clock,Passenger Car,Disabling,N,Moving Constant Speed,2015-02-16 22:35,31,39.17991133,-76.634049,0,3,눈길사고,자차 사고
3275,N,Apparently Normal,No Misuse,Y,No Injury,0262ca8e-da64-427e-92ca-5e7cbaa307a4,D,MSP62860029,Shoulder/Lap Belt(s),F,3f2cf27b-ff07-4709-aa5e-137f569ff554,Single Vehicle ,N,Non Intersection,Acceleration Lane,Dark Lights On,No Defects,"Two-way, Divided, Positive Median Barrier",Ice,Raining,One o'clock,Passenger Car,Functional,N,Moving Constant Speed,2015-02-21 22:24,34,39.149998,-76.64546883,4,2,빗길사고,동일 방향 운행 중 추돌 사고
3276,N,Apparently Normal,No Misuse,Y,No Injury,dbb6e081-d648-47c0-a4fc-45ba5b935253,D,MSP6288002L,Shoulder/Lap Belt(s),F,2dd56d74-bba4-410b-b63b-4a67de23ac64,Single Vehicle ,N,Non Intersection,Right Turn Lane,Daylight,No Defects,"Two-way, Divided, Positive Median Barrier",Snow,Snow,Five o'clock,Passenger Car,Superficial,N,Moving Constant Speed,2015-01-27 8:36,43,38.44496,-76.98586,0,0,눈길사고,감속 중 사고
3277,N,Apparently Normal,No Misuse,N,No Injury,0edfd1f0-b372-4d24-aa99-df453e4aaf0e,D,MSP6288002Q,Shoulder/Lap Belt(s),F,ae5f38ec-fbc4-4718-ae7b-c6c225dbb7a4,Same Direction Rear End,N,Non Intersection,Right Turn Lane,Daylight,No Defects,"Two-way, Divided, Positive Median Barrier",Dry,Clear,Six o'clock,Passenger Car,Superficial,N,Slowing or Stopping,2015-03-29 16:57,61,38.63655917,-76.9001645,2,1,기타,등속 주행 사고
3278,N,Apparently Normal,No Misuse,Y,No Injury,2555ced2-77f7-4de3-ae69-1c0d4d32fd54,D,MSP6288002Q,Shoulder/Lap Belt(s),F,d279e257-60fa-4142-9500-11754d587c3d,Same Direction Rear End,N,Non Intersection,Right Turn Lane,Daylight,No Defects,"Two-way, Divided, Positive Median Barrier",Dry,Clear,Twelve o'clock,Passenger Car,Superficial,N,Moving Constant Speed,2015-03-29 16:57,26,38.63655917,-76.9001645,2,3,기타,등속 주행 중 측면 추돌 사고
3279,N,Apparently Normal,No Misuse,N,No Injury,0fc0713a-1e5a-4f38-acb9-a5a3f2573627,D,MSP6288002Q,Shoulder/Lap Belt(s),M,04c460af-4783-47a9-9f42-1b7b47e0001b,Same Direction Rear End,N,Non Intersection,Right Turn Lane,Daylight,No Defects,"Two-way, Divided, Positive Median Barrier",Dry,Clear,Six o'clock,Passenger Car,Superficial,N,Slowing or Stopping,2015-03-29 16:57,28,38.63655917,-76.9001645,2,1,기타,등속 주행 사고
3280,N,Apparently Normal,No Misuse,N,No Injury,37466e47-2e7a-4f96-9ce0-7b04141d5126,D,MSP62950011,Shoulder/Lap Belt(s),F,43e3e204-64ed-4538-8345-a5ad286a4c61,Same Direction Rear End,N,Intersection Related,Right Turn Lane,Daylight,No Defects,"Two-way, Not Divided",Dry,Cloudy,Eleven o'clock,Passenger Car,Destroyed,N,Moving Constant Speed,2015-03-27 17:00,52,38.937589,-76.054423,3,2,우회전 차선 사고,기타
3281,N,Apparently Normal,No Misuse,N,Non-incapacitating Injury,69a3bf04-c5e7-464f-95e6-54b891538fde,D,MSP62950011,Shoulder/Lap Belt(s),F,391bfa8a-38af-4d61-87b2-4fc58919d437,Same Direction Rear End,N,Intersection Related,Right Turn Lane,Daylight,No Defects,"Two-way, Not Divided",Dry,Cloudy,Six o'clock,Passenger Car,Destroyed,N,Making Left Turn,2015-03-27 17:00,45,38.937589,-76.054423,3,3,우회전 차선 사고,동일 방향 운행 중 추돌 사고
3282,N,Apparently Normal,No Misuse,Y,No Injury,ed1d12cc-a5e6-45b4-b197-aa35e700d25e,D,MSP62950011,Shoulder/Lap Belt(s),M,d0d41bec-ed2a-40d2-a104-5be2061f5277,Same Direction Rear End,N,Intersection Related,Right Turn Lane,Daylight,No Defects,"Two-way, Not Divided",Dry,Cloudy,Twelve o'clock,Van,Destroyed,N,Moving Constant Speed,2015-03-27 17:00,27,38.937589,-76.054423,3,2,우회전 차선 사고,기타
3283,N,Apparently Normal,No Misuse,N,No Injury,6c8f1f56-983c-4bef-9f4e-76e9cb2d5dde,D,MSP63000022,Shoulder/Lap Belt(s),F,ab7ffd98-c308-4284-987c-297d2fcfc5b4,Same Movement Angle,N,Intersection,Right Turn Lane,Daylight,No Defects,"Two-way, Divided, Positive Median Barrier",Wet,Cloudy,One o'clock,(Sport) Utility Vehicle,Functional,N,Moving Constant Speed,2015-01-21 16:23,41,38.5649899,-76.8603768,4,1,빗길사고,자차 사고
3284,N,Apparently Normal,No Misuse,Y,No Injury,6a7bf85b-02ea-428f-9165-c02bd24e1306,D,MSP63000022,Shoulder/Lap Belt(s),F,766d2755-9b0f-4671-9917-443012966020,Same Movement Angle,N,Intersection,Right Turn Lane,Daylight,No Defects,"Two-way, Divided, Positive Median Barrier",Wet,Cloudy,Five o'clock,Passenger Car,Functional,Y,Making Left Turn,2015-01-21 16:23,20,38.5649899,-76.8603768,4,1,빗길사고,자차 사고
3285,N,Apparently Normal,No Misuse,N,No Injury,156c762c-67a7-4ebb-b79a-5d9add085c55,D,MSP6302002L,Shoulder/Lap Belt(s),F,4170ad19-3e19-4e5e-b4af-963e5a69598e,Same Direction Rear End,N,Non Intersection,Left Turn Lane,Dark - Unknown Lighting,No Defects,"Two-way, Divided, Positive Median Barrier",Wet,Raining,Ten o'clock,Passenger Car,Disabling,N,Moving Constant Speed,2015-01-18 7:46,69,39.00187685,-76.5972805,4,2,빗길사고,동일 방향 운행 중 추돌 사고
3286,N,Apparently Normal,No Misuse,N,No Injury,ecb9eac7-b227-4d3d-a913-36015b8e4c8b,D,MSP63040039,Shoulder/Lap Belt(s),F,5dedba64-e3f6-4d50-b4a4-5a87f98abdfc,Single Vehicle ,N,Non Intersection,Right Turn Lane,Dark Lights On,No Defects,"Two-way, Divided, Positive Median Barrier",Dry,Clear,Twelve o'clock,Passenger Car,Disabling,N,Moving Constant Speed,2015-02-01 6:12,24,39.01441283,-77.05900567,2,2,기타,기타
3287,N,Apparently Normal,No Misuse,Y,No Injury,2b822343-1594-4237-be12-e3fa4a95fb73,D,MSP6304003G,Shoulder/Lap Belt(s),F,9aa261bb-9a8f-4d06-af9b-77597a6b1378,Same Direction Rear End,N,Non Intersection,Right Turn Lane,Daylight,No Defects,"Two-way, Divided, Positive Median Barrier",Dry,Clear,Twelve o'clock,Passenger Car,Disabling,N,Moving Constant Speed,2015-02-04 8:30,28,39.01625883,-77.01450033,2,3,기타,등속 주행 중 측면 추돌 사고
3288,N,Apparently Normal,No Misuse,N,Non-incapacitating Injury,212ed969-fb46-4a42-8721-9d6ebe7f04ba,D,MSP6304003G,Shoulder/Lap Belt(s),F,9446767f-48ff-490e-baa6-04c5de855773,Same Direction Rear End,N,Non Intersection,Right Turn Lane,Daylight,No Defects,"Two-way, Divided, Positive Median Barrier",Dry,Clear,Six o'clock,Passenger Car,Superficial,N,Slowing or Stopping,2015-02-04 8:30,28,39.01625883,-77.01450033,2,1,기타,등속 주행 사고
3289,N,Apparently Normal,No Misuse,N,No Injury,f054c42c-63c1-46db-944c-6397a670f6ad,D,MSP6304003P,Shoulder/Lap Belt(s),F,10c5931a-0386-4f38-b5e4-bc0bf64fe810,Same Direction Rear End,N,Intersection,Left Turn Lane,Daylight,No Defects,One-way Trafficway,Dry,Clear,Six o'clock,(Sport) Utility Vehicle,Superficial,N,Stopped in Traffic Lane,2015-03-24 14:30,37,39.03191102,-77.13139415,1,2,좌회전 차선 사고,기타
3290,N,Apparently Normal,No Misuse,N,No Injury,2f61c78e-aca0-43e6-a95f-ad1ce136dc2f,D,MSP6306000N,Shoulder/Lap Belt(s),F,abea8db0-57d7-4675-8fb3-bf87900892c8,Same Direction Rear End,N,Non Intersection,Right Turn Lane,Dark Lights On,No Defects,"Two-way, Divided, Unprotected (painted >4 feet) Median",Wet,Clear,Six o'clock,(Sport) Utility Vehicle,Functional,N,Stopped in Traffic Lane,2015-01-23 17:10,42,38.32234004,-76.47607,4,3,빗길사고,기타
3291,N,Apparently Normal,No Misuse,N,No Injury,8027d68d-32af-49ee-b7fc-342ca9f8ba75,D,MSP6306000N,Shoulder/Lap Belt(s),M,b9219b23-b69a-417b-9b36-b2c8e738f9c2,Same Direction Rear End,N,Non Intersection,Right Turn Lane,Dark Lights On,No Defects,"Two-way, Divided, Unprotected (painted >4 feet) Median",Wet,Clear,Six o'clock,Passenger Car,Disabling,N,Stopped in Traffic Lane,2015-01-23 17:10,26,38.32234004,-76.47607,4,3,빗길사고,기타
3292,N,Apparently Normal,No Misuse,Y,No Injury,55686af7-1cd9-4fea-83fd-415100f94f47,D,MSP6306000N,Shoulder/Lap Belt(s),M,fd9404e9-32b4-446a-ac47-0403a7fd25c9,Same Direction Rear End,N,Non Intersection,Right Turn Lane,Dark Lights On,No Defects,"Two-way, Divided, Unprotected (painted >4 feet) Median",Wet,Clear,Twelve o'clock,Passenger Car,Disabling,N,Moving Constant Speed,2015-01-23 17:10,35,38.32234004,-76.47607,4,2,빗길사고,동일 방향 운행 중 추돌 사고
3293,N,Apparently Normal,No Misuse,Y,No Injury,82897677-83a8-49df-b236-769d1e56ccc4,D,MSP63070030,Shoulder/Lap Belt(s),F,60b2931b-5cfe-4e38-8a16-3c16af7e9a1b,Same Direction Rear End,N,Non Intersection,Deceleration Lane,Dark No Lights,No Defects,"Two-way, Divided, Positive Median Barrier",Dry,Clear,Twelve o'clock,Passenger Car,Disabling,N,Moving Constant Speed,2015-01-09 1:40,27,38.81823267,-76.93517267,1,0,좌회전 차선 사고,등속 주행 중 측면 추돌 사고
3294,N,Apparently Normal,No Misuse,N,No Injury,5e5dfa62-6f5a-459d-b970-e7bd15753089,D,MSP63070030,Shoulder/Lap Belt(s),M,d70f2757-d2a3-448a-b21b-34aab7ec6af0,Same Direction Rear End,N,Non Intersection,Deceleration Lane,Dark No Lights,No Defects,"Two-way, Divided, Positive Median Barrier",Dry,Clear,Six o'clock,Passenger Car,Disabling,N,Slowing or Stopping,2015-01-09 1:40,43,38.81823267,-76.93517267,1,3,좌회전 차선 사고,감속 중 사고
3295,N,Apparently Normal,No Misuse,N,No Injury,d11ae062-5de1-4233-882c-5491007e7ed4,D,MSP63070031,Shoulder/Lap Belt(s),F,cc18a8aa-68e8-403b-9122-9f4a8bbea8a4,Same Direction Rear End,N,Non Intersection,Acceleration Lane,Dark No Lights,No Defects,"Two-way, Divided, Positive Median Barrier",Dry,Clear,Six o'clock,Passenger Car,Disabling,N,Stopped in Traffic Lane,2015-01-09 1:43,27,38.81820783,-76.93538783,1,2,좌회전 차선 사고,기타
3296,N,Apparently Normal,No Misuse,Y,No Injury,3370e700-a650-476d-9e04-805dddac91d2,D,MSP63070031,Shoulder/Lap Belt(s),F,f51bad0e-da42-46a1-b652-b156b1f47290,Same Direction Rear End,N,Non Intersection,Acceleration Lane,Dark No Lights,No Defects,"Two-way, Divided, Positive Median Barrier",Dry,Clear,Twelve o'clock,Recreational Vehicle,Functional,N,Moving Constant Speed,2015-01-09 1:43,34,38.81820783,-76.93538783,1,0,좌회전 차선 사고,등속 주행 중 측면 추돌 사고
3297,N,Apparently Normal,No Misuse,N,No Injury,e4d71dcf-0370-4600-919c-fe944bb7d7a3,D,MSP63070032,Shoulder/Lap Belt(s),F,25d5d58f-f0cf-478e-8156-b90dd4ab0d9a,Same Direction Rear End,N,Non Intersection,Left Turn Lane,Dark No Lights,No Defects,"Two-way, Divided, Positive Median Barrier",Dry,Clear,Six o'clock,Passenger Car,Functional,N,Slowing or Stopping,2015-01-09 3:23,45,38.81819883,-76.93538033,1,3,좌회전 차선 사고,감속 중 사고
3298,N,Apparently Normal,No Misuse,Y,No Injury,3e70a9ea-6764-484e-91f3-e42c4dcd8d76,D,MSP63070032,Shoulder/Lap Belt(s),M,e9583bca-de60-41ea-b801-353ad7028b44,Same Direction Rear End,N,Non Intersection,Left Turn Lane,Dark No Lights,No Defects,"Two-way, Divided, Positive Median Barrier",Dry,Clear,Twelve o'clock,Passenger Car,Disabling,N,Moving Constant Speed,2015-01-09 3:23,49,38.81819883,-76.93538033,1,0,좌회전 차선 사고,등속 주행 중 측면 추돌 사고
3299,N,Apparently Normal,No Misuse,Y,No Injury,e048fce4-71dc-46e7-818f-f3d5976e5164,D,MSP63070034,Shoulder/Lap Belt(s),F,97f7c2e0-9bd5-44bb-80b3-7ffd5fc3f13d,Same Direction Rear End,N,Non Intersection,Right Turn Lane,Dusk,No Defects,"Two-way, Divided, Positive Median Barrier",Dry,Clear,Twelve o'clock,Passenger Car,Functional,N,Moving Constant Speed,2015-01-21 7:20,35,38.706355,-76.87734433,2,3,기타,등속 주행 중 측면 추돌 사고
3300,N,Apparently Normal,No Misuse,N,Incapacitating/Disabled Injury,761808d1-a922-4113-bc21-b3810d25e362,D,MSP63070034,Shoulder/Lap Belt(s),F,b6cf0580-cb04-4899-87bd-5ae85479fa70,Same Direction Rear End,N,Non Intersection,Right Turn Lane,Dusk,No Defects,"Two-way, Divided, Positive Median Barrier",Dry,Clear,Six o'clock,Recreational Vehicle,Superficial,N,Slowing or Stopping,2015-01-21 7:20,46,38.706355,-76.87734433,2,1,기타,등속 주행 사고
3301,N,Apparently Normal,No Misuse,Y,No Injury,4fba88eb-b70a-449f-9bab-c7fc22116d35,D,MSP6307003H,Shoulder/Lap Belt(s),F,b5b9c721-3be7-4464-87b3-9e2e4ffba7ad,Same Movement Angle,N,Intersection,Left Turn Lane,Daylight,No Defects,"Two-way, Divided, Positive Median Barrier",Dry,Clear,Seven o'clock,Passenger Car,Functional,N,Moving Constant Speed,2015-03-18 18:52,63,38.90377267,-76.83383017,1,0,좌회전 차선 사고,등속 주행 중 측면 추돌 사고
3302,N,Apparently Normal,No Misuse,N,Incapacitating/Disabled Injury,eb6149ce-8834-43b9-91f6-9fd40af16aec,D,MSP6307003H,Shoulder/Lap Belt(s),F,e51d5bbd-883c-4e87-bf86-4fef0c429864,Same Movement Angle,N,Intersection,Left Turn Lane,Daylight,No Defects,"Two-way, Divided, Positive Median Barrier",Dry,Clear,Twelve o'clock,Passenger Car,Disabling,N,Moving Constant Speed,2015-03-18 18:52,53,38.90377267,-76.83383017,1,0,좌회전 차선 사고,등속 주행 중 측면 추돌 사고