KEY_INDEX,CDL_FLAG,CONDITION_CODE,EQUIP_PROB_CODE,FAULT_FLAG,INJ_SEVER_CODE,PERSON_ID,PERSON_TYPE,REPORT_NO,SAF_EQUIP_CODE,SEX_CODE,VEHICLE_ID,COLLISION_TYPE_CODE,C_M_ZONE_FLAG,JUNCTION_CODE,LANE_CODE,LIGHT_CODE,RD_COND_CODE,RD_DIV_CODE,SURF_COND_CODE,WEATHER_CODE,AREA_DAMAGED_CODE_MAIN,BODY_TYPE_CODE,DAMAGE_CODE,HIT_AND_RUN_FLAG,MOVEMENT_CODE,TIME,AGE,LATITUDE,LONGITUDE,CLUSTER,SECOND_LABEL,FIRST_LABEL,SECOND_LABELING
3303,N,Apparently Normal,No Misuse,N,No Injury,6811e519-a1c7-4d40-ac4e-237c240298ea,D,MSP63090018,Shoulder/Lap Belt(s),F,a80ffaa9-e88c-49ab-aa5e-15646c27df49,Same Direction Rear End,N,Non Intersection,Right Turn Lane,Daylight,No Defects,"Two-way, Divided, Positive Median Barrier",Dry,Clear,Six o'clock,Passenger Car,Superficial,N,Slowing or Stopping,2015-03-07 12:31,62,39.0593415,-76.88823067,2,1,기타,등속 주행 사고
3304,N,Apparently Normal,No Misuse,N,No Injury,7430d82c-33a5-4a75-9422-e8f8ba023457,D,MSP63090018,Shoulder/Lap Belt(s),F,e8a6cc2e-cfe8-4707-9f42-3d4b0b08d1a4,Same Direction Rear End,N,Non Intersection,Right Turn Lane,Daylight,No Defects,"Two-way, Divided, Positive Median Barrier",Dry,Clear,Six o'clock,Passenger Car,Superficial,N,Slowing or Stopping,2015-03-07 12:31,30,39.0593415,-76.88823067,2,1,기타,등속 주행 사고
3305,N,Apparently Normal,No Misuse,N,No Injury,c95c83b7-3c9c-429b-9090-95cdf01007e2,D,MSP63090018,Shoulder/Lap Belt(s),F,f0ba9245-4c42-47a3-a7aa-28c44dd16868,Same Direction Rear End,N,Non Intersection,Right Turn Lane,Daylight,No Defects,"Two-way, Divided, Positive Median Barrier",Dry,Clear,Six o'clock,Passenger Car,Disabling,N,Slowing or Stopping,2015-03-07 12:31,29,39.0593415,-76.88823067,2,1,기타,등속 주행 사고
3306,N,Apparently Normal,No Misuse,Y,No Injury,38ffdf30-d6a9-4c37-bb70-a637bdc20048,D,MSP63090018,Shoulder/Lap Belt(s),M,59318ea8-ee79-4444-ba5f-fba34c55e2d9,Same Direction Rear End,N,Non Intersection,Right Turn Lane,Daylight,No Defects,"Two-way, Divided, Positive Median Barrier",Dry,Clear,Twelve o'clock,Passenger Car,Disabling,N,Moving Constant Speed,2015-03-07 12:31,21,39.0593415,-76.88823067,2,3,기타,등속 주행 중 측면 추돌 사고
3307,N,Apparently Normal,No Misuse,N,No Injury,551c2115-e9c1-41a5-8dfd-587984c7f493,D,MSP6309001C,Shoulder/Lap Belt(s),F,19ae1c7f-49bc-47c8-82b8-d612b152ba95,Same Direction Rear End,N,Non Intersection,Deceleration Lane,Daylight,No Defects,"Two-way, Divided, Positive Median Barrier",Dry,Clear,Six o'clock,(Sport) Utility Vehicle,Superficial,N,Slowing or Stopping,2015-03-13 14:59,55,38.99682217,-76.8906345,1,3,좌회전 차선 사고,감속 중 사고
3308,N,Apparently Normal,No Misuse,N,No Injury,7371268b-b425-423e-b1e5-450c61cb0ea3,D,MSP6309001D,Shoulder/Lap Belt(s),F,e4f176e2-58aa-41b0-8587-6737329c631c,Same Direction Rear End,N,Non Intersection,Right Turn Lane,Daylight,No Defects,"Two-way, Divided, Positive Median Barrier",Dry,Clear,Six o'clock,(Sport) Utility Vehicle,Superficial,N,Slowing or Stopping,2015-03-13 15:25,25,38.986989,-76.88171633,2,1,기타,등속 주행 사고
3309,N,Apparently Normal,No Misuse,N,Incapacitating/Disabled Injury,3adcadb5-e58f-4b5f-98d3-fe026b4aa74a,D,MSP6309001D,Shoulder/Lap Belt(s),F,f6fc1b66-39ef-483d-afeb-1acc345e6da1,Same Direction Rear End,N,Non Intersection,Right Turn Lane,Daylight,No Defects,"Two-way, Divided, Positive Median Barrier",Dry,Clear,Six o'clock,Passenger Car,Superficial,N,Slowing or Stopping,2015-03-13 15:25,33,38.986989,-76.88171633,2,1,기타,등속 주행 사고
3310,N,Apparently Normal,No Misuse,N,No Injury,a1c24b5a-f73f-4656-a05c-060627b92e1e,D,MSP6309001D,Shoulder/Lap Belt(s),M,4038048d-4aa4-465e-8513-2b663f50b766,Same Direction Rear End,N,Non Intersection,Right Turn Lane,Daylight,No Defects,"Two-way, Divided, Positive Median Barrier",Dry,Clear,Six o'clock,Passenger Car,Superficial,N,Slowing or Stopping,2015-03-13 15:25,45,38.986989,-76.88171633,2,1,기타,등속 주행 사고
3311,N,Apparently Normal,No Misuse,Y,No Injury,b05fcf4e-a281-486b-a640-283eb6415411,D,MSP6309001D,Shoulder/Lap Belt(s),M,5a6642ff-93c2-412e-ab3f-a14a6ee4d508,Same Direction Rear End,N,Non Intersection,Right Turn Lane,Daylight,No Defects,"Two-way, Divided, Positive Median Barrier",Dry,Clear,Twelve o'clock,Pickup Truck,Superficial,N,Moving Constant Speed,2015-03-13 15:25,74,38.986989,-76.88171633,2,3,기타,등속 주행 중 측면 추돌 사고
3312,N,Apparently Normal,No Misuse,Y,No Injury,b776c3dc-e26e-4eda-98ab-f979b07a8037,D,MSP6317001N,Shoulder/Lap Belt(s),F,afa4ae1d-34bb-44c2-ae30-7b2bf5860dc7,Single Vehicle ,N,Non Intersection,Right Turn Lane,Daylight,No Defects,"Two-way, Not Divided",Snow,Snow,Twelve o'clock,Passenger Car,Disabling,N,Moving Constant Speed,2015-01-27 8:27,49,38.30517483,-76.88152,0,0,눈길사고,감속 중 사고
3313,N,Apparently Normal,No Misuse,Y,No Injury,e8daf0b0-349a-49ff-a1b0-0a6b9cd71d9f,D,MSP6317001P,Shoulder/Lap Belt(s),F,20754e8a-bd65-46df-b8c9-213d7bf1b3ed,Same Direction Rear End,N,Non Intersection,Left Turn Lane,Dark Lights On,No Defects,"Two-way, Divided, Positive Median Barrier",Dry,Clear,Twelve o'clock,Passenger Car,Functional,N,Slowing or Stopping,2015-02-06 18:23,47,38.628292,-76.913854,1,3,좌회전 차선 사고,감속 중 사고
3314,N,Apparently Normal,No Misuse,N,No Injury,e1b09f80-5fee-4077-9dd0-2ae4a24d4f58,D,MSP6317001P,Shoulder/Lap Belt(s),M,fcb9bbd7-2ec0-45ed-82b4-8baf99850bb2,Same Direction Rear End,N,Non Intersection,Left Turn Lane,Dark Lights On,No Defects,"Two-way, Divided, Positive Median Barrier",Dry,Clear,Six o'clock,Passenger Car,Superficial,N,Stopped in Traffic Lane,2015-02-06 18:23,50,38.628292,-76.913854,1,2,좌회전 차선 사고,기타
3315,N,Apparently Normal,No Misuse,N,No Injury,40e9d9d9-5a73-4341-adef-8f83eef4a96d,D,MSP6325003G,Shoulder/Lap Belt(s),F,99a558f4-f684-44c1-93ce-159616a8acfc,Same Direction Rear End,N,Non Intersection,Left Turn Lane,Daylight,No Defects,"Two-way, Divided, Positive Median Barrier",Dry,Clear,Six o'clock,(Sport) Utility Vehicle,Functional,N,Stopped in Traffic Lane,2015-01-16 16:30,37,38.91782717,-76.71770233,1,2,좌회전 차선 사고,기타
3316,N,Apparently Normal,No Misuse,N,No Injury,84c30919-ee47-4171-8027-42dcab9e96b9,D,MSP6325003T,Shoulder/Lap Belt(s),F,33023bf7-70dc-4fad-902f-04cfd734f09f,Same Direction Rear End,N,Non Intersection,Right Turn Lane,Dark Lights On,No Defects,"Two-way, Divided, Positive Median Barrier",Dry,Clear,Six o'clock,Passenger Car,Functional,N,Slowing or Stopping,2015-03-08 21:28,22,38.75162683,-76.87951717,2,1,기타,등속 주행 사고
3317,N,Apparently Normal,No Misuse,N,No Injury,827c2f72-227e-42f9-8800-fa7ed25790f2,D,MSP6328001W,Shoulder/Lap Belt(s),F,b51e02fd-b3fe-42bd-9845-1089658c7083,Same Direction Rear End,N,Non Intersection,Acceleration Lane,Dark Lights On,No Defects,"Two-way, Divided, Positive Median Barrier",Dry,Clear,Six o'clock,Passenger Car,Functional,N,Slowing or Stopping,2015-01-02 17:51,56,38.648436,-76.88709883,1,3,좌회전 차선 사고,감속 중 사고
3318,N,Apparently Normal,No Misuse,Y,No Injury,30c2adde-0a4f-4c2f-8dc8-08e6e62c0a92,D,MSP6328001W,Shoulder/Lap Belt(s),M,caddafd7-eb43-4094-81a8-6bedcf5ad2b8,Same Direction Rear End,N,Non Intersection,Acceleration Lane,Dark Lights On,No Defects,"Two-way, Divided, Positive Median Barrier",Dry,Clear,Twelve o'clock,Passenger Car,Functional,N,Moving Constant Speed,2015-01-02 17:51,24,38.648436,-76.88709883,1,0,좌회전 차선 사고,등속 주행 중 측면 추돌 사고
3319,N,Apparently Normal,No Misuse,Y,No Injury,867a95de-121a-41b4-9064-55e3471ce916,D,MSP6328001Y,Shoulder/Lap Belt(s),F,2492d8d1-faf1-476f-ae35-a87de0868994,Single Vehicle ,N,Non Intersection,Right Turn Lane,Dark Lights On,No Defects,"Two-way, Not Divided",Ice,Clear,Twelve o'clock,Van,Disabling,N,Slowing or Stopping,2015-01-25 0:27,18,38.55088133,-76.7434095,2,1,기타,등속 주행 사고
3320,N,Apparently Normal,No Misuse,N,No Injury,fe4cf36a-bd1c-4f91-855d-1405061d9cba,D,MSP6328001Z,Shoulder/Lap Belt(s),M,68a36279-7b50-4f9c-9df2-eae10c55bb5c,Same Direction Rear End,N,Non Intersection,Right Turn Lane,Dark Lights On,No Defects,"Two-way, Not Divided",Ice,Clear,Twelve o'clock,(Sport) Utility Vehicle,Disabling,N,Slowing or Stopping,2015-01-25 0:24,55,38.55088833,-76.7433795,2,1,기타,등속 주행 사고
3321,N,Apparently Normal,No Misuse,N,No Injury,e1449ca0-344b-4b29-88de-fc728c2e79ce,D,MSP63280021,Shoulder/Lap Belt(s),F,b9d89b03-eaa5-4be4-8b91-5968fd48c8ba,Same Direction Rear End,N,Non Intersection,Right Turn Lane,Daylight,No Defects,"Two-way, Not Divided",Dry,Clear,Six o'clock,Passenger Car,Functional,N,Slowing or Stopping,2015-02-10 10:21,19,38.539604,-76.99758133,2,1,기타,등속 주행 사고
3322,N,Apparently Normal,No Misuse,Y,No Injury,f423f4eb-7a9c-4b9e-8bfa-262e7ade771c,D,MSP63280021,Shoulder/Lap Belt(s),F,236f2faf-a119-49e0-9b52-63cc7bf36682,Same Direction Rear End,N,Non Intersection,Right Turn Lane,Daylight,No Defects,"Two-way, Not Divided",Dry,Clear,Twelve o'clock,Passenger Car,Disabling,N,Slowing or Stopping,2015-02-10 10:21,20,38.539604,-76.99758133,2,1,기타,등속 주행 사고
3323,N,Apparently Normal,No Misuse,N,No Injury,c024aca9-29a6-4825-b71a-ffddc2dd6a4e,D,MSP6354000S,Shoulder/Lap Belt(s),F,84796a4a-f689-4b62-91f7-4803db9989d8,Single Vehicle ,N,Non Intersection,Acceleration Lane,Dark Lights On,No Defects,"Two-way, Divided, Positive Median Barrier",Snow,Snow,Twelve o'clock,Passenger Car,Disabling,N,Slowing or Stopping,2015-01-06 6:15,42,38.97625867,-76.28966983,0,1,눈길사고,등속 주행 사고
3324,N,Apparently Normal,No Misuse,Y,No Injury,26d2356d-1010-4392-b80c-9a36dbc52e32,D,MSP6354000W,Shoulder/Lap Belt(s),F,26ca181f-ee0c-402c-ac54-f8b8a00bb961,Single Vehicle ,N,Non Intersection,Right Turn Lane,Daylight,No Defects,"Two-way, Not Divided",Snow,Snow,Twelve o'clock,Passenger Car,Functional,N,Moving Constant Speed,2015-03-05 9:28,52,39.1437675,-75.84389833,0,0,눈길사고,감속 중 사고
3325,N,Apparently Normal,No Misuse,N,No Injury,bd38c013-c961-45f6-b94f-b9f1fdba09b8,D,MSP6357002M,Shoulder/Lap Belt(s),F,6751a80f-b684-41a5-baf6-fce636bbcf17,Same Direction Rear End,N,Non Intersection,Left Turn Lane,Dawn,No Defects,"Two-way, Divided, Positive Median Barrier",Dry,Clear,Six o'clock,Passenger Car,Functional,N,Slowing or Stopping,2015-01-02 17:54,46,39.1630592,-77.2367706,1,3,좌회전 차선 사고,감속 중 사고
3326,N,Apparently Normal,No Misuse,Y,No Injury,5f784eff-29c8-4dde-8f50-b109428b666c,D,MSP6357002M,Shoulder/Lap Belt(s),M,1f51bb8e-f80c-4ef5-a35a-10bbec3344c9,Same Direction Rear End,N,Non Intersection,Left Turn Lane,Dawn,No Defects,"Two-way, Divided, Positive Median Barrier",Dry,Clear,Twelve o'clock,Passenger Car,Disabling,N,Slowing or Stopping,2015-01-02 17:54,28,39.1630592,-77.2367706,1,3,좌회전 차선 사고,감속 중 사고
3327,N,Apparently Normal,No Misuse,Y,No Injury,c9a5444f-9ba0-407e-ae21-460b5fa9df01,D,MSP6357002R,Shoulder/Lap Belt(s),F,6faff776-a748-4f5c-9cfb-48a9392a319b,Same Direction Sideswipe,N,Non Intersection,Right Turn Lane,Dark Lights On,No Defects,"Two-way, Divided, Positive Median Barrier",Wet,Raining,Twelve o'clock,Passenger Car,Disabling,N,Moving Constant Speed,2015-01-03 22:17,44,39.0131454,-77.0374374,4,2,빗길사고,동일 방향 운행 중 추돌 사고
3328,N,Apparently Normal,No Misuse,Y,No Injury,2f065c8b-afc1-4dc5-b05b-b313a4cf1c34,D,MSP6357002R,Shoulder/Lap Belt(s),M,e5110367-c0e7-491b-ac1b-5475e64a40f1,Same Direction Sideswipe,N,Non Intersection,Right Turn Lane,Dark Lights On,No Defects,"Two-way, Divided, Positive Median Barrier",Wet,Raining,Twelve o'clock,Passenger Car,Disabling,N,Moving Constant Speed,2015-01-03 22:17,26,39.0131454,-77.0374374,4,2,빗길사고,동일 방향 운행 중 추돌 사고
3329,N,Apparently Normal,No Misuse,Y,No Injury,6de302f8-46c5-43d6-9d89-145ccbb7db87,D,MSP6357002T,Shoulder/Lap Belt(s),F,2417651a-1327-407f-9030-ccc3ce1df510,Same Direction Rear End,N,Non Intersection,Acceleration Lane,Daylight,No Defects,"Two-way, Divided, Positive Median Barrier",Dry,Clear,Twelve o'clock,Passenger Car,Functional,Y,Slowing or Stopping,2015-01-26 15:16,27,39.02340138,-77.14282036,1,3,좌회전 차선 사고,감속 중 사고
3330,N,Apparently Normal,No Misuse,N,No Injury,ad71d981-db57-4337-bdff-50aff6b0d398,D,MSP6357002T,Shoulder/Lap Belt(s),M,91a7dc12-e8c4-4551-9fe3-c9775ade0fb4,Same Direction Rear End,N,Non Intersection,Acceleration Lane,Daylight,No Defects,"Two-way, Divided, Positive Median Barrier",Dry,Clear,Six o'clock,Passenger Car,Functional,N,Stopped in Traffic Lane,2015-01-26 15:16,54,39.02340138,-77.14282036,1,2,좌회전 차선 사고,기타
3331,N,Apparently Normal,No Misuse,Y,No Injury,97e100b5-0798-40ef-b5de-f36b4866c69a,D,MSP6357002V,Shoulder/Lap Belt(s),F,830b3915-f45f-4d5d-bf9f-be40d221674c,Single Vehicle ,N,Non Intersection,Right Turn Lane,Dark - Unknown Lighting,No Defects,"Two-way, Divided, Positive Median Barrier",Wet,Raining,Eight o'clock,Passenger Car,Disabling,N,Moving Constant Speed,2015-02-01 23:11,26,39.1228409,-77.1942368,4,2,빗길사고,동일 방향 운행 중 추돌 사고
3332,N,Apparently Normal,No Misuse,Y,No Injury,98fbfef6-a1a3-4dc1-93dd-ce0c19929dee,D,MSP6357002Z,Shoulder/Lap Belt(s),F,24046e47-16bb-4a75-837b-742547eae4f7,Same Direction Sideswipe,N,Non Intersection,Deceleration Lane,Daylight,No Defects,"Two-way, Divided, Positive Median Barrier",Dry,Clear,Two o'clock,Passenger Car,Functional,Y,Changing Lanes,2015-03-16 18:11,71,38.98436561,-77.15964317,1,1,좌회전 차선 사고,등속 주행 사고
3333,N,Apparently Normal,No Misuse,N,No Injury,5bfd7823-d7b3-4259-ae6a-f02629dddd18,D,MSP6357002Z,Shoulder/Lap Belt(s),M,f91ff709-85ca-413b-a4bb-eefd72792692,Same Direction Sideswipe,N,Non Intersection,Deceleration Lane,Daylight,No Defects,"Two-way, Divided, Positive Median Barrier",Dry,Clear,Nine o'clock,Passenger Car,Functional,N,Moving Constant Speed,2015-03-16 18:11,31,38.98436561,-77.15964317,1,0,좌회전 차선 사고,등속 주행 중 측면 추돌 사고
3334,N,Apparently Normal,No Misuse,Y,No Injury,e13c8f96-3d4a-4bfb-96aa-a3c8137df558,D,MSP6358000X,Shoulder/Lap Belt(s),F,a3955a5c-3f72-4e55-a572-a7ce5a1d215c,Single Vehicle ,N,Non Intersection,Right Turn Lane,Dark No Lights,No Defects,"Two-way, Not Divided",Ice,Wintry Mix,Twelve o'clock,Passenger Car,Functional,N,Moving Constant Speed,2015-01-12 6:00,19,39.14103417,-75.91982533,0,0,눈길사고,감속 중 사고
3335,N,Apparently Normal,No Misuse,Y,No Injury,d0d24aec-2512-430b-b37b-986a0ffdb5c1,D,MSP63660021,Shoulder/Lap Belt(s),F,ae3cbd7e-68b9-4fda-a52d-40bcaf84a6e0,Same Direction Rear End,N,Non Intersection,Acceleration Lane,Daylight,No Defects,"Two-way, Divided, Positive Median Barrier",Dry,Clear,Twelve o'clock,Passenger Car,Superficial,N,Slowing or Stopping,2015-02-27 13:36,55,38.8114435,-76.91033117,1,3,좌회전 차선 사고,감속 중 사고
3336,N,Apparently Normal,No Misuse,N,No Injury,be231aed-54e1-44b6-8421-c88abdd3f9be,D,MSP6367003S,Shoulder/Lap Belt(s),F,4018e5be-9953-40f7-8297-ad324c16baf8,Same Direction Rear End,N,Non Intersection,Left Turn Lane,Dawn,No Defects,"Two-way, Divided, Positive Median Barrier",Dry,Clear,Twelve o'clock,Passenger Car,Functional,N,Slowing or Stopping,2015-01-05 7:02,68,38.7948275,-77.01789067,1,3,좌회전 차선 사고,감속 중 사고
3337,N,Apparently Normal,No Misuse,N,No Injury,a31458a6-e7d2-4b21-8ea6-264a1d715535,D,MSP6367003S,Shoulder/Lap Belt(s),M,cde5eac7-f535-44b3-9dbb-7a1f6fb86c7e,Same Direction Rear End,N,Non Intersection,Left Turn Lane,Dawn,No Defects,"Two-way, Divided, Positive Median Barrier",Dry,Clear,Six o'clock,Passenger Car,Functional,N,Slowing or Stopping,2015-01-05 7:02,54,38.7948275,-77.01789067,1,3,좌회전 차선 사고,감속 중 사고
3338,N,Apparently Normal,No Misuse,Y,No Injury,ba04e873-ee7b-4459-bfbf-20b0e8ad6a76,D,MSP6367003S,Shoulder/Lap Belt(s),M,c182ea99-c9d2-4ef3-a548-a83bc5f4bb6f,Same Direction Rear End,N,Non Intersection,Left Turn Lane,Dawn,No Defects,"Two-way, Divided, Positive Median Barrier",Dry,Clear,Twelve o'clock,Passenger Car,Disabling,N,Moving Constant Speed,2015-01-05 7:02,40,38.7948275,-77.01789067,1,0,좌회전 차선 사고,등속 주행 중 측면 추돌 사고
3339,N,Apparently Normal,No Misuse,Y,No Injury,43485d96-ec42-455d-868d-1061f40b9ff0,D,MSP6367003V,Shoulder/Lap Belt(s),F,1a9f561b-87cf-407c-be4f-739377e2e2d4,Same Direction Rear End,N,Non Intersection,Deceleration Lane,Dark Lights On,No Defects,"Two-way, Divided, Positive Median Barrier",Dry,Clear,Twelve o'clock,Passenger Car,Functional,N,Moving Constant Speed,2015-01-11 17:42,18,38.81627367,-76.91603783,1,0,좌회전 차선 사고,등속 주행 중 측면 추돌 사고
3340,N,Apparently Normal,No Misuse,N,Possible Incapacitating Injury,a00e7108-6197-4616-a445-bf950a0fee0e,D,MSP6367003V,Shoulder/Lap Belt(s),M,dacaf8ea-6b7d-4f5f-84bd-e9d027758031,Same Direction Rear End,N,Non Intersection,Deceleration Lane,Dark Lights On,No Defects,"Two-way, Divided, Positive Median Barrier",Dry,Clear,Six o'clock,Passenger Car,Functional,N,Slowing or Stopping,2015-01-11 17:42,22,38.81627367,-76.91603783,1,3,좌회전 차선 사고,감속 중 사고
3341,N,Apparently Normal,No Misuse,N,No Injury,1f566d4d-648e-478b-af45-c574cb692bb8,D,MSP6367003X,Shoulder/Lap Belt(s),F,ccf8b82e-94b5-40a2-8779-c2cf015f9d81,Same Direction Rear End,N,Non Intersection,Left Turn Lane,Daylight,No Defects,"Two-way, Divided, Positive Median Barrier",Dry,Clear,Six o'clock,Passenger Car,Functional,N,Stopped in Traffic Lane,2015-01-13 14:53,31,38.78509317,-76.7933505,1,2,좌회전 차선 사고,기타
3342,N,Apparently Normal,No Misuse,N,No Injury,d09213f1-7647-4e8c-90c1-23c68d0fb63f,D,MSP6367003X,Shoulder/Lap Belt(s),M,3e7e596b-a61e-4311-a7b4-c3f94872eb94,Same Direction Rear End,N,Non Intersection,Left Turn Lane,Daylight,No Defects,"Two-way, Divided, Positive Median Barrier",Dry,Clear,Six o'clock,Passenger Car,Functional,N,Slowing or Stopping,2015-01-13 14:53,30,38.78509317,-76.7933505,1,3,좌회전 차선 사고,감속 중 사고
3343,N,Apparently Normal,No Misuse,Y,No Injury,bdbf02a6-4c8f-451d-96ba-03257fc7a720,D,MSP6367003X,Shoulder/Lap Belt(s),M,12d37fb0-9159-4ddf-b4b2-c5b540186af0,Same Direction Rear End,N,Non Intersection,Left Turn Lane,Daylight,No Defects,"Two-way, Divided, Positive Median Barrier",Dry,Clear,Twelve o'clock,Passenger Car,Disabling,N,Moving Constant Speed,2015-01-13 14:53,58,38.78509317,-76.7933505,1,0,좌회전 차선 사고,등속 주행 중 측면 추돌 사고
3344,N,Apparently Normal,No Misuse,N,No Injury,c0b7ba68-b956-47d4-bec8-86404f95e9d2,D,MSP6367003Y,Shoulder/Lap Belt(s),F,37729098-1c8f-49c3-89b2-a764b796072e,Same Direction Rear End,N,Intersection Related,Right Turn Lane,Dusk,No Defects,"Two-way, Divided, Positive Median Barrier",Dry,Clear,Six o'clock,Passenger Car,Functional,N,Stopped in Traffic Lane,2015-01-13 17:08,35,38.83895017,-76.7285205,3,3,우회전 차선 사고,동일 방향 운행 중 추돌 사고
3345,N,Apparently Normal,No Misuse,N,Possible Incapacitating Injury,4cb5d784-e8d8-463f-afa6-26dfb6727799,D,MSP6367003Y,Shoulder/Lap Belt(s),F,73c5603b-bc13-4b1d-85b9-9875ebaf2922,Same Direction Rear End,N,Intersection Related,Right Turn Lane,Dusk,No Defects,"Two-way, Divided, Positive Median Barrier",Dry,Clear,Six o'clock,Passenger Car,Disabling,N,Slowing or Stopping,2015-01-13 17:08,55,38.83895017,-76.7285205,3,3,우회전 차선 사고,동일 방향 운행 중 추돌 사고
3346,N,Apparently Normal,No Misuse,Y,No Injury,3db2c60c-b64a-4a5f-9b2d-28afdd08d235,D,MSP6367003Y,Shoulder/Lap Belt(s),M,113d18da-c745-4982-b808-5a6969559ec6,Same Direction Rear End,N,Intersection Related,Right Turn Lane,Dusk,No Defects,"Two-way, Divided, Positive Median Barrier",Dry,Clear,Twelve o'clock,Passenger Car,Disabling,N,Moving Constant Speed,2015-01-13 17:08,23,38.83895017,-76.7285205,3,2,우회전 차선 사고,기타
3347,N,Apparently Normal,No Misuse,N,No Injury,c2615302-ac5a-4409-86f7-9645bcb7e409,D,MSP63670042,Shoulder/Lap Belt(s),F,f0fa109e-f28a-4e39-8fb4-f3f8b4a516ee,Same Direction Sideswipe,N,Non Intersection,Acceleration Lane,Daylight,No Defects,"Two-way, Divided, Positive Median Barrier",Dry,Clear,Three o'clock,Passenger Car,Disabling,N,Moving Constant Speed,2015-02-07 15:15,52,38.93873633,-76.85568217,1,0,좌회전 차선 사고,등속 주행 중 측면 추돌 사고
3348,N,Apparently Normal,No Misuse,N,No Injury,98cb0208-9468-47fa-929e-db4dea989ddc,D,MSP63670042,Shoulder/Lap Belt(s),M,b9febd5c-a7b4-41fa-951c-9844333041a9,Same Direction Sideswipe,N,Non Intersection,Acceleration Lane,Daylight,No Defects,"Two-way, Divided, Positive Median Barrier",Dry,Clear,Twelve o'clock,"Medium/Heavy Truck 2 axles (10,000 lbs (4,536 kg) or less)",Functional,N,Moving Constant Speed,2015-02-07 15:15,40,38.93873633,-76.85568217,1,0,좌회전 차선 사고,등속 주행 중 측면 추돌 사고
3349,N,Apparently Normal,No Misuse,N,No Injury,91f993e0-8e30-4084-91aa-b88496a2e1ef,D,MSP63670042,Shoulder/Lap Belt(s),M,b5dda116-6ba1-45b6-920a-4f0cdb2220da,Same Direction Sideswipe,N,Non Intersection,Acceleration Lane,Daylight,No Defects,"Two-way, Divided, Positive Median Barrier",Dry,Clear,Twelve o'clock,Passenger Car,Functional,N,Moving Constant Speed,2015-02-07 15:15,36,38.93873633,-76.85568217,1,0,좌회전 차선 사고,등속 주행 중 측면 추돌 사고
3350,N,Apparently Normal,No Misuse,N,No Injury,cc9ed29c-9eb7-4bf5-9b5a-129fb520634f,D,MSP63670043,Shoulder/Lap Belt(s),F,5cf60932-8bb2-4b8b-bf58-54851b94de57,Single Vehicle ,N,Non Intersection,Left Turn Lane,Dark No Lights,No Defects,"Two-way, Divided, Positive Median Barrier",Dry,Clear,Twelve o'clock,Passenger Car,Disabling,N,Moving Constant Speed,2015-02-08 19:42,42,38.71738783,-76.84752817,1,0,좌회전 차선 사고,등속 주행 중 측면 추돌 사고
3351,N,Apparently Normal,No Misuse,N,No Injury,8f6d2f49-dd9c-44a7-a23f-90d47b8de64a,D,MSP63670045,Shoulder/Lap Belt(s),F,707ae152-0aaf-43a7-871b-c1b26fa85878,Same Direction Rear End,N,Non Intersection,Right Turn Lane,Dark Lights On,No Defects,"Two-way, Divided, Positive Median Barrier",Wet,Raining,Six o'clock,Passenger Car,Functional,N,Moving Constant Speed,2015-02-09 22:36,41,38.88401483,-76.843824,4,2,빗길사고,동일 방향 운행 중 추돌 사고
3352,N,Apparently Normal,No Misuse,Y,No Injury,52195a95-9a82-4bc9-8a5d-4bc5afece5d6,D,MSP63670045,Shoulder/Lap Belt(s),M,55d101b5-97b0-4fa2-8f90-3930e9bf13e1,Same Direction Rear End,N,Non Intersection,Right Turn Lane,Dark Lights On,No Defects,"Two-way, Divided, Positive Median Barrier",Wet,Raining,Twelve o'clock,Passenger Car,Functional,Y,Moving Constant Speed,2015-02-09 22:36,70,38.88401483,-76.843824,4,2,빗길사고,동일 방향 운행 중 추돌 사고
3353,N,Apparently Normal,No Misuse,N,No Injury,6b8855b3-d2dd-40e8-b9dd-a459d3b0cd2b,D,MSP63670047,Shoulder/Lap Belt(s),F,ced2918d-ec42-4b03-839c-a47b7e8dc7c5,Same Direction Rear End,N,Non Intersection,Deceleration Lane,Daylight,No Defects,"Two-way, Divided, Positive Median Barrier",Wet,Raining,Six o'clock,Passenger Car,Functional,N,Slowing or Stopping,2015-03-03 16:39,63,38.8176745,-76.93978317,4,3,빗길사고,기타
3354,N,Apparently Normal,No Misuse,Y,No Injury,d137e02f-03dd-4799-857a-6a8ed51de787,D,MSP63670047,Shoulder/Lap Belt(s),F,ca41a7ec-ae43-4b08-8545-e3e5ad324583,Same Direction Rear End,N,Non Intersection,Deceleration Lane,Daylight,No Defects,"Two-way, Divided, Positive Median Barrier",Wet,Raining,Twelve o'clock,Passenger Car,Functional,N,Moving Constant Speed,2015-03-03 16:39,46,38.8176745,-76.93978317,4,2,빗길사고,동일 방향 운행 중 추돌 사고
3355,N,Apparently Normal,No Misuse,N,No Injury,8019cfee-1dc1-43d0-a8a0-4db34f681378,D,MSP63670047,Shoulder/Lap Belt(s),M,f9ba10e5-95e0-4527-b341-ca4080ec9c56,Same Direction Rear End,N,Non Intersection,Deceleration Lane,Daylight,No Defects,"Two-way, Divided, Positive Median Barrier",Wet,Raining,Six o'clock,Pickup Truck,Disabling,N,Slowing or Stopping,2015-03-03 16:39,24,38.8176745,-76.93978317,4,3,빗길사고,기타