KEY_INDEX,CDL_FLAG,CONDITION_CODE,EQUIP_PROB_CODE,FAULT_FLAG,INJ_SEVER_CODE,PERSON_ID,PERSON_TYPE,REPORT_NO,SAF_EQUIP_CODE,SEX_CODE,VEHICLE_ID,COLLISION_TYPE_CODE,C_M_ZONE_FLAG,JUNCTION_CODE,LANE_CODE,LIGHT_CODE,RD_COND_CODE,RD_DIV_CODE,SURF_COND_CODE,WEATHER_CODE,AREA_DAMAGED_CODE_MAIN,BODY_TYPE_CODE,DAMAGE_CODE,HIT_AND_RUN_FLAG,MOVEMENT_CODE,TIME,AGE,LATITUDE,LONGITUDE,CLUSTER,SECOND_LABEL,FIRST_LABEL,SECOND_LABELING
3356,N,Apparently Normal,No Misuse,N,No Injury,f3236289-1c47-41a4-8982-9ae0135be8ef,D,MSP63670049,Shoulder/Lap Belt(s),F,a93f33a7-80a1-4337-9f49-2487b85703f3,Same Direction Rear End,N,Non Intersection,Right Turn Lane,Daylight,No Defects,"Two-way, Divided, Positive Median Barrier",Wet,Raining,Six o'clock,Passenger Car,Functional,N,Stopped in Traffic Lane,2015-03-04 17:42,60,38.91546276,-76.71720743,4,3,빗길사고,기타
3357,N,Apparently Normal,No Misuse,Y,No Injury,ce84608e-1ff4-411b-a22c-83e1d7a9e6ed,D,MSP63670049,Shoulder/Lap Belt(s),F,aaf1f830-7b8d-4856-98ea-a4e5810e958a,Same Direction Rear End,N,Non Intersection,Right Turn Lane,Daylight,No Defects,"Two-way, Divided, Positive Median Barrier",Wet,Raining,Twelve o'clock,Passenger Car,Disabling,N,Moving Constant Speed,2015-03-04 17:42,24,38.91546276,-76.71720743,4,2,빗길사고,동일 방향 운행 중 추돌 사고
3358,N,Apparently Normal,No Misuse,N,No Injury,7709aa94-6a36-440e-bd4a-209d11df3dbd,D,MSP6367004D,Shoulder/Lap Belt(s),F,c439c72c-f461-43ec-983c-06fe2bace07c,Single Vehicle ,N,Non Intersection,Acceleration Lane,Dawn,No Defects,"Two-way, Divided, Positive Median Barrier",Dry,Clear,Twelve o'clock,Passenger Car,Disabling,N,Moving Constant Speed,2015-03-22 6:56,65,38.67095333,-76.87476867,1,0,좌회전 차선 사고,등속 주행 중 측면 추돌 사고
3359,N,Apparently Normal,No Misuse,N,No Injury,8a660251-efec-4e59-9daf-37c3df2eb68a,D,MSP6367004G,Shoulder/Lap Belt(s),F,0d38697b-2a4b-4284-a923-e595c698d5f3,Same Direction Rear End,N,Non Intersection,Left Turn Lane,Daylight,No Defects,"Two-way, Divided, Positive Median Barrier",Dry,Clear,Six o'clock,Passenger Car,Functional,N,Stopped in Traffic Lane,2015-03-27 17:24,27,38.91352833,-76.71780917,1,2,좌회전 차선 사고,기타
3360,N,Apparently Normal,No Misuse,Y,No Injury,99219ad5-824a-4620-8318-d9369044bd16,D,MSP6367004G,Shoulder/Lap Belt(s),M,d75b60e5-960d-4e28-91d5-9cccb68f7e9e,Same Direction Rear End,N,Non Intersection,Left Turn Lane,Daylight,No Defects,"Two-way, Divided, Positive Median Barrier",Dry,Clear,Twelve o'clock,Passenger Car,Functional,N,Moving Constant Speed,2015-03-27 17:24,21,38.91352833,-76.71780917,1,0,좌회전 차선 사고,등속 주행 중 측면 추돌 사고
3361,N,Apparently Normal,No Misuse,N,No Injury,204099bd-5898-45ca-9f0b-e3bab6c5bc23,D,MSP6367004H,Shoulder/Lap Belt(s),F,6d779e34-f0fc-494e-8728-177952ef5f98,Same Direction Rear End,N,Non Intersection,Left Turn Lane,Dark Lights On,No Defects,"Two-way, Divided, Positive Median Barrier",Dry,Clear,Six o'clock,Passenger Car,Functional,N,Stopped in Traffic Lane,2015-03-27 20:32,60,38.933859,-76.71786483,1,2,좌회전 차선 사고,기타
3362,N,Apparently Normal,No Misuse,N,No Injury,0ddb80cf-c957-4b8f-adf4-85039c2366d3,D,MSP6367004H,Shoulder/Lap Belt(s),F,24207222-7062-48d7-bdf1-c1eb6c4cd136,Same Direction Rear End,N,Non Intersection,Left Turn Lane,Dark Lights On,No Defects,"Two-way, Divided, Positive Median Barrier",Dry,Clear,Six o'clock,Passenger Car,Functional,N,Stopped in Traffic Lane,2015-03-27 20:32,53,38.933859,-76.71786483,1,2,좌회전 차선 사고,기타
3363,N,Apparently Normal,No Misuse,N,No Injury,72e85d06-61de-4d96-b701-e659dbea429b,D,MSP6367004H,Shoulder/Lap Belt(s),M,643643e2-692a-4708-95eb-55f9478b3522,Same Direction Rear End,N,Non Intersection,Left Turn Lane,Dark Lights On,No Defects,"Two-way, Divided, Positive Median Barrier",Dry,Clear,Six o'clock,Passenger Car,Functional,N,Stopped in Traffic Lane,2015-03-27 20:32,54,38.933859,-76.71786483,1,2,좌회전 차선 사고,기타
3364,N,Apparently Normal,No Misuse,Y,No Injury,983313f8-4606-40fa-b683-54bd13b3b228,D,MSP6367004H,Shoulder/Lap Belt(s),M,41f9ca2c-62cb-474d-b3c8-deeb45ad0605,Same Direction Rear End,N,Non Intersection,Left Turn Lane,Dark Lights On,No Defects,"Two-way, Divided, Positive Median Barrier",Dry,Clear,Twelve o'clock,Passenger Car,Functional,N,Moving Constant Speed,2015-03-27 20:32,21,38.933859,-76.71786483,1,0,좌회전 차선 사고,등속 주행 중 측면 추돌 사고
3365,N,Apparently Normal,No Misuse,N,Possible Incapacitating Injury,b7b788e7-afe3-4a2d-a5ef-6e3cbc45987a,D,MSP6367004H,Shoulder/Lap Belt(s),M,6e720b3a-d93c-4b83-aa3a-b13bce25d365,Same Direction Rear End,N,Non Intersection,Left Turn Lane,Dark Lights On,No Defects,"Two-way, Divided, Positive Median Barrier",Dry,Clear,Six o'clock,Passenger Car,Disabling,N,Stopped in Traffic Lane,2015-03-27 20:32,46,38.933859,-76.71786483,1,2,좌회전 차선 사고,기타
3366,N,Apparently Normal,No Misuse,N,No Injury,34aed129-5b61-4f6c-b839-2ee924b50ade,D,MSP6367004J,Shoulder/Lap Belt(s),F,202938e0-472e-41b4-9a11-e01742388463,Same Direction Sideswipe,N,Non Intersection,Left Turn Lane,Daylight,No Defects,"Two-way, Divided, Positive Median Barrier",Dry,Clear,One o'clock,Passenger Car,Functional,N,Stopped in Traffic Lane,2015-03-28 14:04,66,38.88839783,-76.81986667,1,2,좌회전 차선 사고,기타
3367,N,Apparently Normal,No Misuse,N,No Injury,b789f568-e7dd-4529-aa42-10a0162ce4ba,D,MSP6367004J,Shoulder/Lap Belt(s),F,099c40e0-9103-4c97-b4c0-4d6841c5394f,Same Direction Sideswipe,N,Non Intersection,Left Turn Lane,Daylight,No Defects,"Two-way, Divided, Positive Median Barrier",Dry,Clear,Seven o'clock,Passenger Car,Functional,N,Stopped in Traffic Lane,2015-03-28 14:04,55,38.88839783,-76.81986667,1,2,좌회전 차선 사고,기타
3368,N,Apparently Normal,No Misuse,N,No Injury,b5245dce-75ec-4507-806d-f396e380b17b,D,MSP6367004J,Shoulder/Lap Belt(s),M,d3551b1f-9b2d-4958-8dd2-0c05ba2df761,Same Direction Sideswipe,N,Non Intersection,Left Turn Lane,Daylight,No Defects,"Two-way, Divided, Positive Median Barrier",Dry,Clear,Seven o'clock,(Sport) Utility Vehicle,Functional,N,Stopped in Traffic Lane,2015-03-28 14:04,64,38.88839783,-76.81986667,1,2,좌회전 차선 사고,기타
3369,N,Apparently Normal,No Misuse,Y,No Injury,a0f4b0cd-5e42-47d1-a9a9-f9f243b4123c,D,MSP6367004J,Shoulder/Lap Belt(s),M,b737dcec-9a2d-4e1f-b285-307da8691ff0,Same Direction Sideswipe,N,Non Intersection,Left Turn Lane,Daylight,No Defects,"Two-way, Divided, Positive Median Barrier",Dry,Clear,One o'clock,Passenger Car,Disabling,N,Moving Constant Speed,2015-03-28 14:04,72,38.88839783,-76.81986667,1,0,좌회전 차선 사고,등속 주행 중 측면 추돌 사고
3370,N,Apparently Normal,No Misuse,N,No Injury,8a4e070a-9e8f-4fcc-9909-3a2dfa89bcc8,D,MSP6367004M,Shoulder/Lap Belt(s),F,309ef287-9b66-422e-a89d-8ab00f3586fb,Same Direction Rear End,N,Non Intersection,Acceleration Lane,Dark Lights On,No Defects,"Two-way, Divided, Positive Median Barrier",Wet,Raining,Six o'clock,Passenger Car,Disabling,N,Stopped in Traffic Lane,2015-03-31 20:21,45,38.68248267,-76.87325783,4,3,빗길사고,기타
3371,N,Apparently Normal,No Misuse,N,No Injury,6cba4b7c-57bf-490f-8895-3cb5894a7f2e,D,MSP6367004M,Shoulder/Lap Belt(s),F,ad7210cd-5ca8-41ad-9687-92fdb9830d27,Same Direction Rear End,N,Non Intersection,Acceleration Lane,Dark Lights On,No Defects,"Two-way, Divided, Positive Median Barrier",Wet,Raining,Six o'clock,Passenger Car,Functional,N,Stopped in Traffic Lane,2015-03-31 20:21,45,38.68248267,-76.87325783,4,3,빗길사고,기타
3372,N,Apparently Normal,No Misuse,Y,No Injury,ccff62fa-783f-423f-a6d6-d13e063c510a,D,MSP6367004M,Shoulder/Lap Belt(s),M,abda35dc-3edf-40d4-b67d-5e321fd3bfed,Same Direction Rear End,N,Non Intersection,Acceleration Lane,Dark Lights On,No Defects,"Two-way, Divided, Positive Median Barrier",Wet,Raining,Twelve o'clock,Passenger Car,Disabling,N,Moving Constant Speed,2015-03-31 20:21,48,38.68248267,-76.87325783,4,2,빗길사고,동일 방향 운행 중 추돌 사고
3373,N,Apparently Normal,No Misuse,N,No Injury,562e40f9-78f0-4ca9-bac2-cc785a6e42fa,D,MSP6368001L,Shoulder/Lap Belt(s),F,4c24655c-ee33-49ec-94f6-f4bc0ce5f545,Same Movement Angle,N,Commercial Driveway,Left Turn Lane,Dark No Lights,No Defects,"Two-way, Divided, Unprotected (painted >4 feet) Median",Dry,Clear,Twelve o'clock,Passenger Car,Disabling,N,Moving Constant Speed,2015-01-01 2:58,26,38.62098213,-76.9008261,1,0,좌회전 차선 사고,등속 주행 중 측면 추돌 사고
3374,N,Apparently Normal,No Misuse,Y,No Injury,0f123e49-4ce2-408a-a41e-b6c7ab5bf2da,D,MSP6368001L,Shoulder/Lap Belt(s),F,0e96337b-d6cd-4902-a063-db2af4f16a3e,Same Movement Angle,N,Commercial Driveway,Left Turn Lane,Dark No Lights,No Defects,"Two-way, Divided, Unprotected (painted >4 feet) Median",Dry,Clear,Eleven o'clock,Passenger Car,Disabling,N,Making Right Turn,2015-01-01 2:58,24,38.62098213,-76.9008261,1,1,좌회전 차선 사고,등속 주행 사고
3375,N,Apparently Normal,No Misuse,Y,No Injury,86d86626-6d84-411b-9f3f-e1a16942f450,D,MSP6368001N,Shoulder/Lap Belt(s),F,1484c25b-ae41-4230-8e1e-bbacbfb5c18e,Single Vehicle ,N,Non Intersection,Left Turn Lane,Daylight,No Defects,"Two-way, Divided, Unprotected (painted >4 feet) Median",Snow,Snow,Five o'clock,Pickup Truck,Superficial,N,Moving Constant Speed,2015-01-06 10:08,28,38.65702138,-76.8747282,0,0,눈길사고,감속 중 사고
3376,N,Apparently Normal,No Misuse,N,No Injury,06af0bc5-82c5-40df-9528-181324b7b06a,D,MSP6368001T,Shoulder/Lap Belt(s),F,981581d5-f527-43ae-8c8d-373e4967b109,Head On,N,Non Intersection,Right Turn Lane,Dark No Lights,No Defects,"Two-way, Divided, Unprotected (painted >4 feet) Median",Wet,Foggy,Twelve o'clock,Passenger Car,Disabling,N,Moving Constant Speed,2015-01-18 18:21,49,38.57153855,-77.15848446,4,2,빗길사고,동일 방향 운행 중 추돌 사고
3377,N,Apparently Normal,No Misuse,N,Non-incapacitating Injury,fbea6abf-79ec-4c68-86f0-3221c20a92eb,D,MSP6368001T,Shoulder/Lap Belt(s),M,a89e8c6b-d3cf-47ff-87f5-37eed3cbd7dd,Head On,N,Non Intersection,Right Turn Lane,Dark No Lights,No Defects,"Two-way, Divided, Unprotected (painted >4 feet) Median",Wet,Foggy,Twelve o'clock,Passenger Car,Disabling,N,Moving Constant Speed,2015-01-18 18:21,31,38.57153855,-77.15848446,4,2,빗길사고,동일 방향 운행 중 추돌 사고
3378,N,Apparently Normal,No Misuse,N,No Injury,d0c21012-4cf6-4236-9bd4-9ad2370a8cd1,D,MSP6368001W,Shoulder/Lap Belt(s),F,c9b35d7b-6f55-41b7-8df8-4d2c029e911d,Same Direction Rear End,N,Non Intersection,Left Turn Lane,Dark No Lights,No Defects,"Two-way, Divided, Unprotected (painted >4 feet) Median",Wet,Cloudy,Six o'clock,Passenger Car,Superficial,N,Moving Constant Speed,2015-02-09 17:55,35,38.62369377,-77.07369447,4,2,빗길사고,동일 방향 운행 중 추돌 사고
3379,N,Apparently Normal,No Misuse,Y,No Injury,f9eedad5-c0a7-4fdf-9fe3-a91c8f961576,D,MSP6368001W,Shoulder/Lap Belt(s),M,269b8cba-3112-4dde-ac6f-18bf6bec07ff,Same Direction Rear End,N,Non Intersection,Left Turn Lane,Dark No Lights,No Defects,"Two-way, Divided, Unprotected (painted >4 feet) Median",Wet,Cloudy,Twelve o'clock,Passenger Car,Disabling,N,Moving Constant Speed,2015-02-09 17:55,20,38.62369377,-77.07369447,4,2,빗길사고,동일 방향 운행 중 추돌 사고
3380,N,Apparently Normal,No Misuse,Y,No Injury,91095f6f-18d9-4644-ad5d-aeaa0a93a96f,D,MSP63680024,Shoulder/Lap Belt(s),F,5f232cb0-a400-443b-bc02-b9dc9f0260f2,Same Direction Rear End,N,Non Intersection,Right Turn Lane,Dark No Lights,No Defects,"Two-way, Divided, Unprotected (painted >4 feet) Median",Dry,Clear,Twelve o'clock,(Sport) Utility Vehicle,Disabling,N,Moving Constant Speed,2015-03-07 22:43,27,38.541391,-76.93546867,2,3,기타,등속 주행 중 측면 추돌 사고
3381,N,Apparently Normal,No Misuse,N,Possible Incapacitating Injury,429dca07-fa49-4679-a08a-fb97738e52ad,D,MSP63680024,Shoulder/Lap Belt(s),M,16085031-87b4-4a74-899f-c9729e7c4c90,Same Direction Rear End,N,Non Intersection,Right Turn Lane,Dark No Lights,No Defects,"Two-way, Divided, Unprotected (painted >4 feet) Median",Dry,Clear,Six o'clock,Passenger Car,Disabling,N,Slowing or Stopping,2015-03-07 22:43,25,38.541391,-76.93546867,2,1,기타,등속 주행 사고
3382,N,Apparently Normal,No Misuse,Y,No Injury,4002a896-0dd4-407a-bcd0-61a44452c7fe,D,MSP63710005,Shoulder/Lap Belt(s),F,dc30916e-b0f1-4d55-b98f-7319e265acad,Single Vehicle ,N,Non Intersection,Right Turn Lane,Dark Lights On,No Defects,"Two-way, Not Divided",Dry,Clear,Ten o'clock,(Sport) Utility Vehicle,Disabling,N,Moving Constant Speed,2015-01-16 22:57,35,39.02771884,-75.91552734,2,2,기타,기타
3383,N,Apparently Normal,No Misuse,N,No Injury,6a1d54e4-d259-493d-8318-13a5d2ac300d,D,MSP63710008,Shoulder/Lap Belt(s),F,138c524b-b65b-4293-98c5-e9692fea2a32,Single Vehicle ,N,Non Intersection,Right Turn Lane,Daylight,No Defects,"Two-way, Not Divided",Dry,Clear,One o'clock,Passenger Car,No Damage,N,Moving Constant Speed,2015-02-10 15:43,44,39.00031004,-76.07329,2,2,기타,기타
3384,N,Apparently Normal,No Misuse,N,No Injury,5025d07b-7d78-4c9b-b2da-a65f5b1527b6,D,MSP6371000C,Shoulder/Lap Belt(s),F,9f4b714a-13a8-4b07-a0ce-84c748593d5e,Head On Left Turn,N,Intersection,Right Turn Lane,Daylight,No Defects,"Two-way, Not Divided",Dry,Clear,Twelve o'clock,Passenger Car,Disabling,N,Moving Constant Speed,2015-03-07 16:41,30,39.03287367,-76.01998383,3,2,우회전 차선 사고,기타
3385,N,Apparently Normal,No Misuse,Y,No Injury,8ae970f3-7a1d-4810-9a61-3497dc71296a,D,MSP6371000C,Shoulder/Lap Belt(s),M,0a4e6ecb-d72d-4c8c-a8fc-65ec71d6f176,Head On Left Turn,N,Intersection,Right Turn Lane,Daylight,No Defects,"Two-way, Not Divided",Dry,Clear,Six o'clock,Van,Disabling,N,Making Left Turn,2015-03-07 16:41,50,39.03287367,-76.01998383,3,1,우회전 차선 사고,등속 주행 중 측면 추돌 사고
3386,N,Apparently Normal,No Misuse,N,No Injury,11fe4ecc-2bc3-4ac4-8d02-13484cfc0139,D,MSP6375001H,Shoulder/Lap Belt(s),F,87cb8998-a3a7-46ba-98a7-e6d83a28d6be,Same Direction Rear End,N,Non Intersection,Acceleration Lane,Daylight,No Defects,"Two-way, Divided, Positive Median Barrier",Dry,Clear,Six o'clock,Passenger Car,Superficial,N,Slowing or Stopping,2015-01-04 11:21,31,39.381861,-77.409772,1,3,좌회전 차선 사고,감속 중 사고
3387,N,Apparently Normal,No Misuse,N,No Injury,be803506-b806-48d2-a910-8f9601b54a20,D,MSP6375001H,Shoulder/Lap Belt(s),M,127fbd52-6c8a-4e5d-98dd-facfe9f40bcb,Same Direction Rear End,N,Non Intersection,Acceleration Lane,Daylight,No Defects,"Two-way, Divided, Positive Median Barrier",Dry,Clear,Six o'clock,Passenger Car,Functional,N,Slowing or Stopping,2015-01-04 11:21,29,39.381861,-77.409772,1,3,좌회전 차선 사고,감속 중 사고
3388,N,Apparently Normal,No Misuse,Y,No Injury,7726d40d-f290-420c-916c-683e2a315d74,D,MSP6375001H,Shoulder/Lap Belt(s),M,9cf780ab-044b-48c3-b747-658b63a13249,Same Direction Rear End,N,Non Intersection,Acceleration Lane,Daylight,No Defects,"Two-way, Divided, Positive Median Barrier",Dry,Clear,Twelve o'clock,Passenger Car,Disabling,N,Slowing or Stopping,2015-01-04 11:21,20,39.381861,-77.409772,1,3,좌회전 차선 사고,감속 중 사고
3389,N,Apparently Normal,No Misuse,Y,No Injury,f55800b0-9a89-4558-9f04-b6732f881f61,D,MSP63750025,Shoulder/Lap Belt(s),F,48372d3f-b4d3-4a4b-ac6c-1ff1ffdb210e,Single Vehicle ,N,Non Intersection,Right Turn Lane,Daylight,No Defects,"Two-way, Divided, Positive Median Barrier",Ice,Clear,Eleven o'clock,Passenger Car,Disabling,N,Moving Constant Speed,2015-02-22 10:02,21,39.368063,-77.199419,2,2,기타,기타
3390,N,Apparently Normal,No Misuse,N,No Injury,98ed115b-1406-4634-8239-a80cd6413a89,D,MSP63750027,Shoulder/Lap Belt(s),F,f230c4cd-298b-471a-a883-48efa6d0a88e,Same Direction Rear End,N,Non Intersection,Right Turn Lane,Daylight,No Defects,"Two-way, Not Divided",Dry,Clear,Six o'clock,Pickup Truck,Superficial,N,Accelerating,2015-02-24 7:35,39,39.3396,-77.508522,2,0,기타,자차 사고
3391,N,Apparently Normal,No Misuse,N,No Injury,4c7b7ae0-82f8-4792-9146-fde72c44d32c,D,MSP6375002B,Shoulder/Lap Belt(s),F,809a1f46-519f-4c97-b320-a2b64ddd5e34,Same Direction Rear End,N,Non Intersection,Left Turn Lane,Daylight,No Defects,"Two-way, Divided, Positive Median Barrier",Wet,Raining,Six o'clock,Passenger Car,Functional,N,Slowing or Stopping,2015-03-04 13:50,57,39.41558004,-77.4356,4,3,빗길사고,기타
3392,N,Apparently Normal,No Misuse,Y,No Injury,2ddde4ab-7a5f-472f-8143-a28ec67912cd,D,MSP6375002B,Shoulder/Lap Belt(s),M,6d568e41-9e89-430d-8901-ddcf7a746a4d,Same Direction Rear End,N,Non Intersection,Left Turn Lane,Daylight,No Defects,"Two-way, Divided, Positive Median Barrier",Wet,Raining,Twelve o'clock,Passenger Car,Disabling,N,Moving Constant Speed,2015-03-04 13:50,72,39.41558004,-77.4356,4,2,빗길사고,동일 방향 운행 중 추돌 사고
3393,N,Apparently Normal,No Misuse,N,No Injury,13ca0086-1a2d-4e31-8e08-79c02a66a9ec,D,MSP6375002J,Shoulder/Lap Belt(s),F,106afdf7-ce39-43d9-b653-564960d33bc2,Same Direction Left Turn,N,Non Intersection,Left Turn Lane,Daylight,No Defects,"Two-way, Divided, Positive Median Barrier",Wet,Snow,One o'clock,Passenger Car,Superficial,N,Moving Constant Speed,2015-03-20 8:09,46,39.402394,-77.376863,4,2,빗길사고,동일 방향 운행 중 추돌 사고
3394,N,Apparently Normal,No Misuse,Y,No Injury,7f420eb4-e726-4d14-a290-eee9d7bd9084,D,MSP6375002J,Shoulder/Lap Belt(s),F,0701bf92-5363-444b-8f3c-6b47d0619103,Same Direction Left Turn,N,Non Intersection,Left Turn Lane,Daylight,No Defects,"Two-way, Divided, Positive Median Barrier",Wet,Snow,Eleven o'clock,Passenger Car,Superficial,N,Moving Constant Speed,2015-03-20 8:09,40,39.402394,-77.376863,4,2,빗길사고,동일 방향 운행 중 추돌 사고
3395,N,Apparently Normal,No Misuse,N,No Injury,de45d3fa-acfe-4379-a1ed-99a8d7b72f03,D,MSP6376001C,Shoulder/Lap Belt(s),F,f740786e-1254-4532-9f46-8daaeec21ec5,Same Direction Rear End,N,Non Intersection,Acceleration Lane,Dark No Lights,No Defects,"Two-way, Divided, Positive Median Barrier",Dry,Clear,Six o'clock,Passenger Car,Functional,N,Changing Lanes,2015-01-13 23:18,42,38.79655133,-76.9000075,1,3,좌회전 차선 사고,감속 중 사고
3396,N,Apparently Normal,No Misuse,Y,No Injury,40e1a5b3-2093-479b-a224-d87fed4c4ab1,D,MSP6376001C,Shoulder/Lap Belt(s),M,d0e1500c-1c55-4b11-b46c-64275578f9de,Same Direction Rear End,N,Non Intersection,Acceleration Lane,Dark No Lights,No Defects,"Two-way, Divided, Positive Median Barrier",Dry,Clear,Twelve o'clock,Passenger Car,Disabling,N,Moving Constant Speed,2015-01-13 23:18,19,38.79655133,-76.9000075,1,0,좌회전 차선 사고,등속 주행 중 측면 추돌 사고
3397,N,Apparently Normal,No Misuse,N,No Injury,a9ef9781-4f64-46e9-a015-17c661f4fbbe,D,MSP6376001K,Shoulder/Lap Belt(s),F,14764197-d12b-4e18-b40e-a702be2ae394,Same Direction Left Turn,N,Non Intersection,Right Turn Lane,Dark Lights On,No Defects,"Two-way, Divided, Positive Median Barrier",Dry,Clear,One o'clock,Passenger Car,Superficial,N,Moving Constant Speed,2015-02-14 3:38,35,38.86890003,-76.84422612,2,2,기타,기타
3398,N,Apparently Normal,No Misuse,N,No Injury,7e1ad53f-7f9e-46bb-a13f-053fda3f2a6c,D,MSP6376001R,Shoulder/Lap Belt(s),F,cc62da21-a8e6-475b-953b-e2b52612712f,Same Direction Left Turn,N,Non Intersection,Left Turn Lane,Dark Lights On,"Holes, Ruts, Etc.","Two-way, Divided, Positive Median Barrier",Wet,Raining,One o'clock,(Sport) Utility Vehicle,Functional,N,Moving Constant Speed,2015-03-14 3:14,50,38.8147915,-76.91373717,4,2,빗길사고,동일 방향 운행 중 추돌 사고
3399,N,Apparently Normal,No Misuse,Y,No Injury,3a354c5d-17d8-4178-84f7-c3201ec3e50d,D,MSP6376001R,Shoulder/Lap Belt(s),M,f6f8c4fd-f1bd-4bd7-ab0e-3dfbaf0743a8,Same Direction Left Turn,N,Non Intersection,Left Turn Lane,Dark Lights On,"Holes, Ruts, Etc.","Two-way, Divided, Positive Median Barrier",Wet,Raining,Twelve o'clock,Station Wagon,Disabling,N,Moving Constant Speed,2015-03-14 3:14,24,38.8147915,-76.91373717,4,2,빗길사고,동일 방향 운행 중 추돌 사고
3400,N,Apparently Normal,No Misuse,N,No Injury,078ecb16-c28e-4052-a354-5ab79986a7c2,D,MSP6376001V,Shoulder/Lap Belt(s),F,f198d669-8ac5-4f91-8d08-44076db5387d,Same Direction Rear End,N,Non Intersection,Right Turn Lane,Dark Lights On,No Defects,"Two-way, Divided, Positive Median Barrier",Dry,Clear,Six o'clock,Pickup Truck,Disabling,N,Slowing or Stopping,2015-03-27 19:21,51,38.91513,-76.7175815,2,1,기타,등속 주행 사고
3401,N,Apparently Normal,No Misuse,N,No Injury,9195e925-b1eb-4c81-99dc-358b88f46de6,D,MSP6376001V,Shoulder/Lap Belt(s),F,b64bcaf7-1275-490f-82b2-3f7135f46869,Same Direction Rear End,N,Non Intersection,Right Turn Lane,Dark Lights On,No Defects,"Two-way, Divided, Positive Median Barrier",Dry,Clear,Six o'clock,Passenger Car,Disabling,N,Slowing or Stopping,2015-03-27 19:21,37,38.91513,-76.7175815,2,1,기타,등속 주행 사고
3402,N,Apparently Normal,No Misuse,N,No Injury,59a25c05-12e8-45db-8e32-02f5030c2303,D,MSP6376001V,Shoulder/Lap Belt(s),M,fb902576-27c7-4961-af9c-60a37adee3f4,Same Direction Rear End,N,Non Intersection,Right Turn Lane,Dark Lights On,No Defects,"Two-way, Divided, Positive Median Barrier",Dry,Clear,Six o'clock,Passenger Car,Functional,N,Slowing or Stopping,2015-03-27 19:21,38,38.91513,-76.7175815,2,1,기타,등속 주행 사고
3403,N,Apparently Normal,No Misuse,Y,No Injury,fdbfa48c-11a7-446c-ba9f-2b220e0348fc,D,MSP6376001V,Shoulder/Lap Belt(s),M,c2352ded-3821-4f91-83a9-c1ed0af82e63,Same Direction Rear End,N,Non Intersection,Right Turn Lane,Dark Lights On,No Defects,"Two-way, Divided, Positive Median Barrier",Dry,Clear,Twelve o'clock,Pickup Truck,Destroyed,N,Moving Constant Speed,2015-03-27 19:21,47,38.91513,-76.7175815,2,3,기타,등속 주행 중 측면 추돌 사고
3404,N,Apparently Normal,No Misuse,Y,No Injury,a97e51da-e854-4658-8ee9-9a46b709c9cb,D,MSP6376001X,Shoulder/Lap Belt(s),F,365cea58-8193-4db7-8c67-c71cf137d7d3,Same Direction Right Turn,N,Non Intersection,Left Turn Lane,Dark Lights On,No Defects,"Two-way, Divided, Positive Median Barrier",Wet,Raining,One o'clock,Passenger Car,Disabling,N,Changing Lanes,2015-03-31 18:23,25,38.662074,-76.87378067,4,0,빗길사고,등속 주행 중 사고
3405,N,Apparently Normal,No Misuse,N,No Injury,cc4beda2-dd20-4c73-880a-d9516cf0073d,D,MSP6376001X,Shoulder/Lap Belt(s),M,9a16bfb5-5315-4a50-a81d-cc61b6951a0e,Same Direction Right Turn,N,Non Intersection,Left Turn Lane,Dark Lights On,No Defects,"Two-way, Divided, Positive Median Barrier",Wet,Raining,Eleven o'clock,Passenger Car,Disabling,N,Moving Constant Speed,2015-03-31 18:23,45,38.662074,-76.87378067,4,2,빗길사고,동일 방향 운행 중 추돌 사고
3406,N,Apparently Normal,No Misuse,N,Possible Incapacitating Injury,4fa802fd-f354-48f8-aab2-d41920d074d0,D,MSP6376001X,Shoulder/Lap Belt(s),M,bfe8f026-4b13-4e25-ac48-ff3ea1f60104,Same Direction Right Turn,N,Non Intersection,Left Turn Lane,Dark Lights On,No Defects,"Two-way, Divided, Positive Median Barrier",Wet,Raining,Eleven o'clock,Passenger Car,Disabling,N,Moving Constant Speed,2015-03-31 18:23,39,38.662074,-76.87378067,4,2,빗길사고,동일 방향 운행 중 추돌 사고
3407,N,Apparently Normal,No Misuse,Y,No Injury,374078dd-898f-4949-baeb-92ab3693e693,D,MSP63770038,Shoulder/Lap Belt(s),F,7956b41c-1cb3-4020-ab1f-dacf299e1407,Same Movement Angle,N,Intersection,Left Turn Lane,Daylight,No Defects,"Two-way, Divided, Positive Median Barrier",Wet,Foggy,Eleven o'clock,(Sport) Utility Vehicle,Disabling,N,Accelerating,2015-02-09 8:08,45,38.712171,-76.85401783,4,1,빗길사고,자차 사고
3408,N,Apparently Normal,No Misuse,N,Possible Incapacitating Injury,bfa6381f-2261-4025-a08b-9bca31b27faa,D,MSP63770038,Shoulder/Lap Belt(s),F,67f13caa-b622-4f21-a964-ee40a7fd64f6,Same Movement Angle,N,Intersection,Left Turn Lane,Daylight,No Defects,"Two-way, Divided, Positive Median Barrier",Wet,Foggy,Twelve o'clock,Passenger Car,Disabling,N,Moving Constant Speed,2015-02-09 8:08,49,38.712171,-76.85401783,4,1,빗길사고,자차 사고