KEY_INDEX,CDL_FLAG,CONDITION_CODE,EQUIP_PROB_CODE,FAULT_FLAG,INJ_SEVER_CODE,PERSON_ID,PERSON_TYPE,REPORT_NO,SAF_EQUIP_CODE,SEX_CODE,VEHICLE_ID,COLLISION_TYPE_CODE,C_M_ZONE_FLAG,JUNCTION_CODE,LANE_CODE,LIGHT_CODE,RD_COND_CODE,RD_DIV_CODE,SURF_COND_CODE,WEATHER_CODE,AREA_DAMAGED_CODE_MAIN,BODY_TYPE_CODE,DAMAGE_CODE,HIT_AND_RUN_FLAG,MOVEMENT_CODE,TIME,AGE,LATITUDE,LONGITUDE,CLUSTER,SECOND_LABEL,FIRST_LABEL,SECOND_LABELING
3409,N,Apparently Normal,No Misuse,N,No Injury,6933a379-f2c2-4cf6-913b-12076cd5da09,D,MSP6377003F,Shoulder/Lap Belt(s),F,5a3b8407-27ad-411b-af69-0d9223ac15a0,Same Direction Rear End,N,Interchange Related,Right Turn Lane,Daylight,No Defects,"Two-way, Divided, Positive Median Barrier",Snow,Wintry Mix,Twelve o'clock,Passenger Car,Functional,N,Slowing or Stopping,2015-02-16 17:24,18,38.81159517,-76.73927183,0,1,눈길사고,등속 주행 사고
3410,N,Apparently Normal,No Misuse,N,No Injury,4fc0484c-b6b9-4e04-ab2d-c6309070cc03,D,MSP6377003L,Shoulder/Lap Belt(s),F,d4fdeebe-19f4-4a74-bbe8-7db428440887,Same Direction Rear End,N,Intersection Related,Left Turn Lane,Daylight,No Defects,"Two-way, Divided, Positive Median Barrier",Dry,Clear,Six o'clock,Van,Functional,N,Slowing or Stopping,2015-03-07 11:34,36,38.8518705,-76.72601333,1,3,좌회전 차선 사고,감속 중 사고
3411,N,Apparently Normal,No Misuse,Y,No Injury,93fad596-a7d2-4872-b0c2-ece8b5ffbfbb,D,MSP6377003L,Shoulder/Lap Belt(s),M,1dbe43e7-dd8b-4aa2-9a75-fc709d2ed002,Same Direction Rear End,N,Intersection Related,Left Turn Lane,Daylight,No Defects,"Two-way, Divided, Positive Median Barrier",Dry,Clear,Twelve o'clock,Passenger Car,Disabling,N,Slowing or Stopping,2015-03-07 11:34,57,38.8518705,-76.72601333,1,3,좌회전 차선 사고,감속 중 사고
3412,N,Apparently Normal,No Misuse,Y,No Injury,90be74cd-f577-4d8c-b77a-28ee1d6b1662,D,MSP6377003X,Shoulder/Lap Belt(s),F,69fddb30-d17c-479f-a1eb-cab5209132cc,Same Direction Rear End,N,Intersection,Right Turn Lane,Daylight,No Defects,"Two-way, Divided, Positive Median Barrier",Dry,Clear,Twelve o'clock,Passenger Car,Disabling,N,Moving Constant Speed,2015-03-30 15:42,20,38.908822,-76.7171465,3,2,우회전 차선 사고,기타
3413,N,Apparently Normal,No Misuse,N,No Injury,54f59b5d-653f-4708-a834-4130f2015c53,D,MSP6377003X,Shoulder/Lap Belt(s),M,4d9bc766-b1d0-4b73-87f3-528b7edd8990,Same Direction Rear End,N,Intersection,Right Turn Lane,Daylight,No Defects,"Two-way, Divided, Positive Median Barrier",Dry,Clear,Six o'clock,Pickup Truck,Functional,N,Slowing or Stopping,2015-03-30 15:42,30,38.908822,-76.7171465,3,3,우회전 차선 사고,동일 방향 운행 중 추돌 사고
3414,N,Apparently Normal,No Misuse,Y,No Injury,06ad2a28-4414-4d1b-b529-41664409015e,D,MSP64150004,Shoulder/Lap Belt(s),F,273b4e16-1bd5-4e9d-9eb6-a43e531aa452,Single Vehicle ,N,Non Intersection,Right Turn Lane,Daylight,No Defects,"Two-way, Not Divided",Dry,Clear,One o'clock,Passenger Car,Disabling,N,Moving Constant Speed,2015-01-26 15:35,66,38.7260993,-75.95242381,2,2,기타,기타
3415,N,Apparently Normal,No Misuse,Y,No Injury,7b096e40-32ba-4d83-9d4a-51f74da86540,D,MSP64150005,Shoulder/Lap Belt(s),F,71483612-1c68-429d-a550-4ff9c147e046,Single Vehicle ,N,Non Intersection,Right Turn Lane,Dark No Lights,No Defects,"Two-way, Divided, Positive Median Barrier",Wet,Raining,Twelve o'clock,Passenger Car,Disabling,N,Moving Constant Speed,2015-02-02 1:20,40,38.85077106,-76.0608387,4,2,빗길사고,동일 방향 운행 중 추돌 사고
3416,N,Apparently Normal,No Misuse,Y,No Injury,6cf7a677-4a47-4c02-9ce8-a7ca839e79be,D,MSP6456000D,Shoulder/Lap Belt(s),F,ef3d45e1-b338-459d-aabd-f3c7754a51bd,Same Direction Rear End,N,Non Intersection,Acceleration Lane,Daylight,No Defects,"Two-way, Divided, Positive Median Barrier",Dry,Cloudy,Twelve o'clock,Pickup Truck,Superficial,N,Moving Constant Speed,2015-03-16 18:38,66,39.33166843,-76.7444245,1,0,좌회전 차선 사고,등속 주행 중 측면 추돌 사고
3417,N,Apparently Normal,No Misuse,N,No Injury,66dac2d1-ce88-4295-80f3-4eaf3ddd5df3,D,MSP6461000D,Shoulder/Lap Belt(s),F,0ee5cd83-e595-4026-8899-812beb8e3f47,Same Movement Angle,N,Intersection,Right Turn Lane,Daylight,No Defects,"Two-way, Divided, Positive Median Barrier",Dry,Clear,Twelve o'clock,Passenger Car,Disabling,N,Moving Constant Speed,2015-02-03 14:30,38,39.51156514,-76.34150505,3,0,우회전 차선 사고,기타
3418,N,Apparently Normal,No Misuse,Y,No Injury,df411705-738d-4188-9b80-b801d83574b2,D,MSP6461000D,Shoulder/Lap Belt(s),M,892a77bf-e8be-48a3-ac84-d06f6899ad63,Same Movement Angle,N,Intersection,Right Turn Lane,Daylight,No Defects,"Two-way, Divided, Positive Median Barrier",Dry,Clear,Twelve o'clock,Passenger Car,Disabling,N,Moving Constant Speed,2015-02-03 14:30,77,39.51156514,-76.34150505,3,0,우회전 차선 사고,기타
3419,N,Apparently Normal,No Misuse,N,No Injury,8b205f46-4cd0-44d8-ae91-76a901b23f9d,D,MSP64620004,Shoulder/Lap Belt(s),F,cc878117-81b7-4ad8-9967-ae3c46c4cf9c,Single Vehicle ,N,Intersection Related,Deceleration Lane,Daylight,No Defects,"Two-way, Divided, Positive Median Barrier",Wet,Cloudy,One o'clock,Passenger Car,Disabling,N,Slowing or Stopping,2015-03-03 15:44,26,38.62671,-76.91056033,4,0,빗길사고,등속 주행 중 사고
3420,N,Apparently Normal,No Misuse,Y,Possible Incapacitating Injury,de5303a6-ebd2-4543-88d5-c0f6c4336a5b,D,MSP64620005,Shoulder/Lap Belt(s),F,689cee78-7472-4ab0-b0c7-076271893296,Same Movement Angle,N,Intersection,Left Turn Lane,Dark Lights On,No Defects,"Two-way, Divided, Positive Median Barrier",Dry,Clear,Two o'clock,Passenger Car,Functional,N,Making Left Turn,2015-03-10 0:02,40,38.647615,-76.88942283,1,1,좌회전 차선 사고,등속 주행 사고
3421,N,Apparently Normal,No Misuse,N,No Injury,9f06fce9-d277-4107-8d22-c32683095202,D,MSP6464000H,Shoulder/Lap Belt(s),F,01875867-b51c-47fb-9588-fe2bfb3ad9f4,Same Direction Rear End,N,Non Intersection,Left Turn Lane,Dark No Lights,No Defects,"Two-way, Divided, Positive Median Barrier",Dry,Clear,Eleven o'clock,Passenger Car,Functional,N,Moving Constant Speed,2015-01-20 17:30,47,39.401386,-76.56399233,1,0,좌회전 차선 사고,등속 주행 중 측면 추돌 사고
3422,N,Apparently Normal,No Misuse,N,No Injury,d3afb84d-72d2-4801-9ad5-366af4e23e7a,D,MSP6464000Z,Shoulder/Lap Belt(s),F,4eab1bd1-fa07-48bd-b43a-6f11cff91415,Same Direction Rear End,N,Interchange Related,Right Turn Lane,Daylight,No Defects,"Two-way, Divided, Positive Median Barrier",Dry,Clear,Twelve o'clock,Passenger Car,Disabling,N,Slowing or Stopping,2015-03-19 16:47,40,39.31397883,-76.49321067,3,3,우회전 차선 사고,동일 방향 운행 중 추돌 사고
3423,N,Apparently Normal,No Misuse,N,No Injury,cc87c88a-83b9-40dc-962b-918421959cf6,D,MSP6464000Z,Shoulder/Lap Belt(s),M,cb80fdbc-d497-4391-84ed-9705f4193347,Same Direction Rear End,N,Interchange Related,Right Turn Lane,Daylight,No Defects,"Two-way, Divided, Positive Median Barrier",Dry,Clear,Six o'clock,Recreational Vehicle,Functional,N,Slowing or Stopping,2015-03-19 16:47,59,39.31397883,-76.49321067,3,3,우회전 차선 사고,동일 방향 운행 중 추돌 사고
3424,N,Apparently Normal,No Misuse,Y,No Injury,9addabad-ba63-4175-a4ff-602ed6b5bde0,D,MSP6464000Z,Shoulder/Lap Belt(s),M,7773ee09-2a16-43bc-8ef9-1349616c46ca,Same Direction Rear End,N,Interchange Related,Right Turn Lane,Daylight,No Defects,"Two-way, Divided, Positive Median Barrier",Dry,Clear,Twelve o'clock,Passenger Car,Functional,Y,Moving Constant Speed,2015-03-19 16:47,33,39.31397883,-76.49321067,3,2,우회전 차선 사고,기타
3425,N,Apparently Normal,No Misuse,N,No Injury,0240fad9-4534-4be6-8582-144e4d5e86d6,D,MSP64660004,Shoulder/Lap Belt(s),F,ab56de32-2785-4263-bbde-4b07a75ee43a,Single Vehicle ,N,Non Intersection,Left Turn Lane,Daylight,No Defects,"Two-way, Divided, Positive Median Barrier",Wet,Raining,Twelve o'clock,(Sport) Utility Vehicle,Functional,N,Moving Constant Speed,2015-02-02 12:09,25,39.22559,-76.71754,4,2,빗길사고,동일 방향 운행 중 추돌 사고
3426,N,Apparently Normal,No Misuse,Y,No Injury,f351cf34-530a-49de-b983-762816aa8bdd,D,MSP64660006,Shoulder/Lap Belt(s),F,9f2e75a9-93e8-439b-addc-8180232c1d87,Same Direction Rear End,N,Non Intersection,Right Turn Lane,Daylight,No Defects,"Two-way, Divided, Positive Median Barrier",Wet,Raining,Twelve o'clock,Passenger Car,Disabling,N,Skidding,2015-03-04 16:23,20,39.13428167,-76.85453817,4,3,빗길사고,기타
3427,N,Apparently Normal,No Misuse,N,No Injury,c9fde644-cc3e-4504-ad2c-2bd4c4fe66e2,D,MSP64660006,Shoulder/Lap Belt(s),M,37a38981-da2c-4917-b4cd-a743cf2c68b0,Same Direction Rear End,N,Non Intersection,Right Turn Lane,Daylight,No Defects,"Two-way, Divided, Positive Median Barrier",Wet,Raining,Six o'clock,All Terrain Vehicle (ATV),Functional,N,Slowing or Stopping,2015-03-04 16:23,51,39.13428167,-76.85453817,4,3,빗길사고,기타
3428,N,Apparently Normal,No Misuse,Y,No Injury,cfe3966e-2f7d-4c6f-92ec-5c02b2dfb061,D,MSP6467000R,Shoulder/Lap Belt(s),F,5b971350-06aa-4562-8d1b-d79de1a90968,Same Direction Rear End,N,Non Intersection,Right Turn Lane,Daylight,No Defects,"Two-way, Divided, Positive Median Barrier",Dry,Clear,Twelve o'clock,Passenger Car,Disabling,N,Moving Constant Speed,2015-03-27 18:20,56,38.99320617,-77.15768583,2,3,기타,등속 주행 중 측면 추돌 사고
3429,N,Apparently Normal,No Misuse,N,No Injury,b19258da-fe66-49f0-af7b-8d115be014a1,D,MSP6467000R,Shoulder/Lap Belt(s),M,34186e75-e38b-4f99-830f-743412f807b6,Same Direction Rear End,N,Non Intersection,Right Turn Lane,Daylight,No Defects,"Two-way, Divided, Positive Median Barrier",Dry,Clear,Six o'clock,"Cargo Van/Light Truck 2 axles (10,000 lbs (4,536 kg) or less)",Functional,N,Slowing or Stopping,2015-03-27 18:20,34,38.99320617,-77.15768583,2,1,기타,등속 주행 사고
3430,N,Apparently Normal,No Misuse,Y,No Injury,f6ae23c9-e2c7-437e-8dfc-a243acf040d6,D,MSP6468000F,Shoulder/Lap Belt(s),F,49072eef-b557-4946-8978-0c076f06e441,Same Direction Rear End,N,Non Intersection,Right Turn Lane,Daylight,No Defects,"Two-way, Not Divided",Dry,Clear,Twelve o'clock,Passenger Car,Disabling,N,Skidding,2015-03-09 17:45,29,39.20751693,-76.05980873,2,0,기타,자차 사고
3431,N,Apparently Normal,No Misuse,N,No Injury,8f954d80-9bcb-47f8-8def-228e29d12cf7,D,MSP6468000F,Shoulder/Lap Belt(s),M,e632e3f4-beda-41a2-8a91-b92c24a59023,Same Direction Rear End,N,Non Intersection,Right Turn Lane,Daylight,No Defects,"Two-way, Not Divided",Dry,Clear,Six o'clock,Passenger Car,Disabling,N,Slowing or Stopping,2015-03-09 17:45,46,39.20751693,-76.05980873,2,1,기타,등속 주행 사고
3432,N,Apparently Normal,No Misuse,Y,No Injury,6f91a44a-e24d-4ca1-9596-3c3a40ffa034,D,MSP64700005,Shoulder/Lap Belt(s),F,795b9be4-c454-4702-ade8-23dd3375a9ac,Single Vehicle ,N,Non Intersection,Left Turn Lane,Dawn,No Defects,"Two-way, Divided, Positive Median Barrier",Snow,Severe Winds,Roof Top,Passenger Car,Destroyed,N,Moving Constant Speed,2015-02-15 6:50,21,38.93104245,-76.06222417,0,0,눈길사고,감속 중 사고
3433,N,Apparently Normal,No Misuse,Y,No Injury,0d92a920-71cf-417c-ac21-e4976418ef25,D,MSP64770007,None  ,F,79ace949-6fdb-4223-8853-d0b7351f7126,Same Direction Rear End,N,Non Intersection,Acceleration Lane,Daylight,No Defects,"Two-way, Divided, Positive Median Barrier",Dry,Clear,Twelve o'clock,Passenger Car,Disabling,N,Moving Constant Speed,2015-01-18 16:37,26,39.01358194,-77.03990936,1,0,좌회전 차선 사고,등속 주행 중 측면 추돌 사고
3434,N,Apparently Normal,No Misuse,Y,No Injury,4e4abfae-ce94-41ed-ba3c-fe16610604d3,D,MSP6477000F,Shoulder/Lap Belt(s),M,ec8bb07a-77cd-4d45-9ed6-7f27246c02ea,Same Direction Rear End,N,Non Intersection,Left Turn Lane,Dark Lights On,No Defects,"Two-way, Divided, Positive Median Barrier",Wet,Raining,Twelve o'clock,Passenger Car,Functional,N,Moving Constant Speed,2015-02-09 19:36,25,39.13931167,-77.21161567,4,2,빗길사고,동일 방향 운행 중 추돌 사고
3435,N,Apparently Normal,No Misuse,Y,No Injury,5f92334c-a67a-49bb-9214-2ba24512e746,D,MSP6477000H,Shoulder/Lap Belt(s),F,e8d062bd-45c1-4a1c-b81e-2530aa918818,Same Direction Rear End,N,Non Intersection,Left Turn Lane,Daylight,No Defects,"Two-way, Divided, Positive Median Barrier",Dry,Clear,Twelve o'clock,Passenger Car,No Damage,Y,Moving Constant Speed,2015-02-04 8:38,56,39.05758375,-77.15475082,1,0,좌회전 차선 사고,등속 주행 중 측면 추돌 사고
3436,N,Apparently Normal,No Misuse,N,Possible Incapacitating Injury,6c403b55-8d0a-4ee3-b02c-22f0bc28ad92,D,MSP6477000P,Shoulder/Lap Belt(s),F,2150e10b-7c69-41df-a725-dc8352176bbf,Same Direction Rear End,N,Non Intersection,Shoulder Area,Daylight,No Defects,"Two-way, Divided, Positive Median Barrier",Dry,Clear,Six o'clock,Passenger Car,Disabling,N,Moving Constant Speed,2015-02-25 8:56,63,39.0133745,-77.04969217,1,0,좌회전 차선 사고,등속 주행 중 측면 추돌 사고
3437,N,Apparently Normal,No Misuse,N,Possible Incapacitating Injury,5d7cc3b5-3acf-42f7-9dd3-b94a34007e7d,D,MSP6477000P,Shoulder/Lap Belt(s),M,8d8ec529-b75e-467e-9bd6-ad44dbb9c50b,Same Direction Rear End,N,Non Intersection,Shoulder Area,Daylight,No Defects,"Two-way, Divided, Positive Median Barrier",Dry,Clear,Six o'clock,Passenger Car,Disabling,N,Moving Constant Speed,2015-02-25 8:56,25,39.0133745,-77.04969217,1,0,좌회전 차선 사고,등속 주행 중 측면 추돌 사고
3438,N,Apparently Normal,No Misuse,Y,No Injury,9c1c4921-8fe5-4034-ab0f-669a3469a1fb,D,MSP6477000Q,Shoulder/Lap Belt(s),F,4df5d352-21d8-490e-aa12-49f6173a11d3,Single Vehicle ,N,Non Intersection,Right Turn Lane,Daylight,No Defects,"Two-way, Divided, Positive Median Barrier",Ice,Sleet,Twelve o'clock,Passenger Car,Disabling,N,Moving Constant Speed,2015-03-01 12:08,21,39.08524317,-77.17312417,0,0,눈길사고,감속 중 사고
3439,N,Apparently Normal,No Misuse,N,No Injury,77117e59-42bf-496b-b14c-3f5d380e5060,D,MSP6479000B,Shoulder/Lap Belt(s),F,6823f9de-0773-48eb-b8bd-e2c5276a27ae,Same Movement Angle,N,Intersection,Right Turn Lane,Daylight,No Defects,"Two-way, Not Divided",Dry,Clear,Twelve o'clock,(Sport) Utility Vehicle,Disabling,N,Moving Constant Speed,2015-03-21 15:02,31,39.638872,-78.83079183,3,0,우회전 차선 사고,기타
3440,N,Apparently Normal,No Misuse,Y,No Injury,0334a41e-c193-4ca3-b2fc-1f432b992e23,D,MSP6479000B,Shoulder/Lap Belt(s),F,b08e8319-8a5f-4067-a0f5-2d4c4626c2ba,Same Movement Angle,N,Intersection,Right Turn Lane,Daylight,No Defects,"Two-way, Not Divided",Dry,Clear,Twelve o'clock,Passenger Car,Disabling,N,Right Turn on Red,2015-03-21 15:02,20,39.638872,-78.83079183,3,0,우회전 차선 사고,기타
3441,N,Apparently Normal,No Misuse,N,No Injury,8cefe1e1-43c6-4ec1-ab3a-1bfe56228735,D,MSP6488000C,Shoulder/Lap Belt(s),F,ae734e47-1f79-490a-a05a-ac6d98ed8fb7,Same Direction Sideswipe,N,Non Intersection,Acceleration Lane,Daylight,No Defects,"Two-way, Divided, Positive Median Barrier",Dry,Clear,Eight o'clock,Passenger Car,Functional,N,Moving Constant Speed,2015-01-28 9:32,46,39.01015283,-77.08954833,1,0,좌회전 차선 사고,등속 주행 중 측면 추돌 사고
3442,Y,Apparently Normal,No Misuse,Y,No Injury,9e8b3d95-f0e8-4b91-8c9c-78b77276aeec,D,MSP6488000C,Shoulder/Lap Belt(s),M,f0f1edbb-38e5-4b30-b07a-6c32e8fffa91,Same Direction Sideswipe,N,Non Intersection,Acceleration Lane,Daylight,No Defects,"Two-way, Divided, Positive Median Barrier",Dry,Clear,Twelve o'clock,"Medium/Heavy Truck 2 axles (10,000 lbs (4,536 kg) or less)",Functional,N,Changing Lanes,2015-01-28 9:32,62,39.01015283,-77.08954833,1,1,좌회전 차선 사고,등속 주행 사고
3443,N,Apparently Normal,No Misuse,Y,Non-incapacitating Injury,7985a1c8-ad52-41c9-bb85-c43519ef33c3,D,MSP6488000J,Shoulder/Lap Belt(s),F,877bee2b-a8f4-4018-8020-ed6f4ccca697,Same Direction Rear End,N,Non Intersection,Acceleration Lane,Dark Lights On,No Defects,"Two-way, Divided, Positive Median Barrier",Dry,Clear,Twelve o'clock,Passenger Car,Disabling,N,Slowing or Stopping,2015-02-24 18:59,61,39.01718867,-77.0999895,1,3,좌회전 차선 사고,감속 중 사고
3444,N,Apparently Normal,No Misuse,N,No Injury,276eea96-2d33-4b32-bff5-e477166470cd,D,MSP6488000K,Shoulder/Lap Belt(s),F,67350c74-258c-45a6-8976-28e507c18b44,Same Direction Rear End,N,Non Intersection,Right Turn Lane,Dusk,No Defects,"Two-way, Divided, Positive Median Barrier",Dry,Clear,Six o'clock,Passenger Car,Functional,N,Slowing or Stopping,2015-02-28 17:45,41,39.01412233,-77.05631733,2,1,기타,등속 주행 사고
3445,N,Apparently Normal,No Misuse,N,No Injury,60306d2d-d6df-4812-8183-9ef4d8ffe7c0,D,MSP6488000K,Shoulder/Lap Belt(s),F,0ba792c5-e981-4045-b48d-7bf0af19dc78,Same Direction Rear End,N,Non Intersection,Right Turn Lane,Dusk,No Defects,"Two-way, Divided, Positive Median Barrier",Dry,Clear,Six o'clock,Passenger Car,Functional,N,Slowing or Stopping,2015-02-28 17:45,29,39.01412233,-77.05631733,2,1,기타,등속 주행 사고
3446,N,Apparently Normal,No Misuse,Y,No Injury,ddd69cd1-1cd4-4c95-b018-b417db7bf3a3,D,MSP6488000K,Shoulder/Lap Belt(s),F,e82e57eb-9c0d-4b1b-bcd8-9422f74ce004,Same Direction Rear End,N,Non Intersection,Right Turn Lane,Dusk,No Defects,"Two-way, Divided, Positive Median Barrier",Dry,Clear,Twelve o'clock,Passenger Car,Disabling,N,Slowing or Stopping,2015-02-28 17:45,26,39.01412233,-77.05631733,2,1,기타,등속 주행 사고
3447,N,Apparently Normal,No Misuse,N,No Injury,0328917e-66c9-4621-ba90-c9a35893a6d6,D,MSP6488000K,Shoulder/Lap Belt(s),M,affcaa9b-891f-4b68-b595-9c4fe33cd954,Same Direction Rear End,N,Non Intersection,Right Turn Lane,Dusk,No Defects,"Two-way, Divided, Positive Median Barrier",Dry,Clear,Twelve o'clock,Passenger Car,Disabling,N,Slowing or Stopping,2015-02-28 17:45,50,39.01412233,-77.05631733,2,1,기타,등속 주행 사고
3448,N,Apparently Normal,No Misuse,N,No Injury,0b27a835-cadf-4dbc-9700-7571c220c8c6,D,MSP6488000R,Shoulder/Lap Belt(s),F,55660280-b4d7-4c2d-a367-007abe4d11fa,Same Direction Rear End,N,Non Intersection,Left Turn Lane,Daylight,No Defects,"Two-way, Divided, Positive Median Barrier",Dry,Clear,Six o'clock,Passenger Car,Functional,N,Slowing or Stopping,2015-03-25 19:18,40,38.99012167,-77.157146,1,3,좌회전 차선 사고,감속 중 사고
3449,N,Apparently Normal,No Misuse,Y,No Injury,1692d31d-9a2f-42ad-8a56-d652672fed77,D,MSP6488000R,Shoulder/Lap Belt(s),F,8808fa53-15a7-4176-906d-bd1b94e24618,Same Direction Rear End,N,Non Intersection,Left Turn Lane,Daylight,No Defects,"Two-way, Divided, Positive Median Barrier",Dry,Clear,Twelve o'clock,Van,Disabling,N,Slowing or Stopping,2015-03-25 19:18,22,38.99012167,-77.157146,1,3,좌회전 차선 사고,감속 중 사고
3450,N,Apparently Normal,No Misuse,N,No Injury,a2396750-aa95-4628-ac1d-06eaf2471678,D,MSP6489001B,Shoulder/Lap Belt(s),F,1eaf09ce-90ae-4d43-9253-882374d35e11,Same Direction Rear End,N,Non Intersection,Right Turn Lane,Dark Lights On,No Defects,"Two-way, Divided, Positive Median Barrier",Dry,Clear,Six o'clock,Passenger Car,Disabling,N,Slowing or Stopping,2015-02-04 18:54,50,39.40488888,-76.57309771,2,1,기타,등속 주행 사고
3451,N,Apparently Normal,No Misuse,N,No Injury,f0e421d6-3d44-41be-b1a6-ceb52f876657,D,MSP6489001B,Shoulder/Lap Belt(s),F,888c5ed3-b36a-42b8-99f7-3dc095dddd7e,Same Direction Rear End,N,Non Intersection,Right Turn Lane,Dark Lights On,No Defects,"Two-way, Divided, Positive Median Barrier",Dry,Clear,Six o'clock,Van,Functional,N,Slowing or Stopping,2015-02-04 18:54,37,39.40488888,-76.57309771,2,1,기타,등속 주행 사고
3452,N,Apparently Normal,No Misuse,Y,No Injury,a98ca044-4184-4313-970c-c87be0e2755f,D,MSP6489001B,Shoulder/Lap Belt(s),F,ac9e506d-ed96-43e2-9117-25b6a59e831a,Same Direction Rear End,N,Non Intersection,Right Turn Lane,Dark Lights On,No Defects,"Two-way, Divided, Positive Median Barrier",Dry,Clear,Twelve o'clock,Passenger Car,Functional,N,Moving Constant Speed,2015-02-04 18:54,21,39.40488888,-76.57309771,2,3,기타,등속 주행 중 측면 추돌 사고
3453,N,Apparently Normal,No Misuse,N,No Injury,ce2b2909-e629-4bc6-bc1b-da1d28fc4f34,D,MSP64910005,Shoulder/Lap Belt(s),F,860fa837-f982-4576-ae8a-6274a5ce7612,Head On Left Turn,N,Non Intersection,Left Turn Lane,Daylight,No Defects,"Two-way, Divided, Positive Median Barrier",Wet,Raining,Eleven o'clock,Passenger Car,Disabling,N,Moving Constant Speed,2015-03-20 14:12,25,38.63889883,-76.92784133,4,2,빗길사고,동일 방향 운행 중 추돌 사고
3454,N,Had Been Drinking,No Misuse,Y,No Injury,0d77f7c4-d965-45fd-8d4e-a651c2052708,D,MSP64910005,Shoulder/Lap Belt(s),M,b208dedf-2276-454f-884f-69d1a6663a8f,Head On Left Turn,N,Non Intersection,Left Turn Lane,Daylight,No Defects,"Two-way, Divided, Positive Median Barrier",Wet,Raining,Twelve o'clock,Passenger Car,Disabling,N,Making Left Turn,2015-03-20 14:12,36,38.63889883,-76.92784133,4,0,빗길사고,등속 주행 중 사고
3455,N,Apparently Normal,No Misuse,N,No Injury,9db0d598-0d6c-4332-bbb3-12254c548c95,D,MSP64970005,Shoulder/Lap Belt(s),F,e12c4f48-50e5-4ef5-81d2-ab55fec32872,Same Direction Sideswipe,N,Non Intersection,Left Turn Lane,Dark Lights On,No Defects,"Two-way, Divided, Positive Median Barrier",Dry,Clear,Seven o'clock,Passenger Car,Functional,N,Moving Constant Speed,2015-02-07 1:18,36,38.85732833,-76.85233,1,0,좌회전 차선 사고,등속 주행 중 측면 추돌 사고
3456,N,Apparently Normal,No Misuse,Y,No Injury,da860a56-062f-4d57-94c7-de12aeeee93d,D,MSP64970009,Shoulder/Lap Belt(s),F,3e5d222d-eff5-42fa-9014-329ef8d8c7e3,Angle Meets Right Turn,N,Intersection,Acceleration Lane,Daylight,No Defects,"Two-way, Divided, Positive Median Barrier",Dry,Clear,Twelve o'clock,Passenger Car,Disabling,N,Making Right Turn,2015-02-20 16:40,25,38.81743345,-76.73716843,1,1,좌회전 차선 사고,등속 주행 사고
3457,N,Apparently Normal,No Misuse,N,No Injury,661ca575-4c75-434e-9fa3-e5ae96149ea5,D,MSP64970009,Shoulder/Lap Belt(s),M,a1e8f025-e3fe-42d7-a35c-1d00a6a82cbe,Angle Meets Right Turn,N,Intersection,Acceleration Lane,Daylight,No Defects,"Two-way, Divided, Positive Median Barrier",Dry,Clear,Six o'clock,Recreational Vehicle,Functional,N,Moving Constant Speed,2015-02-20 16:40,48,38.81743345,-76.73716843,1,0,좌회전 차선 사고,등속 주행 중 측면 추돌 사고
3458,N,Apparently Normal,No Misuse,Y,No Injury,6cc7f24e-4abf-431a-bd0f-659970642e81,D,MSP6497000B,Shoulder/Lap Belt(s),F,a3f2123c-297a-4969-98ea-9d0a7cc9a220,Same Direction Rear End,N,Non Intersection,Acceleration Lane,Daylight,No Defects,"Two-way, Divided, Positive Median Barrier",Dry,Clear,Twelve o'clock,Passenger Car,Disabling,N,Moving Constant Speed,2015-02-22 16:15,33,38.94048233,-76.7176745,1,0,좌회전 차선 사고,등속 주행 중 측면 추돌 사고
3459,Y,Apparently Normal,No Misuse,N,No Injury,554a298c-d3c1-46a4-a8a2-a9bff4f71d89,D,MSP6497000B,Shoulder/Lap Belt(s),M,d750126a-d6b1-44d4-a88b-fb8916683e09,Same Direction Rear End,N,Non Intersection,Acceleration Lane,Daylight,No Defects,"Two-way, Divided, Positive Median Barrier",Dry,Clear,Six o'clock,Truck Tractor,Superficial,N,Moving Constant Speed,2015-02-22 16:15,44,38.94048233,-76.7176745,1,0,좌회전 차선 사고,등속 주행 중 측면 추돌 사고
3460,N,Apparently Normal,No Misuse,Y,No Injury,466bddc0-11e0-4dae-94ec-f496768c2675,D,MSP6497000H,Shoulder/Lap Belt(s),F,0f55dd0a-5bcc-46c3-804c-a352c44aae97,Same Direction Sideswipe,N,Non Intersection,Acceleration Lane,Daylight,No Defects,"Two-way, Divided, Positive Median Barrier",Dry,Clear,Five o'clock,Passenger Car,Disabling,N,Changing Lanes,2015-03-17 15:38,75,38.847185,-76.86200767,1,1,좌회전 차선 사고,등속 주행 사고
3461,Y,Apparently Normal,No Misuse,N,No Injury,589c2698-a0b8-440a-b331-0c193286cda7,D,MSP6497000H,None  ,M,38ad77ad-014b-41b4-94b0-d4c74df04eb3,Same Direction Sideswipe,N,Non Intersection,Acceleration Lane,Daylight,No Defects,"Two-way, Divided, Positive Median Barrier",Dry,Clear,Twelve o'clock,Truck Tractor,Superficial,N,Moving Constant Speed,2015-03-17 15:38,62,38.847185,-76.86200767,1,0,좌회전 차선 사고,등속 주행 중 측면 추돌 사고