KEY_INDEX,CDL_FLAG,CONDITION_CODE,EQUIP_PROB_CODE,FAULT_FLAG,INJ_SEVER_CODE,PERSON_ID,PERSON_TYPE,REPORT_NO,SAF_EQUIP_CODE,SEX_CODE,VEHICLE_ID,COLLISION_TYPE_CODE,C_M_ZONE_FLAG,JUNCTION_CODE,LANE_CODE,LIGHT_CODE,RD_COND_CODE,RD_DIV_CODE,SURF_COND_CODE,WEATHER_CODE,AREA_DAMAGED_CODE_MAIN,BODY_TYPE_CODE,DAMAGE_CODE,HIT_AND_RUN_FLAG,MOVEMENT_CODE,TIME,AGE,LATITUDE,LONGITUDE,CLUSTER,SECOND_LABEL,FIRST_LABEL,SECOND_LABELING
3462,N,Apparently Normal,No Misuse,N,No Injury,4668de08-7c85-4aaa-be3a-a3a359845fc9,D,MSP6497000K,Shoulder/Lap Belt(s),F,9e693cc8-95dd-4feb-be16-9bf031588841,Same Direction Rear End,N,Non Intersection,Left Turn Lane,Daylight,No Defects,"Two-way, Divided, Positive Median Barrier",Dry,Clear,Six o'clock,Recreational Vehicle,Functional,N,Moving Constant Speed,2015-03-30 18:49,43,38.92175567,-76.7178665,1,0,좌회전 차선 사고,등속 주행 중 측면 추돌 사고
3463,N,Apparently Normal,No Misuse,N,No Injury,7dc56fa6-9ad6-4034-9a87-28089109ede9,D,MSP6498000C,Shoulder/Lap Belt(s),F,e10b403d-7be4-4ac5-9b38-e46512a3fc1b,Same Direction Rear End,N,Intersection,Acceleration Lane,Daylight,No Defects,"Two-way, Divided, Positive Median Barrier",Dry,Clear,Six o'clock,Passenger Car,Superficial,N,Slowing or Stopping,2015-01-28 14:57,66,39.57234738,-76.98329866,1,3,좌회전 차선 사고,감속 중 사고
3464,N,Apparently Normal,No Misuse,N,No Injury,aaaf7a17-5a66-4ba3-9c3a-5bf8446fbf88,D,MSP6498000C,Shoulder/Lap Belt(s),M,20cf52ee-c42b-464c-9a6b-e0e4dedc26e8,Same Direction Rear End,N,Intersection,Acceleration Lane,Daylight,No Defects,"Two-way, Divided, Positive Median Barrier",Dry,Clear,Six o'clock,Pickup Truck,Superficial,N,Stopped in Traffic Lane,2015-01-28 14:57,25,39.57234738,-76.98329866,1,2,좌회전 차선 사고,기타
3465,N,Apparently Normal,No Misuse,Y,No Injury,f29edd73-c889-4f15-a2df-63b4b755649b,D,MSP6498000C,Shoulder/Lap Belt(s),M,440c7e7a-61d1-49a2-a6ba-353db41e64fa,Same Direction Rear End,N,Intersection,Acceleration Lane,Daylight,No Defects,"Two-way, Divided, Positive Median Barrier",Dry,Clear,Twelve o'clock,Passenger Car,Functional,N,Moving Constant Speed,2015-01-28 14:57,64,39.57234738,-76.98329866,1,0,좌회전 차선 사고,등속 주행 중 측면 추돌 사고
3466,N,Apparently Normal,No Misuse,N,No Injury,1d1e8697-9274-45c1-b5dc-4f53119c23fa,D,MSP6498000G,Shoulder/Lap Belt(s),F,538860d1-b054-4041-8c05-00a4b21899c6,Same Direction Rear End,N,Intersection Related,Left Turn Lane,Daylight,No Defects,"Two-way, Divided, Unprotected (painted >4 feet) Median",Dry,Clear,Six o'clock,Passenger Car,Superficial,N,Stopped in Traffic Lane,2015-02-15 13:41,22,39.49065867,-76.8839745,1,2,좌회전 차선 사고,기타
3467,Y,Apparently Normal,No Misuse,Y,No Injury,8ce26100-ea3f-4c35-b7fb-b16c542c215b,D,MSP65010005,Shoulder/Lap Belt(s),F,88c18694-8b9e-4a8d-aba3-45cf853470b0,Single Vehicle ,N,Non Intersection,Right Turn Lane,Dark Lights On,No Defects,"Two-way, Divided, Positive Median Barrier",Slush,Wintry Mix,Nine o'clock,Pickup Truck,Disabling,N,Moving Constant Speed,2015-01-14 4:00,32,38.28197853,-75.64988941,0,0,눈길사고,감속 중 사고
3468,Y,Apparently Normal,No Misuse,Y,No Injury,020b981b-a614-4b46-bbce-1fee4771f72e,D,MSP65010007,Shoulder/Lap Belt(s),F,d471c925-c808-48a7-806b-dc2c13f0366c,Same Movement Angle,N,Intersection,Right Turn Lane,Daylight,No Defects,"Two-way, Divided, Positive Median Barrier",Dry,Clear,Eight o'clock,Passenger Car,Disabling,N,Accelerating,2015-01-25 11:13,59,38.24824326,-75.675762,3,0,우회전 차선 사고,기타
3469,N,Apparently Normal,No Misuse,N,Non-incapacitating Injury,d3f72177-fff4-40e7-9eeb-e9fbc46d08cd,D,MSP65010007,Shoulder/Lap Belt(s),F,879a8c21-1e7d-4721-8b1c-f609af28d5e0,Same Movement Angle,N,Intersection,Right Turn Lane,Daylight,No Defects,"Two-way, Divided, Positive Median Barrier",Dry,Clear,Twelve o'clock,Passenger Car,Disabling,N,Moving Constant Speed,2015-01-25 11:13,52,38.24824326,-75.675762,3,0,우회전 차선 사고,기타
3470,N,Apparently Normal,No Misuse,N,No Injury,a41c313a-8c51-460a-bccb-d64ca9706d6f,D,MSP65020004,Shoulder/Lap Belt(s),F,ecdf0763-70be-43a9-81f8-1176f7021b3c,Same Direction Rear End,N,Non Intersection,Deceleration Lane,Daylight,No Defects,"Two-way, Divided, Positive Median Barrier",Dry,Clear,Six o'clock,(Sport) Utility Vehicle,Functional,N,Slowing or Stopping,2015-01-15 15:30,56,38.8408725,-76.86564167,1,3,좌회전 차선 사고,감속 중 사고
3471,N,Apparently Normal,No Misuse,Y,No Injury,e8b9397f-7204-4c0e-8e34-9721d244c398,D,MSP65020004,Shoulder/Lap Belt(s),F,2370087a-9843-4b71-852d-5397d6b55777,Same Direction Rear End,N,Non Intersection,Deceleration Lane,Daylight,No Defects,"Two-way, Divided, Positive Median Barrier",Dry,Clear,Twelve o'clock,Passenger Car,Disabling,N,Moving Constant Speed,2015-01-15 15:30,21,38.8408725,-76.86564167,1,0,좌회전 차선 사고,등속 주행 중 측면 추돌 사고
3472,N,Apparently Normal,No Misuse,Y,No Injury,4272ba15-c218-4b73-9f97-37a4eedea9a5,D,MSP65020009,Shoulder/Lap Belt(s),F,dbf91b77-0941-4759-8e59-7e4cde402603,Same Movement Angle,N,Intersection,Left Turn Lane,Daylight,No Defects,"Two-way, Divided, Unprotected (painted >4 feet) Median",Dry,Clear,Eight o'clock,Passenger Car,Disabling,N,Moving Constant Speed,2015-01-29 10:05,51,38.90330167,-76.74272683,1,0,좌회전 차선 사고,등속 주행 중 측면 추돌 사고
3473,N,Apparently Normal,No Misuse,N,Non-incapacitating Injury,e0bc405d-375e-4bc3-ad33-e7ef28156327,D,MSP65020009,Shoulder/Lap Belt(s),F,a2ada84f-d481-4681-b6ee-d7508ef0c27d,Same Movement Angle,N,Intersection,Left Turn Lane,Daylight,No Defects,"Two-way, Divided, Unprotected (painted >4 feet) Median",Dry,Clear,Twelve o'clock,Passenger Car,Disabling,N,Starting From Lane,2015-01-29 10:05,78,38.90330167,-76.74272683,1,1,좌회전 차선 사고,등속 주행 사고
3474,N,Apparently Normal,No Misuse,N,Non-incapacitating Injury,eb1c4ace-3362-4056-b91f-d9fa6201fb00,D,MSP6502000C,Shoulder/Lap Belt(s),F,a20efc44-3db4-4ae5-81bb-5889f0018eca,Same Movement Angle,N,Intersection,Left Turn Lane,Daylight,No Defects,"Two-way, Divided, Unprotected (painted >4 feet) Median",Dry,Clear,Two o'clock,Passenger Car,Disabling,N,Starting From Lane,2015-02-05 17:26,19,38.87413517,-76.78424667,1,1,좌회전 차선 사고,등속 주행 사고
3475,N,Apparently Normal,No Misuse,Y,No Injury,f2173525-4eba-4bcb-9d70-106cdca7aceb,D,MSP6502000C,Shoulder/Lap Belt(s),M,bbc84f6c-e8e3-4a82-bc39-d9aaee1957e9,Same Movement Angle,N,Intersection,Left Turn Lane,Daylight,No Defects,"Two-way, Divided, Unprotected (painted >4 feet) Median",Dry,Clear,Twelve o'clock,Passenger Car,Disabling,N,Moving Constant Speed,2015-02-05 17:26,24,38.87413517,-76.78424667,1,0,좌회전 차선 사고,등속 주행 중 측면 추돌 사고
3476,N,Apparently Normal,No Misuse,N,No Injury,92dc46e5-6457-4059-a21a-019e01d16026,D,MSP6502000D,Shoulder/Lap Belt(s),F,71412324-0646-439e-9093-a98801f85044,Same Direction Rear End,N,Non Intersection,Right Turn Lane,Dusk,No Defects,"Two-way, Divided, Positive Median Barrier",Dry,Clear,Six o'clock,Passenger Car,Disabling,N,Slowing or Stopping,2015-02-06 17:37,49,38.7946095,-77.01917533,2,1,기타,등속 주행 사고
3477,N,Apparently Normal,No Misuse,Y,No Injury,b6e6f830-692b-42be-8cfb-2ddc5da7c2c6,D,MSP6502000D,Shoulder/Lap Belt(s),F,3411e8b3-5173-47c1-9393-e7f665351998,Same Direction Rear End,N,Non Intersection,Right Turn Lane,Dusk,No Defects,"Two-way, Divided, Positive Median Barrier",Dry,Clear,Twelve o'clock,Passenger Car,Functional,N,Moving Constant Speed,2015-02-06 17:37,21,38.7946095,-77.01917533,2,3,기타,등속 주행 중 측면 추돌 사고
3478,N,Apparently Normal,No Misuse,N,No Injury,ac444c4d-98b1-4135-b82e-ed5901fbe22b,D,MSP6502000D,Shoulder/Lap Belt(s),M,6e89828a-37a1-4d73-bebe-dbd8b639fa85,Same Direction Rear End,N,Non Intersection,Right Turn Lane,Dusk,No Defects,"Two-way, Divided, Positive Median Barrier",Dry,Clear,Six o'clock,Passenger Car,Functional,N,Stopped in Traffic Lane,2015-02-06 17:37,46,38.7946095,-77.01917533,2,0,기타,자차 사고
3479,N,Apparently Normal,No Misuse,N,No Injury,ad9f6e36-cdee-49a6-92fa-d1484fac7bcc,D,MSP6502000M,Shoulder/Lap Belt(s),F,9556c603-8777-4d6a-a291-96c228424581,Same Direction Rear End,N,Intersection,Right Turn Lane,Daylight,No Defects,"Two-way, Divided, Positive Median Barrier",Dry,Clear,Six o'clock,Passenger Car,Functional,N,Stopped in Traffic Lane,2015-03-21 9:00,67,38.88837726,-76.8205905,3,3,우회전 차선 사고,동일 방향 운행 중 추돌 사고
3480,N,Apparently Normal,No Misuse,N,No Injury,bacb4a49-5119-485e-91ec-6bc3c2b3af0c,D,MSP6502000M,Shoulder/Lap Belt(s),F,97555df9-20d3-4909-9cf9-38da6b823ae1,Same Direction Rear End,N,Intersection,Right Turn Lane,Daylight,No Defects,"Two-way, Divided, Positive Median Barrier",Dry,Clear,Six o'clock,Passenger Car,Disabling,N,Stopped in Traffic Lane,2015-03-21 9:00,48,38.88837726,-76.8205905,3,3,우회전 차선 사고,동일 방향 운행 중 추돌 사고
3481,N,Apparently Normal,No Misuse,Y,No Injury,6c17f114-5d86-46cf-a111-f596b413f5ef,D,MSP6502000M,Shoulder/Lap Belt(s),M,2ff5fe14-f814-4799-9348-db003d0f858e,Same Direction Rear End,N,Intersection,Right Turn Lane,Daylight,No Defects,"Two-way, Divided, Positive Median Barrier",Dry,Clear,Twelve o'clock,"Other Light Trucks (10,000 lbs (4,536 kg))",Disabling,N,Moving Constant Speed,2015-03-21 9:00,52,38.88837726,-76.8205905,3,2,우회전 차선 사고,기타
3482,N,Apparently Normal,No Misuse,Y,No Injury,685f799b-ac8f-4351-bf94-49539c029a48,D,MSP6502000N,Shoulder/Lap Belt(s),F,50cc68f7-f4ce-49ec-9b9e-37b91c95058c,Same Direction Rear End,N,Intersection,Left Turn Lane,Daylight,No Defects,"Two-way, Divided, Positive Median Barrier",Dry,Clear,Twelve o'clock,Passenger Car,Disabling,N,Moving Constant Speed,2015-03-22 9:02,65,38.66411731,-76.87479258,1,0,좌회전 차선 사고,등속 주행 중 측면 추돌 사고
3483,N,Apparently Normal,No Misuse,N,Non-incapacitating Injury,b77f07f0-cb70-4562-83fa-07f13f9bbff2,D,MSP6502000N,Shoulder/Lap Belt(s),F,3503b342-3dcb-4822-9090-f9b5e2e8a430,Same Direction Rear End,N,Intersection,Left Turn Lane,Daylight,No Defects,"Two-way, Divided, Positive Median Barrier",Dry,Clear,Six o'clock,Passenger Car,Disabling,N,Stopped in Traffic Lane,2015-03-22 9:02,44,38.66411731,-76.87479258,1,2,좌회전 차선 사고,기타
3484,N,Apparently Normal,No Misuse,N,No Injury,e992798c-b658-4c8a-a4e9-6317d51260c6,D,MSP6502000P,Shoulder/Lap Belt(s),F,e745c1cf-82f8-4eed-a152-24be92e22f75,Same Direction Sideswipe,N,Intersection,Left Turn Lane,Daylight,No Defects,"Two-way, Divided, Positive Median Barrier",Dry,Clear,Seven o'clock,Passenger Car,Disabling,N,Moving Constant Speed,2015-03-23 8:08,23,38.70233517,-76.87630717,1,0,좌회전 차선 사고,등속 주행 중 측면 추돌 사고
3485,N,Apparently Normal,No Misuse,N,No Injury,22091af6-e8be-4901-9ebf-437614960d27,D,MSP6502000P,Shoulder/Lap Belt(s),M,18837b21-1aef-4cc0-9757-f620f09ec7c2,Same Direction Sideswipe,N,Intersection,Left Turn Lane,Daylight,No Defects,"Two-way, Divided, Positive Median Barrier",Dry,Clear,Twelve o'clock,Passenger Car,Disabling,N,Stopped in Traffic Lane,2015-03-23 8:08,58,38.70233517,-76.87630717,1,2,좌회전 차선 사고,기타
3486,N,Apparently Normal,No Misuse,N,No Injury,3d5511f3-1cfe-4427-a085-d9dd4df22559,D,MSP6502000P,Shoulder/Lap Belt(s),M,7636a10c-9157-4166-8fbc-a50dc3dd904d,Same Direction Sideswipe,N,Intersection,Left Turn Lane,Daylight,No Defects,"Two-way, Divided, Positive Median Barrier",Dry,Clear,Twelve o'clock,Passenger Car,Disabling,N,Moving Constant Speed,2015-03-23 8:08,47,38.70233517,-76.87630717,1,0,좌회전 차선 사고,등속 주행 중 측면 추돌 사고
3487,N,Apparently Normal,No Misuse,Y,No Injury,bd7d5fd4-a3be-4dfe-989a-ed8c676a6639,D,MSP6502000P,Shoulder/Lap Belt(s),M,53fcd8e0-f16b-4b5e-975b-7a6c4877ea88,Same Direction Sideswipe,N,Intersection,Left Turn Lane,Daylight,No Defects,"Two-way, Divided, Positive Median Barrier",Dry,Clear,One o'clock,Passenger Car,Functional,N,Moving Constant Speed,2015-03-23 8:08,31,38.70233517,-76.87630717,1,0,좌회전 차선 사고,등속 주행 중 측면 추돌 사고
3488,N,Apparently Normal,No Misuse,Y,No Injury,55dacb49-1b33-487a-8003-9c1c65ec5d31,D,MSP6502000R,Shoulder/Lap Belt(s),F,0c6f16c7-60e1-4d0b-a699-14f084e0073c,Same Direction Sideswipe,N,Non Intersection,Left Turn Lane,Daylight,No Defects,"Two-way, Divided, Positive Median Barrier",Dry,Clear,Eleven o'clock,Passenger Car,Disabling,N,Moving Constant Speed,2015-03-23 11:57,21,38.89851717,-76.7176885,1,0,좌회전 차선 사고,등속 주행 중 측면 추돌 사고
3489,Y,Apparently Normal,No Misuse,N,No Injury,3fcff0fb-cf3e-4599-ba1b-8a831da68328,D,MSP6502000R,Shoulder/Lap Belt(s),M,3b187798-d567-434c-9ebd-598756e67245,Same Direction Sideswipe,N,Non Intersection,Left Turn Lane,Daylight,No Defects,"Two-way, Divided, Positive Median Barrier",Dry,Clear,Four o'clock,"Medium/Heavy Truck 2 axles (10,000 lbs (4,536 kg) or less)",Functional,N,Moving Constant Speed,2015-03-23 11:57,50,38.89851717,-76.7176885,1,0,좌회전 차선 사고,등속 주행 중 측면 추돌 사고
3490,N,Apparently Normal,No Misuse,N,No Injury,f66b3c0b-f399-4f7e-a782-00b6578dea09,D,MSP65030006,Shoulder/Lap Belt(s),F,17eb54b3-b65f-4103-aa8e-0a392238ba5f,Head On Left Turn,N,Intersection,Right Turn Lane,Daylight,No Defects,"Two-way, Not Divided",Dry,Clear,Twelve o'clock,"Other Light Trucks (10,000 lbs (4,536 kg))",Superficial,N,Slowing or Stopping,2015-02-11 16:07,80,39.70071529,-76.04624748,3,1,우회전 차선 사고,등속 주행 중 측면 추돌 사고
3491,N,Apparently Normal,No Misuse,N,No Injury,8dad03ca-5e94-48b5-8133-e7c90044b20f,D,MSP6505000C,Shoulder/Lap Belt(s),F,82e38d80-39c9-441a-b8f0-2333ec01d423,Same Direction Rear End,N,Non Intersection,Right Turn Lane,Daylight,No Defects,"Two-way, Divided, Positive Median Barrier",Dry,Clear,Six o'clock,Passenger Car,Superficial,N,Moving Constant Speed,2015-02-16 15:06,44,39.34418835,-77.38737345,2,3,기타,등속 주행 중 측면 추돌 사고
3492,N,Apparently Normal,No Misuse,Y,No Injury,6793988d-5e2f-4135-8a91-1a919e2f2c5e,D,MSP6505000C,Shoulder/Lap Belt(s),F,1032d17d-f86c-4985-8f98-9695d4041482,Same Direction Rear End,N,Non Intersection,Right Turn Lane,Daylight,No Defects,"Two-way, Divided, Positive Median Barrier",Dry,Clear,Twelve o'clock,Passenger Car,Disabling,N,Moving Constant Speed,2015-02-16 15:06,42,39.34418835,-77.38737345,2,3,기타,등속 주행 중 측면 추돌 사고
3493,N,Apparently Normal,No Misuse,Y,No Injury,d0caaf1c-feef-4101-8ff7-19e082f5bc80,D,MSP65070007,Shoulder/Lap Belt(s),F,940624a9-0273-4ee6-aacd-87edc6c5cb64,Single Vehicle ,N,Non Intersection,Right Turn Lane,Dark Lights On,No Defects,"Two-way, Not Divided",Dry,Clear,Twelve o'clock,Passenger Car,Disabling,N,Moving Constant Speed,2015-03-15 10:58,22,38.66519749,-76.53083118,2,2,기타,기타
3494,Y,Apparently Normal,No Misuse,N,No Injury,3ae674d7-8e23-4c06-a554-e4964d7175de,D,MTA01160009,Shoulder/Lap Belt(s),F,e4f77cbc-ca0e-4b67-ab4b-2237fc7903c2,Same Direction Right Turn,N,Intersection Related,Right Turn Lane,Dawn,No Defects,One-way Trafficway,Dry,Clear,Eleven o'clock,Transit Bus,No Damage,N,Changing Lanes,2015-01-01 16:09,45,39.28769506,-76.61221504,3,1,우회전 차선 사고,등속 주행 중 측면 추돌 사고
3495,N,Apparently Normal,No Misuse,Y,No Injury,8c891961-d2bf-4cdb-ad5c-49471daa0b8b,D,MTA01160009,Shoulder/Lap Belt(s),F,2f48b596-3817-4340-9dbe-f5989262f7ca,Same Direction Right Turn,N,Intersection Related,Right Turn Lane,Dawn,No Defects,One-way Trafficway,Dry,Clear,One o'clock,Passenger Car,Superficial,N,Accelerating,2015-01-01 16:09,37,39.28769506,-76.61221504,3,1,우회전 차선 사고,등속 주행 중 측면 추돌 사고
3496,Y,Apparently Normal,No Misuse,N,No Injury,6d76d8d3-9b45-418a-8041-00c169e513d3,D,MTA01200009,Shoulder/Lap Belt(s),F,4bd78dfd-c1df-42f8-9308-44e26f9a7556,Same Direction Right Turn,N,Intersection Related,Left Turn Lane,Daylight,No Defects,"Two-way, Divided, Unprotected (painted >4 feet) Median",Dry,Cloudy,Eleven o'clock,Transit Bus,Superficial,N,Starting From Lane,2015-02-12 9:53,61,39.29498547,-76.65043116,1,1,좌회전 차선 사고,등속 주행 사고
3497,N,Apparently Normal,No Misuse,Y,No Injury,21eba703-4047-468b-a53b-af87deac8c87,D,MTA01550007,Shoulder/Lap Belt(s),F,2fa703eb-7104-49df-8c83-4e41846ffc42,Head On Left Turn,N,Intersection,Right Turn Lane,Daylight,View Obstructed,"Two-way, Divided, Positive Median Barrier",Dry,Clear,One o'clock,Van,Functional,N,Starting From Lane,2015-01-23 8:10,35,39.32546744,-76.65749073,3,1,우회전 차선 사고,등속 주행 중 측면 추돌 사고
3498,N,Apparently Normal,No Misuse,N,Non-incapacitating Injury,44c6915b-520e-493c-ac34-f35b956e91ac,D,MTA01550007,Shoulder/Lap Belt(s),F,22264821-de12-4081-b0d0-90083cb35405,Head On Left Turn,N,Intersection,Right Turn Lane,Daylight,View Obstructed,"Two-way, Divided, Positive Median Barrier",Dry,Clear,Twelve o'clock,Passenger Car,Disabling,N,Moving Constant Speed,2015-01-23 8:10,50,39.32546744,-76.65749073,3,2,우회전 차선 사고,기타
3499,N,Apparently Normal,No Misuse,N,No Injury,6c9c0912-7190-48ee-a3e2-c215aa09c54c,D,MTA01940007,Shoulder Belt Only,F,6fa74e08-9000-4284-a641-4dfe1b66098e,Same Movement Angle,N,Intersection,Left Turn Lane,Dark Lights On,No Defects,"Two-way, Divided, Positive Median Barrier",Dry,Clear,Twelve o'clock,Other Bus,Functional,N,Moving Constant Speed,2015-01-05 5:50,37,39.34115982,-76.66747928,1,0,좌회전 차선 사고,등속 주행 중 측면 추돌 사고
3500,N,Apparently Normal,No Misuse,Y,No Injury,39d09cbd-8d2d-4807-b595-35b17dab04e2,D,MTA01940007,Shoulder Belt Only,M,c4dbc222-fa2a-4756-ab62-c68267e76874,Same Movement Angle,N,Intersection,Left Turn Lane,Dark Lights On,No Defects,"Two-way, Divided, Positive Median Barrier",Dry,Clear,Seven o'clock,(Sport) Utility Vehicle,Functional,N,Making Left Turn,2015-01-05 5:50,25,39.34115982,-76.66747928,1,1,좌회전 차선 사고,등속 주행 사고
3501,Y,Apparently Normal,No Misuse,N,No Injury,9442a1eb-458e-4aa7-b1ff-6069609f15b0,D,MTA02280004,Shoulder/Lap Belt(s),F,8e90e81f-bf67-409e-b453-946b06dcfad3,Same Direction Sideswipe,N,Non Intersection,Left Turn Lane,Dark Lights On,No Defects,"Two-way, Not Divided",Dry,Clear,Ten o'clock,Transit Bus,Superficial,N,Slowing or Stopping,2015-02-27 19:22,45,39.29445407,-76.57801151,1,3,좌회전 차선 사고,감속 중 사고
3502,N,Apparently Normal,No Misuse,Y,No Injury,ef784d6c-e6ae-4fec-b467-4db8ef3fb092,D,MTA02280004,Shoulder/Lap Belt(s),M,1cbf7286-e1b1-4acd-a31b-04484c3869b5,Same Direction Sideswipe,N,Non Intersection,Left Turn Lane,Dark Lights On,No Defects,"Two-way, Not Divided",Dry,Clear,One o'clock,(Sport) Utility Vehicle,Superficial,Y,Passing,2015-02-27 19:22,38,39.29445407,-76.57801151,1,1,좌회전 차선 사고,등속 주행 사고
3503,Y,Apparently Normal,No Misuse,N,No Injury,2b130b8b-7e63-40eb-a856-6378bae0df11,D,MTA02380006,Shoulder/Lap Belt(s),F,932c352e-eb9a-4490-8bde-3ffa4f27dfdc,Same Direction Rear End,N,Non Intersection,Left Turn Lane,Daylight,No Defects,"Two-way, Divided, Positive Median Barrier",Dry,Clear,Six o'clock,Transit Bus,No Damage,N,Stopped in Traffic Lane,2015-01-29 8:34,53,39.30953911,-76.65291488,1,2,좌회전 차선 사고,기타
3504,N,Apparently Normal,No Misuse,Y,No Injury,7a2dc242-6898-4a2a-a3f9-dd03b0fdf8b9,D,MTA02380006,Shoulder/Lap Belt(s),F,6342cd95-3632-4545-a833-a852ed7f19a7,Same Direction Rear End,N,Non Intersection,Left Turn Lane,Daylight,No Defects,"Two-way, Divided, Positive Median Barrier",Dry,Clear,Two o'clock,Passenger Car,No Damage,N,Moving Constant Speed,2015-01-29 8:34,36,39.30953911,-76.65291488,1,0,좌회전 차선 사고,등속 주행 중 측면 추돌 사고
3505,N,Apparently Normal,No Misuse,N,No Injury,c4d36e54-c1f6-4b09-9fa9-f026be750573,D,MTA02540008,Shoulder/Lap Belt(s),F,fc9d1575-4d59-4e5e-bb37-30a6d25b75aa,Head On,N,Non Intersection,Right Turn Lane,Daylight,No Defects,"Two-way, Divided, Unprotected (painted >4 feet) Median",Dry,Clear,Twelve o'clock,Other Bus,Disabling,N,Slowing or Stopping,2015-03-28 10:40,46,39.23722261,-76.60116434,2,1,기타,등속 주행 사고
3506,N,Apparently Normal,No Misuse,N,No Injury,38081ba0-e963-4319-aa55-a1fb7aebe819,D,MTA02570006,Shoulder/Lap Belt(s),F,666e8d13-d704-4420-aede-f8398b391854,Same Direction Rear End,N,Non Intersection,Right Turn Lane,Daylight,No Defects,"Two-way, Divided, Positive Median Barrier",Wet,Clear,Six o'clock,Other Bus,No Damage,N,Slowing or Stopping,2015-01-22 9:15,29,39.33325183,-76.66179299,4,3,빗길사고,기타
3507,Y,Apparently Normal,No Misuse,N,No Injury,d584cff1-7594-4fd6-9bb8-cc1095841c64,D,MTA0279000B,Shoulder/Lap Belt(s),F,1eb8a5da-c470-4349-9a63-abd18c453beb,Same Direction Rear End,N,Non Intersection,Left Turn Lane,Daylight,No Defects,"Two-way, Divided, Positive Median Barrier",Dry,Clear,Six o'clock,Transit Bus,No Damage,N,Slowing or Stopping,2015-01-28 8:50,70,39.21668597,-76.61432862,1,3,좌회전 차선 사고,감속 중 사고
3508,N,Apparently Normal,No Misuse,Y,No Injury,524f6013-7e84-4f1c-8fef-1ec6909ae540,D,MTA0279000B,Shoulder/Lap Belt(s),M,5fe3f707-3542-4b3d-ad59-8224370db55e,Same Direction Rear End,N,Non Intersection,Left Turn Lane,Daylight,No Defects,"Two-way, Divided, Positive Median Barrier",Dry,Clear,Twelve o'clock,"Other Light Trucks (10,000 lbs (4,536 kg))",Superficial,N,Slowing or Stopping,2015-01-28 8:50,27,39.21668597,-76.61432862,1,3,좌회전 차선 사고,감속 중 사고
3509,N,Apparently Normal,No Misuse,N,No Injury,98defa63-5baa-4889-bb1b-ae5ceb5f5b23,D,MTA0281000C,Shoulder/Lap Belt(s),F,54ff4b4a-a977-4bbc-bac4-b95b02acc2bb,Same Direction Sideswipe,N,Non Intersection,Right Turn Lane,Daylight,No Defects,"Two-way, Not Divided",Snow,Snow,Ten o'clock,Other Bus,No Damage,N,Parked  ,2015-03-05 10:45,31,39.29493565,-76.63990617,0,2,눈길사고,미끌어짐에 의한 사고
3510,N,Apparently Normal,No Misuse,Y,No Injury,3d75c12f-f7ad-4a64-8b01-b31eb3e9aa94,D,MTA0281000C,Shoulder/Lap Belt(s),M,ca03e706-8f6b-4bf3-a65b-e1460830a396,Same Direction Sideswipe,N,Non Intersection,Right Turn Lane,Daylight,No Defects,"Two-way, Not Divided",Snow,Snow,Three o'clock,"Cargo Van/Light Truck 2 axles (10,000 lbs (4,536 kg) or less)",No Damage,N,Moving Constant Speed,2015-03-05 10:45,33,39.29493565,-76.63990617,0,0,눈길사고,감속 중 사고
3511,N,Apparently Normal,No Misuse,Y,No Injury,e138e687-3dee-4267-87d7-f7f875d93f18,D,MTA0281000D,Shoulder/Lap Belt(s),M,7bb3b70f-8b2b-4ef0-856c-762b439cc15b,Same Movement Angle,N,Intersection,Right Turn Lane,Daylight,No Defects,"Two-way, Not Divided",Snow,Snow,Four o'clock,Pickup Truck,Disabling,N,Moving Constant Speed,2015-03-05 11:40,48,39.29799939,-76.61996126,0,0,눈길사고,감속 중 사고
3512,N,Apparently Normal,No Misuse,Y,No Injury,8a648bf6-6bf9-4d42-b3d3-4b8325649573,D,MTA03150003,Shoulder/Lap Belt(s),F,f0e3a309-7dfe-4541-9276-0a0c39cd2341,Same Movement Angle,N,Intersection Related,Right Turn Lane,Dark Lights On,Loose Surface Material,"Two-way, Not Divided",Wet,Clear,Twelve o'clock,(Sport) Utility Vehicle,Functional,N,Accelerating,2015-01-18 23:15,24,39.29670417,-76.58216357,4,1,빗길사고,자차 사고
3513,Y,Apparently Normal,No Misuse,N,No Injury,792cc8f6-8d51-4e08-9fe8-f9ea186dee9b,D,MTA03150003,Shoulder/Lap Belt(s),M,a4b56173-7db7-4842-9286-2494f822a271,Same Movement Angle,N,Intersection Related,Right Turn Lane,Dark Lights On,Loose Surface Material,"Two-way, Not Divided",Wet,Clear,Eleven o'clock,(Sport) Utility Vehicle,Disabling,N,Moving Constant Speed,2015-01-18 23:15,70,39.29670417,-76.58216357,4,1,빗길사고,자차 사고
3514,N,Apparently Normal,No Misuse,N,Possible Incapacitating Injury,db89bf4e-7154-4162-8682-fb06a6fc9abc,D,MTA03330004,Shoulder/Lap Belt(s),F,9a5cd032-3f88-4d86-948b-9ad877bc823b,Same Direction Rear End Left Turn,N,Intersection,Right Turn Lane,Dark Lights On,No Defects,"Two-way, Not Divided",Dry,Clear,Six o'clock,Passenger Car,No Damage,N,Slowing or Stopping,2015-02-08 18:47,54,39.25467111,-76.69995546,3,1,우회전 차선 사고,등속 주행 중 측면 추돌 사고