KEY_INDEX,CDL_FLAG,CONDITION_CODE,EQUIP_PROB_CODE,FAULT_FLAG,INJ_SEVER_CODE,PERSON_ID,PERSON_TYPE,REPORT_NO,SAF_EQUIP_CODE,SEX_CODE,VEHICLE_ID,COLLISION_TYPE_CODE,C_M_ZONE_FLAG,JUNCTION_CODE,LANE_CODE,LIGHT_CODE,RD_COND_CODE,RD_DIV_CODE,SURF_COND_CODE,WEATHER_CODE,AREA_DAMAGED_CODE_MAIN,BODY_TYPE_CODE,DAMAGE_CODE,HIT_AND_RUN_FLAG,MOVEMENT_CODE,TIME,AGE,LATITUDE,LONGITUDE,CLUSTER,SECOND_LABEL,FIRST_LABEL,SECOND_LABELING
3569,Y,Apparently Normal,No Misuse,Y,No Injury,523ea0ed-6dda-4b8f-94e8-32942bfc428f,D,ZD5982000G,Shoulder/Lap Belt(s),M,4e9f6ee6-4bbf-470d-94f4-4ffe0dd3af66,Same Direction Rear End,N,Intersection,Right Turn Lane,Daylight,No Defects,"Two-way, Not Divided",Wet,Cloudy,Six o'clock,Fire Vehicle/Emergency,No Damage,N,Backing,2015-01-19 9:06,53,38.53359742,-76.59706593,4,3,빗길사고,기타
3570,N,Apparently Normal,No Misuse,N,No Injury,19458b6b-5806-4ab2-bd4e-19db43396735,D,ZD5982000M,Shoulder/Lap Belt(s),F,9c5299bf-6ea0-4d86-ad37-a973a660593f,Head On Left Turn,N,Crossover Related,Left Turn Lane,Daylight,No Defects,"Two-way, Divided, Unprotected (painted >4 feet) Median",Dry,Clear,Eleven o'clock,Passenger Car,Disabling,N,Slowing or Stopping,2015-03-08 16:27,33,38.49088342,-76.51619196,1,3,좌회전 차선 사고,감속 중 사고
3571,N,Had Been Drinking,No Misuse,Y,No Injury,7a7a0cee-6097-47d1-95ab-81cb3598fe5d,D,ZD5982000M,Shoulder/Lap Belt(s),M,b8d98ced-4f90-492c-aebd-c738ccf36295,Head On Left Turn,N,Crossover Related,Left Turn Lane,Daylight,No Defects,"Two-way, Divided, Unprotected (painted >4 feet) Median",Dry,Clear,Twelve o'clock,Passenger Car,Disabling,N,Accelerating,2015-03-08 16:27,69,38.49088342,-76.51619196,1,1,좌회전 차선 사고,등속 주행 사고
3572,N,Apparently Normal,No Misuse,Y,No Injury,89e4204d-3c60-475d-929f-e86051e399bb,D,ZF03060005,Shoulder/Lap Belt(s),F,d519bfbf-70cb-4815-bfb0-402979ac22bd,Single Vehicle ,N,Non Intersection,Right Turn Lane,Daylight,No Defects,"Two-way, Not Divided",Snow,Snow,Twelve o'clock,Recreational Vehicle,Destroyed,N,Moving Constant Speed,2015-01-21 13:50,23,39.37033611,-76.94725513,0,0,눈길사고,감속 중 사고
3573,Y,Apparently Normal,No Misuse,Y,No Injury,a956adbe-4fce-4c67-a77a-9e7cc75423d6,D,ZF0395000G,Shoulder/Lap Belt(s),F,a6a920be-871c-412f-a36d-758a2145c2d3,Single Vehicle ,N,Non Intersection,Right Turn Lane,Dark Lights On,No Defects,"Two-way, Not Divided",Dry,Clear,Twelve o'clock,Police Vehicle/Non Emergency,Superficial,N,Moving Constant Speed,2015-03-31 0:22,48,39.59153529,-77.03381538,2,2,기타,기타
3574,N,Apparently Normal,No Misuse,N,No Injury,36c9dbd6-efbf-40ef-9a6b-5c39df1b068e,D,ZF04040008,Shoulder/Lap Belt(s),F,9751a422-3902-421c-a918-02a846d292e0,Single Vehicle ,N,Non Intersection,Right Turn Lane,Dark No Lights,No Defects,"Two-way, Not Divided",Wet,Raining,One o'clock,(Sport) Utility Vehicle,Disabling,N,Moving Constant Speed,2015-01-04 4:35,36,39.39343952,-77.07847953,4,2,빗길사고,동일 방향 운행 중 추돌 사고
3575,N,Apparently Normal,No Misuse,Y,No Injury,466fb6eb-27d1-477f-9903-80f0ffe80a3d,D,ZF0421000B,Shoulder/Lap Belt(s),F,da74bd18-495d-4900-9b8a-0ede3c73258d,Single Vehicle ,N,Non Intersection,Right Turn Lane,Dusk,No Defects,"Two-way, Not Divided",Snow,Severe Winds,Twelve o'clock,Passenger Car,Disabling,N,Moving Constant Speed,2015-01-07 7:10,18,39.386044,-77.055224,0,0,눈길사고,감속 중 사고
3576,N,Apparently Normal,No Misuse,Y,No Injury,9c175188-05e5-427e-8f49-316b6074ed8d,D,ZF0428000D,Shoulder/Lap Belt(s),F,f5fbd51a-1c02-4fb5-9451-514cb2c57565,Single Vehicle ,N,Non Intersection,Right Turn Lane,Daylight,No Defects,"Two-way, Not Divided",Snow,Clear,One o'clock,Passenger Car,Disabling,N,Moving Constant Speed,2015-01-07 13:16,63,39.7095885,-77.20672131,2,2,기타,기타
3577,N,Apparently Normal,No Misuse,Y,No Injury,d2f869cf-a171-44b1-b61a-bd1cfe0a6369,D,ZF0428000F,Shoulder/Lap Belt(s),F,e534eb8f-2d32-4f0f-b6d4-25b01d0a4974,Single Vehicle ,N,Non Intersection,Right Turn Lane,Daylight,No Defects,"Two-way, Not Divided",Snow,Clear,Twelve o'clock,Pickup Truck,Disabling,N,Moving Constant Speed,2015-01-07 11:54,24,39.67268498,-77.19994068,2,2,기타,기타
3578,N,Apparently Normal,No Misuse,Y,No Injury,6c616528-6640-40c2-88e0-533c1d7dcad7,D,ZF0449000Q,Shoulder/Lap Belt(s),F,bdfc0f95-7ba5-4c03-9a30-67f91aee3885,Single Vehicle ,N,Non Intersection,Right Turn Lane,Dark No Lights,No Defects,"Two-way, Not Divided",Ice,Clear,Twelve o'clock,(Sport) Utility Vehicle,Disabling,N,Moving Constant Speed,2015-03-09 5:54,43,39.60758934,-77.25205064,2,2,기타,기타
3579,N,Apparently Normal,No Misuse,N,No Injury,ffe71e4b-4bb7-4207-b910-85937b871116,D,ZF0453000F,Shoulder/Lap Belt(s),F,5beaa148-a990-4bb2-9cb1-7ab2ddae3502,Single Vehicle ,N,Non Intersection,Right Turn Lane,Dawn,No Defects,"Two-way, Not Divided",Snow,Snow,Nine o'clock,(Sport) Utility Vehicle,Functional,N,Slowing or Stopping,2015-03-20 6:22,36,39.64202,-76.91811,0,1,눈길사고,등속 주행 사고
3580,N,Apparently Normal,No Misuse,Y,No Injury,1fc3d858-750b-4a27-9530-878bff5d08f7,D,ZF04660008,Shoulder/Lap Belt(s),F,c46973c9-f8fa-42b1-8068-ea24a703fd9f,Same Movement Angle,N,Intersection,Right Turn Lane,Daylight,No Defects,"Two-way, Not Divided",Dry,Cloudy,Twelve o'clock,Other Bus,Disabling,N,Accelerating,2015-03-26 8:22,52,39.54543569,-77.03914762,3,0,우회전 차선 사고,기타
3581,Y,Apparently Normal,No Misuse,N,Non-incapacitating Injury,fb894541-201f-497e-b73c-f9a3a7f9aab4,D,ZF04660008,Shoulder/Lap Belt(s),M,68b6c693-4f89-4b2b-9d11-ab7b5d4b8928,Same Movement Angle,N,Intersection,Right Turn Lane,Daylight,No Defects,"Two-way, Not Divided",Dry,Cloudy,Twelve o'clock,Passenger Car,Disabling,N,Moving Constant Speed,2015-03-26 8:22,63,39.54543569,-77.03914762,3,0,우회전 차선 사고,기타
3582,N,Apparently Normal,No Misuse,N,No Injury,383d272a-5329-4fa4-ae5f-8acd6c27e6db,D,ZF04740006,Shoulder/Lap Belt(s),F,2987f3a5-2bd1-4ae9-8207-af3d612f880e,Single Vehicle ,N,Non Intersection,Right Turn Lane,Dark No Lights,No Defects,"Two-way, Not Divided",Slush,Wintry Mix,Twelve o'clock,Passenger Car,Destroyed,N,Slowing or Stopping,2015-01-24 1:20,23,39.49365913,-77.10582733,0,1,눈길사고,등속 주행 사고
3583,N,Apparently Normal,No Misuse,N,No Injury,706b5c1d-1898-4506-86a7-5072c65a443f,D,ZF04830005,Shoulder/Lap Belt(s),F,df64eaff-c876-4ef8-a804-dbdb5386d679,Same Movement Angle,N,Intersection,Right Turn Lane,Daylight,No Defects,"Two-way, Not Divided",Snow,Snow,Twelve o'clock,Passenger Car,Disabling,N,Moving Constant Speed,2015-02-21 10:24,31,39.3860267,-77.05523014,0,0,눈길사고,감속 중 사고
3584,N,Apparently Normal,No Misuse,N,No Injury,b63c3f59-d469-4d84-b84e-1be41e7055d0,D,ZF04860002,Shoulder/Lap Belt(s),F,2fc9a099-f599-4626-aef0-ae84f15a7f5a,Head On,N,Non Intersection,Right Turn Lane,Daylight,No Defects,"Two-way, Not Divided",Wet,Raining,Twelve o'clock,Passenger Car,Disabling,N,Slowing or Stopping,2015-01-03 10:21,58,39.540275,-77.069521,4,0,빗길사고,등속 주행 중 사고
3585,N,Apparently Normal,No Misuse,N,Non-incapacitating Injury,55bf475b-3023-422f-a36a-544e0ad6b006,D,ZG05800003,Shoulder/Lap Belt(s),F,4dae8d81-2f40-4b0e-8bfe-2f38c88000cc,Same Direction Rear End,N,Non Intersection,Right Turn Lane,Daylight,No Defects,"Two-way, Not Divided",Dry,Clear,Seven o'clock,"Cargo Van/Light Truck 2 axles (10,000 lbs (4,536 kg) or less)",Superficial,N,Stopped in Traffic Lane,2015-02-21 11:11,59,39.59825662,-75.96461713,2,0,기타,자차 사고
3586,N,Apparently Normal,No Misuse,Y,No Injury,431459f3-e837-49b6-9a49-fd981e99a7ec,D,ZG06400003,Shoulder/Lap Belt(s),F,a78bb8d9-661c-4a42-ae72-71fef9baf22e,Single Vehicle ,N,Non Intersection,Right Turn Lane,Daylight,Foreign Material,"Two-way, Not Divided",Snow,Clear,Twelve o'clock,(Sport) Utility Vehicle,Disabling,N,Moving Constant Speed,2015-02-19 12:15,68,39.40907518,-75.82360268,0,0,눈길사고,감속 중 사고
3587,N,Apparently Normal,No Misuse,N,No Injury,4050387f-aa27-4a70-871f-882d85a301ca,D,ZG06550009,Shoulder/Lap Belt(s),F,8fa159d7-9ad1-4219-a85a-26d8ff4aafcc,Single Vehicle ,N,Non Intersection,Right Turn Lane,Dark No Lights,No Defects,"Two-way, Not Divided",Ice,Clear,Six o'clock,Passenger Car,Disabling,N,Moving Constant Speed,2015-03-02 20:10,19,39.60401015,-75.9671545,2,2,기타,기타
3588,N,Apparently Normal,No Misuse,Y,No Injury,bde5b3d7-d636-4d94-ad9e-822e41932716,D,ZG07440004,Shoulder/Lap Belt(s),F,3246cd46-dcb3-4f46-a1ac-98996a36bcad,Single Vehicle ,N,Non Intersection,Right Turn Lane,Daylight,No Defects,"Two-way, Not Divided",Slush,Snow,One o'clock,Passenger Car,Disabling,N,Moving Constant Speed,2015-03-20 15:15,19,39.61626789,-75.98716378,0,0,눈길사고,감속 중 사고
3589,N,Apparently Normal,No Misuse,Y,No Injury,55e17d51-cbbd-4051-8657-75bb34ec5361,D,ZG08130006,Shoulder/Lap Belt(s),F,76df94d0-f9d6-46e1-a422-d1679eafbd2d,Single Vehicle ,N,Non Intersection,Right Turn Lane,Daylight,No Defects,"Two-way, Not Divided",Ice,Raining,Twelve o'clock,Passenger Car,Disabling,N,Moving Constant Speed,2015-01-18 9:12,56,39.65175597,-75.86499453,0,0,눈길사고,감속 중 사고
3590,N,Apparently Normal,No Misuse,Y,No Injury,fd1b5996-b5d0-4284-873b-a9ddb1a41bc6,D,ZG08130009,Shoulder/Lap Belt(s),F,f78b2833-8b1b-4188-af2e-368f09f3b240,Single Vehicle ,N,Non Intersection,Right Turn Lane,Daylight,Loose Surface Material,"Two-way, Not Divided",Ice,Blowing Snow,Twelve o'clock,Passenger Car,Superficial,N,Moving Constant Speed,2015-02-19 14:38,74,39.67080212,-75.81524491,0,0,눈길사고,감속 중 사고
3591,N,Apparently Normal,No Misuse,Y,No Injury,ad171bfc-3b8b-471c-b96a-24ac155ccbd1,D,ZG0881000B,Shoulder/Lap Belt(s),F,a241c1de-71ee-4562-ac19-05eab1ea8132,Single Vehicle ,N,Non Intersection,Right Turn Lane,Dark No Lights,No Defects,"Two-way, Not Divided",Wet,Cloudy,Twelve o'clock,Passenger Car,Disabling,N,Moving Constant Speed,2015-01-24 21:49,23,39.58324227,-76.04339361,4,2,빗길사고,동일 방향 운행 중 추돌 사고
3592,N,Apparently Normal,No Misuse,N,No Injury,ba984b4a-02f9-4efb-be6b-e8f28b1a4baf,D,ZG09080004,Shoulder/Lap Belt(s),F,06baf9a6-5ef1-44f4-9379-3bbd8ef5e19f,Single Vehicle ,N,Non Intersection,Right Turn Lane,Dark Lights On,No Defects,"Two-way, Not Divided",Ice,Wintry Mix,Twelve o'clock,(Sport) Utility Vehicle,Disabling,N,Moving Constant Speed,2015-02-09 22:00,25,39.60232589,-76.07098013,0,0,눈길사고,감속 중 사고
3593,N,Apparently Normal,No Misuse,Y,No Injury,0e7a0a42-f30d-43dd-b01d-0a99fbbe5c14,D,ZH0216000J,Shoulder/Lap Belt(s),F,1967fc90-4146-439d-804b-413432a76445,Same Movement Angle,N,Intersection,Left Turn Lane,Daylight,No Defects,"Two-way, Not Divided",Snow,Snow,Twelve o'clock,Passenger Car,Disabling,N,Slowing or Stopping,2015-02-21 15:58,29,38.60582333,-76.91405833,0,1,눈길사고,등속 주행 사고
3594,N,Apparently Normal,No Misuse,N,No Injury,95afa21f-f5a6-492d-b71c-0ec50eaf781e,D,ZH0216000J,Shoulder/Lap Belt(s),M,c85fb97a-0181-4c57-9746-9e6a86c7f689,Same Movement Angle,N,Intersection,Left Turn Lane,Daylight,No Defects,"Two-way, Not Divided",Snow,Snow,Twelve o'clock,Passenger Car,Functional,N,Moving Constant Speed,2015-02-21 15:58,23,38.60582333,-76.91405833,0,0,눈길사고,감속 중 사고
3595,N,Apparently Normal,No Misuse,Y,No Injury,6565977c-09c3-4056-a189-b935e0dd7101,D,ZH0257000D,Shoulder/Lap Belt(s),F,029bc0cb-e562-4e5d-a3a0-c12b7035f3de,Same Direction Rear End,N,Non Intersection,Right Turn Lane,Dark No Lights,No Defects,"Two-way, Not Divided",Wet,Cloudy,Twelve o'clock,Passenger Car,Superficial,N,Slowing or Stopping,2015-01-21 19:20,24,38.6232579,-76.91882372,4,3,빗길사고,기타
3596,N,Apparently Normal,No Misuse,N,No Injury,2ab9406b-fc39-46bd-8e94-a04afc6bb964,D,ZH0257000D,Shoulder/Lap Belt(s),M,63c6a461-6a91-4ef1-bbb5-08198914d003,Same Direction Rear End,N,Non Intersection,Right Turn Lane,Dark No Lights,No Defects,"Two-way, Not Divided",Wet,Cloudy,Twelve o'clock,Police Vehicle/Non Emergency,Superficial,N,Slowing or Stopping,2015-01-21 19:20,41,38.6232579,-76.91882372,4,3,빗길사고,기타
3597,N,Apparently Normal,No Misuse,Y,No Injury,866f5802-6fb7-4311-a05a-6b220ef31bf3,D,ZH0272000C,Shoulder/Lap Belt(s),F,e2784094-551a-48f4-862f-e8367b9c3664,Same Direction Rear End,N,Intersection Related,Right Turn Lane,Daylight,No Defects,"Two-way, Not Divided",Wet,Raining,Twelve o'clock,Passenger Car,Superficial,N,Slowing or Stopping,2015-01-03 13:24,22,38.55588333,-76.98525333,4,3,빗길사고,기타
3598,N,Apparently Normal,No Misuse,N,No Injury,8f3af0d8-a544-489e-93a9-7fe3410fc7ff,D,ZH0272000C,Shoulder/Lap Belt(s),M,dfe158de-a2f6-48c8-8057-61478e12addc,Same Direction Rear End,N,Intersection Related,Right Turn Lane,Daylight,No Defects,"Two-way, Not Divided",Wet,Raining,Six o'clock,Pickup Truck,Superficial,N,Stopped in Traffic Lane,2015-01-03 13:24,37,38.55588333,-76.98525333,4,3,빗길사고,기타
3599,Y,Apparently Normal,No Misuse,Y,No Injury,d817281c-157f-4c62-b8f9-65e672bc88e3,D,ZH0272000D,Shoulder/Lap Belt(s),F,44b5863a-6cb9-4ad7-be29-a0ca98836852,Same Direction Rear End,N,Intersection Related,Right Turn Lane,Daylight,No Defects,"Two-way, Divided, Unprotected (painted >4 feet) Median",Dry,Clear,Twelve o'clock,School Bus,Superficial,N,Accelerating,2015-02-25 13:47,42,38.48164554,-76.89283848,3,3,우회전 차선 사고,동일 방향 운행 중 추돌 사고
3600,N,Apparently Normal,No Misuse,N,No Injury,e05eb14f-965e-4116-9ad9-c1fa00b7dc39,D,ZH0272000D,Shoulder/Lap Belt(s),M,d3d2383b-ee00-4e11-a0e2-3b79dbc1344a,Same Direction Rear End,N,Intersection Related,Right Turn Lane,Daylight,No Defects,"Two-way, Divided, Unprotected (painted >4 feet) Median",Dry,Clear,Six o'clock,Passenger Car,Disabling,N,Starting From Lane,2015-02-25 13:47,66,38.48164554,-76.89283848,3,3,우회전 차선 사고,동일 방향 운행 중 추돌 사고
3601,N,Apparently Normal,No Misuse,N,No Injury,5fd410f4-da81-41b9-92e3-196e374b1f97,D,ZH0275000G,Shoulder/Lap Belt(s),F,a51ccc03-c2c1-41fc-a7bb-5d779b537413,Angle Meets Left Turn,N,Crossover Related,Right Turn Lane,Dark No Lights,No Defects,"Two-way, Divided, Unprotected (painted >4 feet) Median",Snow,Snow,Eight o'clock,(Sport) Utility Vehicle,Disabling,N,Moving Constant Speed,2015-02-16 18:12,37,38.51518599,-76.98205411,0,0,눈길사고,감속 중 사고
3602,N,Apparently Normal,No Misuse,Y,No Injury,9c4d131a-625c-4154-a57d-ec1bdbf575f5,D,ZH0275000G,Shoulder/Lap Belt(s),F,97db0f17-1f01-43ee-bcb1-7dba0a5091db,Angle Meets Left Turn,N,Crossover Related,Right Turn Lane,Dark No Lights,No Defects,"Two-way, Divided, Unprotected (painted >4 feet) Median",Snow,Snow,Twelve o'clock,Passenger Car,Disabling,N,Making U Turn,2015-02-16 18:12,41,38.51518599,-76.98205411,0,2,눈길사고,미끌어짐에 의한 사고
3603,N,Apparently Normal,No Misuse,Y,No Injury,25382354-6826-4034-ab35-876cdc3b77e5,D,ZH03250008,Shoulder/Lap Belt(s),F,3855676e-96ed-4356-93fc-25935b93de81,Head On Left Turn,N,Intersection,Left Turn Lane,Daylight,No Defects,"Two-way, Divided, Positive Median Barrier",Dry,Clear,One o'clock,(Sport) Utility Vehicle,Disabling,N,Making Left Turn,2015-02-06 9:25,66,38.58492333,-76.91924833,1,1,좌회전 차선 사고,등속 주행 사고
3604,N,Apparently Normal,No Misuse,N,No Injury,da6af34e-0d7d-4a7d-bc97-b8979f495858,D,ZH0349000K,Shoulder/Lap Belt(s),F,13547378-c346-4768-94d9-980eb3402973,Single Vehicle ,N,Non Intersection,Left Turn Lane,Daylight,Foreign Material,"Two-way, Divided, Positive Median Barrier",Dry,Clear,Roof Top,Passenger Car,Disabling,N,Moving Constant Speed,2015-01-30 15:21,30,38.5965476,-76.91193581,1,0,좌회전 차선 사고,등속 주행 중 측면 추돌 사고
3605,N,Apparently Normal,No Misuse,Y,No Injury,c279e4f9-a3c7-48b6-8726-e605bb1a7455,D,ZH0349000L,Shoulder/Lap Belt(s),F,7bea6fc8-51a6-4ee5-bc40-b4ae143fb2ae,Head On Left Turn,N,Commercial Driveway,Right Turn Lane,Daylight,No Defects,"Two-way, Not Divided",Dry,Cloudy,Four o'clock,Passenger Car,Disabling,N,Making Left Turn,2015-02-25 9:18,38,38.61630333,-76.79705667,3,1,우회전 차선 사고,등속 주행 중 측면 추돌 사고
3606,Y,Apparently Normal,No Misuse,Y,No Injury,9908f4ef-8865-4cee-ae8e-aa1238fc4f51,D,ZH0360000R,Shoulder/Lap Belt(s),F,a1c64f98-836b-44eb-ac9b-18fbaab07a66,Same Direction Sideswipe,N,Non Intersection,Right Turn Lane,Daylight,No Defects,"Two-way, Not Divided",Dry,Clear,Five o'clock,School Bus,Superficial,N,Making Left Turn,2015-01-28 7:42,47,38.65106427,-76.93341494,2,0,기타,자차 사고
3607,N,Apparently Normal,No Misuse,Y,No Injury,6b87e8a1-5986-45d3-a4bf-8d069c86aa01,D,ZH0360000S,Shoulder Belt Only,F,4aacdb68-fc35-41ed-966a-c3346c8b9550,Same Movement Angle,N,Intersection,Right Turn Lane,Daylight,No Defects,"Two-way, Divided, Positive Median Barrier",Wet,Raining,Twelve o'clock,Passenger Car,Functional,N,Moving Constant Speed,2015-02-02 11:59,18,38.61881526,-76.93480968,4,1,빗길사고,자차 사고
3608,N,Apparently Normal,No Misuse,N,No Injury,1ad99325-22a1-41af-a216-2257fadb2e2d,D,ZH0360000S,Shoulder/Lap Belt(s),M,2d31894f-02b8-4e51-91db-88d549da314a,Same Movement Angle,N,Intersection,Right Turn Lane,Daylight,No Defects,"Two-way, Divided, Positive Median Barrier",Wet,Raining,Eight o'clock,Passenger Car,Disabling,N,Starting From Lane,2015-02-02 11:59,51,38.61881526,-76.93480968,4,1,빗길사고,자차 사고
3609,N,Apparently Normal,No Misuse,Y,No Injury,bb6a727a-5250-481d-b174-cfa086963985,D,ZH0360000X,Shoulder/Lap Belt(s),F,fe04e329-cc8b-473f-9e6a-6a07d3304205,Same Direction Rear End,N,Non Intersection,Right Turn Lane,Daylight,Foreign Material,"Two-way, Not Divided",Slush,Wintry Mix,Twelve o'clock,Van,Functional,Y,Moving Constant Speed,2015-03-05 13:40,26,38.58715555,-76.91900611,0,3,눈길사고,자차 사고
3610,N,Apparently Normal,No Misuse,N,No Injury,11e22c75-a7c9-430e-ad46-45d10625a5a2,D,ZH0361000D,Shoulder/Lap Belt(s),M,8bbd913a-fd9f-4977-88f7-4e4cb19b4dea,Same Movement Angle,N,Intersection,Left Turn Lane,Daylight,No Defects,"Two-way, Divided, Positive Median Barrier",Dry,Clear,Four o'clock,Passenger Car,Disabling,N,Moving Constant Speed,2015-03-06 12:46,34,38.60386833,-76.901585,1,0,좌회전 차선 사고,등속 주행 중 측면 추돌 사고
3611,N,Apparently Normal,No Misuse,N,No Injury,4e50a4b9-4cb9-4e3a-83eb-9e43d4b2db7e,D,ZH0361000F,Shoulder/Lap Belt(s),F,91ad34ca-53c2-42ab-a8dd-7102402350a5,Same Movement Angle,N,Intersection,Right Turn Lane,Dark No Lights,No Defects,"Two-way, Divided, Positive Median Barrier",Dry,Clear,Five o'clock,Passenger Car,Functional,N,Moving Constant Speed,2015-03-12 21:38,22,38.60530122,-76.91395283,3,0,우회전 차선 사고,기타
3612,N,Apparently Normal,No Misuse,Y,No Injury,27864091-0d93-4034-935f-28f694cc632e,D,ZH0361000F,Shoulder/Lap Belt(s),M,c4e17229-8a7d-4716-ade2-292d86055139,Same Movement Angle,N,Intersection,Right Turn Lane,Dark No Lights,No Defects,"Two-way, Divided, Positive Median Barrier",Dry,Clear,Twelve o'clock,Passenger Car,Functional,N,Slowing or Stopping,2015-03-12 21:38,20,38.60530122,-76.91395283,3,0,우회전 차선 사고,기타
3613,N,Apparently Normal,No Misuse,N,No Injury,9b0bb403-695a-477e-ba8d-a9c6069f83ca,D,ZH0361000G,Shoulder/Lap Belt(s),F,eea85e27-eeb1-4777-8803-5b928ea15c4b,Same Movement Angle,N,Intersection,Left Turn Lane,Dawn,No Defects,"Two-way, Not Divided",Dry,Clear,Twelve o'clock,Passenger Car,Disabling,N,Moving Constant Speed,2015-03-13 17:49,31,38.6048317,-76.89871788,1,0,좌회전 차선 사고,등속 주행 중 측면 추돌 사고
3614,N,Apparently Normal,No Misuse,Y,No Injury,bf50375d-220c-42e3-9e3d-593e8d5f3c6f,D,ZH0361000G,Shoulder/Lap Belt(s),M,05e011d2-32cf-4404-8624-ba4b70bf9821,Same Movement Angle,N,Intersection,Left Turn Lane,Dawn,No Defects,"Two-way, Not Divided",Dry,Clear,Five o'clock,(Sport) Utility Vehicle,Disabling,N,Making Left Turn,2015-03-13 17:49,36,38.6048317,-76.89871788,1,1,좌회전 차선 사고,등속 주행 사고
3615,N,Apparently Normal,No Misuse,N,No Injury,798a9149-ef1c-4524-bfae-bc2db3ec09ea,D,ZH0453002N,Shoulder/Lap Belt(s),F,0d1dad4e-bdb5-4a88-84b4-8a67b103bfb4,Single Vehicle ,N,Intersection,Left Turn Lane,Daylight,No Defects,"Two-way, Divided, Positive Median Barrier",Dry,Clear,Twelve o'clock,(Sport) Utility Vehicle,Superficial,N,Moving Constant Speed,2015-02-25 15:19,61,38.58354833,-76.91447333,1,0,좌회전 차선 사고,등속 주행 중 측면 추돌 사고
3616,Y,Apparently Normal,No Misuse,N,No Injury,704b9295-de8e-4552-bc48-d6735aa6742a,D,ZH0453002T,Shoulder/Lap Belt(s),F,6261b3e4-9305-40a3-9452-5d363ec287f9,Head On,N,Intersection Related,Right Turn Lane,Daylight,No Defects,"Two-way, Divided, Positive Median Barrier",Wet,Raining,Twelve o'clock,School Bus,Superficial,N,Stopped in Traffic Lane,2015-03-10 15:05,37,38.61176167,-76.92475667,4,0,빗길사고,등속 주행 중 사고
3617,N,Apparently Normal,No Misuse,N,No Injury,293e71c3-2be2-40aa-96c4-44a365b38778,D,ZH0453002W,Shoulder/Lap Belt(s),F,7fe7f56b-c5bc-4d41-a79d-3a9e109e6787,Single Vehicle ,N,Non Intersection,Right Turn Lane,Dark No Lights,No Defects,"Two-way, Not Divided",Dry,Clear,Nine o'clock,School Bus,No Damage,N,Moving Constant Speed,2015-03-16 6:28,63,38.48877667,-77.07161167,2,2,기타,기타
3618,N,Apparently Normal,No Misuse,N,No Injury,260c5428-9281-4347-9277-e6ab3eadba3c,D,ZH0465000D,Shoulder/Lap Belt(s),F,3534d791-7d34-47c9-b5af-6e654484cce8,Same Direction Rear End,N,Intersection Related,Left Turn Lane,Daylight,No Defects,"Two-way, Divided, Positive Median Barrier",Dry,Clear,Six o'clock,Van,No Damage,N,Slowing or Stopping,2015-01-13 11:10,36,38.62748,-76.91969167,1,3,좌회전 차선 사고,감속 중 사고
3619,N,Apparently Normal,No Misuse,Y,No Injury,78de3581-027a-4d75-9f63-ef7b5ac5cc51,D,ZH0465000D,Shoulder/Lap Belt(s),F,e588a885-9cb6-49af-abbf-90be8acfbc73,Same Direction Rear End,N,Intersection Related,Left Turn Lane,Daylight,No Defects,"Two-way, Divided, Positive Median Barrier",Dry,Clear,Twelve o'clock,(Sport) Utility Vehicle,Superficial,Y,Moving Constant Speed,2015-01-13 11:10,60,38.62748,-76.91969167,1,0,좌회전 차선 사고,등속 주행 중 측면 추돌 사고
3620,N,Apparently Normal,No Misuse,N,No Injury,5dd42349-8e60-4218-a5ee-4ecc6fcd81ba,D,ZH0481000G,Shoulder/Lap Belt(s),F,82a54572-8493-4a17-ba5f-9227fd2e14d5,Same Direction Sideswipe,N,Non Intersection,Left Turn Lane,Daylight,No Defects,"Two-way, Divided, Positive Median Barrier",Ice,Sleet,Seven o'clock,Passenger Car,Superficial,N,Slowing or Stopping,2015-03-01 10:12,48,38.64293634,-76.93289995,0,1,눈길사고,등속 주행 사고
3621,N,Apparently Normal,No Misuse,Y,No Injury,e3f025dd-b80f-4cfd-a256-5feb3b919706,D,ZH0481000G,Shoulder/Lap Belt(s),F,03d8d5df-f5c8-485c-b738-04ac31d4f0a3,Same Direction Sideswipe,N,Non Intersection,Left Turn Lane,Daylight,No Defects,"Two-way, Divided, Positive Median Barrier",Ice,Sleet,One o'clock,Passenger Car,Superficial,N,Slowing or Stopping,2015-03-01 10:12,31,38.64293634,-76.93289995,0,1,눈길사고,등속 주행 사고
3622,N,Apparently Normal,No Misuse,N,No Injury,a2a5c2d9-a515-4c98-8d3a-cc76379cdde4,D,ZH05120006,Shoulder/Lap Belt(s),F,9cc6460c-38b0-465c-a52d-6608aea3d28a,Same Movement Angle,N,Intersection,Right Turn Lane,Daylight,No Defects,"Two-way, Not Divided",Dry,Clear,Two o'clock,Passenger Car,Superficial,N,Accelerating,2015-01-10 15:51,46,38.6090237,-77.01282978,3,0,우회전 차선 사고,기타
3623,N,Apparently Normal,No Misuse,Y,No Injury,1681c8ed-6490-4f9a-a5f9-8a751c25619a,D,ZH05120006,Shoulder/Lap Belt(s),F,83de7643-edcc-497a-93dc-762f710953b0,Same Movement Angle,N,Intersection,Right Turn Lane,Daylight,No Defects,"Two-way, Not Divided",Dry,Clear,Twelve o'clock,Passenger Car,Superficial,N,Accelerating,2015-01-10 15:51,28,38.6090237,-77.01282978,3,0,우회전 차선 사고,기타
3624,N,Apparently Normal,No Misuse,Y,No Injury,ca6797d2-6db8-4185-8f52-2d6dc203ff71,D,ZH0526000F,Shoulder/Lap Belt(s),F,0ea40398-cd85-46f5-88ae-5ef259711360,Same Movement Angle,N,Intersection Related,Right Turn Lane,Daylight,No Defects,"Two-way, Not Divided",Dry,Clear,Twelve o'clock,Passenger Car,Superficial,N,Making Left Turn,2015-02-19 12:23,19,38.56106101,-77.00590968,3,0,우회전 차선 사고,기타