KEY_INDEX,CDL_FLAG,CONDITION_CODE,EQUIP_PROB_CODE,FAULT_FLAG,INJ_SEVER_CODE,PERSON_ID,PERSON_TYPE,REPORT_NO,SAF_EQUIP_CODE,SEX_CODE,VEHICLE_ID,COLLISION_TYPE_CODE,C_M_ZONE_FLAG,JUNCTION_CODE,LANE_CODE,LIGHT_CODE,RD_COND_CODE,RD_DIV_CODE,SURF_COND_CODE,WEATHER_CODE,AREA_DAMAGED_CODE_MAIN,BODY_TYPE_CODE,DAMAGE_CODE,HIT_AND_RUN_FLAG,MOVEMENT_CODE,TIME,AGE,LATITUDE,LONGITUDE,CLUSTER,SECOND_LABEL,FIRST_LABEL,SECOND_LABELING
3736,N,Apparently Normal,No Misuse,Y,No Injury,4a58346a-86c6-40e6-a97d-874b29636608,D,ZR01060006,Shoulder/Lap Belt(s),F,60552ef6-5bb7-4dd2-8c7b-e51a58b250cb,Same Direction Rear End,N,Non Intersection,Left Turn Lane,Daylight,No Defects,"Two-way, Divided, Unprotected (painted >4 feet) Median",Ice,Snow,Twelve o'clock,Passenger Car,Superficial,N,Skidding,2015-02-26 7:15,42,38.42578573,-76.71201468,0,2,눈길사고,미끌어짐에 의한 사고
3737,N,Apparently Normal,No Misuse,N,Possible Incapacitating Injury,de53ab81-2aa1-4e85-a8de-cc454d0d539e,D,ZR01060006,Shoulder/Lap Belt(s),F,29cfc865-0eba-43be-bfd2-1e58a968d5b4,Same Direction Rear End,N,Non Intersection,Left Turn Lane,Daylight,No Defects,"Two-way, Divided, Unprotected (painted >4 feet) Median",Ice,Snow,Six o'clock,Pickup Truck,Superficial,N,Moving Constant Speed,2015-02-26 7:15,30,38.42578573,-76.71201468,0,3,눈길사고,자차 사고
3738,N,Apparently Normal,No Misuse,N,No Injury,0ca0e204-ed1d-4851-ad1e-a4c6811eb44c,D,ZR0106000B,Shoulder/Lap Belt(s),F,01fbd38e-76dd-4be4-a70d-3d69b0afccf8,Single Vehicle ,N,Non Intersection,Right Turn Lane,Daylight,No Defects,"Two-way, Not Divided",Dry,Clear,One o'clock,(Sport) Utility Vehicle,Disabling,N,Moving Constant Speed,2015-03-10 7:59,31,38.32890229,-76.56576052,2,2,기타,기타
3739,N,Apparently Normal,No Misuse,N,No Injury,e9bc8901-c58f-4da9-856a-2502854180d9,D,ZR0129000B,Shoulder/Lap Belt(s),F,928e0159-6c6d-49cc-9e88-3a3497102862,Same Direction Rear End,N,Intersection Related,Acceleration Lane,Daylight,No Defects,"Two-way, Divided, Unprotected (painted >4 feet) Median",Dry,Cloudy,Six o'clock,Passenger Car,Superficial,N,Stopped in Traffic Lane,2015-01-23 15:25,55,38.29765395,-76.50771081,1,2,좌회전 차선 사고,기타
3740,N,Apparently Normal,No Misuse,Y,No Injury,ef8c9fcb-0f67-4ec3-8b5f-e0017afdcce9,D,ZR0129000B,Shoulder/Lap Belt(s),F,d324bf5e-ff3b-42ef-ba87-5505608b1883,Same Direction Rear End,N,Intersection Related,Acceleration Lane,Daylight,No Defects,"Two-way, Divided, Unprotected (painted >4 feet) Median",Dry,Cloudy,Twelve o'clock,(Sport) Utility Vehicle,No Damage,N,Starting From Lane,2015-01-23 15:25,30,38.29765395,-76.50771081,1,3,좌회전 차선 사고,감속 중 사고
3741,N,Apparently Normal,No Misuse,N,No Injury,200991be-cba3-4971-8809-bbb50dbf6af2,D,ZR01310003,Shoulder/Lap Belt(s),F,24419a76-b6eb-44e8-b054-257355fe4756,Same Direction Rear End,N,Intersection Related,Left Turn Lane,Dark Lights On,No Defects,"Two-way, Divided, Positive Median Barrier",Dry,Clear,Six o'clock,Passenger Car,Superficial,N,Stopped in Traffic Lane,2015-03-06 18:58,62,38.26586566,-76.45239294,1,2,좌회전 차선 사고,기타
3742,N,Other Handicaps,No Misuse,Y,No Injury,3f689709-ab05-4e2e-973a-a88020a1f527,D,ZR01310003,Shoulder/Lap Belt(s),F,6db072ce-7609-496f-ba4f-eecfecfcfcbf,Same Direction Rear End,N,Intersection Related,Left Turn Lane,Dark Lights On,No Defects,"Two-way, Divided, Positive Median Barrier",Dry,Clear,Twelve o'clock,Passenger Car,Superficial,N,Slowing or Stopping,2015-03-06 18:58,55,38.26586566,-76.45239294,1,3,좌회전 차선 사고,감속 중 사고
3743,N,Apparently Normal,No Misuse,Y,No Injury,e4d48972-9cf8-4f24-9d78-3d243efe444c,D,ZR0133000M,Shoulder/Lap Belt(s),F,2f9f01d0-c460-449d-b983-001766b98feb,Head On,N,Intersection,Right Turn Lane,Daylight,No Defects,"Two-way, Not Divided",Wet,Raining,Twelve o'clock,Passenger Car,Superficial,N,Moving Constant Speed,2015-02-10 8:29,32,38.29311963,-76.50818825,4,2,빗길사고,동일 방향 운행 중 추돌 사고
3744,N,Apparently Normal,No Misuse,N,No Injury,6b209071-8e45-48e2-8fc1-33a71646a908,D,ZR0133000M,Shoulder/Lap Belt(s),M,64e8a432-a8dc-4a86-b7b2-25a42ce57178,Head On,N,Intersection,Right Turn Lane,Daylight,No Defects,"Two-way, Not Divided",Wet,Raining,Twelve o'clock,Passenger Car,Functional,N,Moving Constant Speed,2015-02-10 8:29,65,38.29311963,-76.50818825,4,2,빗길사고,동일 방향 운행 중 추돌 사고
3745,N,Apparently Normal,No Misuse,N,No Injury,602d02c3-4966-479f-b459-758a691817c7,D,ZR01410005,Shoulder/Lap Belt(s),F,c7e2d01b-6d7f-4c2b-955c-82f561808bdc,Same Movement Angle,N,Intersection,Right Turn Lane,Dawn,No Defects,"Two-way, Not Divided",Dry,Clear,Twelve o'clock,(Sport) Utility Vehicle,Disabling,N,Moving Constant Speed,2015-03-09 7:00,59,38.21102356,-76.40184402,3,0,우회전 차선 사고,기타
3746,N,Apparently Normal,No Misuse,Y,Non-incapacitating Injury,9aa4a70b-254e-49c5-b78e-849dc1fc22c7,D,ZR01410005,Shoulder/Lap Belt(s),M,e0f49254-7b73-4322-aca3-4e37c9eebe14,Same Movement Angle,N,Intersection,Right Turn Lane,Dawn,No Defects,"Two-way, Not Divided",Dry,Clear,Nine o'clock,Passenger Car,Destroyed,N,Making Left Turn,2015-03-09 7:00,44,38.21102356,-76.40184402,3,0,우회전 차선 사고,기타
3747,N,Apparently Normal,No Misuse,N,No Injury,d497041b-a68c-4024-bb51-5d3e107470ac,D,ZR01570001,Shoulder/Lap Belt(s),F,797006b3-f9e1-4aa1-99b2-0a55a7f141c4,Same Direction Sideswipe,N,Non Intersection,Acceleration Lane,Daylight,No Defects,"Two-way, Divided, Positive Median Barrier",Dry,Clear,Ten o'clock,Passenger Car,Superficial,N,Moving Constant Speed,2015-02-21 10:03,61,38.29413851,-76.49962664,1,0,좌회전 차선 사고,등속 주행 중 측면 추돌 사고
3748,N,Apparently Normal,No Misuse,Y,No Injury,aa6860d3-bd01-4e3b-9250-fa035da21869,D,ZR01570001,Shoulder/Lap Belt(s),M,a1e10184-e257-4967-9aaf-b4c326da382c,Same Direction Sideswipe,N,Non Intersection,Acceleration Lane,Daylight,No Defects,"Two-way, Divided, Positive Median Barrier",Dry,Clear,One o'clock,Passenger Car,Superficial,N,Changing Lanes,2015-02-21 10:03,23,38.29413851,-76.49962664,1,1,좌회전 차선 사고,등속 주행 사고
3749,N,Apparently Normal,No Misuse,N,No Injury,ef877746-8a09-40d5-8493-36ba1f224935,D,ZR01970004,Shoulder/Lap Belt(s),F,c6cd7071-d24b-4ec0-995a-a870e15034cd,Same Direction Right Turn,N,Non Intersection,Left Turn Lane,Daylight,No Defects,"Two-way, Divided, Unprotected (painted >4 feet) Median",Slush,Snow,Six o'clock,(Sport) Utility Vehicle,Superficial,N,Slowing or Stopping,2015-01-14 9:14,70,38.31825899,-76.54120088,0,1,눈길사고,등속 주행 사고
3750,N,Apparently Normal,No Misuse,Y,No Injury,10e62f47-0cf6-46f6-8881-d8d8265659a1,D,ZR01970004,Shoulder/Lap Belt(s),M,1f8f1cc6-5655-4e55-9f2b-253b31a5cced,Same Direction Right Turn,N,Non Intersection,Left Turn Lane,Daylight,No Defects,"Two-way, Divided, Unprotected (painted >4 feet) Median",Slush,Snow,Twelve o'clock,(Sport) Utility Vehicle,Disabling,N,Slowing or Stopping,2015-01-14 9:14,24,38.31825899,-76.54120088,0,1,눈길사고,등속 주행 사고
3751,N,Apparently Normal,No Misuse,Y,No Injury,cb49bf4f-2e4e-4af3-afef-5f540ef86bce,D,ZR01970007,Shoulder/Lap Belt(s),F,9a3517e6-3cd6-47ea-93e6-aff24411f9c5,Same Direction Rear End,N,Non Intersection,Right Turn Lane,Daylight,No Defects,"Two-way, Not Divided",Wet,Clear,Twelve o'clock,(Sport) Utility Vehicle,Superficial,N,Slowing or Stopping,2015-02-12 16:09,65,38.32137344,-76.70984745,2,1,기타,등속 주행 사고
3752,N,Apparently Normal,No Misuse,N,No Injury,74074807-e3fd-46d6-8b41-6f697046989f,D,ZR01970007,Shoulder/Lap Belt(s),M,e600b67a-6556-477c-8a2b-9d68188074e4,Same Direction Rear End,N,Non Intersection,Right Turn Lane,Daylight,No Defects,"Two-way, Not Divided",Wet,Clear,Six o'clock,Pickup Truck,Superficial,N,Slowing or Stopping,2015-02-12 16:09,52,38.32137344,-76.70984745,2,1,기타,등속 주행 사고
3753,N,Apparently Normal,No Misuse,Y,No Injury,9418ded1-ea19-4430-8c16-4ea526917061,D,ZR01970009,Shoulder/Lap Belt(s),F,6f4a792e-a6ff-4cc6-8745-2b2afa5cdf70,Same Direction Rear End,N,Commercial Driveway,Left Turn Lane,Daylight,No Defects,"Two-way, Not Divided",Dry,Clear,Twelve o'clock,Passenger Car,Disabling,N,Slowing or Stopping,2015-02-25 13:06,37,38.30271841,-76.65219069,1,3,좌회전 차선 사고,감속 중 사고
3754,N,Apparently Normal,No Misuse,N,No Injury,9846fb0d-39da-478a-97a6-fcf98cd292dd,D,ZR01970009,Shoulder/Lap Belt(s),M,ab2bec0c-8fdc-4d4a-8980-7430436feea2,Same Direction Rear End,N,Commercial Driveway,Left Turn Lane,Daylight,No Defects,"Two-way, Not Divided",Dry,Clear,Six o'clock,(Sport) Utility Vehicle,Superficial,N,Slowing or Stopping,2015-02-25 13:06,55,38.30271841,-76.65219069,1,3,좌회전 차선 사고,감속 중 사고
3755,N,Apparently Normal,No Misuse,N,No Injury,6a9349fb-0216-4d73-965e-26ee1edd71f7,D,ZR0210000R,Shoulder/Lap Belt(s),F,31d8e779-2aad-498f-864a-96bd3ad0a8f3,Same Direction Sideswipe,N,Intersection Related,Left Turn Lane,Daylight,No Defects,"Two-way, Divided, Positive Median Barrier",Dry,Clear,Eleven o'clock,Passenger Car,Superficial,N,Stopped in Traffic Lane,2015-02-04 15:18,27,38.2659499,-76.45222664,1,2,좌회전 차선 사고,기타
3756,Y,Apparently Normal,No Misuse,Y,No Injury,8342241b-473d-4fef-b696-8ef0ef0af547,D,ZR0210000R,Shoulder/Lap Belt(s),M,338c04cc-be77-4817-896d-a6a6c0162e84,Same Direction Sideswipe,N,Intersection Related,Left Turn Lane,Daylight,No Defects,"Two-way, Divided, Positive Median Barrier",Dry,Clear,Five o'clock,School Bus,Superficial,N,Changing Lanes,2015-02-04 15:18,55,38.2659499,-76.45222664,1,1,좌회전 차선 사고,등속 주행 사고
3757,N,Apparently Normal,No Misuse,N,No Injury,4bed8e62-3324-4f63-9916-73917d2361b4,D,ZR0210000T,Shoulder/Lap Belt(s),F,aac4740c-4104-49be-859a-90fb8e683064,Head On Left Turn,N,Commercial Driveway,Right Turn Lane,Daylight,No Defects,"Two-way, Not Divided",Dry,Clear,Twelve o'clock,Passenger Car,Disabling,N,Moving Constant Speed,2015-02-23 15:47,70,38.24131486,-76.56011581,3,2,우회전 차선 사고,기타
3758,N,Apparently Normal,No Misuse,Y,No Injury,3a191161-6dc0-43b6-9d6e-6446716245eb,D,ZR0210000T,Shoulder/Lap Belt(s),M,62fc721b-89a3-4b53-9d7e-1f81470eb66f,Head On Left Turn,N,Commercial Driveway,Right Turn Lane,Daylight,No Defects,"Two-way, Not Divided",Dry,Clear,Four o'clock,Pickup Truck,Superficial,N,Making Left Turn,2015-02-23 15:47,61,38.24131486,-76.56011581,3,1,우회전 차선 사고,등속 주행 중 측면 추돌 사고
3759,Y,Apparently Normal,No Misuse,Y,No Injury,67a9471f-cb89-45a2-8ff2-e0ea3574d45b,D,ZR02170005,Shoulder/Lap Belt(s),F,508d233c-5502-4ed0-966f-3f4b73a1549f,Same Direction Rear End Left Turn,N,Intersection Related,Right Turn Lane,Daylight,No Defects,"Two-way, Not Divided",Dry,Clear,Five o'clock,School Bus,Superficial,N,Making Left Turn,2015-03-12 15:30,53,38.26417037,-76.45977706,3,1,우회전 차선 사고,등속 주행 중 측면 추돌 사고
3760,N,Apparently Normal,No Misuse,N,No Injury,dcab9e98-5da8-450c-a6f8-9122564cad7e,D,ZR02410008,Shoulder/Lap Belt(s),F,288c05c5-30bb-483b-aedc-e32d9ffb3758,Same Direction Rear End,N,Intersection,Right Turn Lane,Daylight,No Defects,"Two-way, Not Divided",Dry,Cloudy,Six o'clock,(Sport) Utility Vehicle,Functional,N,Starting From Lane,2015-02-27 12:25,58,38.32396591,-76.54661894,3,3,우회전 차선 사고,동일 방향 운행 중 추돌 사고
3761,N,Apparently Normal,No Misuse,Y,No Injury,f4d04167-8743-43dc-a348-7b8ca7b24002,D,ZR02410008,Shoulder/Lap Belt(s),M,94db0a30-8bc6-448f-8396-8f635c04290e,Same Direction Rear End,N,Intersection,Right Turn Lane,Daylight,No Defects,"Two-way, Not Divided",Dry,Cloudy,One o'clock,(Sport) Utility Vehicle,Functional,N,Accelerating,2015-02-27 12:25,48,38.32396591,-76.54661894,3,3,우회전 차선 사고,동일 방향 운행 중 추돌 사고
3762,N,Apparently Normal,No Misuse,Y,No Injury,e98f8d28-7181-4c3a-a644-1f751b227c09,D,ZR0241000C,Shoulder/Lap Belt(s),F,aac847fc-a3c1-4174-965a-6106d122b36f,Same Direction Rear End,N,Non Intersection,Right Turn Lane,Daylight,No Defects,"Two-way, Divided, Unprotected (painted >4 feet) Median",Snow,Sleet,Twelve o'clock,Passenger Car,Disabling,N,Moving Constant Speed,2015-03-05 11:42,45,38.44837095,-76.74630404,0,3,눈길사고,자차 사고
3763,N,Apparently Normal,No Misuse,N,No Injury,f93065bb-140f-4d50-90fa-ef03cfe33bf8,D,ZR0241000C,Shoulder/Lap Belt(s),M,4132ce84-3a7f-434d-9894-bb9c4752fa9b,Same Direction Rear End,N,Non Intersection,Right Turn Lane,Daylight,No Defects,"Two-way, Divided, Unprotected (painted >4 feet) Median",Snow,Sleet,Six o'clock,Pickup Truck,Functional,N,Moving Constant Speed,2015-03-05 11:42,58,38.44837095,-76.74630404,0,3,눈길사고,자차 사고
3764,N,Apparently Normal,No Misuse,Y,No Injury,242d73f0-72c6-419b-a590-4aa742cb6df3,D,ZR0241000F,Shoulder/Lap Belt(s),F,14e1239d-400f-49d0-b728-e0e7be60078d,Same Direction Rear End,N,Non Intersection,Left Turn Lane,Dark No Lights,No Defects,"Two-way, Divided, Unprotected (painted >4 feet) Median",Wet,Clear,Twelve o'clock,Passenger Car,Disabling,N,Moving Constant Speed,2015-03-14 21:59,61,38.46524958,-76.76907063,4,2,빗길사고,동일 방향 운행 중 추돌 사고
3765,N,Apparently Normal,No Misuse,N,No Injury,8c82b054-1a92-458c-bf20-7486b3e64824,D,ZR0241000F,Shoulder/Lap Belt(s),M,ec0882b8-2ef3-4ae2-be8e-a7d5941f4a76,Same Direction Rear End,N,Non Intersection,Left Turn Lane,Dark No Lights,No Defects,"Two-way, Divided, Unprotected (painted >4 feet) Median",Wet,Clear,Six o'clock,Pickup Truck,Functional,N,Moving Constant Speed,2015-03-14 21:59,67,38.46524958,-76.76907063,4,2,빗길사고,동일 방향 운행 중 추돌 사고
3766,N,Apparently Normal,No Misuse,N,No Injury,f5fab87c-5acf-4cd3-81c8-3c827b075c38,D,ZR0246000P,Shoulder/Lap Belt(s),F,c99663f3-f2fb-4db6-a4fd-c7626d74d632,Same Direction Rear End,N,Intersection,Right Turn Lane,Daylight,No Defects,"Two-way, Not Divided",Wet,Clear,Six o'clock,Passenger Car,Disabling,N,Slowing or Stopping,2015-02-18 9:59,46,38.200398,-76.643136,3,3,우회전 차선 사고,동일 방향 운행 중 추돌 사고
3767,N,Apparently Normal,No Misuse,N,No Injury,d228c400-6997-4ff6-b09e-301ccf8f1a10,D,ZR0246000P,Shoulder/Lap Belt(s),M,252f7a36-70aa-4c37-98c6-790e241779eb,Same Direction Rear End,N,Intersection,Right Turn Lane,Daylight,No Defects,"Two-way, Not Divided",Wet,Clear,Six o'clock,Passenger Car,Disabling,N,Slowing or Stopping,2015-02-18 9:59,61,38.200398,-76.643136,3,3,우회전 차선 사고,동일 방향 운행 중 추돌 사고
3768,N,Apparently Normal,No Misuse,N,No Injury,22625169-3412-4489-88ab-76c2c8b2c1ac,D,ZR0246000P,Shoulder/Lap Belt(s),M,e26ba752-19ca-444e-ac50-f8bfacbc6761,Same Direction Rear End,N,Intersection,Right Turn Lane,Daylight,No Defects,"Two-way, Not Divided",Wet,Clear,Six o'clock,(Sport) Utility Vehicle,Functional,N,Stopped in Traffic Lane,2015-02-18 9:59,38,38.200398,-76.643136,3,3,우회전 차선 사고,동일 방향 운행 중 추돌 사고
3769,N,Apparently Normal,No Misuse,Y,No Injury,f3013188-726a-4766-b78c-c961c7c416dc,D,ZR0246000P,Shoulder/Lap Belt(s),M,d4b4df33-15e9-48dd-b06d-b8ae94c705ea,Same Direction Rear End,N,Intersection,Right Turn Lane,Daylight,No Defects,"Two-way, Not Divided",Wet,Clear,Twelve o'clock,Pickup Truck,Disabling,N,Moving Constant Speed,2015-02-18 9:59,37,38.200398,-76.643136,3,2,우회전 차선 사고,기타
3770,N,Apparently Normal,No Misuse,N,Possible Incapacitating Injury,81fc6702-ff82-4b87-914f-44f4b257d93a,D,ZR0246000P,Shoulder/Lap Belt(s),M,8dd80c1a-7170-4366-9007-43f6a61c1cf6,Same Direction Rear End,N,Intersection,Right Turn Lane,Daylight,No Defects,"Two-way, Not Divided",Wet,Clear,Six o'clock,Van,Disabling,N,Slowing or Stopping,2015-02-18 9:59,27,38.200398,-76.643136,3,3,우회전 차선 사고,동일 방향 운행 중 추돌 사고
3771,N,Apparently Normal,No Misuse,N,No Injury,0602240b-952c-45d4-b13d-e69d63a32fd3,D,ZR0246000R,Shoulder/Lap Belt(s),F,b28b98cb-3efa-4adb-8cd2-41aa4c77c158,Same Movement Angle,N,Intersection Related,Right Turn Lane,Dusk,No Defects,"Two-way, Not Divided",Wet,Cloudy,Eleven o'clock,Passenger Car,Functional,N,Stopped in Traffic Lane,2015-03-15 19:13,28,38.50073306,-76.77329779,4,1,빗길사고,자차 사고
3772,N,Apparently Normal,No Misuse,Y,No Injury,40cce54d-2dbe-47ba-a8e4-e4f7d14fd4fc,D,ZR02520001,Shoulder/Lap Belt(s),F,b8fd42f3-1763-4d5f-b5ca-1d9da7da257f,Single Vehicle ,N,Intersection,Right Turn Lane,Daylight,No Defects,"Two-way, Not Divided",Snow,Snow,Twelve o'clock,Passenger Car,Disabling,N,Moving Constant Speed,2015-03-05 14:26,55,38.25269823,-76.5946734,0,0,눈길사고,감속 중 사고
3773,N,Apparently Normal,No Misuse,N,No Injury,3f53a283-b515-4bee-a390-9c214a49a5b2,D,ZR02600004,Shoulder/Lap Belt(s),F,8312ee61-4faf-4ba2-9552-aa147be1f355,Same Movement Angle,N,Intersection,Right Turn Lane,Daylight,No Defects,"Two-way, Not Divided",Dry,Clear,Seven o'clock,Passenger Car,Disabling,N,Moving Constant Speed,2015-02-14 10:00,24,38.29638672,-76.50885344,3,0,우회전 차선 사고,기타
3774,N,Apparently Normal,No Misuse,Y,No Injury,f9f5c91e-c463-4a5f-bf86-a03275f39ba5,D,ZR02600004,Shoulder/Lap Belt(s),F,b66d1c49-9479-47ef-8a51-8a05cc454e85,Same Movement Angle,N,Intersection,Right Turn Lane,Daylight,No Defects,"Two-way, Not Divided",Dry,Clear,Twelve o'clock,Passenger Car,Functional,N,Making Left Turn,2015-02-14 10:00,80,38.29638672,-76.50885344,3,0,우회전 차선 사고,기타
3775,N,Apparently Normal,No Misuse,N,No Injury,a5bb9007-9f83-47b7-a070-037838f9947e,D,ZR02620007,Shoulder/Lap Belt(s),F,521980c5-5423-45a7-b87c-9411ed677860,Same Direction Left Turn,N,Intersection Related,Right Turn Lane,Daylight,No Defects,"Two-way, Not Divided",Dry,Clear,Eight o'clock,(Sport) Utility Vehicle,Functional,N,Making U Turn,2015-02-25 8:49,42,38.30716372,-76.53486013,3,1,우회전 차선 사고,등속 주행 중 측면 추돌 사고
3776,N,Apparently Normal,No Misuse,Y,Possible Incapacitating Injury,44d38d16-4bec-46bc-b1ba-587d0e0a9c54,D,ZR02620007,Shoulder/Lap Belt(s),F,5ab1f94a-e52a-4f6c-866e-c862e1233c82,Same Direction Left Turn,N,Intersection Related,Right Turn Lane,Daylight,No Defects,"Two-way, Not Divided",Dry,Clear,Twelve o'clock,(Sport) Utility Vehicle,Disabling,N,Passing,2015-02-25 8:49,24,38.30716372,-76.53486013,3,1,우회전 차선 사고,등속 주행 중 측면 추돌 사고
3777,N,Apparently Normal,No Misuse,N,No Injury,10bff64b-ddb4-4e56-b59a-4e275461bf4d,D,ZR02620008,Shoulder/Lap Belt(s),F,10b834e7-d2c8-4a65-8d6e-e70c173d329b,Head On Left Turn,N,Intersection,Right Turn Lane,Dark Lights On,No Defects,"Two-way, Not Divided",Dry,Clear,One o'clock,Passenger Car,Functional,N,Moving Constant Speed,2015-03-08 23:23,45,38.29700981,-76.63519621,3,2,우회전 차선 사고,기타
3778,N,Apparently Normal,No Misuse,Y,No Injury,2411e347-411d-4513-983f-47a071f4f3e3,D,ZR02620008,Shoulder/Lap Belt(s),F,8a305163-edc6-4bf6-9c03-aa575beabaf9,Head On Left Turn,N,Intersection,Right Turn Lane,Dark Lights On,No Defects,"Two-way, Not Divided",Dry,Clear,Five o'clock,Passenger Car,Disabling,N,Making Left Turn,2015-03-08 23:23,24,38.29700981,-76.63519621,3,1,우회전 차선 사고,등속 주행 중 측면 추돌 사고
3779,N,Apparently Normal,No Misuse,N,No Injury,70ab49b0-d6a3-4591-980e-fbc8374aabd7,D,ZR0269000S,Shoulder/Lap Belt(s),F,1c59c3b2-2524-493d-9208-84df5638c8c4,Same Movement Angle,N,Intersection,Right Turn Lane,Dark No Lights,No Defects,"Two-way, Divided, Unprotected (painted >4 feet) Median",Dry,Clear,Twelve o'clock,(Sport) Utility Vehicle,Functional,N,Slowing or Stopping,2015-01-05 17:17,34,38.2638271,-76.45746231,3,0,우회전 차선 사고,기타
3780,N,Apparently Normal,No Misuse,Y,Non-incapacitating Injury,2fb37605-c134-4c76-976f-a415cf86ab89,D,ZR0269000S,Shoulder/Lap Belt(s),F,f402b0fc-56ec-40a8-a818-d7f0236d8678,Same Movement Angle,N,Intersection,Right Turn Lane,Dark No Lights,No Defects,"Two-way, Divided, Unprotected (painted >4 feet) Median",Dry,Clear,Six o'clock,(Sport) Utility Vehicle,Superficial,N,Starting From Lane,2015-01-05 17:17,18,38.2638271,-76.45746231,3,0,우회전 차선 사고,기타
3781,N,Apparently Normal,No Misuse,N,No Injury,d0f3337d-a5c5-4692-a76e-badd1a4e6f1d,D,ZR0269000T,Shoulder/Lap Belt(s),F,7210409a-ff49-4097-b72f-4786faa7b168,Same Direction Rear End,N,Non Intersection,Right Turn Lane,Daylight,No Defects,"Two-way, Not Divided",Dry,Cloudy,Six o'clock,(Sport) Utility Vehicle,Disabling,N,Slowing or Stopping,2015-01-06 14:55,64,38.21316476,-76.40364647,2,1,기타,등속 주행 사고
3782,N,Apparently Normal,No Misuse,N,No Injury,e05fc00d-bdf9-4fd7-97cb-cb33ff6aae55,D,ZR0269000T,Shoulder/Lap Belt(s),M,c39b74db-f542-47c4-bf68-ee10d2e48345,Same Direction Rear End,N,Non Intersection,Right Turn Lane,Daylight,No Defects,"Two-way, Not Divided",Dry,Cloudy,Six o'clock,(Sport) Utility Vehicle,Superficial,N,Stopped in Traffic Lane,2015-01-06 14:55,70,38.21316476,-76.40364647,2,0,기타,자차 사고
3783,N,Apparently Normal,No Misuse,Y,No Injury,1763efdf-2fba-47e0-b324-3f217fb89565,D,ZR0269000T,Shoulder/Lap Belt(s),M,8567bb4a-bf73-4a6c-91c1-1a80cc0fb6c8,Same Direction Rear End,N,Non Intersection,Right Turn Lane,Daylight,No Defects,"Two-way, Not Divided",Dry,Cloudy,Twelve o'clock,Pickup Truck,Disabling,N,Moving Constant Speed,2015-01-06 14:55,83,38.21316476,-76.40364647,2,3,기타,등속 주행 중 측면 추돌 사고
3784,N,Apparently Normal,No Misuse,N,No Injury,e08549d3-5d0b-43e8-9c27-2730c41abd61,D,ZR02700004,Shoulder/Lap Belt(s),F,f214a0c9-51f0-49bd-9f53-00abfae14c87,Same Movement Angle,N,Non Intersection,Right Turn Lane,Daylight,No Defects,"Two-way, Not Divided",Dry,Clear,Eleven o'clock,Passenger Car,Disabling,N,Moving Constant Speed,2015-02-25 8:31,54,38.31061118,-76.50785565,2,2,기타,기타
3785,N,Apparently Normal,No Misuse,Y,No Injury,3917e8a6-26cd-4e39-a33d-e841610b6755,D,ZR02700004,Shoulder/Lap Belt(s),F,f85975c8-0bb8-4e38-af2f-99b9fe424b7d,Same Movement Angle,N,Non Intersection,Right Turn Lane,Daylight,No Defects,"Two-way, Not Divided",Dry,Clear,One o'clock,Van,Functional,N,Making U Turn,2015-02-25 8:31,38,38.31061118,-76.50785565,2,0,기타,자차 사고
3786,N,Apparently Normal,No Misuse,N,No Injury,84f7b2af-23fe-4692-9798-6893ada48d07,D,ZR0271000H,Shoulder/Lap Belt(s),F,4c60f2a2-7341-4981-ba3a-eaf283cab861,Head On Left Turn,N,Non Intersection,Left Turn Lane,Daylight,No Defects,"Two-way, Divided, Unprotected (painted >4 feet) Median",Dry,Clear,Six o'clock,(Sport) Utility Vehicle,Functional,N,Moving Constant Speed,2015-01-07 10:38,72,38.436712,-76.729975,1,0,좌회전 차선 사고,등속 주행 중 측면 추돌 사고
3787,N,Apparently Normal,No Misuse,N,No Injury,9b32e5e0-2cc9-46b4-88c6-be5bead5589b,D,ZR0271000K,Shoulder/Lap Belt(s),F,38fade4d-8686-415e-8f23-ee55dd16bba9,Same Movement Angle,N,Intersection,Left Turn Lane,Daylight,No Defects,"Two-way, Divided, Unprotected (painted >4 feet) Median",Dry,Clear,Twelve o'clock,Van,Disabling,N,Moving Constant Speed,2015-02-04 17:00,30,38.49765152,-76.77475691,1,0,좌회전 차선 사고,등속 주행 중 측면 추돌 사고
3788,N,Apparently Normal,No Misuse,Y,No Injury,19be50a5-44a1-40b4-b626-47cfa6a6f0b2,D,ZR0271000K,Shoulder/Lap Belt(s),M,16e733d7-06e0-433f-994b-63f506963539,Same Movement Angle,N,Intersection,Left Turn Lane,Daylight,No Defects,"Two-way, Divided, Unprotected (painted >4 feet) Median",Dry,Clear,Eleven o'clock,Passenger Car,Disabling,N,Starting From Lane,2015-02-04 17:00,18,38.49765152,-76.77475691,1,1,좌회전 차선 사고,등속 주행 사고
3789,N,Apparently Normal,No Misuse,Y,No Injury,0a5079a0-f699-441b-86e4-20d06e4e0060,D,ZR0271000L,Shoulder/Lap Belt(s),F,fd92a10e-867d-4482-9914-b332c3bf3d12,Same Direction Rear End,N,Intersection Related,Right Turn Lane,Daylight,No Defects,"Two-way, Divided, Unprotected (painted >4 feet) Median",Dry,Clear,Twelve o'clock,Passenger Car,Disabling,N,Slowing or Stopping,2015-02-13 7:36,27,38.472147,-76.773701,3,3,우회전 차선 사고,동일 방향 운행 중 추돌 사고