KEY_INDEX,CDL_FLAG,CONDITION_CODE,EQUIP_PROB_CODE,FAULT_FLAG,INJ_SEVER_CODE,PERSON_ID,PERSON_TYPE,REPORT_NO,SAF_EQUIP_CODE,SEX_CODE,VEHICLE_ID,COLLISION_TYPE_CODE,C_M_ZONE_FLAG,JUNCTION_CODE,LANE_CODE,LIGHT_CODE,RD_COND_CODE,RD_DIV_CODE,SURF_COND_CODE,WEATHER_CODE,AREA_DAMAGED_CODE_MAIN,BODY_TYPE_CODE,DAMAGE_CODE,HIT_AND_RUN_FLAG,MOVEMENT_CODE,TIME,AGE,LATITUDE,LONGITUDE,CLUSTER,SECOND_LABEL,FIRST_LABEL,SECOND_LABELING
3790,N,Apparently Normal,No Misuse,N,Possible Incapacitating Injury,65b5ad21-e6c7-4725-82e2-053d6c72d9af,D,ZR0271000L,Shoulder/Lap Belt(s),M,7f11be82-2fdc-4bd5-865e-36533294e186,Same Direction Rear End,N,Intersection Related,Right Turn Lane,Daylight,No Defects,"Two-way, Divided, Unprotected (painted >4 feet) Median",Dry,Clear,Six o'clock,Passenger Car,Functional,N,Stopped in Traffic Lane,2015-02-13 7:36,24,38.472147,-76.773701,3,3,우회전 차선 사고,동일 방향 운행 중 추돌 사고
3791,N,Apparently Normal,No Misuse,N,No Injury,a6071a88-daf3-4739-b41e-46c802f52af7,D,ZR02840003,Shoulder/Lap Belt(s),F,30d7a865-4e4f-4530-9fca-fc28a35ae2b9,Same Direction Rear End,N,Intersection Related,Left Turn Lane,Dark Lights On,No Defects,"Two-way, Divided, Unprotected (painted >4 feet) Median",Dry,Clear,Six o'clock,(Sport) Utility Vehicle,Functional,N,Stopped in Traffic Lane,2015-01-11 17:50,57,38.31276208,-76.53484941,1,2,좌회전 차선 사고,기타
3792,N,Apparently Normal,No Misuse,Y,No Injury,b4015434-66a6-4efc-ade5-d1165ef3c907,D,ZR02840003,Shoulder/Lap Belt(s),F,59896757-1415-4101-8d81-ce9b97146ccb,Same Direction Rear End,N,Intersection Related,Left Turn Lane,Dark Lights On,No Defects,"Two-way, Divided, Unprotected (painted >4 feet) Median",Dry,Clear,Twelve o'clock,Passenger Car,Disabling,N,Accelerating,2015-01-11 17:50,27,38.31276208,-76.53484941,1,3,좌회전 차선 사고,감속 중 사고
3793,N,Apparently Normal,No Misuse,N,No Injury,fdac99bf-0ab9-40e2-9e60-b4b07c99ba55,D,ZR0290000T,Shoulder/Lap Belt(s),F,1a83dcb6-369b-423f-9962-e5052ae31b6b,Same Direction Rear End,N,Intersection,Right Turn Lane,Daylight,No Defects,"Two-way, Not Divided",Wet,Raining,Six o'clock,(Sport) Utility Vehicle,Superficial,N,Stopped in Traffic Lane,2015-01-18 11:05,41,38.28943134,-76.60359979,4,3,빗길사고,기타
3794,N,Apparently Normal,No Misuse,Y,No Injury,c552e133-2926-4616-8e00-f03f238a875a,D,ZR0290000T,Shoulder/Lap Belt(s),M,7e32919c-8bdb-4a6a-876a-3e407762c6db,Same Direction Rear End,N,Intersection,Right Turn Lane,Daylight,No Defects,"Two-way, Not Divided",Wet,Raining,Twelve o'clock,Passenger Car,Disabling,N,Slowing or Stopping,2015-01-18 11:05,21,38.28943134,-76.60359979,4,3,빗길사고,기타
3795,N,Apparently Normal,No Misuse,Y,No Injury,1fe607e4-d52c-4fca-a8e8-7b6eff4901cd,D,ZR0290000V,Shoulder/Lap Belt(s),F,378ca179-a4dc-4bdf-bcc1-3133cf67f7ed,Same Direction Left Turn,N,Intersection Related,Right Turn Lane,Daylight,No Defects,"Two-way, Divided, Positive Median Barrier",Dry,Clear,Eight o'clock,(Sport) Utility Vehicle,Superficial,N,Changing Lanes,2015-02-04 7:56,30,38.30318989,-76.52077317,3,1,우회전 차선 사고,등속 주행 중 측면 추돌 사고
3796,N,Apparently Normal,No Misuse,N,No Injury,5f385ca6-ffda-4832-8a62-6703cbb0804c,D,ZR0290000V,Shoulder/Lap Belt(s),M,5d11460f-720f-466a-829b-f7aa530312c0,Same Direction Left Turn,N,Intersection Related,Right Turn Lane,Daylight,No Defects,"Two-way, Divided, Positive Median Barrier",Dry,Clear,Twelve o'clock,Passenger Car,Disabling,N,Moving Constant Speed,2015-02-04 7:56,48,38.30318989,-76.52077317,3,2,우회전 차선 사고,기타
3797,N,Apparently Normal,No Misuse,Y,No Injury,fdfc28d1-7919-46eb-bbcb-82baa3c1d275,D,ZR02910004,Shoulder/Lap Belt(s),F,e788e324-ef3c-44ab-ad41-d4589b67b5c4,Same Direction Rear End,N,Intersection Related,Right Turn Lane,Daylight,No Defects,"Two-way, Divided, Unprotected (painted >4 feet) Median",Dry,Clear,Twelve o'clock,Van,Functional,Y,Moving Constant Speed,2015-01-09 10:59,19,38.44630811,-76.74347699,3,2,우회전 차선 사고,기타
3798,N,Apparently Normal,No Misuse,N,No Injury,4c85e0d7-7518-43e9-81ac-1d36c1c682cd,D,ZR02910004,Shoulder/Lap Belt(s),M,9afecbdd-d0be-46d7-a01f-66e9a9d0579a,Same Direction Rear End,N,Intersection Related,Right Turn Lane,Daylight,No Defects,"Two-way, Divided, Unprotected (painted >4 feet) Median",Dry,Clear,Six o'clock,Pickup Truck,No Damage,N,Stopped in Traffic Lane,2015-01-09 10:59,47,38.44630811,-76.74347699,3,3,우회전 차선 사고,동일 방향 운행 중 추돌 사고
3799,N,Apparently Normal,No Misuse,N,No Injury,fdb4decc-f00c-4b8b-a8d0-a3c90b01f275,D,ZR02910007,Shoulder/Lap Belt(s),F,a7a7790d-10c1-4d13-b78b-73f57a74666b,Same Movement Angle,N,Intersection,Right Turn Lane,Daylight,No Defects,"Two-way, Not Divided",Snow,Clear,Twelve o'clock,Passenger Car,Disabling,N,Moving Constant Speed,2015-02-20 8:59,20,38.30563147,-76.79715872,3,0,우회전 차선 사고,기타
3800,N,Apparently Normal,No Misuse,Y,No Injury,dc8f2fcf-419a-402d-a71a-2a1ed0b991bf,D,ZR02910007,Shoulder/Lap Belt(s),M,541eec57-8fb6-4849-81a4-4c42064faee3,Same Movement Angle,N,Intersection,Right Turn Lane,Daylight,No Defects,"Two-way, Not Divided",Snow,Clear,Eight o'clock,Pickup Truck,Superficial,N,Making Left Turn,2015-02-20 8:59,80,38.30563147,-76.79715872,3,0,우회전 차선 사고,기타
3801,N,Apparently Normal,No Misuse,N,No Injury,56d959b5-1c8e-42f2-86d8-7300b9a95eef,D,ZR0296000G,Shoulder/Lap Belt(s),F,c52a7d56-245c-406b-855d-c70d8f62b883,Same Direction Rear End,N,Non Intersection,Right Turn Lane,Daylight,No Defects,"Two-way, Not Divided",Dry,Clear,Six o'clock,Passenger Car,Functional,N,Slowing or Stopping,2015-03-07 14:32,40,38.41390412,-76.76198155,2,1,기타,등속 주행 사고
3802,N,Apparently Normal,No Misuse,N,No Injury,648cb8bd-b5d1-4607-b2ee-bd8d699848d3,D,ZR0296000G,None  ,M,79279f28-5e6a-47d1-975f-9765b7c39783,Same Direction Rear End,N,Non Intersection,Right Turn Lane,Daylight,No Defects,"Two-way, Not Divided",Dry,Clear,Six o'clock,Van,Functional,N,Slowing or Stopping,2015-03-07 14:32,70,38.41390412,-76.76198155,2,1,기타,등속 주행 사고
3803,N,Apparently Normal,No Misuse,Y,No Injury,cc2a0540-1575-4777-8db1-a9b6778b6f3b,D,ZR0296000G,Shoulder/Lap Belt(s),M,81fbf60e-2f93-4617-8e8f-93b3893a1e26,Same Direction Rear End,N,Non Intersection,Right Turn Lane,Daylight,No Defects,"Two-way, Not Divided",Dry,Clear,Twelve o'clock,Pickup Truck,Disabling,N,Slowing or Stopping,2015-03-07 14:32,24,38.41390412,-76.76198155,2,1,기타,등속 주행 사고
3804,N,Apparently Normal,No Misuse,N,No Injury,8c667311-d9f0-45d6-a761-41ce76664f54,D,ZR0296000H,Shoulder/Lap Belt(s),F,160f920f-a260-4bee-83a1-2d8e73b0b0e7,Same Direction Rear End,N,Commercial Driveway,Right Turn Lane,Daylight,No Defects,"Two-way, Not Divided",Wet,Raining,Seven o'clock,Pickup Truck,Superficial,N,Stopped in Traffic Lane,2015-03-11 10:36,35,38.31522017,-76.66875601,4,3,빗길사고,기타
3805,N,Apparently Normal,No Misuse,N,No Injury,862ec532-f8c0-4322-aff8-3e601560e411,D,ZR0296000H,Shoulder/Lap Belt(s),F,e5a7d123-475f-45f5-baf7-92e549e84384,Same Direction Rear End,N,Commercial Driveway,Right Turn Lane,Daylight,No Defects,"Two-way, Not Divided",Wet,Raining,Six o'clock,Passenger Car,Functional,N,Slowing or Stopping,2015-03-11 10:36,18,38.31522017,-76.66875601,4,3,빗길사고,기타
3806,N,Apparently Normal,No Misuse,Y,No Injury,a2e34b81-b743-4e44-a42d-6f124c53aa5b,D,ZR0296000H,Shoulder/Lap Belt(s),F,b71853b5-e8bf-4fde-b409-05dc59dd92f9,Same Direction Rear End,N,Commercial Driveway,Right Turn Lane,Daylight,No Defects,"Two-way, Not Divided",Wet,Raining,Twelve o'clock,Passenger Car,Functional,N,Slowing or Stopping,2015-03-11 10:36,69,38.31522017,-76.66875601,4,3,빗길사고,기타
3807,N,Apparently Normal,No Misuse,Y,No Injury,43e3972d-47b9-4884-944b-e9468a41733c,D,ZR0296000J,Shoulder/Lap Belt(s),F,8b716a36-a42c-41b3-8ef5-f389af5b5d71,Same Movement Angle,N,Crossover Related,Right Turn Lane,Daylight,No Defects,"Two-way, Divided, Positive Median Barrier",Dry,Clear,Twelve o'clock,Passenger Car,Disabling,N,Making U Turn,2015-03-12 17:27,29,38.49311818,-76.77499563,3,0,우회전 차선 사고,기타
3808,Y,Apparently Normal,No Misuse,N,No Injury,3fce5e35-85f8-4000-a256-ad8a4608689e,D,ZR0296000J,Shoulder/Lap Belt(s),M,24b17b6d-090a-495f-9c3b-2346584ab938,Same Movement Angle,N,Crossover Related,Right Turn Lane,Daylight,No Defects,"Two-way, Divided, Positive Median Barrier",Dry,Clear,Eight o'clock,Transit Bus,Superficial,N,Moving Constant Speed,2015-03-12 17:27,40,38.49311818,-76.77499563,3,0,우회전 차선 사고,기타
3809,Y,Apparently Normal,No Misuse,N,No Injury,95ca2440-9e4f-4dee-bbff-e8d3deed7b99,D,ZR0296000K,Shoulder/Lap Belt(s),F,cfbf7cbd-f3d7-457e-abfd-9903372676c7,Single Vehicle ,N,Non Intersection,Right Turn Lane,Dark No Lights,No Defects,"Two-way, Not Divided",Dry,Cloudy,Twelve o'clock,School Bus,Superficial,N,Moving Constant Speed,2015-03-25 6:21,57,38.30323199,-76.51291832,2,2,기타,기타
3810,N,Apparently Normal,No Misuse,N,No Injury,d24ef90e-f706-4f1c-bca3-5bc903e00788,D,ZR02990005,Shoulder/Lap Belt(s),F,9820ea94-7530-44e7-94f1-58a8b063f6f8,Same Direction Sideswipe,N,Intersection Related,Acceleration Lane,Dawn,No Defects,"Two-way, Divided, Positive Median Barrier",Dry,Clear,Nine o'clock,(Sport) Utility Vehicle,Functional,N,Accelerating,2015-02-11 6:46,31,38.30321515,-76.5190807,1,1,좌회전 차선 사고,등속 주행 사고
3811,N,Apparently Normal,No Misuse,N,No Injury,abd992ba-a63b-47ad-82e4-76b0ded198ec,D,ZR03010008,Shoulder/Lap Belt(s),F,395bc3cc-f937-4840-8776-847f89bf4fa0,Same Movement Angle,N,Intersection,Right Turn Lane,Daylight,No Defects,"Two-way, Divided, Unprotected (painted >4 feet) Median",Dry,Clear,One o'clock,Passenger Car,Disabling,N,Slowing or Stopping,2015-01-30 15:31,31,38.29544366,-76.52861595,3,0,우회전 차선 사고,기타
3812,N,Apparently Normal,No Misuse,Y,No Injury,e39de917-e965-4192-9b51-11f436c5b4f6,D,ZR03010008,Shoulder/Lap Belt(s),M,2a3fde02-0c35-40fd-b7cf-b06554f08efe,Same Movement Angle,N,Intersection,Right Turn Lane,Daylight,No Defects,"Two-way, Divided, Unprotected (painted >4 feet) Median",Dry,Clear,Twelve o'clock,Passenger Car,Functional,N,Making Left Turn,2015-01-30 15:31,56,38.29544366,-76.52861595,3,0,우회전 차선 사고,기타
3813,N,Had Been Drinking,No Misuse,Y,No Injury,d0874c06-6af0-4d83-82bf-7f50cfe8d3da,D,ZR0303000B,Shoulder/Lap Belt(s),M,1a03502b-318f-4b09-bf80-8c244e9fc1b4,Same Movement Angle,N,Intersection,Right Turn Lane,Dark Lights On,No Defects,"Two-way, Not Divided",Wet,Clear,Twelve o'clock,Van,Functional,Y,Making Right Turn,2015-02-28 22:54,21,38.25365027,-76.43295765,3,0,우회전 차선 사고,기타
3814,N,Apparently Normal,No Misuse,N,No Injury,ceca5302-ec43-426e-806c-fbf53e4dfbd0,D,ZR0304000B,Shoulder/Lap Belt(s),M,3dadb185-c7a2-4140-9ff0-295a04de71d2,Same Movement Angle,N,Residential Driveway,Right Turn Lane,Daylight,No Defects,"Two-way, Not Divided",Wet,Raining,One o'clock,Van,Disabling,N,Moving Constant Speed,2015-02-02 11:43,18,38.28442596,-76.57069713,4,1,빗길사고,자차 사고
3815,N,Apparently Normal,No Misuse,Y,No Injury,0d919276-138c-4414-adb4-0ce7cb89973e,D,ZR03050006,Shoulder/Lap Belt(s),F,78b8f069-1760-46db-82fe-4b7b27c61f67,Same Direction Rear End,N,Intersection Related,Left Turn Lane,Dark Lights On,No Defects,"Two-way, Divided, Unprotected (painted >4 feet) Median",Dry,Clear,Twelve o'clock,(Sport) Utility Vehicle,Superficial,N,Starting From Lane,2015-01-20 17:22,46,38.3032825,-76.51864082,1,3,좌회전 차선 사고,감속 중 사고
3816,N,Apparently Normal,No Misuse,N,Non-incapacitating Injury,cb010e83-7be5-44a6-9ea3-567191a96294,D,ZR03050006,Shoulder/Lap Belt(s),F,8c3b6c8f-908c-459c-a6e0-e11a18a86778,Same Direction Rear End,N,Intersection Related,Left Turn Lane,Dark Lights On,No Defects,"Two-way, Divided, Unprotected (painted >4 feet) Median",Dry,Clear,Six o'clock,Passenger Car,Superficial,N,Stopped in Traffic Lane,2015-01-20 17:22,33,38.3032825,-76.51864082,1,2,좌회전 차선 사고,기타
3817,N,Apparently Normal,No Misuse,Y,No Injury,09b1b5fc-4acb-4d4c-aee7-e89845271245,D,ZR0305000B,Shoulder/Lap Belt(s),F,fd5ed97b-1b41-4049-9320-ac7a8326b7e5,Single Vehicle ,N,Non Intersection,Left Turn Lane,Dark Lights On,No Defects,"Two-way, Divided, Unprotected (painted >4 feet) Median",Dry,Clear,One o'clock,Passenger Car,Disabling,N,Moving Constant Speed,2015-03-22 21:38,26,38.25203158,-76.48601979,1,0,좌회전 차선 사고,등속 주행 중 측면 추돌 사고
3818,N,Apparently Normal,No Misuse,N,No Injury,fbb0b6de-cc77-44e4-96a1-b1521fec5d31,D,ZR03060005,Shoulder/Lap Belt(s),F,81f984c6-8b3c-4654-834e-ab9c5b76e642,Same Movement Angle,N,Intersection,Right Turn Lane,Dark Lights On,No Defects,"Two-way, Divided, Unprotected (painted >4 feet) Median",Dry,Clear,Twelve o'clock,Passenger Car,Superficial,N,Moving Constant Speed,2015-01-27 18:43,40,38.30823186,-76.53162807,3,0,우회전 차선 사고,기타
3819,N,Apparently Normal,No Misuse,Y,No Injury,d415efdf-dc58-4dce-8303-61de37fd29c2,D,ZR03060005,Shoulder/Lap Belt(s),F,202e7334-2203-466c-b67f-b88dee60af70,Same Movement Angle,N,Intersection,Right Turn Lane,Dark Lights On,No Defects,"Two-way, Divided, Unprotected (painted >4 feet) Median",Dry,Clear,Two o'clock,Van,Disabling,N,Accelerating,2015-01-27 18:43,49,38.30823186,-76.53162807,3,0,우회전 차선 사고,기타
3820,N,Apparently Normal,No Misuse,N,No Injury,a9cf0c58-c87f-4069-afdd-e4571aff9027,D,ZR03060006,Shoulder/Lap Belt(s),F,ed40393d-3d30-44ba-a60e-2765aabc29bd,Same Movement Angle,N,Commercial Driveway,Right Turn Lane,Daylight,No Defects,"Two-way, Not Divided",Wet,Cloudy,Twelve o'clock,Van,Disabling,N,Moving Constant Speed,2015-03-04 10:55,33,38.22552707,-76.51864886,4,1,빗길사고,자차 사고
3821,N,Apparently Normal,No Misuse,Y,No Injury,3018c774-b686-48ae-bbce-178a1d2b9cfe,D,ZR03060006,Shoulder/Lap Belt(s),M,08d281ff-acb2-459d-bb67-5dd24055be90,Same Movement Angle,N,Commercial Driveway,Right Turn Lane,Daylight,No Defects,"Two-way, Not Divided",Wet,Cloudy,Eight o'clock,Passenger Car,Disabling,N,Making Left Turn,2015-03-04 10:55,80,38.22552707,-76.51864886,4,1,빗길사고,자차 사고
3822,N,Apparently Normal,No Misuse,Y,No Injury,ae88e557-78a7-41c1-a2d6-ef7343d0fb97,D,ZR03090008,Shoulder/Lap Belt(s),F,64ba1d11-ecb4-4202-afbd-9cd2dd4570e4,Same Direction Rear End,N,Intersection Related,Acceleration Lane,Dark Lights On,No Defects,"Two-way, Divided, Unprotected (painted >4 feet) Median",Wet,Raining,Twelve o'clock,Pickup Truck,Disabling,N,Slowing or Stopping,2015-01-23 20:15,44,38.2943827,-76.50060296,4,3,빗길사고,기타
3823,N,Apparently Normal,No Misuse,N,No Injury,70efdcfe-c092-4c26-a4cc-3bcf915a55a9,D,ZR03090008,Shoulder/Lap Belt(s),M,cee2d3f9-e650-4f3a-9b8e-507a47daf149,Same Direction Rear End,N,Intersection Related,Acceleration Lane,Dark Lights On,No Defects,"Two-way, Divided, Unprotected (painted >4 feet) Median",Wet,Raining,Six o'clock,(Sport) Utility Vehicle,Functional,N,Stopped in Traffic Lane,2015-01-23 20:15,53,38.2943827,-76.50060296,4,3,빗길사고,기타
3824,N,Apparently Normal,No Misuse,N,No Injury,3f669d5e-86aa-404f-a36f-3a430efd4748,D,ZR03090008,Shoulder/Lap Belt(s),M,944b216a-e446-4b13-b7ce-cebaef31613b,Same Direction Rear End,N,Intersection Related,Acceleration Lane,Dark Lights On,No Defects,"Two-way, Divided, Unprotected (painted >4 feet) Median",Wet,Raining,Six o'clock,Passenger Car,Functional,N,Stopped in Traffic Lane,2015-01-23 20:15,29,38.2943827,-76.50060296,4,3,빗길사고,기타
3825,N,Apparently Normal,No Misuse,N,No Injury,3a28e576-dc52-44a4-a092-cc834d629ab3,D,ZR03090008,Shoulder/Lap Belt(s),M,98b0c60a-11d4-47f7-9bee-d71125c88333,Same Direction Rear End,N,Intersection Related,Acceleration Lane,Dark Lights On,No Defects,"Two-way, Divided, Unprotected (painted >4 feet) Median",Wet,Raining,Six o'clock,(Sport) Utility Vehicle,Disabling,N,Stopped in Traffic Lane,2015-01-23 20:15,23,38.2943827,-76.50060296,4,3,빗길사고,기타
3826,N,Apparently Normal,No Misuse,N,No Injury,ecde98ec-8e0e-4504-82a9-b24cced357b0,D,ZS65140004,Shoulder/Lap Belt(s),F,7ff0e463-c043-4068-be70-60200377cbbc,Same Direction Sideswipe,N,Intersection,Right Turn Lane,Daylight,No Defects,"Two-way, Not Divided",Dry,Clear,Five o'clock,Pickup Truck,No Damage,N,Slowing or Stopping,2015-03-08 16:20,54,38.27204839,-75.63520432,3,1,우회전 차선 사고,등속 주행 중 측면 추돌 사고
3827,N,Apparently Normal,No Misuse,Y,No Injury,bceb2783-058c-4a23-9f92-278f3708ddc8,D,ZS65260004,Shoulder/Lap Belt(s),F,cbfe835e-9bd8-47b6-8df7-3516ef80f7d3,Single Vehicle ,N,Non Intersection,Right Turn Lane,Daylight,No Defects,"Two-way, Not Divided",Ice,Foggy,One o'clock,Passenger Car,Disabling,N,Moving Constant Speed,2015-03-02 7:45,26,38.25995199,-75.66925764,0,0,눈길사고,감속 중 사고
3828,N,Apparently Normal,No Misuse,N,No Injury,6f3441a3-b2c4-4f13-b037-3ae163b10317,D,ZS65260005,Shoulder/Lap Belt(s),F,2d067060-b00c-47d6-9607-5c79af256854,Same Direction Rear End Left Turn,N,Intersection,Left Turn Lane,Daylight,No Defects,"Two-way, Not Divided",Wet,Raining,Six o'clock,Van,Functional,N,Starting From Lane,2015-03-30 8:15,34,38.08021515,-75.57605624,4,0,빗길사고,등속 주행 중 사고
3829,N,Apparently Normal,No Misuse,Y,No Injury,5b5372e3-a1c5-458a-b1cd-15475e6705c9,D,ZT00260005,Shoulder/Lap Belt(s),F,b3f9e3c0-8fb0-4d17-9144-c3669605a1f0,Single Vehicle ,N,Non Intersection,Right Turn Lane,Daylight,No Defects,"Two-way, Not Divided",Dry,Cloudy,Twelve o'clock,Passenger Car,Destroyed,N,Moving Constant Speed,2015-03-24 14:49,22,38.84878244,-75.94709158,2,2,기타,기타
3830,N,Apparently Normal,No Misuse,Y,No Injury,2179bab7-4037-4460-b5f4-4701de4d019c,D,ZU5368000R,Shoulder/Lap Belt(s),F,c113f971-c710-4f8a-8b3d-7139e88bf185,Same Direction Rear End,N,Non Intersection,Right Turn Lane,Daylight,No Defects,"Two-way, Not Divided",Dry,Clear,Twelve o'clock,Passenger Car,Disabling,N,Slowing or Stopping,2015-02-13 15:56,87,39.71606728,-77.72346497,2,1,기타,등속 주행 사고
3831,N,Apparently Normal,No Misuse,N,No Injury,a41f4a26-a074-4ccd-9889-1f72a5eefa45,D,ZU5368000R,Shoulder/Lap Belt(s),M,6c68cc45-762d-43ff-8d0f-2ca03c723f60,Same Direction Rear End,N,Non Intersection,Right Turn Lane,Daylight,No Defects,"Two-way, Not Divided",Dry,Clear,Six o'clock,(Sport) Utility Vehicle,Functional,N,Slowing or Stopping,2015-02-13 15:56,59,39.71606728,-77.72346497,2,1,기타,등속 주행 사고
3832,N,Apparently Normal,No Misuse,Y,No Injury,fadfeaf5-abbf-465e-a799-23fff172cd9b,D,ZU61770007,Shoulder/Lap Belt(s),F,c21c7beb-0ee3-43fa-a741-03baa51cec6b,Same Direction Rear End,N,Intersection Related,Right Turn Lane,Daylight,No Defects,"Two-way, Not Divided",Dry,Clear,Twelve o'clock,Passenger Car,Functional,N,Moving Constant Speed,2015-02-04 15:49,17,39.59252333,-77.82068667,3,2,우회전 차선 사고,기타
3833,N,Apparently Normal,No Misuse,N,No Injury,ab07a9ce-dd3a-4fcb-9fad-1fecec975fb1,D,ZU62480004,Shoulder/Lap Belt(s),F,a7211e11-4f37-4298-bd66-51bcd117ec8b,Same Direction Rear End,N,Intersection,Left Turn Lane,Daylight,No Defects,"Two-way, Not Divided",Wet,Clear,Twelve o'clock,(Sport) Utility Vehicle,Superficial,N,Stopped in Traffic Lane,2015-03-06 13:40,43,39.62143938,-77.755685,4,3,빗길사고,기타
3834,N,Apparently Normal,No Misuse,N,No Injury,5c466ba9-fd9d-4293-8522-8ec240e47c92,D,ZU62480004,Shoulder/Lap Belt(s),M,c0db7cbc-809c-4b1f-baf9-405bc117cce2,Same Direction Rear End,N,Intersection,Left Turn Lane,Daylight,No Defects,"Two-way, Not Divided",Wet,Clear,Twelve o'clock,Pickup Truck,Superficial,N,Stopped in Traffic Lane,2015-03-06 13:40,54,39.62143938,-77.755685,4,3,빗길사고,기타
3835,N,Apparently Normal,No Misuse,Y,No Injury,4010130f-ebd9-4b04-b9b2-cfc79f7a1019,D,ZU62970002,Shoulder/Lap Belt(s),F,9ee3a1d6-d626-4ee2-87db-8d2d2af5291d,Single Vehicle ,N,Non Intersection,Right Turn Lane,Dark No Lights,No Defects,"Two-way, Not Divided",Dry,Clear,Eleven o'clock,Passenger Car,Destroyed,Y,Moving Constant Speed,2015-01-10 2:30,48,39.67110223,-77.7481435,2,2,기타,기타
3836,N,Apparently Normal,No Misuse,N,No Injury,1ed9c0fc-eac4-4098-944d-b616ad7021b3,D,ZU65160001,Shoulder/Lap Belt(s),F,5b0269cd-ba78-4934-a33e-bc789a6b4711,Same Direction Rear End Left Turn,N,Non Intersection,Right Turn Lane,Dusk,No Defects,"Two-way, Not Divided",Wet,Raining,Six o'clock,(Sport) Utility Vehicle,Disabling,N,Making Left Turn,2015-02-09 15:46,51,39.5904032,-77.80790353,4,0,빗길사고,등속 주행 중 사고
3837,N,Apparently Normal,No Misuse,N,No Injury,863873ba-497b-4ddc-8947-353770c42c46,D,ZU72310002,Shoulder/Lap Belt(s),M,216eb9a0-2986-4107-b5de-6a2cce952bb4,Same Movement Angle,N,Intersection,Right Turn Lane,Daylight,Loose Surface Material,"Two-way, Not Divided",Snow,Blowing Snow,Eleven o'clock,Pickup Truck,Disabling,N,Moving Constant Speed,2015-02-17 7:51,47,39.63470155,-77.65964046,0,0,눈길사고,감속 중 사고
3838,N,Apparently Normal,No Misuse,N,No Injury,731f938a-33b6-4724-83f8-a53715f2405b,D,ZU76010004,Shoulder/Lap Belt(s),F,9f718721-cfe4-4b04-ab59-18f596d1699a,Same Direction Rear End,Y,Intersection Related,Right Turn Lane,Daylight,No Defects,"Two-way, Divided, Positive Median Barrier",Dry,Clear,Seven o'clock,Passenger Car,Superficial,Y,Stopped in Traffic Lane,2015-02-02 15:55,52,39.62069147,-77.67947406,3,3,우회전 차선 사고,동일 방향 운행 중 추돌 사고
3839,N,Apparently Normal,No Misuse,Y,No Injury,2357997f-58cc-4880-8f50-7f289eeab820,D,ZU76010007,Shoulder/Lap Belt(s),F,ba181333-dedf-4d2d-8fa5-df5899f8cc1d,Single Vehicle ,N,Non Intersection,Right Turn Lane,Dark No Lights,No Defects,"Two-way, Not Divided",Ice,Snow,Eleven o'clock,Passenger Car,Disabling,N,Slowing or Stopping,2015-02-14 19:12,28,39.48797923,-77.71425962,0,1,눈길사고,등속 주행 사고
3840,N,Apparently Normal,No Misuse,Y,No Injury,e0153c97-04f3-455e-8b7c-3d37a1bb732d,D,ZU77080008,Shoulder/Lap Belt(s),F,4922d3b2-2f2f-4fcc-b5e2-553232c381ca,Same Movement Angle,N,Intersection,Right Turn Lane,Dark Lights On,No Defects,"Two-way, Not Divided",Dry,Clear,Ten o'clock,(Sport) Utility Vehicle,Functional,N,Starting From Lane,2015-03-19 23:40,37,39.60902757,-77.70501137,3,0,우회전 차선 사고,기타
3841,N,Had Been Drinking,No Misuse,N,No Injury,d884dce1-7dcd-42d8-899a-10e36619eb16,D,ZU77080008,Shoulder/Lap Belt(s),F,5c0ee004-ed04-44a7-a5e2-7924fe5eed41,Same Movement Angle,N,Intersection,Right Turn Lane,Dark Lights On,No Defects,"Two-way, Not Divided",Dry,Clear,Twelve o'clock,Passenger Car,Disabling,N,Moving Constant Speed,2015-03-19 23:40,28,39.60902757,-77.70501137,3,0,우회전 차선 사고,기타
3842,N,Apparently Normal,No Misuse,Y,No Injury,e8b89db3-2df1-4951-9428-70807925f76d,D,ZU77800004,Shoulder/Lap Belt(s),F,9abb4edb-d11f-4203-9de0-483ec433e7c1,Single Vehicle ,N,Non Intersection,Right Turn Lane,Dark No Lights,No Defects,"Two-way, Not Divided",Snow,Snow,Eight o'clock,(Sport) Utility Vehicle,Disabling,N,Moving Constant Speed,2015-02-17 1:29,65,39.64224945,-77.9309907,0,0,눈길사고,감속 중 사고
3843,N,Apparently Normal,No Misuse,N,No Injury,72bc1d49-1b2b-415a-9c89-060c49fa9a96,D,ZU78500001,Shoulder/Lap Belt(s),F,6b8f1e10-d26b-48bb-9c0b-6ea1b7771b90,Same Direction Rear End,N,Intersection Related,Right Turn Lane,Daylight,No Defects,"Two-way, Not Divided",Dry,Clear,Six o'clock,Passenger Car,Disabling,N,Slowing or Stopping,2015-01-16 13:38,17,39.67605004,-77.71992445,3,3,우회전 차선 사고,동일 방향 운행 중 추돌 사고
3844,N,Apparently Normal,No Misuse,N,No Injury,ea2f485a-2516-449d-a6b8-d7765eef8d6e,D,ZU78500002,Shoulder/Lap Belt(s),F,bfffa78a-b868-4884-b101-d5b4a9385c2c,Same Movement Angle,N,Intersection,Right Turn Lane,Daylight,No Defects,"Two-way, Not Divided",Dry,Clear,Twelve o'clock,Passenger Car,Disabling,N,Accelerating,2015-01-28 8:20,43,39.6189167,-77.76342988,3,0,우회전 차선 사고,기타