KEY_INDEX,CDL_FLAG,CONDITION_CODE,EQUIP_PROB_CODE,FAULT_FLAG,INJ_SEVER_CODE,PERSON_ID,PERSON_TYPE,REPORT_NO,SAF_EQUIP_CODE,SEX_CODE,VEHICLE_ID,COLLISION_TYPE_CODE,C_M_ZONE_FLAG,JUNCTION_CODE,LANE_CODE,LIGHT_CODE,RD_COND_CODE,RD_DIV_CODE,SURF_COND_CODE,WEATHER_CODE,AREA_DAMAGED_CODE_MAIN,BODY_TYPE_CODE,DAMAGE_CODE,HIT_AND_RUN_FLAG,MOVEMENT_CODE,TIME,AGE,LATITUDE,LONGITUDE,CLUSTER,SECOND_LABEL,FIRST_LABEL,SECOND_LABELING
3845,N,Apparently Normal,No Misuse,Y,No Injury,5257bae8-cd77-45de-aef3-793b495369b5,D,ZU78500002,Shoulder/Lap Belt(s),F,624ec537-0df0-4d96-91da-9b76a0c5914a,Same Movement Angle,N,Intersection,Right Turn Lane,Daylight,No Defects,"Two-way, Not Divided",Dry,Clear,Ten o'clock,Passenger Car,Disabling,N,Moving Constant Speed,2015-01-28 8:20,61,39.6189167,-77.76342988,3,0,우회전 차선 사고,기타
3846,N,Apparently Normal,No Misuse,Y,No Injury,a1da679a-7ea9-4637-9f93-de9b9f00c087,D,ZVW238000D,Shoulder/Lap Belt(s),F,cb77c74c-9741-4f68-a274-bb94b07c52bb,Single Vehicle ,N,Non Intersection,Left Turn Lane,Dark No Lights,No Defects,"Two-way, Not Divided",Ice,Snow,One o'clock,Passenger Car,No Damage,N,Moving Constant Speed,2015-03-05 23:57,25,38.35943469,-75.57044506,0,0,눈길사고,감속 중 사고
3847,N,Apparently Normal,No Misuse,N,No Injury,b817c8e0-0cbc-48a3-a044-3ed6edf61a7b,D,ZVW249000C,Shoulder/Lap Belt(s),F,e9b5f5f8-999b-4405-80db-ed10f6296cda,Same Direction Rear End Left Turn,N,Non Intersection,Right Turn Lane,Dark No Lights,No Defects,"Two-way, Not Divided",Dry,Clear,Six o'clock,Passenger Car,Disabling,N,Stopped in Traffic Lane,2015-01-16 18:01,44,38.40169685,-75.67942858,2,0,기타,자차 사고
3848,N,Apparently Normal,No Misuse,Y,No Injury,433dfd36-2b44-478f-988f-aa61f65346dc,D,ZVW249000D,Shoulder/Lap Belt(s),F,3bd9939b-35eb-423d-8047-003c14b8dac2,Single Vehicle ,N,Non Intersection,Right Turn Lane,Dark No Lights,No Defects,"Two-way, Not Divided",Ice,Severe Winds,Twelve o'clock,(Sport) Utility Vehicle,Disabling,N,Moving Constant Speed,2015-02-15 0:41,17,38.39535699,-75.66071749,0,0,눈길사고,감속 중 사고
3849,N,Apparently Normal,No Misuse,Y,No Injury,ab332a8f-5fdd-4d59-a4c4-395bafea9c82,D,ZVW2910008,Shoulder/Lap Belt(s),F,1b79dfdc-4aa0-427d-a280-aa534db93e6b,Same Direction Rear End Left Turn,N,Crossover Related,Right Turn Lane,Daylight,No Defects,"Two-way, Divided, Positive Median Barrier",Dry,Clear,Twelve o'clock,Passenger Car,Functional,N,Slowing or Stopping,2015-02-13 11:35,52,38.45557153,-75.55707693,3,1,우회전 차선 사고,등속 주행 중 측면 추돌 사고
3850,N,Apparently Normal,No Misuse,N,Non-incapacitating Injury,4b720f18-125a-436d-9d00-9669961faf56,D,ZVW2910008,Shoulder/Lap Belt(s),M,30a27461-980b-4b5d-a927-6249c4a60574,Same Direction Rear End Left Turn,N,Crossover Related,Right Turn Lane,Daylight,No Defects,"Two-way, Divided, Positive Median Barrier",Dry,Clear,Six o'clock,Passenger Car,Functional,N,Stopped in Traffic Lane,2015-02-13 11:35,43,38.45557153,-75.55707693,3,1,우회전 차선 사고,등속 주행 중 측면 추돌 사고
3851,N,Apparently Normal,No Misuse,Y,No Injury,fb142e93-c216-4099-bc1f-6f14057f10f8,D,ZW00440005,Shoulder/Lap Belt(s),F,2c6c64ed-17ca-4fcb-861b-2818243ef0ad,Single Vehicle ,N,Intersection,Right Turn Lane,Dark No Lights,No Defects,"Two-way, Not Divided",Dry,Clear,Twelve o'clock,Passenger Car,Superficial,N,Moving Constant Speed,2015-02-14 5:58,45,38.21073694,-75.45032501,3,2,우회전 차선 사고,기타
3852,N,Apparently Normal,No Misuse,Y,No Injury,3b69376a-2f6b-4b6c-8054-3d33b43929c0,D,ZW00450008,Shoulder/Lap Belt(s),F,449e7115-0015-4c1d-975c-6c8b03d8d178,Single Vehicle ,N,Non Intersection,Right Turn Lane,Daylight,No Defects,"Two-way, Not Divided",Wet,Raining,Six o'clock,Passenger Car,Disabling,N,Moving Constant Speed,2015-03-26 16:27,18,38.240537,-75.175901,4,2,빗길사고,동일 방향 운행 중 추돌 사고
3853,N,Apparently Normal,No Misuse,N,No Injury,ca147157-0ec9-4081-82a1-fa429ec8b6b1,D,ZW00630007,Shoulder/Lap Belt(s),F,d2199809-c92c-489e-a48a-6f2007f68823,Single Vehicle ,N,Non Intersection,Right Turn Lane,Daylight,No Defects,"Two-way, Not Divided",Wet,Raining,Twelve o'clock,(Sport) Utility Vehicle,Disabling,N,Moving Constant Speed,2015-02-10 7:40,29,38.30436667,-75.17713333,4,2,빗길사고,동일 방향 운행 중 추돌 사고
3854,N,Apparently Normal,No Misuse,N,No Injury,e3ad02be-1cda-4c30-8eef-d06c0cbc2eb8,D,ZW0130000G,Shoulder/Lap Belt(s),F,74f85b95-8027-48fd-ac30-8a3922717d61,Same Direction Rear End,N,Intersection,Right Turn Lane,Daylight,No Defects,"Two-way, Divided, Unprotected (painted >4 feet) Median",Dry,Clear,Seven o'clock,Passenger Car,Functional,N,Stopped in Traffic Lane,2015-02-13 7:54,69,38.380787,-75.169708,3,3,우회전 차선 사고,동일 방향 운행 중 추돌 사고
3855,N,Apparently Normal,No Misuse,N,Possible Incapacitating Injury,2702c938-c444-42fb-8d91-2adc8ace9742,D,ZW0130000G,Shoulder/Lap Belt(s),F,bf0035f6-6ac0-4200-a5b7-6a363f95c41f,Same Direction Rear End,N,Intersection,Right Turn Lane,Daylight,No Defects,"Two-way, Divided, Unprotected (painted >4 feet) Median",Dry,Clear,Five o'clock,Passenger Car,Disabling,N,Stopped in Traffic Lane,2015-02-13 7:54,35,38.380787,-75.169708,3,3,우회전 차선 사고,동일 방향 운행 중 추돌 사고
3856,N,Apparently Normal,No Misuse,Y,No Injury,748b15b3-7302-4dbd-a253-457ad1059973,D,ZW0130000G,Shoulder/Lap Belt(s),M,2a7f6cd7-917e-4304-bb37-1cda29ce34d7,Same Direction Rear End,N,Intersection,Right Turn Lane,Daylight,No Defects,"Two-way, Divided, Unprotected (painted >4 feet) Median",Dry,Clear,Eleven o'clock,(Sport) Utility Vehicle,Disabling,N,Moving Constant Speed,2015-02-13 7:54,28,38.380787,-75.169708,3,2,우회전 차선 사고,기타
3857,N,Apparently Normal,No Misuse,N,No Injury,b21412bf-5b67-4d0a-a624-35e1d03a6a8d,D,ZW0152000C,Shoulder/Lap Belt(s),F,49a85d1f-8251-47da-be0c-fa0713544662,Single Vehicle ,N,Non Intersection,Right Turn Lane,Daylight,No Defects,"Two-way, Not Divided",Ice,Sleet,Twelve o'clock,Pickup Truck,Disabling,N,Moving Constant Speed,2015-02-10 9:41,20,38.044036,-75.448379,0,0,눈길사고,감속 중 사고
3858,N,Apparently Normal,No Misuse,Y,Non-incapacitating Injury,7800ca59-1a86-45b5-9245-45a7daa9b38c,D,AC0993000D,Shoulder/Lap Belt(s),F,b46520ca-03ce-4e6c-adbb-78dc8653621a,Single Vehicle ,N,Non Intersection,Right Turn Lane,Dark Lights On,Foreign Material,"Two-way, Divided, Positive Median Barrier",Snow,Snow,Eleven o'clock,Passenger Car,Functional,N,Moving Constant Speed,2015-01-06 6:39,26,39.15915809,-76.71863437,0,0,눈길사고,감속 중 사고
3859,N,Apparently Normal,No Misuse,Y,Non-incapacitating Injury,260bf091-e42d-40a0-93bf-81e9e8df543a,D,AC0993000K,Shoulder/Lap Belt(s),F,3b715642-4369-4b0c-8efe-2705fbb34eb5,Head On Left Turn,N,Intersection,Right Turn Lane,Daylight,No Defects,"Two-way, Not Divided",Wet,Raining,One o'clock,Passenger Car,Disabling,N,Making Left Turn,2015-03-04 9:24,81,39.15816811,-76.51730776,4,0,빗길사고,등속 주행 중 사고
3860,N,Apparently Normal,No Misuse,N,No Injury,aa6885df-cdd1-4823-a776-9e0d489ed0da,D,AC0993000K,Shoulder/Lap Belt(s),M,fcb4e671-437a-4a91-a356-d4424e15733d,Head On Left Turn,N,Intersection,Right Turn Lane,Daylight,No Defects,"Two-way, Not Divided",Wet,Raining,Twelve o'clock,Passenger Car,Functional,N,Moving Constant Speed,2015-03-04 9:24,45,39.15816811,-76.51730776,4,2,빗길사고,동일 방향 운행 중 추돌 사고
3861,N,Apparently Normal,No Misuse,Y,Non-incapacitating Injury,7f8dc481-16cd-457b-b43b-d0cc3fbe54b9,D,AC1028000K,Shoulder/Lap Belt(s),F,ad42abe5-5bad-4e54-b23e-8008a35a7115,Single Vehicle ,N,Non Intersection,Left Turn Lane,Dawn,No Defects,"Two-way, Divided, Positive Median Barrier",Ice,Cloudy,Twelve o'clock,(Sport) Utility Vehicle,Destroyed,N,Moving Constant Speed,2015-02-22 7:44,23,39.07704247,-76.66946411,0,0,눈길사고,감속 중 사고
3862,N,Apparently Normal,No Misuse,N,Non-incapacitating Injury,de0b1526-8439-4939-9152-c407784048e4,D,AC1052000K,Shoulder/Lap Belt(s),M,da59d567-bbde-46a3-9198-4a2f015295f3,Head On Left Turn,N,Intersection,Right Turn Lane,Dark Lights On,No Defects,"Two-way, Divided, Positive Median Barrier",Dry,Clear,Twelve o'clock,Passenger Car,Disabling,N,Moving Constant Speed,2015-01-07 7:00,51,39.20751672,-76.6416843,3,2,우회전 차선 사고,기타
3863,N,Apparently Normal,No Misuse,N,Non-incapacitating Injury,a285cb00-ab83-4de7-85a9-edd1b6b6304a,D,AC1052000L,Shoulder/Lap Belt(s),F,129b2774-198f-42cc-8bb7-1e692b24e193,Same Direction Rear End,N,Intersection,Right Turn Lane,Daylight,"Holes, Ruts, Etc.","Two-way, Not Divided",Dry,Clear,Six o'clock,Passenger Car,Superficial,N,Stopped in Traffic Lane,2015-01-15 16:41,52,39.20326036,-76.6534996,3,3,우회전 차선 사고,동일 방향 운행 중 추돌 사고
3864,N,Apparently Normal,No Misuse,Y,Possible Incapacitating Injury,184294a3-6dad-4b3c-a991-42997970a376,D,AC1052000L,Shoulder/Lap Belt(s),F,767e1a1b-479e-4f80-973f-078219da7209,Same Direction Rear End,N,Intersection,Right Turn Lane,Daylight,"Holes, Ruts, Etc.","Two-way, Not Divided",Dry,Clear,Twelve o'clock,Passenger Car,Superficial,N,Slowing or Stopping,2015-01-15 16:41,24,39.20326036,-76.6534996,3,3,우회전 차선 사고,동일 방향 운행 중 추돌 사고
3865,N,Apparently Normal,No Misuse,Y,No Injury,df048713-e583-4ae7-897c-6afea8136bdc,D,AC1052000L,Shoulder/Lap Belt(s),M,4529247d-b1a0-4727-bc88-a55c879b71ee,Same Direction Rear End,N,Intersection,Right Turn Lane,Daylight,"Holes, Ruts, Etc.","Two-way, Not Divided",Dry,Clear,Twelve o'clock,"Cargo Van/Light Truck 2 axles (10,000 lbs (4,536 kg) or less)",Superficial,N,Slowing or Stopping,2015-01-15 16:41,22,39.20326036,-76.6534996,3,3,우회전 차선 사고,동일 방향 운행 중 추돌 사고
3866,N,Apparently Normal,No Misuse,Y,Non-incapacitating Injury,a9598748-d934-4352-9546-ae41c9073b4c,D,AC1187000K,None  ,F,42fd2acc-3ecc-4a8d-ad21-42ac8c7a6163,Head On Left Turn,N,Intersection,Right Turn Lane,Daylight,No Defects,"Two-way, Not Divided",Dry,Clear,One o'clock,(Sport) Utility Vehicle,Destroyed,N,Making Left Turn,2015-03-26 17:20,70,39.03498624,-76.45055294,3,1,우회전 차선 사고,등속 주행 중 측면 추돌 사고
3867,N,Apparently Normal,No Misuse,N,No Injury,e4b5963d-7133-4f10-b294-5262463e390d,D,AC1187000K,Shoulder/Lap Belt(s),M,26fb4b5d-6be3-479a-bfac-900f8e5ce875,Head On Left Turn,N,Intersection,Right Turn Lane,Daylight,No Defects,"Two-way, Not Divided",Dry,Clear,Twelve o'clock,(Sport) Utility Vehicle,Destroyed,N,Moving Constant Speed,2015-03-26 17:20,35,39.03498624,-76.45055294,3,2,우회전 차선 사고,기타
3868,N,Apparently Normal,No Misuse,Y,Non-incapacitating Injury,c0b52d21-5aa5-42bb-93c9-eed6c45410de,D,AC1245000T,Shoulder/Lap Belt(s),F,418b04e9-742f-4198-8a68-adc0dbfbd9f8,Single Vehicle ,N,Non Intersection,Right Turn Lane,Daylight,No Defects,"Two-way, Not Divided",Ice,Clear,Twelve o'clock,(Sport) Utility Vehicle,Disabling,N,Moving Constant Speed,2015-03-07 9:59,50,38.9570895,-76.62614107,2,2,기타,기타
3869,N,Apparently Normal,No Misuse,N,Non-incapacitating Injury,8e85e8ff-1591-464c-9ecb-92a4a4455c8b,D,AC13730017,Shoulder/Lap Belt(s),F,536afdd8-bd75-4b80-844c-3d7d85e118db,Same Direction Rear End,N,Intersection,Right Turn Lane,Dark Lights On,No Defects,"Two-way, Divided, Unprotected (painted >4 feet) Median",Dry,Clear,Six o'clock,(Sport) Utility Vehicle,Disabling,N,Stopped in Traffic Lane,2015-01-07 17:26,57,39.1281606,-76.54378116,3,3,우회전 차선 사고,동일 방향 운행 중 추돌 사고
3870,N,Apparently Normal,No Misuse,Y,Non-incapacitating Injury,dae4a584-cf7c-4f85-ae60-a751732b85c4,D,AC13730017,Shoulder/Lap Belt(s),M,a963d50a-904f-4def-9bfe-02e75c934ad2,Same Direction Rear End,N,Intersection,Right Turn Lane,Dark Lights On,No Defects,"Two-way, Divided, Unprotected (painted >4 feet) Median",Dry,Clear,Twelve o'clock,Van,Disabling,N,Moving Constant Speed,2015-01-07 17:26,86,39.1281606,-76.54378116,3,2,우회전 차선 사고,기타
3871,N,Apparently Normal,No Misuse,Y,Non-incapacitating Injury,1a317825-c93c-401f-93e1-0abcf6f46ea7,D,AC14120019,Shoulder/Lap Belt(s),F,b642e559-670b-4e46-871d-dcdaabe68be0,Same Direction Rear End,N,Non Intersection,Right Turn Lane,Daylight,No Defects,"Two-way, Not Divided",Dry,Cloudy,Twelve o'clock,"Other Light Trucks (10,000 lbs (4,536 kg))",Disabling,N,Slowing or Stopping,2015-03-25 16:14,28,39.086925,-76.60516833,2,1,기타,등속 주행 사고
3872,Y,Apparently Normal,No Misuse,N,No Injury,833a6cf3-ca9d-441d-9734-5ca0a3e9c4f1,D,AC14120019,Shoulder/Lap Belt(s),M,c70b3336-fa0e-4788-8dbc-1156512b19f2,Same Direction Rear End,N,Non Intersection,Right Turn Lane,Daylight,No Defects,"Two-way, Not Divided",Dry,Cloudy,Six o'clock,School Bus,Superficial,N,Stopped in Traffic Lane,2015-03-25 16:14,49,39.086925,-76.60516833,2,0,기타,자차 사고
3873,N,Apparently Normal,Air Bag Failed,N,Non-incapacitating Injury,32aeb137-304c-41cf-850c-a7b069a7cab7,D,AC1552000T,Shoulder/Lap Belt(s),F,012d8983-8248-4a74-be5d-35f920593a21,Single Vehicle ,N,Intersection,Right Turn Lane,Daylight,No Defects,"Two-way, Not Divided",Dry,Clear,Twelve o'clock,Pickup Truck,Functional,N,Moving Constant Speed,2015-02-25 17:04,49,39.13409323,-76.63140745,3,2,우회전 차선 사고,기타
3874,N,Apparently Normal,No Misuse,Y,Non-incapacitating Injury,5ec0ae25-cfc1-484c-a753-860a8f0f79ee,D,AC1639000F,Shoulder/Lap Belt(s),F,d107895d-16c1-4483-b1e2-b5f967b2ec57,Single Vehicle ,N,Non Intersection,Left Turn Lane,Dark Lights On,No Defects,"Two-way, Divided, Positive Median Barrier",Snow,Snow,Twelve o'clock,Passenger Car,Destroyed,N,Moving Constant Speed,2015-02-16 20:40,30,39.15808492,-76.71759367,0,0,눈길사고,감속 중 사고
3875,N,Apparently Normal,No Misuse,Y,Non-incapacitating Injury,96cde732-c94b-42ae-bf72-d70879685c24,D,AC1668000M,Shoulder/Lap Belt(s),F,eda787a4-6bed-454c-993e-81052ff92a15,Single Vehicle ,N,Non Intersection,Right Turn Lane,Dark Lights On,Foreign Material,"Two-way, Divided, Positive Median Barrier",Snow,Blowing Snow,Six o'clock,Passenger Car,Disabling,N,Moving Constant Speed,2015-02-16 20:37,50,39.10160811,-76.62871599,0,0,눈길사고,감속 중 사고
3876,N,Apparently Normal,No Misuse,Y,Non-incapacitating Injury,ea117ea2-391d-4a8d-88b4-030c239c7a40,D,AC17820013,Shoulder/Lap Belt(s),M,23f3d6e9-a142-4e81-8284-b83da8f12199,Same Movement Angle,N,Intersection,Right Turn Lane,Daylight,No Defects,"Two-way, Not Divided",Wet,Cloudy,Twelve o'clock,(Sport) Utility Vehicle,Disabling,N,Making Left Turn,2015-01-22 10:22,35,39.17474962,-76.59757138,4,1,빗길사고,자차 사고
3877,N,Apparently Normal,No Misuse,N,Non-incapacitating Injury,26b02421-6c99-4250-8da7-b592b41ebb9b,D,AC1793000F,Shoulder/Lap Belt(s),F,3eff18ab-f9b2-499c-8249-615cc2fb6e34,Head On Left Turn,N,Intersection,Right Turn Lane,Daylight,No Defects,"Two-way, Divided, Positive Median Barrier",Dry,Clear,Twelve o'clock,Passenger Car,Disabling,N,Moving Constant Speed,2015-01-19 10:10,53,38.97906136,-76.53988123,3,2,우회전 차선 사고,기타
3878,N,Apparently Normal,No Misuse,Y,Non-incapacitating Injury,a9185e4e-2ebf-440e-8fb5-d596bcf0fba9,D,AC1856000K,Shoulder/Lap Belt(s),F,fb145058-eb35-43ae-8938-649a63c04b62,Single Vehicle ,N,Non Intersection,Right Turn Lane,Daylight,No Defects,"Two-way, Divided, Positive Median Barrier",Ice,Snow,Twelve o'clock,Passenger Car,Disabling,N,Skidding,2015-01-06 8:33,32,39.17137092,-76.63955318,0,2,눈길사고,미끌어짐에 의한 사고
3879,N,Apparently Normal,No Misuse,N,Non-incapacitating Injury,99b7dfac-8baf-4fa7-8f77-13845aefef8f,D,AC18660010,Shoulder/Lap Belt(s),F,bca79517-9624-4212-87bf-d8e8c8e3fa45,Same Direction Rear End,N,Intersection,Right Turn Lane,Daylight,No Defects,"Two-way, Not Divided",Dry,Cloudy,Six o'clock,Passenger Car,Superficial,N,Slowing or Stopping,2015-01-14 12:35,63,39.14429667,-76.525185,3,3,우회전 차선 사고,동일 방향 운행 중 추돌 사고
3880,N,Apparently Normal,No Misuse,N,No Injury,7bbbfc9d-29e2-4865-90b6-2a51829717db,D,AC18660010,Shoulder/Lap Belt(s),M,f1feabf8-6d59-46d0-98ed-22ab506f47e5,Same Direction Rear End,N,Intersection,Right Turn Lane,Daylight,No Defects,"Two-way, Not Divided",Dry,Cloudy,Twelve o'clock,Passenger Car,Functional,N,Slowing or Stopping,2015-01-14 12:35,84,39.14429667,-76.525185,3,3,우회전 차선 사고,동일 방향 운행 중 추돌 사고
3881,N,Apparently Normal,No Misuse,Y,No Injury,be840a6d-8d9f-470c-a319-0ec34b189d07,D,AC18660010,Shoulder/Lap Belt(s),M,70da57c0-8b5b-4ce1-9ad7-9e847b616300,Same Direction Rear End,N,Intersection,Right Turn Lane,Daylight,No Defects,"Two-way, Not Divided",Dry,Cloudy,Twelve o'clock,Passenger Car,Disabling,N,Moving Constant Speed,2015-01-14 12:35,63,39.14429667,-76.525185,3,2,우회전 차선 사고,기타
3882,N,Apparently Normal,No Misuse,N,Non-incapacitating Injury,23e4f19b-a865-44fc-aa92-9f85fc235af6,D,AC1975000T,Shoulder/Lap Belt(s),F,1510efbc-0089-4ed0-9c6a-a4d5bf2c4005,Same Direction Rear End,N,Non Intersection,Left Turn Lane,Dark Lights On,No Defects,"Two-way, Not Divided",Dry,Clear,Six o'clock,Passenger Car,Disabling,N,Starting From Lane,2015-03-25 5:24,55,39.15842393,-76.69410557,1,3,좌회전 차선 사고,감속 중 사고
3883,N,Apparently Normal,No Misuse,Y,No Injury,57ccb8ee-2e33-4f9a-aa7b-aa37d6b9cd5c,D,AC1975000T,Shoulder/Lap Belt(s),M,89c64d6b-47f4-432c-902b-c70ba32a7119,Same Direction Rear End,N,Non Intersection,Left Turn Lane,Dark Lights On,No Defects,"Two-way, Not Divided",Dry,Clear,Twelve o'clock,"Cargo Van/Light Truck 2 axles (10,000 lbs (4,536 kg) or less)",Functional,N,Moving Constant Speed,2015-03-25 5:24,24,39.15842393,-76.69410557,1,0,좌회전 차선 사고,등속 주행 중 측면 추돌 사고
3884,N,Apparently Normal,No Misuse,Y,Non-incapacitating Injury,21e624d6-8116-48da-83c5-bc2c9860bb7e,D,AC19900010,Shoulder/Lap Belt(s),F,261b5a7f-dfc0-4d64-96a5-8e0cc1562546,Single Vehicle ,N,Non Intersection,Right Turn Lane,Daylight,No Defects,"Two-way, Not Divided",Ice,Cloudy,Ten o'clock,Passenger Car,Functional,N,Slowing or Stopping,2015-01-07 12:04,61,39.02100083,-76.68186128,0,1,눈길사고,등속 주행 사고
3885,N,Apparently Normal,No Misuse,N,No Injury,b6db24fd-6a0b-4e14-a3fa-a151a4a4c3b9,D,AC19900012,Shoulder/Lap Belt(s),M,6d9b40a0-5e74-41b8-a783-7c5746499120,Same Movement Angle,N,Intersection,Right Turn Lane,Daylight,No Defects,"Two-way, Divided, Unprotected (painted >4 feet) Median",Wet,Cloudy,Ten o'clock,Passenger Car,Disabling,N,Moving Constant Speed,2015-01-27 7:28,39,39.16195227,-76.67336747,4,1,빗길사고,자차 사고
3886,N,Apparently Normal,No Misuse,N,Non-incapacitating Injury,6dc7d129-3be0-461b-8870-534ed43a5cf4,D,AC1991001B,Shoulder/Lap Belt(s),F,c9960d34-4657-4bcf-baaf-0c283be0963c,Same Movement Angle,N,Intersection,Left Turn Lane,Dark Lights On,No Defects,"Two-way, Divided, Positive Median Barrier",Dry,Clear,Nine o'clock,Passenger Car,Disabling,N,Moving Constant Speed,2015-02-25 21:13,51,39.05413,-76.66006667,1,0,좌회전 차선 사고,등속 주행 중 측면 추돌 사고
3887,N,Apparently Normal,No Misuse,Y,No Injury,96f888bd-9518-46fc-a23a-751fa27a5f25,D,AC1991001B,Shoulder/Lap Belt(s),M,a099e032-2fbe-456b-9246-20786aee7721,Same Movement Angle,N,Intersection,Left Turn Lane,Dark Lights On,No Defects,"Two-way, Divided, Positive Median Barrier",Dry,Clear,Twelve o'clock,Pickup Truck,Disabling,N,Accelerating,2015-02-25 21:13,18,39.05413,-76.66006667,1,1,좌회전 차선 사고,등속 주행 사고
3888,N,Apparently Normal,No Misuse,N,Non-incapacitating Injury,ac3408a4-2962-41c1-8b9d-8a0d5e926193,D,AC20090012,Shoulder/Lap Belt(s),F,7e57c13e-5127-4fbb-ae87-cf19610dcbdb,Head On Left Turn,N,Intersection Related,Right Turn Lane,Dark Lights On,No Defects,"Two-way, Divided, Unprotected (painted >4 feet) Median",Dry,Clear,Eleven o'clock,Passenger Car,Disabling,N,Moving Constant Speed,2015-02-19 18:31,63,39.130055,-76.71578333,3,2,우회전 차선 사고,기타
3889,N,Apparently Normal,No Misuse,Y,No Injury,a5e70d96-55de-41c4-aa6e-c1e71e6a4856,D,AC20090012,Shoulder/Lap Belt(s),M,c77feeab-a737-4db7-a81c-7ae122e6b91d,Head On Left Turn,N,Intersection Related,Right Turn Lane,Dark Lights On,No Defects,"Two-way, Divided, Unprotected (painted >4 feet) Median",Dry,Clear,Twelve o'clock,Passenger Car,Destroyed,N,Making Left Turn,2015-02-19 18:31,22,39.130055,-76.71578333,3,1,우회전 차선 사고,등속 주행 중 측면 추돌 사고
3890,N,Apparently Normal,No Misuse,Y,Non-incapacitating Injury,e3dc63d8-a62c-4fb7-bdff-8f18e56af0d3,D,AC2030000S,Shoulder/Lap Belt(s),F,01dcc0f9-e488-4376-8d98-6e7c1166d55b,Same Direction Rear End,N,Non Intersection,Right Turn Lane,Dark - Unknown Lighting,No Defects,"Two-way, Not Divided",Dry,Clear,Twelve o'clock,Passenger Car,Functional,N,Slowing or Stopping,2015-03-19 6:42,59,39.00830488,-76.67953849,2,1,기타,등속 주행 사고
3891,N,Apparently Normal,No Misuse,N,Non-incapacitating Injury,4e45ad30-d737-4dbd-9106-9e9ab748b26f,D,ADE2510001,Shoulder/Lap Belt(s),F,73c964a6-c646-411f-9a5c-562f0020fb25,Same Direction Left Turn,N,Intersection,Right Turn Lane,Daylight,No Defects,"Two-way, Divided, Positive Median Barrier",Dry,Clear,Twelve o'clock,Passenger Car,Disabling,N,Moving Constant Speed,2015-01-28 15:48,59,39.3108673,-76.62521839,3,2,우회전 차선 사고,기타
3892,N,Apparently Normal,No Misuse,Y,Non-incapacitating Injury,a1cfd271-bdfc-43e7-9baa-7a8c409970fc,D,ADE3350003,Shoulder/Lap Belt(s),F,3678cdee-82d1-4eb7-a19e-b4f67931e0db,Same Movement Angle,N,Intersection,Acceleration Lane,Dark Lights On,No Defects,"Two-way, Divided, Positive Median Barrier",Wet,Raining,One o'clock,Passenger Car,Disabling,N,Accelerating,2015-01-24 1:35,28,39.34548269,-76.6966939,4,1,빗길사고,자차 사고
3893,N,Apparently Normal,No Misuse,N,Non-incapacitating Injury,852814ca-e59c-4e78-bc22-e8a043002408,D,ADE3350003,Shoulder/Lap Belt(s),M,7e0ef666-ebbf-4934-8d19-c8a096185bbb,Same Movement Angle,N,Intersection,Acceleration Lane,Dark Lights On,No Defects,"Two-way, Divided, Positive Median Barrier",Wet,Raining,Eleven o'clock,Passenger Car,Disabling,N,Moving Constant Speed,2015-01-24 1:35,24,39.34548269,-76.6966939,4,1,빗길사고,자차 사고
3894,N,Apparently Normal,No Misuse,N,Non-incapacitating Injury,f6ddba11-a489-48dd-b88c-55b33e1f18e6,D,ADE3350004,Shoulder/Lap Belt(s),F,63615a33-9b37-4db7-9595-7fc0bd8a41ba,Same Direction Rear End,N,Non Intersection,Right Turn Lane,Dark Lights On,No Defects,"Two-way, Not Divided",Dry,Clear,Six o'clock,Passenger Car,Superficial,N,Slowing or Stopping,2015-02-08 2:20,38,39.31092541,-76.6946125,2,1,기타,등속 주행 사고
3895,N,Apparently Normal,No Misuse,N,Non-incapacitating Injury,d94c706a-c1f3-4199-8941-783a09ffc64a,D,ADE7460006,Shoulder/Lap Belt(s),F,cf1de7d7-f2b6-4c28-b775-3b0a7e150286,Same Movement Angle,N,Intersection,Right Turn Lane,Dark Lights On,No Defects,One-way Trafficway,Dry,Clear,Ten o'clock,(Sport) Utility Vehicle,Disabling,N,Moving Constant Speed,2015-01-22 17:17,48,39.31114124,-76.61658168,3,0,우회전 차선 사고,기타
3896,N,Apparently Normal,No Misuse,N,Non-incapacitating Injury,8592b099-71f1-442a-9858-ea4c652ade0f,D,ADF2280003,Shoulder/Lap Belt(s),F,77413058-46ed-4bb7-85d0-79d68731b153,Same Direction Rear End Right Turn,N,Intersection,Left Turn Lane,Dark Lights On,No Defects,"Two-way, Not Divided",Dry,Clear,Six o'clock,Passenger Car,Functional,N,Slowing or Stopping,2015-02-27 23:15,51,39.33068341,-76.65989935,1,3,좌회전 차선 사고,감속 중 사고
3897,N,Apparently Normal,No Misuse,Y,Non-incapacitating Injury,d4a9a68c-b9de-4353-a0d1-ef6574452adf,D,ADF2280003,Shoulder/Lap Belt(s),F,51d19814-db96-42f0-b81e-f43fc9d3e1e1,Same Direction Rear End Right Turn,N,Intersection,Left Turn Lane,Dark Lights On,No Defects,"Two-way, Not Divided",Dry,Clear,Twelve o'clock,Passenger Car,Disabling,N,Slowing or Stopping,2015-02-27 23:15,67,39.33068341,-76.65989935,1,3,좌회전 차선 사고,감속 중 사고