KEY_INDEX,CDL_FLAG,CONDITION_CODE,EQUIP_PROB_CODE,FAULT_FLAG,INJ_SEVER_CODE,PERSON_ID,PERSON_TYPE,REPORT_NO,SAF_EQUIP_CODE,SEX_CODE,VEHICLE_ID,COLLISION_TYPE_CODE,C_M_ZONE_FLAG,JUNCTION_CODE,LANE_CODE,LIGHT_CODE,RD_COND_CODE,RD_DIV_CODE,SURF_COND_CODE,WEATHER_CODE,AREA_DAMAGED_CODE_MAIN,BODY_TYPE_CODE,DAMAGE_CODE,HIT_AND_RUN_FLAG,MOVEMENT_CODE,TIME,AGE,LATITUDE,LONGITUDE,CLUSTER,SECOND_LABEL,FIRST_LABEL,SECOND_LABELING
3898,N,Apparently Normal,No Misuse,N,Non-incapacitating Injury,b146c621-700a-43a0-ade5-b2e886b78f71,D,ADF783000C,Shoulder/Lap Belt(s),F,e1651a5a-6984-4aa2-a7a8-b441a91e450a,Same Direction Rear End,N,Intersection,Right Turn Lane,Daylight,No Defects,"Two-way, Not Divided",Dry,Clear,Twelve o'clock,Passenger Car,Superficial,N,Moving Constant Speed,2015-01-04 15:32,53,39.29511209,-76.57639146,3,2,우회전 차선 사고,기타
3899,N,Apparently Normal,No Misuse,Y,No Injury,4d394f3a-c8b1-4aa5-8072-a77c0aa5b2b1,D,ADF783000C,Shoulder/Lap Belt(s),M,a1741922-91a1-4c0b-af81-ffbb2b045043,Same Direction Rear End,N,Intersection,Right Turn Lane,Daylight,No Defects,"Two-way, Not Divided",Dry,Clear,Twelve o'clock,Police Vehicle/Non Emergency,Superficial,N,Backing,2015-01-04 15:32,33,39.29511209,-76.57639146,3,3,우회전 차선 사고,동일 방향 운행 중 추돌 사고
3900,N,Apparently Normal,No Misuse,N,Non-incapacitating Injury,16fff574-1b90-4031-b856-b319de394a98,D,ADG6250002,Shoulder/Lap Belt(s),F,2f7c24d0-64e9-4fe4-829a-b30d43f880c2,Same Movement Angle,N,Intersection,Right Turn Lane,Dark Lights On,No Defects,One-way Trafficway,Dry,Clear,Nine o'clock,(Sport) Utility Vehicle,Disabling,N,Moving Constant Speed,2015-01-08 1:45,29,39.2905017,-76.59041405,3,0,우회전 차선 사고,기타
3901,N,Apparently Normal,No Misuse,Y,No Injury,8105e409-9d1b-4575-b65e-98d1d10073a2,D,ADG6250002,Shoulder/Lap Belt(s),M,72a5710b-1921-469e-bb4c-d663e236d3f0,Same Movement Angle,N,Intersection,Right Turn Lane,Dark Lights On,No Defects,One-way Trafficway,Dry,Clear,Twelve o'clock,Passenger Car,Disabling,N,Moving Constant Speed,2015-01-08 1:45,33,39.2905017,-76.59041405,3,0,우회전 차선 사고,기타
3902,N,Apparently Normal,No Misuse,N,No Injury,bbb8e5d6-845e-486d-b01c-5b78c68f125e,D,ADH5320007,Shoulder/Lap Belt(s),M,a58d02f6-e042-4179-9e65-096ea561f7d5,Single Vehicle ,N,Non Intersection,Left Turn Lane,Daylight,No Defects,"Two-way, Divided, Positive Median Barrier",Dry,Clear,Twelve o'clock,Passenger Car,Functional,N,Making Left Turn,2015-03-22 18:19,25,39.34871275,-76.69165201,1,1,좌회전 차선 사고,등속 주행 사고
3903,N,Apparently Normal,No Misuse,Y,Non-incapacitating Injury,0b370501-b2c9-4b0f-924f-49b6d7d83fbf,D,ADI4440001,Shoulder/Lap Belt(s),F,449a6217-5b55-489c-830b-2e25d6d1220e,Single Vehicle ,N,Non Intersection,Right Turn Lane,Daylight,No Defects,"Two-way, Divided, Positive Median Barrier",Snow,Snow,Twelve o'clock,Passenger Car,Disabling,N,Moving Constant Speed,2015-02-17 7:30,26,39.35556283,-76.64940119,0,0,눈길사고,감속 중 사고
3904,N,Apparently Normal,No Misuse,Y,No Injury,38fd005c-db0c-4446-a3db-50124bd2fdfc,D,ADI5160001,Shoulder/Lap Belt(s),M,5fdd733f-72ff-4d38-b5b4-eb6b93e80b2c,Same Direction Rear End,N,Non Intersection,Left Turn Lane,Dawn,No Defects,"Two-way, Divided, Positive Median Barrier",Dry,Clear,Twelve o'clock,"Cargo Van/Light Truck 2 axles (10,000 lbs (4,536 kg) or less)",Superficial,N,Slowing or Stopping,2015-03-16 19:03,27,39.34315949,-76.63976669,1,3,좌회전 차선 사고,감속 중 사고
3905,N,Apparently Normal,No Misuse,N,Non-incapacitating Injury,86a06054-6731-4013-82a2-00190228e85a,D,ADI5160001,Shoulder/Lap Belt(s),M,69e9cfc4-31ef-4ab0-a236-74083ee1e820,Same Direction Rear End,N,Non Intersection,Left Turn Lane,Dawn,No Defects,"Two-way, Divided, Positive Median Barrier",Dry,Clear,Six o'clock,Passenger Car,Disabling,N,Slowing or Stopping,2015-03-16 19:03,19,39.34315949,-76.63976669,1,3,좌회전 차선 사고,감속 중 사고
3906,N,Apparently Normal,No Misuse,N,Non-incapacitating Injury,9efb7620-f36a-45ec-867d-9584bc2f6883,D,ADI5440001,Shoulder/Lap Belt(s),F,08b768b0-1a10-49f3-ad6d-75a7d56c7c4c,Same Movement Angle,N,Intersection,Right Turn Lane,Dark Lights On,No Defects,"Two-way, Divided, Unprotected (painted >4 feet) Median",Dry,Clear,Twelve o'clock,Passenger Car,Disabling,N,Moving Constant Speed,2015-02-20 22:40,50,39.3203422,-76.57172173,3,0,우회전 차선 사고,기타
3907,N,Apparently Normal,No Misuse,Y,No Injury,6e5d33b8-3bb9-45c7-9e68-49bd6b041df3,D,ADI5440001,Shoulder/Lap Belt(s),M,1936153b-67ba-4093-975a-69c87e368f5c,Same Movement Angle,N,Intersection,Right Turn Lane,Dark Lights On,No Defects,"Two-way, Divided, Unprotected (painted >4 feet) Median",Dry,Clear,One o'clock,Passenger Car,Disabling,N,Accelerating,2015-02-20 22:40,23,39.3203422,-76.57172173,3,0,우회전 차선 사고,기타
3908,N,Apparently Normal,No Misuse,N,No Injury,4ff416be-08ed-4398-9179-b947ea849ca8,D,ADI6450002,Shoulder/Lap Belt(s),M,e58aaed2-9a31-4590-82ad-e177d771e934,Same Movement Angle,N,Intersection,Left Turn Lane,Dark Lights On,No Defects,"Two-way, Not Divided",Dry,Cloudy,Twelve o'clock,Passenger Car,Superficial,N,Moving Constant Speed,2015-01-05 6:31,74,39.27533782,-76.64215922,1,0,좌회전 차선 사고,등속 주행 중 측면 추돌 사고
3909,N,Apparently Normal,No Misuse,N,Non-incapacitating Injury,aa2e8333-83de-4c68-a890-8e3c719d9a99,D,ADI6930007,Shoulder/Lap Belt(s),F,06d32471-0c37-4547-9786-cf459a66a764,Same Direction Rear End,N,Non Intersection,Acceleration Lane,Dark Lights On,No Defects,"Two-way, Divided, Positive Median Barrier",Wet,Raining,Six o'clock,Passenger Car,No Damage,N,Stopped in Traffic Lane,2015-02-09 22:00,68,39.31025563,-76.6723904,4,3,빗길사고,기타
3910,N,Apparently Normal,No Misuse,Y,No Injury,b46cc15f-c615-441a-b4d1-ec6b5c1176b6,D,ADI6930007,Shoulder/Lap Belt(s),M,eba3c386-d453-4f47-9565-7ae8e331bdba,Same Direction Rear End,N,Non Intersection,Acceleration Lane,Dark Lights On,No Defects,"Two-way, Divided, Positive Median Barrier",Wet,Raining,Twelve o'clock,"Cargo Van/Light Truck 2 axles (10,000 lbs (4,536 kg) or less)",No Damage,N,Slowing or Stopping,2015-02-09 22:00,36,39.31025563,-76.6723904,4,3,빗길사고,기타
3911,N,Apparently Normal,No Misuse,N,Non-incapacitating Injury,5043aaf5-b9fe-4cc4-9d0e-c64c3382cb92,D,ADI7540005,Shoulder/Lap Belt(s),F,f2339077-a3bf-4fcf-8e40-34af66775b5a,Same Direction Rear End,N,Intersection,Left Turn Lane,Daylight,No Defects,"Two-way, Divided, Positive Median Barrier",Dry,Clear,Six o'clock,Passenger Car,No Damage,N,Slowing or Stopping,2015-03-09 16:30,37,39.36494476,-76.60990834,1,3,좌회전 차선 사고,감속 중 사고
3912,N,Apparently Normal,No Misuse,N,Non-incapacitating Injury,bca84195-5404-4deb-b577-7d85e8bb9c6a,D,ADI7540009,Shoulder/Lap Belt(s),F,b5fa536b-d990-4beb-8f83-bdba5f3b09b6,Same Direction Right Turn,N,Intersection Related,Deceleration Lane,Dark Lights On,No Defects,"Two-way, Divided, Positive Median Barrier",Dry,Clear,Seven o'clock,Passenger Car,Disabling,N,Moving Constant Speed,2015-03-30 21:30,27,39.36605624,-76.59851432,1,0,좌회전 차선 사고,등속 주행 중 측면 추돌 사고
3913,N,Apparently Normal,No Misuse,N,Non-incapacitating Injury,ae144640-13f8-4ac0-974b-8a488ed79e84,D,ADI8550003,Shoulder/Lap Belt(s),F,86c2a915-fd15-40d0-87dc-37905de1cfb8,Same Movement Angle,N,Intersection,Right Turn Lane,Daylight,No Defects,"Two-way, Divided, Unprotected (painted >4 feet) Median",Dry,Clear,Eleven o'clock,Passenger Car,Destroyed,N,Moving Constant Speed,2015-02-28 10:04,59,39.32800078,-76.5836522,3,0,우회전 차선 사고,기타
3914,N,Apparently Normal,No Misuse,N,Possible Incapacitating Injury,ac8cd6ab-d071-4ee6-ade7-7a37f07cf8a2,D,ADI8550003,Shoulder/Lap Belt(s),F,90c7173a-135a-42bf-af7a-834c94c6c10c,Same Movement Angle,N,Intersection,Right Turn Lane,Daylight,No Defects,"Two-way, Divided, Unprotected (painted >4 feet) Median",Dry,Clear,Three o'clock,Passenger Car,Destroyed,N,Moving Constant Speed,2015-02-28 10:04,60,39.32800078,-76.5836522,3,0,우회전 차선 사고,기타
3915,N,Apparently Normal,No Misuse,Y,Non-incapacitating Injury,6d884da6-5039-4d02-be23-7749cb16ba44,D,ADI8550003,Shoulder/Lap Belt(s),M,9d6fe379-f46b-4911-b86d-f9e32c955fe6,Same Movement Angle,N,Intersection,Right Turn Lane,Daylight,No Defects,"Two-way, Divided, Unprotected (painted >4 feet) Median",Dry,Clear,Twelve o'clock,Passenger Car,Destroyed,N,Moving Constant Speed,2015-02-28 10:04,62,39.32800078,-76.5836522,3,0,우회전 차선 사고,기타
3916,N,Apparently Normal,No Misuse,Y,Non-incapacitating Injury,57725421-b773-42c5-9823-8b041a130714,D,ADI8920002,Shoulder/Lap Belt(s),F,6e65cbb4-ff6f-4c95-905c-2e786358491e,Same Movement Angle,N,Intersection,Right Turn Lane,Daylight,No Defects,"Two-way, Divided, Positive Median Barrier",Snow,Blowing Snow,Ten o'clock,Passenger Car,Disabling,N,Slowing or Stopping,2015-02-19 8:23,60,39.32814394,-76.67806059,0,1,눈길사고,등속 주행 사고
3917,N,Apparently Normal,No Misuse,Y,No Injury,ba25862b-bf7f-483a-882c-32bc4ced85eb,D,ADI8920002,Shoulder/Lap Belt(s),M,0614f7b0-08af-40c5-83aa-58f4fd7b99e4,Same Movement Angle,N,Intersection,Right Turn Lane,Daylight,No Defects,"Two-way, Divided, Positive Median Barrier",Snow,Blowing Snow,Twelve o'clock,Passenger Car,Functional,N,Slowing or Stopping,2015-02-19 8:23,49,39.32814394,-76.67806059,0,1,눈길사고,등속 주행 사고
3918,N,Apparently Normal,No Misuse,Y,Non-incapacitating Injury,8d7f06e0-2cf0-4dac-8cb2-9a2ddb624076,D,ADI9200002,Shoulder/Lap Belt(s),F,bd342eb5-0ca6-4ee2-9190-22aa66055fca,Angle Meets Left Turn,N,Intersection,Right Turn Lane,Daylight,No Defects,"Two-way, Divided, Unprotected (painted >4 feet) Median",Dry,Clear,Twelve o'clock,(Sport) Utility Vehicle,Disabling,N,Making Left Turn,2015-01-30 7:45,47,39.35044724,-76.69418335,3,1,우회전 차선 사고,등속 주행 중 측면 추돌 사고
3919,N,Apparently Normal,No Misuse,N,Possible Incapacitating Injury,f0538874-f5f7-4316-9d59-78781dda4456,D,ADI9200002,Shoulder/Lap Belt(s),F,d50b937b-79e0-4d51-85e5-18f84cb2c4e3,Angle Meets Left Turn,N,Intersection,Right Turn Lane,Daylight,No Defects,"Two-way, Divided, Unprotected (painted >4 feet) Median",Dry,Clear,Twelve o'clock,Passenger Car,Disabling,N,Moving Constant Speed,2015-01-30 7:45,25,39.35044724,-76.69418335,3,2,우회전 차선 사고,기타
3920,N,Apparently Normal,No Misuse,N,Non-incapacitating Injury,4e4cc3a3-2578-4a44-9257-e8dc61fd8fc3,D,ADI9750007,Shoulder/Lap Belt(s),F,50ca8c24-4d61-4b56-ac94-bb3dd8d5496d,Same Direction Right Turn,N,Non Intersection,Left Turn Lane,Daylight,No Defects,"Two-way, Not Divided",Dry,Clear,Twelve o'clock,Passenger Car,Superficial,N,Moving Constant Speed,2015-03-08 12:45,31,39.33031412,-76.69219851,1,0,좌회전 차선 사고,등속 주행 중 측면 추돌 사고
3921,N,Apparently Normal,No Misuse,N,Non-incapacitating Injury,945f976c-0057-4a08-b541-2c0acab64d0f,D,ADJ1740005,Shoulder/Lap Belt(s),F,f2ddee4b-3e7a-4d98-9b1b-c9a0f9ffcb90,Same Direction Rear End,N,Non Intersection,Right Turn Lane,Daylight,No Defects,"Two-way, Not Divided",Dry,Clear,Six o'clock,Passenger Car,Functional,N,Moving Constant Speed,2015-03-15 14:30,47,39.36592197,-76.56696752,2,3,기타,등속 주행 중 측면 추돌 사고
3922,N,Apparently Normal,No Misuse,N,Non-incapacitating Injury,e9eebd07-5fd9-4f81-b8af-c67248a25b92,D,ADJ1740005,Shoulder/Lap Belt(s),F,6dc84f87-a5e1-4f33-aab5-df69e7e172b0,Same Direction Rear End,N,Non Intersection,Right Turn Lane,Daylight,No Defects,"Two-way, Not Divided",Dry,Clear,Six o'clock,Passenger Car,Destroyed,N,Moving Constant Speed,2015-03-15 14:30,36,39.36592197,-76.56696752,2,3,기타,등속 주행 중 측면 추돌 사고
3923,N,Apparently Normal,No Misuse,N,Non-incapacitating Injury,b73d6d1a-7539-4c0f-9c1f-d741844fb28b,D,ADJ2140005,Shoulder/Lap Belt(s),F,979c3124-2fa9-4c6f-9f2d-8017bbd08802,Opposite Direction Sideswipe,N,Non Intersection,Right Turn Lane,Dark Lights On,No Defects,"Two-way, Divided, Unprotected (painted >4 feet) Median",Wet,Clear,Eleven o'clock,Passenger Car,Functional,N,Moving Constant Speed,2015-02-25 18:00,39,39.33274147,-76.65910542,4,2,빗길사고,동일 방향 운행 중 추돌 사고
3924,N,Apparently Normal,No Misuse,Y,No Injury,07bfb79c-0bb4-452a-b332-74252addf466,D,ADJ2140005,Shoulder/Lap Belt(s),M,b232858b-5408-4b10-ba84-63da07164f20,Opposite Direction Sideswipe,N,Non Intersection,Right Turn Lane,Dark Lights On,No Defects,"Two-way, Divided, Unprotected (painted >4 feet) Median",Wet,Clear,Eleven o'clock,Passenger Car,Functional,N,Moving Constant Speed,2015-02-25 18:00,53,39.33274147,-76.65910542,4,2,빗길사고,동일 방향 운행 중 추돌 사고
3925,N,Apparently Normal,No Misuse,Y,Non-incapacitating Injury,cb984a5a-8ff4-4ed7-95ac-69a15701b826,D,ADJ2620003,Shoulder/Lap Belt(s),F,7f8d76e5-5552-4ad8-9127-e875329375ba,Same Direction Sideswipe,N,Non Intersection,Left Turn Lane,Daylight,No Defects,"Two-way, Not Divided",Dry,Clear,One o'clock,Passenger Car,Destroyed,N,Moving Constant Speed,2015-01-16 15:22,33,39.35034457,-76.68045044,1,0,좌회전 차선 사고,등속 주행 중 측면 추돌 사고
3926,N,Apparently Normal,No Misuse,N,Non-incapacitating Injury,7f5d3ee3-7fd6-478f-be47-e9cbeb1a0eca,D,ADJ2690003,Shoulder/Lap Belt(s),F,2a8a1c02-c600-45eb-a087-1ac794236d0d,Same Direction Left Turn,N,Intersection Related,Right Turn Lane,Daylight,No Defects,"Two-way, Divided, Positive Median Barrier",Wet,Raining,Twelve o'clock,Passenger Car,Disabling,N,Moving Constant Speed,2015-01-12 11:00,33,39.34155395,-76.56367242,4,2,빗길사고,동일 방향 운행 중 추돌 사고
3927,N,Apparently Normal,No Misuse,Y,Non-incapacitating Injury,6cdede84-e54d-487f-9670-1e11fa0fca13,D,ADJ2690003,Shoulder/Lap Belt(s),M,229cfdc3-b9ce-4f68-a209-8301a459a0ad,Same Direction Left Turn,N,Intersection Related,Right Turn Lane,Daylight,No Defects,"Two-way, Divided, Positive Median Barrier",Wet,Raining,Twelve o'clock,Pickup Truck,Disabling,N,Passing,2015-01-12 11:00,60,39.34155395,-76.56367242,4,0,빗길사고,등속 주행 중 사고
3928,N,Apparently Normal,No Misuse,Y,Non-incapacitating Injury,719213dd-3a53-4f58-a321-d15d14b5566a,D,ADJ2690003,Shoulder/Lap Belt(s),M,ce6328c1-d814-45a1-a5e7-bb4f656dff4e,Same Direction Left Turn,N,Intersection Related,Right Turn Lane,Daylight,No Defects,"Two-way, Divided, Positive Median Barrier",Wet,Raining,Twelve o'clock,Passenger Car,Destroyed,N,Moving Constant Speed,2015-01-12 11:00,25,39.34155395,-76.56367242,4,2,빗길사고,동일 방향 운행 중 추돌 사고
3929,N,Apparently Normal,No Misuse,N,No Injury,5c499ad1-f5ae-4820-8287-79c6b9b56e1d,D,ADJ3110002,Shoulder/Lap Belt(s),M,74580c04-2986-420b-aa90-88f6f4a0b63f,Same Movement Angle,N,Intersection Related,Right Turn Lane,Daylight,No Defects,One-way Trafficway,Dry,Clear,Twelve o'clock,Passenger Car,Disabling,N,Moving Constant Speed,2015-01-11 15:44,31,39.28947206,-76.6469872,3,0,우회전 차선 사고,기타
3930,N,Apparently Normal,No Misuse,Y,Non-incapacitating Injury,63083fc2-87aa-470d-b1f3-a78b910e7b10,D,ADJ3640001,Shoulder/Lap Belt(s),F,8b192f09-6901-4f05-8b39-ce17f0b69d58,Same Direction Right Turn,N,Non Intersection,Right Turn Lane,Dawn,No Defects,"Two-way, Divided, Positive Median Barrier",Slush,Wintry Mix,One o'clock,Passenger Car,Functional,N,Moving Constant Speed,2015-02-22 7:31,45,39.34387305,-76.64723396,0,0,눈길사고,감속 중 사고
3931,N,Apparently Normal,No Misuse,N,No Injury,d41ca460-94a3-4fd3-82aa-475f653b4adb,D,ADJ3640001,Shoulder/Lap Belt(s),M,15a7b2aa-a4f7-4525-a69a-cc0c61a2af64,Same Direction Right Turn,N,Non Intersection,Right Turn Lane,Dawn,No Defects,"Two-way, Divided, Positive Median Barrier",Slush,Wintry Mix,Seven o'clock,Passenger Car,Disabling,N,Moving Constant Speed,2015-02-22 7:31,55,39.34387305,-76.64723396,0,0,눈길사고,감속 중 사고
3932,N,Apparently Normal,No Misuse,N,Non-incapacitating Injury,4ab7c890-7389-4fe5-b372-ed74e652e923,D,ADJ4840007,Shoulder/Lap Belt(s),F,378504ef-0cd9-4f3a-8cff-b0e7c8c880a7,Same Movement Angle,N,Intersection Related,Right Turn Lane,Daylight,No Defects,One-way Trafficway,Dry,Clear,Two o'clock,Passenger Car,Disabling,N,Moving Constant Speed,2015-03-24 10:45,73,39.2990559,-76.60378754,3,0,우회전 차선 사고,기타
3933,N,Apparently Normal,No Misuse,Y,No Injury,6dfa9f37-4bd1-4641-94e6-618dc0ed0794,D,ADJ4840007,Shoulder/Lap Belt(s),M,e2a506e2-db2d-41d0-8b78-232c7d048a08,Same Movement Angle,N,Intersection Related,Right Turn Lane,Daylight,No Defects,One-way Trafficway,Dry,Clear,Twelve o'clock,Passenger Car,Disabling,N,Moving Constant Speed,2015-03-24 10:45,45,39.2990559,-76.60378754,3,0,우회전 차선 사고,기타
3934,N,Apparently Normal,No Misuse,N,Non-incapacitating Injury,07eaf1fa-8441-4108-8850-7fab064eafb2,D,ADJ494000B,Shoulder/Lap Belt(s),F,bb7bce0a-0f5f-466d-b165-9bda5c9ef2cd,Same Direction Sideswipe,N,Non Intersection,Left Turn Lane,Daylight,No Defects,"Two-way, Divided, Positive Median Barrier",Snow,Snow,Twelve o'clock,Passenger Car,Disabling,N,Moving Constant Speed,2015-02-21 11:55,22,39.25870857,-76.63599014,0,0,눈길사고,감속 중 사고
3935,N,Apparently Normal,No Misuse,N,Non-incapacitating Injury,574c117d-b04d-43bb-8388-4fefca203191,D,ADJ494000B,Shoulder/Lap Belt(s),M,5f3d089d-5de2-475f-be14-bd3c43ba7f3a,Same Direction Sideswipe,N,Non Intersection,Left Turn Lane,Daylight,No Defects,"Two-way, Divided, Positive Median Barrier",Snow,Snow,Twelve o'clock,Passenger Car,Destroyed,N,Moving Constant Speed,2015-02-21 11:55,29,39.25870857,-76.63599014,0,0,눈길사고,감속 중 사고
3936,N,Apparently Normal,No Misuse,N,Non-incapacitating Injury,daff5b85-93e0-4640-820a-80c450c2b82a,D,ADJ5010003,Shoulder/Lap Belt(s),F,41881cd5-fe15-4758-a418-91c83dbbc0f7,Same Direction Rear End,N,Non Intersection,Left Turn Lane,Daylight,No Defects,"Two-way, Not Divided",Dry,Clear,Six o'clock,Passenger Car,Functional,N,Slowing or Stopping,2015-01-10 10:00,52,39.30039051,-76.53579354,1,3,좌회전 차선 사고,감속 중 사고
3937,N,Apparently Normal,No Misuse,Y,No Injury,4a76b1d2-2aba-4ccc-a3d1-bdf4c2f09e27,D,ADJ5010003,Shoulder/Lap Belt(s),M,80cc657d-52b5-4a79-b7c1-76d0b8d9290d,Same Direction Rear End,N,Non Intersection,Left Turn Lane,Daylight,No Defects,"Two-way, Not Divided",Dry,Clear,Twelve o'clock,Pickup Truck,Functional,N,Moving Constant Speed,2015-01-10 10:00,37,39.30039051,-76.53579354,1,0,좌회전 차선 사고,등속 주행 중 측면 추돌 사고
3938,N,Apparently Normal,No Misuse,N,Non-incapacitating Injury,669af156-4f59-4de0-a2d1-22e5248d0462,D,ADJ5060004,Shoulder/Lap Belt(s),F,e59af370-45c9-4a16-967d-3867493a908e,Same Movement Angle,N,Intersection,Acceleration Lane,Dark Lights On,No Defects,One-way Trafficway,Wet,Raining,Eleven o'clock,Passenger Car,Disabling,N,Moving Constant Speed,2015-03-20 19:25,35,39.2841814,-76.64681822,4,1,빗길사고,자차 사고
3939,N,Apparently Normal,No Misuse,Y,Non-incapacitating Injury,d083bf8b-82f3-4604-839a-9097c010d97a,D,ADJ5060004,Shoulder/Lap Belt(s),F,ca1f97db-a43a-46cf-8724-c6985a7c9aea,Same Movement Angle,N,Intersection,Acceleration Lane,Dark Lights On,No Defects,One-way Trafficway,Wet,Raining,Eleven o'clock,Passenger Car,Disabling,N,Moving Constant Speed,2015-03-20 19:25,82,39.2841814,-76.64681822,4,1,빗길사고,자차 사고
3940,N,Apparently Normal,No Misuse,Y,No Injury,a27ae30d-2735-41d1-8d15-d353b524e0a5,D,ADJ6960002,Shoulder/Lap Belt(s),M,14e92498-d2d7-4e70-a2fd-236f5f080061,Same Direction Rear End,N,Intersection Related,Left Turn Lane,Daylight,No Defects,"Two-way, Divided, Positive Median Barrier",Dry,Clear,Twelve o'clock,Passenger Car,Superficial,N,Starting From Lane,2015-02-12 9:30,47,39.35617672,-76.66783333,1,3,좌회전 차선 사고,감속 중 사고
3941,N,Apparently Normal,No Misuse,N,Non-incapacitating Injury,43e17f06-e2e2-4eeb-aee4-353ba2664544,D,ADJ7080001,Shoulder/Lap Belt(s),F,91533325-1c56-47e1-b4a9-0a9d9450cbe6,Same Direction Rear End,N,Intersection Related,Right Turn Lane,Dark Lights On,No Defects,"Two-way, Not Divided",Snow,Snow,Six o'clock,Passenger Car,Superficial,N,Slowing or Stopping,2015-02-16 18:00,36,39.33013984,-76.60942554,0,1,눈길사고,등속 주행 사고
3942,N,Apparently Normal,No Misuse,Y,No Injury,a158e053-2d2b-4e7e-82ba-19afd36dc41d,D,ADJ7080001,Shoulder/Lap Belt(s),M,271dfa5f-b742-45ae-85ce-5892df32fd1a,Same Direction Rear End,N,Intersection Related,Right Turn Lane,Dark Lights On,No Defects,"Two-way, Not Divided",Snow,Snow,Twelve o'clock,Passenger Car,Functional,N,Slowing or Stopping,2015-02-16 18:00,41,39.33013984,-76.60942554,0,1,눈길사고,등속 주행 사고
3943,N,Apparently Normal,No Misuse,N,Non-incapacitating Injury,ab89fd58-212a-4f4c-8ee2-d9b94f174b27,D,ADJ7180005,Shoulder/Lap Belt(s),F,cb87cb91-f533-4d1b-9eb7-204a0604ca56,Same Movement Angle,N,Intersection,Left Turn Lane,Daylight,No Defects,"Two-way, Not Divided",Dry,Clear,One o'clock,Passenger Car,Disabling,N,Accelerating,2015-03-09 11:54,33,39.29523456,-76.64420843,1,1,좌회전 차선 사고,등속 주행 사고
3944,N,Apparently Normal,No Misuse,Y,Non-incapacitating Injury,271e5013-93dd-42fb-8305-b72a56614ab7,D,ADJ7180005,Shoulder/Lap Belt(s),M,db66bda5-c56d-4d61-b8b4-3c3e23a8812a,Same Movement Angle,N,Intersection,Left Turn Lane,Daylight,No Defects,"Two-way, Not Divided",Dry,Clear,Eleven o'clock,Passenger Car,Disabling,N,Accelerating,2015-03-09 11:54,28,39.29523456,-76.64420843,1,1,좌회전 차선 사고,등속 주행 사고
3945,N,Apparently Normal,No Misuse,N,Non-incapacitating Injury,f5fd5d54-f13b-4d72-9b12-804c8cabfe1c,D,AE26320019,Shoulder/Lap Belt(s),F,3a9151f7-265a-4a3b-8d65-220842e6160b,Same Direction Rear End Left Turn,N,Intersection Related,Right Turn Lane,Dark Lights On,No Defects,"Two-way, Not Divided",Dry,Clear,Six o'clock,Passenger Car,Disabling,N,Making Left Turn,2015-03-17 20:29,46,39.30152793,-76.44482374,3,1,우회전 차선 사고,등속 주행 중 측면 추돌 사고
3946,N,Apparently Normal,No Misuse,Y,No Injury,5d2ac7ab-b32b-4ead-a270-aa1f57aea884,D,AE26320019,Shoulder/Lap Belt(s),M,fd33b9d4-1dbe-4253-8cf8-20a32cf976c1,Same Direction Rear End Left Turn,N,Intersection Related,Right Turn Lane,Dark Lights On,No Defects,"Two-way, Not Divided",Dry,Clear,Twelve o'clock,Passenger Car,Disabling,N,Moving Constant Speed,2015-03-17 20:29,34,39.30152793,-76.44482374,3,2,우회전 차선 사고,기타
3947,N,Apparently Normal,No Misuse,N,Non-incapacitating Injury,3dfa8802-cf99-4970-873f-c7eb40fa0bd9,D,AE38030009,Shoulder/Lap Belt(s),F,3121120b-6101-497c-9b8e-c6bc672e99a9,Same Movement Angle,N,Intersection Related,Left Turn Lane,Daylight,No Defects,"Two-way, Not Divided",Dry,Clear,Twelve o'clock,(Sport) Utility Vehicle,Disabling,N,Making Right Turn,2015-02-05 11:10,74,39.45524872,-76.64204121,1,1,좌회전 차선 사고,등속 주행 사고
3948,N,Apparently Normal,No Misuse,Y,No Injury,07d54112-ac6b-4af0-a606-1094e48f60a0,D,AE38030009,Shoulder/Lap Belt(s),M,1f6df94d-dff0-45ae-957e-141513b5ee80,Same Movement Angle,N,Intersection Related,Left Turn Lane,Daylight,No Defects,"Two-way, Not Divided",Dry,Clear,One o'clock,Passenger Car,Superficial,N,Making Left Turn,2015-02-05 11:10,26,39.45524872,-76.64204121,1,1,좌회전 차선 사고,등속 주행 사고
3949,N,Apparently Normal,No Misuse,N,Non-incapacitating Injury,4cf73d6a-0e8e-4963-afe4-b94c55090472,D,AE39080004,Shoulder/Lap Belt(s),F,75bfd622-4966-46ca-bd05-9b24ee1f9af0,Single Vehicle ,N,Non Intersection,Right Turn Lane,Daylight,No Defects,"Two-way, Not Divided",Wet,Raining,One o'clock,(Sport) Utility Vehicle,Destroyed,N,Moving Constant Speed,2015-01-18 7:42,39,39.422163,-76.63041115,4,2,빗길사고,동일 방향 운행 중 추돌 사고
3950,N,Apparently Normal,No Misuse,N,Non-incapacitating Injury,1194fbe1-cab5-4e62-948a-328e8537bbe2,D,AE4253000S,Shoulder/Lap Belt(s),F,64a83f87-83c4-476b-a5db-81cb4b9530dd,Same Movement Angle,N,Intersection,Left Turn Lane,Dark Lights On,No Defects,"Two-way, Divided, Positive Median Barrier",Dry,Clear,Twelve o'clock,Passenger Car,Functional,N,Moving Constant Speed,2015-01-29 5:54,68,39.40000593,-76.79911137,1,0,좌회전 차선 사고,등속 주행 중 측면 추돌 사고