KEY_INDEX,CDL_FLAG,CONDITION_CODE,EQUIP_PROB_CODE,FAULT_FLAG,INJ_SEVER_CODE,PERSON_ID,PERSON_TYPE,REPORT_NO,SAF_EQUIP_CODE,SEX_CODE,VEHICLE_ID,COLLISION_TYPE_CODE,C_M_ZONE_FLAG,JUNCTION_CODE,LANE_CODE,LIGHT_CODE,RD_COND_CODE,RD_DIV_CODE,SURF_COND_CODE,WEATHER_CODE,AREA_DAMAGED_CODE_MAIN,BODY_TYPE_CODE,DAMAGE_CODE,HIT_AND_RUN_FLAG,MOVEMENT_CODE,TIME,AGE,LATITUDE,LONGITUDE,CLUSTER,SECOND_LABEL,FIRST_LABEL,SECOND_LABELING
3951,N,Apparently Normal,No Misuse,Y,Non-incapacitating Injury,2a6dd560-31c2-40f2-848d-94046d197a6e,D,AE4253000S,Shoulder/Lap Belt(s),F,9146d201-1f38-4301-81cb-935af3bba53e,Same Movement Angle,N,Intersection,Left Turn Lane,Dark Lights On,No Defects,"Two-way, Divided, Positive Median Barrier",Dry,Clear,One o'clock,Passenger Car,Disabling,N,Accelerating,2015-01-29 5:54,37,39.40000593,-76.79911137,1,1,좌회전 차선 사고,등속 주행 사고
3952,N,Apparently Normal,No Misuse,N,Non-incapacitating Injury,e2273aeb-e876-4c5b-85f2-2005b2a54f20,D,AE4424000B,Shoulder/Lap Belt(s),F,ce971dd5-1d27-42a7-b2cd-92305bfdb45b,Same Movement Angle,N,Intersection,Left Turn Lane,Dark Lights On,No Defects,"Two-way, Not Divided",Ice,Clear,Twelve o'clock,(Sport) Utility Vehicle,Disabling,N,Moving Constant Speed,2015-02-17 21:11,48,39.36343511,-76.78449869,1,0,좌회전 차선 사고,등속 주행 중 측면 추돌 사고
3953,N,Apparently Normal,No Misuse,Y,Non-incapacitating Injury,532ebf8a-96de-4f44-b3e5-16d1cb2eb367,D,AE4424000B,Shoulder/Lap Belt(s),M,a82bcf9e-563d-4e6c-a2f0-782fe94947a5,Same Movement Angle,N,Intersection,Left Turn Lane,Dark Lights On,No Defects,"Two-way, Not Divided",Ice,Clear,Nine o'clock,Station Wagon,Disabling,N,Making Right Turn,2015-02-17 21:11,42,39.36343511,-76.78449869,1,1,좌회전 차선 사고,등속 주행 사고
3954,N,Apparently Normal,No Misuse,Y,Non-incapacitating Injury,9273e809-7e1b-4114-94e1-8f018a309e42,D,AE4424000J,Shoulder/Lap Belt(s),F,733fd36b-4fec-401b-8156-16348f0e5f4f,Same Movement Angle,N,Intersection,Right Turn Lane,Daylight,No Defects,"Two-way, Not Divided",Dry,Clear,One o'clock,Passenger Car,Disabling,N,Making Left Turn,2015-02-25 7:30,41,39.32485329,-76.71313047,3,0,우회전 차선 사고,기타
3955,N,Apparently Normal,No Misuse,N,No Injury,9b50222b-d605-44a1-b130-72e270a5acd9,D,AE4424000J,Shoulder/Lap Belt(s),M,f31de829-fcd1-4bb5-a985-9152d684c0cc,Same Movement Angle,N,Intersection,Right Turn Lane,Daylight,No Defects,"Two-way, Not Divided",Dry,Clear,Eleven o'clock,Passenger Car,Disabling,N,Moving Constant Speed,2015-02-25 7:30,49,39.32485329,-76.71313047,3,0,우회전 차선 사고,기타
3956,N,Apparently Normal,No Misuse,N,Non-incapacitating Injury,1f4c3493-e4a5-4159-a4ea-d6001f289ddc,D,AE4652000J,Shoulder/Lap Belt(s),F,02baf197-96c9-445e-9057-b21e8e933c3c,Opposite Direction Sideswipe,N,Non Intersection,Right Turn Lane,Daylight,No Defects,"Two-way, Not Divided with a Continuous Left Turn Lane",Dry,Clear,Ten o'clock,(Sport) Utility Vehicle,Disabling,N,Moving Constant Speed,2015-03-22 17:53,52,39.39482001,-76.51596665,2,2,기타,기타
3957,N,Apparently Normal,No Misuse,Y,No Injury,b83a86c7-3bbf-4e23-a57c-ef605f1399d8,D,AE4852000K,Shoulder/Lap Belt(s),M,f14505d2-8f98-4c6c-b218-e07f262129c2,Single Vehicle ,N,Intersection,Right Turn Lane,Dark Lights On,No Defects,"Two-way, Not Divided",Wet,Cloudy,Twelve o'clock,Passenger Car,Superficial,N,Making Left Turn,2015-01-29 18:01,20,39.39334832,-76.61481142,4,0,빗길사고,등속 주행 중 사고
3958,N,Apparently Normal,No Misuse,N,Non-incapacitating Injury,15c0f2ea-06d0-40d8-8364-37e5b5da800b,D,AE48800058,Shoulder/Lap Belt(s),F,0d53d09f-6e8a-4ddc-9373-686ba37b5fad,Same Direction Rear End,N,Non Intersection,Right Turn Lane,Daylight,No Defects,"Two-way, Not Divided",Dry,Clear,Six o'clock,Passenger Car,Superficial,N,Stopped in Traffic Lane,2015-02-25 8:10,45,39.338658,-76.508051,2,0,기타,자차 사고
3959,N,Apparently Normal,No Misuse,Y,No Injury,bac5019f-42f7-4c7e-bf18-7fe14535d8b1,D,AE48800058,Shoulder/Lap Belt(s),M,6ee38f65-a272-4878-8f51-9de584e206cf,Same Direction Rear End,N,Non Intersection,Right Turn Lane,Daylight,No Defects,"Two-way, Not Divided",Dry,Clear,Twelve o'clock,Passenger Car,Functional,N,Slowing or Stopping,2015-02-25 8:10,35,39.338658,-76.508051,2,1,기타,등속 주행 사고
3960,N,Apparently Normal,No Misuse,N,Non-incapacitating Injury,7e7a4def-bebd-4f44-94cb-26f1452a7896,D,AE48800060,Shoulder/Lap Belt(s),F,a07403a0-fede-47c8-b2d4-087ff968b6de,Same Direction Rear End,N,Commercial Driveway,Right Turn Lane,Daylight,No Defects,"Two-way, Not Divided",Dry,Clear,Six o'clock,(Sport) Utility Vehicle,Functional,N,Stopped in Traffic Lane,2015-03-12 9:07,55,39.342382,-76.482045,3,3,우회전 차선 사고,동일 방향 운행 중 추돌 사고
3961,N,Apparently Normal,No Misuse,Y,Non-incapacitating Injury,a2a1aee6-144b-4916-bcf6-20a99448abd8,D,AE48800060,Shoulder/Lap Belt(s),F,06487a21-835b-4eee-9b20-990897bef6af,Same Direction Rear End,N,Commercial Driveway,Right Turn Lane,Daylight,No Defects,"Two-way, Not Divided",Dry,Clear,Twelve o'clock,Van,Disabling,N,Slowing or Stopping,2015-03-12 9:07,75,39.342382,-76.482045,3,3,우회전 차선 사고,동일 방향 운행 중 추돌 사고
3962,N,Apparently Normal,No Misuse,N,Non-incapacitating Injury,ce2f35d0-2067-4ded-9e13-9c363bd09528,D,AE51010007,Shoulder/Lap Belt(s),F,bc108811-65fe-42b8-ac01-bf5e8cb588c8,Head On,N,Crossover Related,Left Turn Lane,Daylight,No Defects,"Two-way, Divided, Positive Median Barrier",Ice,Raining,Twelve o'clock,(Sport) Utility Vehicle,Disabling,N,Moving Constant Speed,2015-01-18 7:30,64,39.4263234,-76.44632578,4,2,빗길사고,동일 방향 운행 중 추돌 사고
3963,N,Apparently Normal,No Misuse,Y,Non-incapacitating Injury,7791f85a-9e54-4004-aef8-cd0b4b004fa4,D,AE51010007,Shoulder/Lap Belt(s),M,22c854bc-a891-4580-b4a4-bf3abc7b9a61,Head On,N,Crossover Related,Left Turn Lane,Daylight,No Defects,"Two-way, Divided, Positive Median Barrier",Ice,Raining,Two o'clock,Passenger Car,Destroyed,N,Skidding,2015-01-18 7:30,26,39.4263234,-76.44632578,4,0,빗길사고,등속 주행 중 사고
3964,N,Apparently Normal,No Misuse,N,Non-incapacitating Injury,a1c8a74e-33fc-4b07-b195-12325042af1a,D,AE53100009,Shoulder/Lap Belt(s),F,4a5a28bb-c502-45cd-abda-3be2969e582d,Head On Left Turn,N,Non Intersection,Right Turn Lane,Dawn,No Defects,"Two-way, Not Divided",Dry,Clear,Twelve o'clock,Passenger Car,Disabling,N,Making Left Turn,2015-01-29 6:54,31,39.33634709,-76.47970319,2,0,기타,자차 사고
3965,N,Apparently Normal,No Misuse,Y,Non-incapacitating Injury,f75291c1-3862-4565-a4a6-77dfcc445b85,D,AE53100009,Shoulder/Lap Belt(s),M,73869e35-b146-4114-83f3-9ee5c14eff47,Head On Left Turn,N,Non Intersection,Right Turn Lane,Dawn,No Defects,"Two-way, Not Divided",Dry,Clear,Twelve o'clock,Pickup Truck,Disabling,N,Moving Constant Speed,2015-01-29 6:54,48,39.33634709,-76.47970319,2,2,기타,기타
3966,N,Apparently Normal,No Misuse,N,Non-incapacitating Injury,e28946a6-b9df-4d15-9fa6-d64f59fd6843,D,AE54210004,Shoulder/Lap Belt(s),M,fc3c6b63-9bea-48eb-8471-c661b18446d5,Same Direction Rear End,N,Non Intersection,Left Turn Lane,Daylight,No Defects,"Two-way, Divided, Unprotected (painted >4 feet) Median",Wet,Raining,Six o'clock,Passenger Car,Functional,N,Slowing or Stopping,2015-01-03 16:20,70,39.38393703,-76.49833918,4,3,빗길사고,기타
3967,N,Apparently Normal,No Misuse,Y,Non-incapacitating Injury,2b5523d2-e187-4bcc-bde1-3f105a45be9a,D,AE5467000B,Shoulder/Lap Belt(s),F,28c1f867-bfbd-46d0-8493-110ab9e6003e,Head On Left Turn,N,Intersection,Right Turn Lane,Dark Lights On,No Defects,"Two-way, Not Divided with a Continuous Left Turn Lane",Dry,Clear,One o'clock,(Sport) Utility Vehicle,Disabling,N,Moving Constant Speed,2015-02-24 18:45,35,39.35089213,-76.75040245,3,2,우회전 차선 사고,기타
3968,N,Apparently Normal,No Misuse,Y,Non-incapacitating Injury,c5b0d9a3-1981-4105-9522-7f92cad7ac6b,D,AE5467000B,Shoulder/Lap Belt(s),M,410d6fcf-a1d5-41dd-bfbc-21f12b8880ee,Head On Left Turn,N,Intersection,Right Turn Lane,Dark Lights On,No Defects,"Two-way, Not Divided with a Continuous Left Turn Lane",Dry,Clear,Twelve o'clock,Passenger Car,Destroyed,N,Moving Constant Speed,2015-02-24 18:45,22,39.35089213,-76.75040245,3,2,우회전 차선 사고,기타
3969,N,Apparently Normal,No Misuse,N,Possible Incapacitating Injury,c60cb6e2-3e43-4c8d-984a-9a52b372a1d4,D,AE54880005,Shoulder/Lap Belt(s),F,33078bbe-da88-465c-b36c-1db4d067e71e,Same Direction Rear End,N,Intersection,Acceleration Lane,Dark Lights On,No Defects,"Two-way, Divided, Positive Median Barrier",Wet,Raining,Six o'clock,(Sport) Utility Vehicle,Superficial,N,Stopped in Traffic Lane,2015-03-15 0:00,47,39.29139433,-76.71624184,4,3,빗길사고,기타
3970,N,Apparently Normal,No Misuse,Y,No Injury,cbd2f2c4-64f2-480a-b82e-0bb05ca940f3,D,AE54880005,Shoulder/Lap Belt(s),M,493f21b7-ad27-4bdc-a3bb-dc69a215ae47,Same Direction Rear End,N,Intersection,Acceleration Lane,Dark Lights On,No Defects,"Two-way, Divided, Positive Median Barrier",Wet,Raining,Twelve o'clock,Van,Functional,Y,Slowing or Stopping,2015-03-15 0:00,37,39.29139433,-76.71624184,4,3,빗길사고,기타
3971,N,Apparently Normal,No Misuse,N,Non-incapacitating Injury,a5a05786-cd34-4ca3-b182-c60ddc5d475e,D,AE55160005,Shoulder/Lap Belt(s),F,7e268aa6-0272-4a4c-a3ff-3ca25df3ed61,Same Movement Angle,N,Intersection,Right Turn Lane,Dark Lights On,No Defects,"Two-way, Not Divided",Dry,Clear,Eight o'clock,(Sport) Utility Vehicle,Superficial,N,Moving Constant Speed,2015-02-08 19:55,65,39.28503777,-76.75312757,3,0,우회전 차선 사고,기타
3972,N,Apparently Normal,No Misuse,Y,No Injury,b3ad4d16-9585-4dee-a9de-921916a91f5b,D,AE55160005,Shoulder/Lap Belt(s),M,ae816ab4-0172-49f3-b8da-e18452d497fe,Same Movement Angle,N,Intersection,Right Turn Lane,Dark Lights On,No Defects,"Two-way, Not Divided",Dry,Clear,Twelve o'clock,Pickup Truck,Superficial,N,Making Left Turn,2015-02-08 19:55,51,39.28503777,-76.75312757,3,0,우회전 차선 사고,기타
3973,N,Apparently Normal,No Misuse,N,Non-incapacitating Injury,fb8b89d1-3026-40f4-8e93-d1a95db8d89e,D,AE5645001W,Shoulder/Lap Belt(s),F,eeee326e-dceb-4dd3-8761-6a0478ca4b85,Same Movement Angle,N,Intersection,Right Turn Lane,Daylight,No Defects,"Two-way, Not Divided",Wet,Raining,Twelve o'clock,Passenger Car,Disabling,N,Moving Constant Speed,2015-03-25 11:15,39,39.23594288,-76.66943192,4,1,빗길사고,자차 사고
3974,N,Apparently Normal,No Misuse,Y,No Injury,aebadc6e-b790-435f-802a-ee5295b66674,D,AE5645001W,Shoulder/Lap Belt(s),M,d85a29f6-9bd9-4463-a4f5-352953273859,Same Movement Angle,N,Intersection,Right Turn Lane,Daylight,No Defects,"Two-way, Not Divided",Wet,Raining,Eleven o'clock,Pickup Truck,Functional,N,Slowing or Stopping,2015-03-25 11:15,72,39.23594288,-76.66943192,4,1,빗길사고,자차 사고
3975,N,Apparently Normal,No Misuse,Y,Non-incapacitating Injury,84e3b48d-7bb7-4f3f-bd77-4722f9588e60,D,AE57950008,Shoulder/Lap Belt(s),F,37d206b5-e261-4672-a47f-66b530564804,Head On,N,Intersection,Right Turn Lane,Daylight,No Defects,"Two-way, Not Divided",Dry,Clear,Eleven o'clock,Passenger Car,Disabling,N,Moving Constant Speed,2015-01-10 16:01,38,39.34919136,-76.44688368,3,2,우회전 차선 사고,기타
3976,N,Apparently Normal,No Misuse,N,Non-incapacitating Injury,aaa76a08-8777-4beb-9b4d-41fdafcc4376,D,AM03230007,Shoulder/Lap Belt(s),F,82b0b970-cb22-41fa-a6b3-c22e60e7fa21,Same Movement Angle,N,Crossover Related,Right Turn Lane,Daylight,No Defects,"Two-way, Not Divided",Dry,Clear,Twelve o'clock,(Sport) Utility Vehicle,Functional,N,Moving Constant Speed,2015-01-22 13:50,52,38.93900807,-76.93612933,3,0,우회전 차선 사고,기타
3977,N,Apparently Normal,No Misuse,Y,No Injury,0b86a605-da8c-47d8-8bec-1b46ed7f611a,D,AM03230007,Shoulder/Lap Belt(s),M,de620555-7836-4b7a-a149-8a93b40777f0,Same Movement Angle,N,Crossover Related,Right Turn Lane,Daylight,No Defects,"Two-way, Not Divided",Dry,Clear,Three o'clock,Passenger Car,Functional,N,Accelerating,2015-01-22 13:50,68,38.93900807,-76.93612933,3,0,우회전 차선 사고,기타
3978,N,Apparently Normal,No Misuse,Y,Non-incapacitating Injury,3bf95dc6-9cfb-44f2-a300-810768f11ac9,D,AM03230008,Shoulder/Lap Belt(s),F,3fac0674-8253-4a61-9c79-932b24c899ed,Same Movement Angle,N,Intersection,Right Turn Lane,Daylight,No Defects,One-way Trafficway,Dry,Cloudy,Ten o'clock,Passenger Car,Disabling,N,Accelerating,2015-01-30 11:29,53,38.94104423,-76.94083393,3,0,우회전 차선 사고,기타
3979,N,Apparently Normal,No Misuse,N,No Injury,d245de5c-b6e2-4d26-95fc-ed49eff1c73e,D,AM03230008,Shoulder/Lap Belt(s),M,c622df59-f955-48d4-b732-773f0f165424,Same Movement Angle,N,Intersection,Right Turn Lane,Daylight,No Defects,One-way Trafficway,Dry,Cloudy,Twelve o'clock,Pickup Truck,Functional,N,Moving Constant Speed,2015-01-30 11:29,51,38.94104423,-76.94083393,3,0,우회전 차선 사고,기타
3980,N,Apparently Normal,No Misuse,N,Non-incapacitating Injury,8c947877-3808-432f-977e-a9f43ce70083,D,AM03320002,Shoulder/Lap Belt(s),F,65b162d6-665f-461e-b5c7-81fc4417cac9,Head On Left Turn,N,Intersection Related,Right Turn Lane,Daylight,No Defects,"Two-way, Divided, Unprotected (painted >4 feet) Median",Wet,Wintry Mix,Eleven o'clock,Passenger Car,Disabling,N,Moving Constant Speed,2015-01-06 16:51,39,38.935592,-76.935864,4,2,빗길사고,동일 방향 운행 중 추돌 사고
3981,N,Apparently Normal,No Misuse,Y,No Injury,093a772a-66b9-416e-8df2-3a56f71d4227,D,AM03320002,Shoulder/Lap Belt(s),M,accc90c9-6cee-4bf1-b748-b56f18425148,Head On Left Turn,N,Intersection Related,Right Turn Lane,Daylight,No Defects,"Two-way, Divided, Unprotected (painted >4 feet) Median",Wet,Wintry Mix,Twelve o'clock,Passenger Car,Disabling,N,Moving Constant Speed,2015-01-06 16:51,35,38.935592,-76.935864,4,2,빗길사고,동일 방향 운행 중 추돌 사고
3982,N,Apparently Normal,No Misuse,N,Non-incapacitating Injury,e4ee057a-b00d-4e8a-acc5-b21536b0a9a5,D,AM03320004,Shoulder/Lap Belt(s),F,fc3f6093-3f2d-423f-8938-53c40195f474,Head On Left Turn,N,Non Intersection,Right Turn Lane,Daylight,No Defects,"Two-way, Not Divided",Dry,Clear,Eleven o'clock,Van,Disabling,N,Moving Constant Speed,2015-01-20 7:36,44,38.944926,-76.916986,2,2,기타,기타
3983,N,Apparently Normal,No Misuse,Y,Non-incapacitating Injury,68c3be13-c365-4654-9953-40e9a1ea6bfb,D,BSPDA3000002,Shoulder/Lap Belt(s),F,856a619c-e8e6-4976-a4b0-3cff5b5a6703,Same Direction Rear End,N,Non Intersection,Right Turn Lane,Daylight,No Defects,"Two-way, Not Divided",Ice,Clear,Twelve o'clock,Van,Disabling,N,Slowing or Stopping,2015-02-03 9:00,50,39.29182195,-76.53632998,2,1,기타,등속 주행 사고
3984,N,Apparently Normal,No Misuse,N,No Injury,90bcfa2c-6784-47e1-b731-bbbece10f311,D,BSPDA3000002,Shoulder/Lap Belt(s),M,b4288c96-b289-4955-b83c-d43ddb5d33b5,Same Direction Rear End,N,Non Intersection,Right Turn Lane,Daylight,No Defects,"Two-way, Not Divided",Ice,Clear,Six o'clock,Passenger Car,Functional,N,Slowing or Stopping,2015-02-03 9:00,30,39.29182195,-76.53632998,2,1,기타,등속 주행 사고
3985,N,Apparently Normal,No Misuse,Y,Non-incapacitating Injury,95065186-c701-427c-93ce-b295820a6407,D,BW0108000B,Shoulder/Lap Belt(s),F,cdd48a7a-0ed8-4f80-8181-da1d61b2b147,Head On Left Turn,N,Intersection,Acceleration Lane,Dark Lights On,No Defects,"Two-way, Divided, Positive Median Barrier",Wet,Raining,Two o'clock,(Sport) Utility Vehicle,Disabling,N,Making Left Turn,2015-01-23 23:09,43,38.99627372,-76.89815998,4,0,빗길사고,등속 주행 중 사고
3986,N,Apparently Normal,No Misuse,N,No Injury,4b031b58-ea00-46d9-9338-cdc7bcbf9aa0,D,BW0108000B,Shoulder/Lap Belt(s),M,e9eb31ec-e7c5-4716-bdfc-f314702a3425,Head On Left Turn,N,Intersection,Acceleration Lane,Dark Lights On,No Defects,"Two-way, Divided, Positive Median Barrier",Wet,Raining,Twelve o'clock,Van,Functional,N,Moving Constant Speed,2015-01-23 23:09,51,38.99627372,-76.89815998,4,2,빗길사고,동일 방향 운행 중 추돌 사고
3987,N,Apparently Normal,No Misuse,N,Non-incapacitating Injury,c21fd9bc-d079-4ec9-9a4c-5324b0fdce4c,D,BX39910004,Shoulder/Lap Belt(s),M,9196ea82-5554-4bae-b503-41dc9d097e6c,Angle Meets Right Turn,N,Intersection Related,Right Turn Lane,Daylight,No Defects,"Two-way, Divided, Positive Median Barrier",Dry,Clear,Two o'clock,Passenger Car,Destroyed,N,Moving Constant Speed,2015-03-09 8:40,28,39.63885182,-77.69528031,3,2,우회전 차선 사고,기타
3988,N,Apparently Normal,No Misuse,Y,No Injury,0e00456a-51a9-45d4-841b-064a967301c8,D,BX50670002,Shoulder/Lap Belt(s),M,7bf2ba16-61e6-48b8-9f12-310e3076a662,Same Movement Angle,N,Intersection,Right Turn Lane,Daylight,No Defects,"Two-way, Not Divided",Dry,Cloudy,One o'clock,"Other Light Trucks (10,000 lbs (4,536 kg))",Superficial,N,Making Left Turn,2015-02-19 16:15,38,39.65214834,-77.72917807,3,0,우회전 차선 사고,기타
3989,N,Apparently Normal,No Misuse,N,Non-incapacitating Injury,211d5b8b-0005-401d-b3bf-8257aee6a616,D,CB58460007,Shoulder/Lap Belt(s),F,62649180-649b-4bbf-b376-611382ec14b3,Same Movement Angle,N,Intersection,Right Turn Lane,Dark Lights On,No Defects,"Two-way, Divided, Positive Median Barrier",Dry,Clear,Twelve o'clock,Passenger Car,Disabling,N,Moving Constant Speed,2015-03-25 2:35,58,39.13584416,-76.81446433,3,0,우회전 차선 사고,기타
3990,N,Apparently Normal,No Misuse,Y,Non-incapacitating Injury,73103697-eaaa-486a-b206-0b4982a0bed5,D,CB58460007,Shoulder/Lap Belt(s),M,66afff0f-6862-400e-9f90-031f1870d496,Same Movement Angle,N,Intersection,Right Turn Lane,Dark Lights On,No Defects,"Two-way, Divided, Positive Median Barrier",Dry,Clear,Three o'clock,Passenger Car,Disabling,N,Accelerating,2015-03-25 2:35,29,39.13584416,-76.81446433,3,0,우회전 차선 사고,기타
3991,N,Apparently Normal,No Misuse,N,Non-incapacitating Injury,d1db41f5-a68f-40b2-8554-538dd965ee01,D,CBPD0050000G,Shoulder/Lap Belt(s),F,79ec6cca-fd91-4f07-acd9-b794ff25f836,Same Movement Angle,N,Intersection,Right Turn Lane,Daylight,No Defects,"Two-way, Divided, Positive Median Barrier",Dry,Cloudy,Eleven o'clock,(Sport) Utility Vehicle,Destroyed,N,Moving Constant Speed,2015-03-10 9:38,29,38.97224697,-76.76784217,3,0,우회전 차선 사고,기타
3992,N,Apparently Normal,No Misuse,Y,No Injury,20d8b78c-adc9-40e4-97ab-d27006eea32f,D,CBPD0050000G,Shoulder/Lap Belt(s),M,75e4b2e7-2112-45dc-8b98-119fb4430886,Same Movement Angle,N,Intersection,Right Turn Lane,Daylight,No Defects,"Two-way, Divided, Positive Median Barrier",Dry,Cloudy,Twelve o'clock,(Sport) Utility Vehicle,Destroyed,N,Making Left Turn,2015-03-10 9:38,18,38.97224697,-76.76784217,3,0,우회전 차선 사고,기타
3993,N,Apparently Normal,No Misuse,N,Non-incapacitating Injury,a5cd8ca1-5d9d-43bc-b5bd-2bca88344ca8,D,CBPD0071000Y,Shoulder/Lap Belt(s),M,4373b646-cad2-4b40-ba33-1c00f4f82c79,Same Movement Angle,N,Crossover Related,Right Turn Lane,Dark No Lights,No Defects,"Two-way, Divided, Positive Median Barrier",Dry,Clear,Twelve o'clock,Police Vehicle/Emergency,Destroyed,N,Moving Constant Speed,2015-01-17 0:00,28,38.90066053,-76.73248529,3,0,우회전 차선 사고,기타
3994,N,Apparently Normal,No Misuse,N,Non-incapacitating Injury,675c99e3-3945-40f2-a92f-e1e2cf05b44d,D,CBPD00750005,Shoulder/Lap Belt(s),F,f152f948-04e5-4829-af40-cc14de89cb58,Head On,N,Non Intersection,Right Turn Lane,Dark Lights On,No Defects,"Two-way, Not Divided",Dry,Clear,Twelve o'clock,Passenger Car,Disabling,N,Moving Constant Speed,2015-03-30 19:45,22,38.96361336,-76.73229218,2,2,기타,기타
3995,N,Apparently Asleep,No Misuse,Y,No Injury,7c533172-3908-4782-994f-ef6d599bf5f0,D,CBPD00750005,Shoulder/Lap Belt(s),M,64ea2201-6cb8-4bc7-b760-ae8d8adc0ae4,Head On,N,Non Intersection,Right Turn Lane,Dark Lights On,No Defects,"Two-way, Not Divided",Dry,Clear,Twelve o'clock,Passenger Car,Disabling,N,Moving Constant Speed,2015-03-30 19:45,22,38.96361336,-76.73229218,2,2,기타,기타
3996,N,Apparently Normal,No Misuse,Y,Non-incapacitating Injury,322e4c1c-fc38-4ff0-b918-946875ad2e51,D,CD0616000M,Shoulder/Lap Belt(s),F,daaacbe7-dc28-4871-b1bd-75ba0d7f85df,Head On Left Turn,N,Intersection,Left Turn Lane,Dark Lights On,No Defects,"Two-way, Not Divided",Dry,Cloudy,One o'clock,Passenger Car,Destroyed,N,Accelerating,2015-03-12 19:15,17,38.53624942,-76.98381901,1,1,좌회전 차선 사고,등속 주행 사고
3997,N,Apparently Normal,No Misuse,N,Possible Incapacitating Injury,883f3806-e686-485d-82bc-2e170d0660b3,D,CD0616000M,Shoulder/Lap Belt(s),M,42b3520a-2e14-4d1e-b1eb-a12d08505eff,Head On Left Turn,N,Intersection,Left Turn Lane,Dark Lights On,No Defects,"Two-way, Not Divided",Dry,Cloudy,Twelve o'clock,(Sport) Utility Vehicle,Destroyed,N,Moving Constant Speed,2015-03-12 19:15,36,38.53624942,-76.98381901,1,0,좌회전 차선 사고,등속 주행 중 측면 추돌 사고
3998,N,Apparently Normal,No Misuse,Y,No Injury,18fdab50-8d41-4ecd-8244-f71be41ef4fb,D,CD0627000F,Shoulder/Lap Belt(s),M,06c7af8a-9817-41fb-b5be-c209d1a786ac,Same Movement Angle,N,Intersection Related,Right Turn Lane,Daylight,No Defects,"Two-way, Not Divided",Wet,Raining,Three o'clock,Passenger Car,Functional,N,Making Left Turn,2015-01-12 13:51,27,38.53230495,-76.97824001,4,1,빗길사고,자차 사고
3999,N,Apparently Normal,No Misuse,Y,Non-incapacitating Injury,a78c0bb5-2220-429f-b8cb-d245f4c872be,D,CE44500003,Shoulder/Lap Belt(s),F,8bef310c-74ea-40c1-9fc0-847f86aad245,Head On Left Turn,N,Intersection Related,Acceleration Lane,Dark Lights On,No Defects,"Two-way, Divided, Unprotected (painted >4 feet) Median",Dry,Clear,Three o'clock,Passenger Car,Destroyed,N,Making Left Turn,2015-03-23 19:58,65,39.09550497,-76.83876514,1,1,좌회전 차선 사고,등속 주행 사고
4000,N,Apparently Normal,No Misuse,N,Possible Incapacitating Injury,7e2608b3-fd1d-496c-b6f9-64d46582d42b,D,CE44500003,Shoulder/Lap Belt(s),F,8b6a9d5d-0ce2-4abd-ad32-970edb700b64,Head On Left Turn,N,Intersection Related,Acceleration Lane,Dark Lights On,No Defects,"Two-way, Divided, Unprotected (painted >4 feet) Median",Dry,Clear,Twelve o'clock,Pickup Truck,Destroyed,N,Moving Constant Speed,2015-03-23 19:58,47,39.09550497,-76.83876514,1,0,좌회전 차선 사고,등속 주행 중 측면 추돌 사고
4001,N,Apparently Normal,No Misuse,N,Non-incapacitating Injury,009d9d75-b359-46f1-97bd-08c513866766,D,CE45780005,Shoulder/Lap Belt(s),F,8a808dea-82bd-4251-afbd-508f961329b4,Same Direction Left Turn,N,Non Intersection,Right Turn Lane,Dark Lights On,No Defects,One-way Trafficway,Wet,Raining,One o'clock,Passenger Car,Disabling,N,Accelerating,2015-01-12 19:23,31,39.09738988,-76.85061917,4,0,빗길사고,등속 주행 중 사고
4002,N,Apparently Normal,No Misuse,Y,Non-incapacitating Injury,2489e4f6-a750-4bbe-98c0-cfe25b4deac8,D,CE45780005,Shoulder/Lap Belt(s),M,6fa37db6-20c0-4f7c-8e21-8b38adad3d1c,Same Direction Left Turn,N,Non Intersection,Right Turn Lane,Dark Lights On,No Defects,One-way Trafficway,Wet,Raining,Twelve o'clock,Passenger Car,Disabling,N,Moving Constant Speed,2015-01-12 19:23,34,39.09738988,-76.85061917,4,2,빗길사고,동일 방향 운행 중 추돌 사고
4003,N,Apparently Normal,No Misuse,N,Non-incapacitating Injury,913c0e74-54ad-4a35-8ef3-551e738b762c,D,CW00200002,Shoulder/Lap Belt(s),F,c75bdca0-16c6-45d0-ab27-4805fc228bf6,Same Movement Angle,N,Intersection,Right Turn Lane,Daylight,No Defects,"Two-way, Divided, Positive Median Barrier",Wet,Raining,Two o'clock,Passenger Car,Disabling,N,Accelerating,2015-03-26 12:56,59,39.57112341,-76.06668323,4,1,빗길사고,자차 사고
4004,N,Apparently Normal,No Misuse,Y,Non-incapacitating Injury,3e55067b-5e4d-4fa2-8cc8-717c3a9dd46e,D,CW00200002,Shoulder/Lap Belt(s),F,5643eae1-6b00-4d9a-bd36-93fc22b5415d,Same Movement Angle,N,Intersection,Right Turn Lane,Daylight,No Defects,"Two-way, Divided, Positive Median Barrier",Wet,Raining,Twelve o'clock,(Sport) Utility Vehicle,Disabling,N,Moving Constant Speed,2015-03-26 12:56,72,39.57112341,-76.06668323,4,1,빗길사고,자차 사고