KEY_INDEX,CDL_FLAG,CONDITION_CODE,EQUIP_PROB_CODE,FAULT_FLAG,INJ_SEVER_CODE,PERSON_ID,PERSON_TYPE,REPORT_NO,SAF_EQUIP_CODE,SEX_CODE,VEHICLE_ID,COLLISION_TYPE_CODE,C_M_ZONE_FLAG,JUNCTION_CODE,LANE_CODE,LIGHT_CODE,RD_COND_CODE,RD_DIV_CODE,SURF_COND_CODE,WEATHER_CODE,AREA_DAMAGED_CODE_MAIN,BODY_TYPE_CODE,DAMAGE_CODE,HIT_AND_RUN_FLAG,MOVEMENT_CODE,TIME,AGE,LATITUDE,LONGITUDE,CLUSTER,SECOND_LABEL,FIRST_LABEL,SECOND_LABELING
4005,N,Apparently Normal,No Misuse,N,Non-incapacitating Injury,4cdc7ad3-73b6-4ac0-a981-7b111aad69df,D,DA26540006,Shoulder/Lap Belt(s),F,8eca4aed-4969-476e-abe7-5d16855ad276,Same Movement Angle,N,Intersection,Left Turn Lane,Dark Lights On,No Defects,"Two-way, Divided, Positive Median Barrier",Dry,Clear,Two o'clock,Passenger Car,Functional,N,Moving Constant Speed,2015-02-26 20:27,46,38.92677004,-76.88468322,1,0,좌회전 차선 사고,등속 주행 중 측면 추돌 사고
4006,N,Apparently Normal,No Misuse,N,No Injury,599a4f0d-3d5a-4a7a-bb09-2d6e198270d1,D,DA26540006,Shoulder/Lap Belt(s),M,0d3bbf7e-cceb-4913-a9b8-eb8f8337a3c4,Same Movement Angle,N,Intersection,Left Turn Lane,Dark Lights On,No Defects,"Two-way, Divided, Positive Median Barrier",Dry,Clear,Five o'clock,Pickup Truck,Functional,N,Moving Constant Speed,2015-02-26 20:27,59,38.92677004,-76.88468322,1,0,좌회전 차선 사고,등속 주행 중 측면 추돌 사고
4007,N,Apparently Normal,No Misuse,N,Non-incapacitating Injury,cfa45bb4-4211-40a3-a0d3-f37315e3a287,D,DA33580006,Shoulder/Lap Belt(s),F,836ac957-bb15-4111-a907-485af5ca6bad,Head On,N,Non Intersection,Left Turn Lane,Daylight,No Defects,"Two-way, Divided, Unprotected (painted >4 feet) Median",Dry,Clear,Twelve o'clock,Passenger Car,Disabling,N,Moving Constant Speed,2015-02-27 16:22,45,38.88416822,-76.86054468,1,0,좌회전 차선 사고,등속 주행 중 측면 추돌 사고
4008,Y,Apparently Normal,No Misuse,Y,No Injury,3373bf1e-2323-4081-a01c-08db7bb3c828,D,DA33580006,Shoulder/Lap Belt(s),M,9e3d4c57-c21a-4fa0-8ef8-845063cf4864,Head On,N,Non Intersection,Left Turn Lane,Daylight,No Defects,"Two-way, Divided, Unprotected (painted >4 feet) Median",Dry,Clear,Twelve o'clock,"Medium/Heavy Truck 2 axles (10,000 lbs (4,536 kg) or less)",Disabling,N,Slowing or Stopping,2015-02-27 16:22,37,38.88416822,-76.86054468,1,3,좌회전 차선 사고,감속 중 사고
4009,N,Apparently Normal,No Misuse,N,Non-incapacitating Injury,42058308-4de7-4225-b41f-6a723deb3839,D,DA33770008,Shoulder/Lap Belt(s),F,1504fbe1-4239-4906-b98e-183c5af2c36e,Same Movement Angle,N,Intersection,Right Turn Lane,Dark Lights On,No Defects,"Two-way, Divided, Unprotected (painted >4 feet) Median",Dry,Clear,Two o'clock,Passenger Car,Destroyed,N,Moving Constant Speed,2015-02-10 20:17,32,39.00641238,-76.96671724,3,0,우회전 차선 사고,기타
4010,N,Apparently Normal,No Misuse,Y,No Injury,d1c126c1-0576-4f39-86b5-17ccfefc81b5,D,DA33770008,Shoulder/Lap Belt(s),M,74bbd665-6b21-4d0e-98ff-c5f968c7bcb2,Same Movement Angle,N,Intersection,Right Turn Lane,Dark Lights On,No Defects,"Two-way, Divided, Unprotected (painted >4 feet) Median",Dry,Clear,Twelve o'clock,Passenger Car,Destroyed,N,Accelerating,2015-02-10 20:17,34,39.00641238,-76.96671724,3,0,우회전 차선 사고,기타
4011,N,Apparently Normal,No Misuse,Y,Non-incapacitating Injury,a0397db9-0bda-45c6-b977-d5ee1b68d44d,D,DA33890005,Shoulder/Lap Belt(s),F,efd2c865-627d-488e-bb2a-48653e11e70b,Single Vehicle ,N,Non Intersection,Right Turn Lane,Dark No Lights,No Defects,"Two-way, Divided, Positive Median Barrier",Wet,Clear,Four o'clock,Passenger Car,Functional,N,Accelerating,2015-01-24 18:45,27,38.74596704,-76.99201584,4,0,빗길사고,등속 주행 중 사고
4012,N,Apparently Normal,No Misuse,N,Non-incapacitating Injury,d031dd16-5d7b-491f-b0c7-5d059e5a3e2b,D,DA3578000C,Shoulder/Lap Belt(s),F,f07e1a31-09bc-4f34-965a-6ee6505eb205,Head On Left Turn,N,Intersection,Right Turn Lane,Daylight,No Defects,"Two-way, Divided, Positive Median Barrier",Dry,Clear,Twelve o'clock,Passenger Car,Disabling,N,Moving Constant Speed,2015-03-26 17:18,22,38.85162331,-76.91996098,3,2,우회전 차선 사고,기타
4013,N,Apparently Normal,No Misuse,Y,Non-incapacitating Injury,ffbdf5ef-bc53-4597-af0c-b06dde9d1af8,D,DA3578000C,Shoulder/Lap Belt(s),F,6cc6a27c-17d9-4971-9d68-4a6bb89476bb,Head On Left Turn,N,Intersection,Right Turn Lane,Daylight,No Defects,"Two-way, Divided, Positive Median Barrier",Dry,Clear,Twelve o'clock,(Sport) Utility Vehicle,Disabling,N,Making Left Turn,2015-03-26 17:18,54,38.85162331,-76.91996098,3,1,우회전 차선 사고,등속 주행 중 측면 추돌 사고
4014,N,Apparently Normal,No Misuse,N,Possible Incapacitating Injury,593e25eb-dc69-4778-aab0-04e8271598d7,D,DA3578000C,Shoulder/Lap Belt(s),F,dc3298d2-6eae-49ef-80a4-69c253fb1790,Head On Left Turn,N,Intersection,Right Turn Lane,Daylight,No Defects,"Two-way, Divided, Positive Median Barrier",Dry,Clear,Twelve o'clock,Passenger Car,Superficial,N,Stopped in Traffic Lane,2015-03-26 17:18,46,38.85162331,-76.91996098,3,1,우회전 차선 사고,등속 주행 중 측면 추돌 사고
4015,N,Apparently Normal,No Misuse,N,Non-incapacitating Injury,81d61502-038e-4e8b-9b90-e94dd8bc177d,D,DA36170006,Shoulder/Lap Belt(s),F,708dfb9f-2d9e-4bc5-aa46-36b933e0dd76,Same Direction Rear End,N,Non Intersection,Right Turn Lane,Dark Lights On,No Defects,"Two-way, Not Divided",Wet,Raining,Six o'clock,Passenger Car,Disabling,N,Slowing or Stopping,2015-01-03 17:45,37,38.82342685,-76.93796396,4,3,빗길사고,기타
4016,N,Apparently Normal,No Misuse,Y,Non-incapacitating Injury,b8cf93ff-98a3-4bde-97bd-a0a2278d16ad,D,DA36170006,Shoulder/Lap Belt(s),F,21cbea13-6471-46e0-9f16-bed940587ce9,Same Direction Rear End,N,Non Intersection,Right Turn Lane,Dark Lights On,No Defects,"Two-way, Not Divided",Wet,Raining,Twelve o'clock,Passenger Car,Functional,N,Moving Constant Speed,2015-01-03 17:45,38,38.82342685,-76.93796396,4,2,빗길사고,동일 방향 운행 중 추돌 사고
4017,N,Apparently Normal,No Misuse,N,Non-incapacitating Injury,50e66eaa-f3fa-44ce-9d15-12aa45006731,D,DA36170009,Shoulder/Lap Belt(s),F,832ff3b6-b036-412e-b61e-319b0bb3c0fb,Same Movement Angle,N,Intersection,Right Turn Lane,Daylight,No Defects,"Two-way, Not Divided",Wet,Raining,One o'clock,School Bus,Superficial,N,Moving Constant Speed,2015-01-12 10:46,38,38.83294774,-76.96485043,4,1,빗길사고,자차 사고
4018,N,Apparently Normal,No Misuse,N,Non-incapacitating Injury,39cb7187-6c22-4fc9-ae0f-31bfc2fb3c1b,D,DA3636000G,Shoulder/Lap Belt(s),F,e51e165c-2ed5-4fb5-8cdb-dc2ab4978775,Same Movement Angle,N,Intersection Related,Right Turn Lane,Daylight,No Defects,"Two-way, Divided, Unprotected (painted >4 feet) Median",Snow,Snow,Twelve o'clock,Passenger Car,Disabling,N,Moving Constant Speed,2015-01-06 7:49,31,38.75276968,-76.76386714,0,0,눈길사고,감속 중 사고
4019,N,Apparently Normal,No Misuse,Y,No Injury,34683801-ada5-43c4-b60e-38f66e66bfa3,D,DA3636000G,Shoulder/Lap Belt(s),M,d5af1e24-0916-45cb-b7f9-da28ce6f1893,Same Movement Angle,N,Intersection Related,Right Turn Lane,Daylight,No Defects,"Two-way, Divided, Unprotected (painted >4 feet) Median",Snow,Snow,Twelve o'clock,Station Wagon,Disabling,N,Making Left Turn,2015-01-06 7:49,38,38.75276968,-76.76386714,0,2,눈길사고,미끌어짐에 의한 사고
4020,N,Apparently Normal,No Misuse,N,Non-incapacitating Injury,773c54aa-3046-4135-80c9-ef1d84b5b4f0,D,DA3730000N,Shoulder/Lap Belt(s),F,d2d912f2-0ac3-4f65-8ed4-0d0a8473a2d0,Same Movement Angle,N,Intersection,Right Turn Lane,Daylight,No Defects,"Two-way, Divided, Unprotected (painted >4 feet) Median",Wet,Raining,Nine o'clock,(Sport) Utility Vehicle,Functional,N,Moving Constant Speed,2015-03-04 14:43,32,38.82386985,-76.99111462,4,1,빗길사고,자차 사고
4021,Y,Apparently Normal,No Misuse,Y,No Injury,245f21c8-cf7a-47ef-bdde-18874c5c2e48,D,DA37320006,Shoulder/Lap Belt(s),M,17d3fa61-a644-4713-a95c-bf758898f742,Same Movement Angle,N,Intersection Related,Right Turn Lane,Daylight,No Defects,"Two-way, Not Divided",Dry,Clear,One o'clock,Pickup Truck,Superficial,N,Moving Constant Speed,2015-02-06 16:06,50,38.87451323,-76.92228913,3,0,우회전 차선 사고,기타
4022,N,Apparently Normal,No Misuse,Y,Non-incapacitating Injury,b4e85bc3-0c15-4e9d-b64c-cd43ccca5e62,D,DA37490002,Shoulder/Lap Belt(s),F,58f474bd-f36f-4826-8c3c-de3ec1abbc1b,Single Vehicle ,N,Non Intersection,Right Turn Lane,Dark Lights On,No Defects,"Two-way, Divided, Unprotected (painted >4 feet) Median",Snow,Snow,One o'clock,Passenger Car,Disabling,N,Moving Constant Speed,2015-01-27 0:04,21,38.8668785,-76.8283689,0,0,눈길사고,감속 중 사고
4023,N,Apparently Normal,No Misuse,N,Non-incapacitating Injury,5be1c19c-e481-4b9e-a983-8120ce09b978,D,DA3810000F,Shoulder/Lap Belt(s),F,ddcdef50-6074-48aa-a487-94ca1bbd7ed1,Head On Left Turn,N,Non Intersection,Right Turn Lane,Daylight,No Defects,"Two-way, Not Divided",Snow,Wintry Mix,Twelve o'clock,Passenger Car,Disabling,N,Moving Constant Speed,2015-02-22 8:42,63,38.84458778,-76.84470892,0,0,눈길사고,감속 중 사고
4024,N,Apparently Normal,No Misuse,Y,No Injury,5492d1d5-a8c5-475c-92ca-363523563629,D,DA3810000F,Shoulder/Lap Belt(s),M,eac1bf52-f25b-4d12-aef4-6349ba8ee476,Head On Left Turn,N,Non Intersection,Right Turn Lane,Daylight,No Defects,"Two-way, Not Divided",Snow,Wintry Mix,Three o'clock,Passenger Car,Disabling,N,Skidding,2015-02-22 8:42,46,38.84458778,-76.84470892,0,2,눈길사고,미끌어짐에 의한 사고
4025,N,Apparently Normal,No Misuse,Y,Non-incapacitating Injury,e818af36-e817-42d8-8ebd-2ff7aedc684a,D,DA38460005,Shoulder/Lap Belt(s),F,b7812b59-3145-416f-92ad-6feb3a940958,Same Movement Angle,N,Commercial Driveway,Right Turn Lane,Daylight,No Defects,"Two-way, Not Divided",Dry,Clear,Ten o'clock,(Sport) Utility Vehicle,Disabling,N,Making Left Turn,2015-03-18 10:00,25,38.90928511,-76.89345002,3,0,우회전 차선 사고,기타
4026,N,Apparently Normal,No Misuse,N,No Injury,9c97c3cf-9722-4352-b929-2303194d0f34,D,DA38460005,Shoulder/Lap Belt(s),M,a1a22641-a01e-4efb-8ea8-a1119b85dfed,Same Movement Angle,N,Commercial Driveway,Right Turn Lane,Daylight,No Defects,"Two-way, Not Divided",Dry,Clear,Twelve o'clock,Passenger Car,Disabling,N,Moving Constant Speed,2015-03-18 10:00,43,38.90928511,-76.89345002,3,0,우회전 차선 사고,기타
4027,N,Apparently Normal,No Misuse,N,Non-incapacitating Injury,f782dd28-72f9-4fbf-9b4d-0dc1620b52f6,D,DA38550008,Shoulder/Lap Belt(s),F,04cba246-dc70-4ab1-af54-ecc4a951b327,Same Direction Rear End,N,Intersection,Right Turn Lane,Daylight,No Defects,"Two-way, Not Divided",Dry,Clear,Six o'clock,Passenger Car,Superficial,N,Stopped in Traffic Lane,2015-01-17 13:33,41,39.01592439,-76.91976786,3,3,우회전 차선 사고,동일 방향 운행 중 추돌 사고
4028,N,Apparently Normal,No Misuse,Y,Non-incapacitating Injury,13fc32b1-4cf2-4f11-894b-9176ae4c7f84,D,DA38700002,Shoulder/Lap Belt(s),F,da13f39a-0dd7-42bd-a280-8e250bb31df8,Same Direction Left Turn,N,Intersection,Right Turn Lane,Daylight,No Defects,"Two-way, Divided, Unprotected (painted >4 feet) Median",Slush,Cloudy,Nine o'clock,Passenger Car,Disabling,N,Making Left Turn,2015-01-07 9:37,26,38.91788359,-76.9007349,3,1,우회전 차선 사고,등속 주행 중 측면 추돌 사고
4029,N,Apparently Normal,No Misuse,N,Non-incapacitating Injury,005a7722-38af-4daa-853e-f8a187e2d598,D,DA38700002,Shoulder/Lap Belt(s),M,8c63ee58-8f5b-4e2d-b3d9-4f8e9e557e27,Same Direction Left Turn,N,Intersection,Right Turn Lane,Daylight,No Defects,"Two-way, Divided, Unprotected (painted >4 feet) Median",Slush,Cloudy,Twelve o'clock,Passenger Car,Superficial,N,Moving Constant Speed,2015-01-07 9:37,24,38.91788359,-76.9007349,3,2,우회전 차선 사고,기타
4030,N,Apparently Normal,No Misuse,N,Non-incapacitating Injury,f13e6dc2-e38d-41b5-9e30-56dc41ba1d83,D,DA3888000C,Shoulder/Lap Belt(s),F,d1b75fa3-d5d4-4422-a52a-9d5e05a6ac81,Angle Meets Right Turn,N,Commercial Driveway,Left Turn Lane,Daylight,No Defects,"Two-way, Not Divided",Wet,Sleet,Six o'clock,Passenger Car,Disabling,N,Making Right Turn,2015-01-26 12:03,35,38.80426627,-76.98135138,4,0,빗길사고,등속 주행 중 사고
4031,N,Apparently Normal,No Misuse,Y,No Injury,66eb9b0f-0ad4-4456-9815-b5b43f2751d6,D,DA3888000C,Shoulder/Lap Belt(s),M,6fc08bf1-2584-470b-88ea-f6e2faf1a8d6,Angle Meets Right Turn,N,Commercial Driveway,Left Turn Lane,Daylight,No Defects,"Two-way, Not Divided",Wet,Sleet,One o'clock,Van,Disabling,N,Moving Constant Speed,2015-01-26 12:03,37,38.80426627,-76.98135138,4,2,빗길사고,동일 방향 운행 중 추돌 사고
4032,N,Apparently Normal,No Misuse,N,Non-incapacitating Injury,c543083e-a127-40e1-be91-05abfd4dae81,D,DA3888000T,Shoulder/Lap Belt(s),F,90416e81-6193-419c-8f06-cfbe2f6cdf8a,Head On,N,Non Intersection,Right Turn Lane,Dark Lights On,No Defects,"Two-way, Not Divided",Dry,Clear,Twelve o'clock,Passenger Car,Disabling,N,Moving Constant Speed,2015-02-08 0:34,48,38.75781476,-76.99681163,2,2,기타,기타
4033,N,Apparently Normal,No Misuse,Y,Non-incapacitating Injury,35f42bcd-64ab-409f-bb00-6f96d4051960,D,DA3888000T,Shoulder/Lap Belt(s),F,4609b788-1c2c-49db-a6cd-95254668883d,Head On,N,Non Intersection,Right Turn Lane,Dark Lights On,No Defects,"Two-way, Not Divided",Dry,Clear,Twelve o'clock,Passenger Car,Disabling,N,Moving Constant Speed,2015-02-08 0:34,41,38.75781476,-76.99681163,2,2,기타,기타
4034,N,Apparently Normal,No Misuse,N,Non-incapacitating Injury,4dbb51a2-0f3f-44bb-ac4e-24a912061958,D,DA38990005,Shoulder/Lap Belt(s),F,50842f56-cf68-417d-84b6-50bfda6d8a64,Same Direction Left Turn,N,Intersection Related,Acceleration Lane,Daylight,No Defects,"Two-way, Divided, Unprotected (painted >4 feet) Median",Dry,Clear,Two o'clock,(Sport) Utility Vehicle,Functional,N,Moving Constant Speed,2015-01-10 15:00,28,39.08843533,-76.84664011,1,0,좌회전 차선 사고,등속 주행 중 측면 추돌 사고
4035,N,Apparently Normal,No Misuse,N,No Injury,47c52ec3-d248-4fee-82ea-1c9c5d5c56b4,D,DA38990005,Shoulder/Lap Belt(s),M,142e86a6-ae51-456e-9fcc-dd8777611698,Same Direction Left Turn,N,Intersection Related,Acceleration Lane,Daylight,No Defects,"Two-way, Divided, Unprotected (painted >4 feet) Median",Dry,Clear,One o'clock,Passenger Car,Functional,N,Moving Constant Speed,2015-01-10 15:00,51,39.08843533,-76.84664011,1,0,좌회전 차선 사고,등속 주행 중 측면 추돌 사고
4036,N,Apparently Normal,No Misuse,Y,No Injury,27d08adc-8241-4739-84dc-74983a079db3,D,DA38990005,Shoulder/Lap Belt(s),M,28f7a669-a9b7-4ddf-8533-05d9d4b7add2,Same Direction Left Turn,N,Intersection Related,Acceleration Lane,Daylight,No Defects,"Two-way, Divided, Unprotected (painted >4 feet) Median",Dry,Clear,Ten o'clock,Passenger Car,Functional,N,Moving Constant Speed,2015-01-10 15:00,20,39.08843533,-76.84664011,1,0,좌회전 차선 사고,등속 주행 중 측면 추돌 사고
4037,N,Apparently Normal,No Misuse,Y,No Injury,31e55259-5726-4853-b85a-5fe9866994a7,D,DA39120002,Shoulder/Lap Belt(s),M,b54abdca-f54b-421a-8407-348ce43a997d,Single Vehicle ,N,Intersection,Right Turn Lane,Daylight,No Defects,"Two-way, Not Divided",Dry,Clear,One o'clock,(Sport) Utility Vehicle,No Damage,N,Slowing or Stopping,2015-03-03 7:12,25,38.79373077,-76.91715002,3,1,우회전 차선 사고,등속 주행 중 측면 추돌 사고
4038,N,Apparently Normal,No Misuse,Y,Non-incapacitating Injury,3a6e2db8-c746-469a-a5ce-c39e75902860,D,DA39120003,Shoulder/Lap Belt(s),F,534be4c8-2d1a-4a9c-a1e4-877059137350,Single Vehicle ,N,Non Intersection,Right Turn Lane,Daylight,No Defects,"Two-way, Not Divided",Ice,Clear,One o'clock,Passenger Car,Destroyed,N,Moving Constant Speed,2015-03-03 8:13,45,38.78396314,-76.8856287,2,2,기타,기타
4039,N,Apparently Normal,No Misuse,Y,Non-incapacitating Injury,3bc4f0c8-d1f3-4823-bcf2-17a6da33df61,D,DD5508000X,Shoulder/Lap Belt(s),F,0bc5be3e-bbdd-4bdf-9c50-73c2386be64b,Same Direction Sideswipe,N,Non Intersection,Right Turn Lane,Daylight,No Defects,"Two-way, Not Divided",Dry,Clear,Eleven o'clock,Van,Disabling,N,Starting From Parked,2015-03-28 12:55,33,39.06700333,-77.12242333,2,0,기타,자차 사고
4040,N,Apparently Normal,No Misuse,N,No Injury,f27481f6-28cc-49ae-a654-016ecfaa9d1f,D,DD5508000X,Shoulder/Lap Belt(s),M,be142cd2-512e-4aba-b9b4-8131d579a792,Same Direction Sideswipe,N,Non Intersection,Right Turn Lane,Daylight,No Defects,"Two-way, Not Divided",Dry,Clear,One o'clock,Pickup Truck,Functional,N,Moving Constant Speed,2015-03-28 12:55,43,39.06700333,-77.12242333,2,2,기타,기타
4041,N,Apparently Normal,No Misuse,Y,No Injury,f4b3ade1-524f-4999-aa16-f30c0b7736c9,D,DD5594000W,Shoulder/Lap Belt(s),M,a554f215-b451-4ae4-b6ef-a7464ea72110,Single Vehicle ,N,Non Intersection,Left Turn Lane,Dark Lights On,No Defects,"Two-way, Not Divided",Wet,Raining,Twelve o'clock,Passenger Car,Functional,N,Moving Constant Speed,2015-03-10 19:37,71,39.11973,-77.18068667,4,2,빗길사고,동일 방향 운행 중 추돌 사고
4042,N,Apparently Normal,No Misuse,Y,Non-incapacitating Injury,394606c1-61fc-46ee-91ee-ca75c1b823f6,D,DE3111000M,Shoulder/Lap Belt(s),F,9ea38fc3-7354-4ab5-8468-3699c33e0338,Single Vehicle ,N,Non Intersection,Right Turn Lane,Daylight,No Defects,"Two-way, Not Divided",Wet,Raining,Roof Top,(Sport) Utility Vehicle,Disabling,N,Moving Constant Speed,2015-03-01 12:39,23,38.37247341,-75.52466512,4,2,빗길사고,동일 방향 운행 중 추돌 사고
4043,N,Apparently Normal,No Misuse,N,Non-incapacitating Injury,2d846be4-1b24-454c-981f-129371e63f73,D,DE4147000Q,Shoulder/Lap Belt(s),F,3d59eda5-e171-4789-ac2a-c3901afda6eb,Same Direction Rear End,N,Intersection Related,Left Turn Lane,Daylight,No Defects,"Two-way, Divided, Positive Median Barrier",Dry,Clear,Six o'clock,Passenger Car,Superficial,N,Stopped in Traffic Lane,2015-02-25 10:32,25,38.36723718,-75.59884161,1,2,좌회전 차선 사고,기타
4044,N,Apparently Normal,No Misuse,Y,No Injury,c26ebcc8-b15e-4d91-bfe7-b6d6bb5f2f60,D,DE4147000Q,Shoulder/Lap Belt(s),M,50f9db68-5791-49af-906a-98db108d2da5,Same Direction Rear End,N,Intersection Related,Left Turn Lane,Daylight,No Defects,"Two-way, Divided, Positive Median Barrier",Dry,Clear,Twelve o'clock,Pickup Truck,Superficial,N,Slowing or Stopping,2015-02-25 10:32,68,38.36723718,-75.59884161,1,3,좌회전 차선 사고,감속 중 사고
4045,N,Apparently Normal,No Misuse,Y,Non-incapacitating Injury,f32fe56d-ffd2-4001-9042-741b3715e4aa,D,DE4147000S,Shoulder/Lap Belt(s),F,a6f1dc5f-a4c2-4a6e-95d9-f2faaee00935,Same Movement Angle,N,Intersection,Right Turn Lane,Dawn,No Defects,"Two-way, Not Divided",Dry,Clear,Twelve o'clock,(Sport) Utility Vehicle,Disabling,N,Moving Constant Speed,2015-03-12 6:58,33,38.3543784,-75.60625792,3,0,우회전 차선 사고,기타
4046,N,Apparently Normal,No Misuse,N,Non-incapacitating Injury,08e4700a-da04-4b52-ab69-6b1b5e786dc5,D,DE4147000S,Shoulder/Lap Belt(s),M,a55462f3-f6a3-4588-af57-2fc618085334,Same Movement Angle,N,Intersection,Right Turn Lane,Dawn,No Defects,"Two-way, Not Divided",Dry,Clear,Nine o'clock,(Sport) Utility Vehicle,Destroyed,N,Accelerating,2015-03-12 6:58,33,38.3543784,-75.60625792,3,0,우회전 차선 사고,기타
4047,N,Apparently Normal,No Misuse,N,Non-incapacitating Injury,2e95d2af-795c-46dc-ab3d-d3c382d4cb0a,D,DE5121000Y,Shoulder/Lap Belt(s),F,2ce0fd3f-9d1f-40b1-a66f-079ebcf59311,Head On Left Turn,N,Intersection Related,Right Turn Lane,Daylight,No Defects,"Two-way, Not Divided",Wet,Clear,Eleven o'clock,Passenger Car,Functional,N,Stopped in Traffic Lane,2015-02-22 17:40,23,38.38291111,-75.58488607,3,1,우회전 차선 사고,등속 주행 중 측면 추돌 사고
4048,N,Apparently Normal,No Misuse,N,No Injury,8905a8ae-2d24-47d6-89d0-c1c18982c110,D,DE5121000Y,Shoulder/Lap Belt(s),M,542ae0b6-5d43-496b-9fed-2551dabaf69e,Head On Left Turn,N,Intersection Related,Right Turn Lane,Daylight,No Defects,"Two-way, Not Divided",Wet,Clear,Twelve o'clock,(Sport) Utility Vehicle,Functional,N,Making Right Turn,2015-02-22 17:40,33,38.38291111,-75.58488607,3,1,우회전 차선 사고,등속 주행 중 측면 추돌 사고
4049,N,Apparently Normal,No Misuse,Y,No Injury,450ccdb6-59a2-4e81-9da9-f1c19becb8f9,D,DE5121000Y,Shoulder/Lap Belt(s),M,6801f47a-91aa-4abe-8e5f-5c732d93769c,Head On Left Turn,N,Intersection Related,Right Turn Lane,Daylight,No Defects,"Two-way, Not Divided",Wet,Clear,Eleven o'clock,Passenger Car,Superficial,N,Accelerating,2015-02-22 17:40,34,38.38291111,-75.58488607,3,1,우회전 차선 사고,등속 주행 중 측면 추돌 사고
4050,N,Apparently Normal,No Misuse,N,Non-incapacitating Injury,5c41978f-cbb8-41f9-a713-d9eecc6d7e91,D,DX01560001,Shoulder/Lap Belt(s),F,98c95342-ca7c-4b74-a051-8d10ebb00b51,Same Movement Angle,N,Intersection,Right Turn Lane,Daylight,No Defects,"Two-way, Not Divided",Dry,Clear,Twelve o'clock,Van,Disabling,N,Moving Constant Speed,2015-03-10 8:55,55,38.80165762,-76.23067617,3,0,우회전 차선 사고,기타
4051,N,Apparently Normal,No Misuse,Y,Non-incapacitating Injury,09890136-4bf6-4375-8b0c-ba726e3f0179,D,DX01560001,Shoulder/Lap Belt(s),F,80e06d19-0c2f-46c8-ac72-845a3d4d8091,Same Movement Angle,N,Intersection,Right Turn Lane,Daylight,No Defects,"Two-way, Not Divided",Dry,Clear,Nine o'clock,(Sport) Utility Vehicle,Disabling,N,Making Left Turn,2015-03-10 8:55,69,38.80165762,-76.23067617,3,0,우회전 차선 사고,기타
4052,N,Apparently Normal,No Misuse,Y,Non-incapacitating Injury,97fa0af1-73db-4ca1-af8c-c64132b0d423,D,FD02440007,Shoulder/Lap Belt(s),M,b7131f38-2b7c-4e20-b0b0-fe479c8b0947,Same Movement Angle,N,Intersection Related,Right Turn Lane,Daylight,No Defects,"Two-way, Not Divided",Dry,Cloudy,Nine o'clock,Van,Disabling,N,Making Left Turn,2015-02-01 14:15,44,39.6498808,-76.87861204,3,0,우회전 차선 사고,기타
4053,N,Apparently Normal,No Misuse,N,Non-incapacitating Injury,2a991d95-bd2b-4398-bf90-3563783a5217,D,MCP0251000H,Shoulder/Lap Belt(s),F,5fced137-53d8-4d4d-8337-966d43f4be9a,Same Direction Sideswipe,N,Intersection Related,Right Turn Lane,Dark Lights On,No Defects,"Two-way, Divided, Positive Median Barrier",Dry,Clear,Six o'clock,Passenger Car,Superficial,N,Stopped in Traffic Lane,2015-01-20 19:07,26,39.17907167,-77.26705833,3,1,우회전 차선 사고,등속 주행 중 측면 추돌 사고
4054,N,Apparently Normal,No Misuse,N,Incapacitating/Disabled Injury,73ac012d-0e11-4045-8c0d-0e0c7fee26c5,D,MCP0251000H,Shoulder/Lap Belt(s),F,24f999c0-8b2a-451e-a7df-e23365f96a88,Same Direction Sideswipe,N,Intersection Related,Right Turn Lane,Dark Lights On,No Defects,"Two-way, Divided, Positive Median Barrier",Dry,Clear,Twelve o'clock,Passenger Car,Disabling,N,Moving Constant Speed,2015-01-20 19:07,63,39.17907167,-77.26705833,3,2,우회전 차선 사고,기타
4055,N,Apparently Normal,No Misuse,Y,No Injury,57d7424b-c3e3-4975-97e4-cc46474f12f0,D,MCP0251000H,Shoulder/Lap Belt(s),M,8f86255d-3e4d-4f71-83fd-4d0312f450c0,Same Direction Sideswipe,N,Intersection Related,Right Turn Lane,Dark Lights On,No Defects,"Two-way, Divided, Positive Median Barrier",Dry,Clear,Two o'clock,Passenger Car,Disabling,N,Changing Lanes,2015-01-20 19:07,52,39.17907167,-77.26705833,3,1,우회전 차선 사고,등속 주행 중 측면 추돌 사고
4056,N,Apparently Normal,No Misuse,N,Non-incapacitating Injury,d493d0fe-df1b-4a50-8382-7b534167c539,D,MCP12210010,Shoulder/Lap Belt(s),F,06f081c4-c3d7-47e6-b706-809a5bbb9440,Same Direction Rear End,N,Intersection,Right Turn Lane,Daylight,No Defects,"Two-way, Divided, Positive Median Barrier",Dry,Clear,Six o'clock,Passenger Car,Functional,N,Slowing or Stopping,2015-03-31 8:47,48,39.12827667,-77.23745667,3,3,우회전 차선 사고,동일 방향 운행 중 추돌 사고