KEY_INDEX,CDL_FLAG,CONDITION_CODE,EQUIP_PROB_CODE,FAULT_FLAG,INJ_SEVER_CODE,PERSON_ID,PERSON_TYPE,REPORT_NO,SAF_EQUIP_CODE,SEX_CODE,VEHICLE_ID,COLLISION_TYPE_CODE,C_M_ZONE_FLAG,JUNCTION_CODE,LANE_CODE,LIGHT_CODE,RD_COND_CODE,RD_DIV_CODE,SURF_COND_CODE,WEATHER_CODE,AREA_DAMAGED_CODE_MAIN,BODY_TYPE_CODE,DAMAGE_CODE,HIT_AND_RUN_FLAG,MOVEMENT_CODE,TIME,AGE,LATITUDE,LONGITUDE,CLUSTER,SECOND_LABEL,FIRST_LABEL,SECOND_LABELING
4110,N,Apparently Normal,No Misuse,Y,Non-incapacitating Injury,76cf9858-e38b-4115-839e-2fccba091c16,D,MSP5467000X,Shoulder/Lap Belt(s),F,dbf21e60-36e8-4926-908f-470178b7f8aa,Single Vehicle ,N,Non Intersection,Right Turn Lane,Daylight,No Defects,"Two-way, Not Divided",Wet,Raining,Twelve o'clock,Passenger Car,Disabling,N,Moving Constant Speed,2015-03-03 16:02,32,38.97557017,-76.17050583,4,2,빗길사고,동일 방향 운행 중 추돌 사고
4111,N,Apparently Normal,No Misuse,Y,Non-incapacitating Injury,d47b4473-7d2c-47cd-ac8c-7a1d47e22b19,D,MSP5517000W,Shoulder/Lap Belt(s),F,f88d50f5-4951-4a76-843c-15c44572790b,Single Vehicle ,N,Non Intersection,Left Turn Lane,Daylight,No Defects,"Two-way, Divided, Positive Median Barrier",Wet,Raining,Twelve o'clock,Passenger Car,Disabling,N,Moving Constant Speed,2015-01-20 13:11,32,39.639718,-78.894021,4,2,빗길사고,동일 방향 운행 중 추돌 사고
4112,N,Apparently Normal,No Misuse,N,Non-incapacitating Injury,a021db63-eb72-4197-a888-4e9e2327a843,D,MSP5660002Q,Shoulder/Lap Belt(s),F,f2721332-a7ee-4c30-92fa-b29381be3b82,Same Direction Rear End,N,Non Intersection,Left Turn Lane,Dark Lights On,No Defects,"Two-way, Divided, Positive Median Barrier",Dry,Clear,Six o'clock,Passenger Car,Disabling,N,Slowing or Stopping,2015-01-13 17:51,32,38.94344033,-76.79435967,1,3,좌회전 차선 사고,감속 중 사고
4113,N,Apparently Normal,No Misuse,N,No Injury,d771e651-95fb-426c-b900-0abc86f4cccf,D,MSP5660002Q,Shoulder/Lap Belt(s),M,daa25f7f-9ce2-41df-bbf3-35d82660d75c,Same Direction Rear End,N,Non Intersection,Left Turn Lane,Dark Lights On,No Defects,"Two-way, Divided, Positive Median Barrier",Dry,Clear,Ten o'clock,Passenger Car,Functional,N,Slowing or Stopping,2015-01-13 17:51,41,38.94344033,-76.79435967,1,3,좌회전 차선 사고,감속 중 사고
4114,N,Apparently Normal,No Misuse,Y,No Injury,b61be0df-5507-43e9-bcfe-8316e745897f,D,MSP5660002Q,Shoulder/Lap Belt(s),M,a89ee62a-0988-45f8-b777-e5ff4e71ebc3,Same Direction Rear End,N,Non Intersection,Left Turn Lane,Dark Lights On,No Defects,"Two-way, Divided, Positive Median Barrier",Dry,Clear,Twelve o'clock,Passenger Car,Disabling,N,Slowing or Stopping,2015-01-13 17:51,22,38.94344033,-76.79435967,1,3,좌회전 차선 사고,감속 중 사고
4115,N,Apparently Normal,No Misuse,N,Non-incapacitating Injury,f12332a3-b1b3-45a3-b752-e87a8a99dadd,D,MSP5679006F,Shoulder/Lap Belt(s),F,ec109081-260c-43ae-b1ac-db7a2c834eb7,Same Direction Sideswipe,N,Non Intersection,Left Turn Lane,Dark No Lights,No Defects,One-way Trafficway,Ice,Raining,Ten o'clock,Passenger Car,Disabling,N,Slowing or Stopping,2015-03-01 18:35,37,39.32512883,-76.4781515,0,1,눈길사고,등속 주행 사고
4116,N,Apparently Normal,No Misuse,Y,Non-incapacitating Injury,ee8c6567-4e22-4323-9a81-e27679432192,D,MSP5679006K,Shoulder/Lap Belt(s),F,b0e3f570-72f0-4898-aa4a-9b7ed2858b4c,Single Vehicle ,N,Non Intersection,Acceleration Lane,Daylight,No Defects,"Two-way, Divided, Positive Median Barrier",Dry,Clear,Twelve o'clock,Passenger Car,Destroyed,N,Skidding,2015-03-08 15:55,46,39.36381583,-76.507774,1,1,좌회전 차선 사고,등속 주행 사고
4117,N,Apparently Normal,No Misuse,Y,Non-incapacitating Injury,f29343f5-76f0-4b14-92e3-b460f0dd1be9,D,MSP5731002V,Shoulder/Lap Belt(s),F,b1bc8439-26b0-475e-bc52-c93248539637,Single Vehicle ,N,Non Intersection,Left Turn Lane,Daylight,No Defects,"Two-way, Divided, Positive Median Barrier",Snow,Snow,Twelve o'clock,Passenger Car,Superficial,Y,Moving Constant Speed,2015-02-21 15:45,20,39.627684,-77.771751,0,0,눈길사고,감속 중 사고
4118,N,Apparently Normal,No Misuse,N,Non-incapacitating Injury,5dc96f41-0faf-4e3c-9582-1d85ab13425f,D,MSP5744001W,Shoulder/Lap Belt(s),F,90daf0da-fe0e-4bac-8ed2-908eea723598,Same Movement Angle,N,Intersection,Right Turn Lane,Daylight,No Defects,"Two-way, Not Divided",Dry,Cloudy,Eleven o'clock,Passenger Car,Destroyed,N,Slowing or Stopping,2015-03-19 18:09,19,39.60972033,-76.87986017,3,0,우회전 차선 사고,기타
4119,N,Apparently Normal,No Misuse,Y,No Injury,e7059cc1-5cd2-437b-bc99-e4d96acf1248,D,MSP5744001W,Shoulder/Lap Belt(s),M,ae4ff87c-b97e-4ffd-9e40-9e7c45b3ac13,Same Movement Angle,N,Intersection,Right Turn Lane,Daylight,No Defects,"Two-way, Not Divided",Dry,Cloudy,Seven o'clock,Passenger Car,Disabling,N,Making Left Turn,2015-03-19 18:09,21,39.60972033,-76.87986017,3,0,우회전 차선 사고,기타
4120,N,Apparently Normal,No Misuse,Y,Non-incapacitating Injury,3442ee9c-b5ab-4041-bf0e-066d44a51ecc,D,MSP5780002W,Shoulder/Lap Belt(s),F,b8a6b834-bf5b-498d-9caf-ee048d90d230,Same Movement Angle,N,Intersection,Left Turn Lane,Daylight,No Defects,"Two-way, Divided, Positive Median Barrier",Snow,Snow,Eight o'clock,(Sport) Utility Vehicle,Disabling,N,Slowing or Stopping,2015-03-05 14:19,35,39.45527917,-77.3995705,0,1,눈길사고,등속 주행 사고
4121,N,Apparently Normal,No Misuse,N,No Injury,e9bd40d3-6d83-49a2-bfdc-e0967f1b3105,D,MSP5780002W,Shoulder/Lap Belt(s),M,1ffd240e-68b8-453c-ac7a-c982547ef862,Same Movement Angle,N,Intersection,Left Turn Lane,Daylight,No Defects,"Two-way, Divided, Positive Median Barrier",Snow,Snow,Twelve o'clock,Pickup Truck,Disabling,N,Moving Constant Speed,2015-03-05 14:19,30,39.45527917,-77.3995705,0,0,눈길사고,감속 중 사고
4122,N,Apparently Normal,No Misuse,N,Non-incapacitating Injury,1132ed48-37d5-41ae-89a3-1efabde69048,D,MSP58000026,Shoulder/Lap Belt(s),F,06436cf2-9f81-4f5c-910c-deec4cbd6b85,Same Direction Rear End,N,Non Intersection,Left Turn Lane,Daylight,No Defects,"Two-way, Divided, Positive Median Barrier",Dry,Clear,Six o'clock,Passenger Car,Disabling,N,Slowing or Stopping,2015-01-15 8:21,49,39.12178133,-77.19869333,1,3,좌회전 차선 사고,감속 중 사고
4123,N,Apparently Normal,No Misuse,Y,No Injury,74a09fdd-c5df-4590-9633-6d2768f7342b,D,MSP58000026,Shoulder/Lap Belt(s),M,73f48a3a-5c6e-4eee-bb62-82653df2c471,Same Direction Rear End,N,Non Intersection,Left Turn Lane,Daylight,No Defects,"Two-way, Divided, Positive Median Barrier",Dry,Clear,Twelve o'clock,(Sport) Utility Vehicle,Functional,N,Moving Constant Speed,2015-01-15 8:21,47,39.12178133,-77.19869333,1,0,좌회전 차선 사고,등속 주행 중 측면 추돌 사고
4124,N,Apparently Normal,No Misuse,N,Non-incapacitating Injury,428acbdd-1b13-4250-982a-2aaed64be2d9,D,MSP5800002G,Shoulder/Lap Belt(s),F,3dcf8e2a-72f7-4f0a-b5fb-f567b16e59a8,Same Direction Rear End,N,Non Intersection,Deceleration Lane,Daylight,No Defects,"Two-way, Divided, Positive Median Barrier",Dry,Cloudy,Six o'clock,Passenger Car,Disabling,N,Slowing or Stopping,2015-02-09 7:50,34,39.090361,-77.17507017,1,3,좌회전 차선 사고,감속 중 사고
4125,N,Apparently Normal,No Misuse,Y,Non-incapacitating Injury,e06a2be1-a2df-4e85-89f2-2db9b0c9c6d5,D,MSP5800002G,Shoulder/Lap Belt(s),F,49bad198-de54-4af3-9340-a55bc4a89799,Same Direction Rear End,N,Non Intersection,Deceleration Lane,Daylight,No Defects,"Two-way, Divided, Positive Median Barrier",Dry,Cloudy,Twelve o'clock,Passenger Car,Disabling,N,Moving Constant Speed,2015-02-09 7:50,18,39.090361,-77.17507017,1,0,좌회전 차선 사고,등속 주행 중 측면 추돌 사고
4126,N,Apparently Normal,No Misuse,Y,No Injury,3c6dd714-c1c7-43e8-b45e-e876fc928de3,D,MSP58330017,Shoulder/Lap Belt(s),M,6c855f0d-2df7-4577-98d9-ade65f3cf06f,Same Direction Sideswipe,N,Non Intersection,Right Turn Lane,Daylight,No Defects,"Two-way, Divided, Positive Median Barrier",Wet,Wintry Mix,Ten o'clock,Passenger Car,Functional,N,Moving Constant Speed,2015-02-26 7:57,24,39.42328004,-76.37132,4,2,빗길사고,동일 방향 운행 중 추돌 사고
4127,N,Apparently Normal,No Misuse,Y,Non-incapacitating Injury,ec6acf81-5e58-4b11-88b5-08c6e8059107,D,MSP5847002Y,Shoulder/Lap Belt(s),F,62a8b234-9bd5-4ed8-9017-3a4173a2f5b3,Same Direction Sideswipe,N,Non Intersection,Right Turn Lane,Daylight,No Defects,"Two-way, Divided, Positive Median Barrier",Ice,Wintry Mix,Eleven o'clock,Passenger Car,Disabling,N,Moving Constant Speed,2015-01-14 8:41,22,39.36118933,-77.17668617,0,0,눈길사고,감속 중 사고
4128,N,Apparently Normal,No Misuse,N,No Injury,436f41b5-5fc4-4c3d-ab93-a0a92de9801e,D,MSP5847002Y,Shoulder/Lap Belt(s),M,1d71aa8a-f1e5-4eee-9ca3-fab628da7ff6,Same Direction Sideswipe,N,Non Intersection,Right Turn Lane,Daylight,No Defects,"Two-way, Divided, Positive Median Barrier",Ice,Wintry Mix,One o'clock,Passenger Car,Disabling,N,Moving Constant Speed,2015-01-14 8:41,23,39.36118933,-77.17668617,0,0,눈길사고,감속 중 사고
4129,N,Apparently Normal,No Misuse,N,Non-incapacitating Injury,363f9b8a-98fe-4348-ade2-788a7a173028,D,MSP5859001L,Shoulder/Lap Belt(s),F,5a8927ae-9af5-4417-a651-f7750270876d,Same Direction Rear End,Y,Non Intersection,Right Turn Lane,Dark Lights On,No Defects,"Two-way, Divided, Unprotected (painted >4 feet) Median",Dry,Clear,Six o'clock,(Sport) Utility Vehicle,Functional,N,Slowing or Stopping,2015-01-05 6:49,56,38.8163765,-76.83251267,2,1,기타,등속 주행 사고
4130,N,Apparently Normal,No Misuse,Y,No Injury,28853e08-4a1d-4914-90d1-57bdf7807ff3,D,MSP5859001L,Shoulder/Lap Belt(s),M,cfcfd33f-d03d-48b6-8379-ccc90220412a,Same Direction Rear End,Y,Non Intersection,Right Turn Lane,Dark Lights On,No Defects,"Two-way, Divided, Unprotected (painted >4 feet) Median",Dry,Clear,Twelve o'clock,Pickup Truck,Disabling,N,Slowing or Stopping,2015-01-05 6:49,20,38.8163765,-76.83251267,2,1,기타,등속 주행 사고
4131,N,Apparently Normal,No Misuse,Y,Non-incapacitating Injury,d0776f56-b134-4149-b6a8-f5ed99893535,D,MSP5859001Q,Shoulder/Lap Belt(s),F,9b655ba1-026b-411a-b646-952737554f89,Same Direction Rear End,N,Intersection Related,Right Turn Lane,Daylight,No Defects,"Two-way, Not Divided",Dry,Clear,Twelve o'clock,(Sport) Utility Vehicle,Disabling,N,Moving Constant Speed,2015-03-19 15:28,58,38.84078733,-76.87367217,3,2,우회전 차선 사고,기타
4132,N,Apparently Normal,No Misuse,N,No Injury,b6d0edcf-e0c1-4d7b-b911-144f3003f987,D,MSP5859001Q,Shoulder/Lap Belt(s),M,54f467b6-c2ef-4f77-ab20-755d8d3b2bd4,Same Direction Rear End,N,Intersection Related,Right Turn Lane,Daylight,No Defects,"Two-way, Not Divided",Dry,Clear,Six o'clock,Pickup Truck,Functional,N,Stopped in Traffic Lane,2015-03-19 15:28,83,38.84078733,-76.87367217,3,3,우회전 차선 사고,동일 방향 운행 중 추돌 사고
4133,N,Apparently Normal,No Misuse,Y,Non-incapacitating Injury,05f1441b-00ad-492f-b596-f6239839eb47,D,MSP5930000N,Shoulder/Lap Belt(s),F,f4aa433d-ac10-4e6f-b197-2d5d75e826fe,Single Vehicle ,N,Non Intersection,Right Turn Lane,Daylight,No Defects,"Two-way, Divided, Positive Median Barrier",Ice,Wintry Mix,Roof Top,(Sport) Utility Vehicle,Disabling,N,Moving Constant Speed,2015-02-10 7:47,56,38.55251,-76.013593,0,0,눈길사고,감속 중 사고
4134,N,Apparently Normal,No Misuse,Y,Non-incapacitating Injury,85020e63-97e4-4203-9fd9-71d50bc0e836,D,MSP5930000R,Shoulder/Lap Belt(s),F,6dc11bb8-ae58-457b-8cc5-b6f2d3ad44cf,Single Vehicle ,N,Non Intersection,Right Turn Lane,Daylight,No Defects,"Two-way, Not Divided",Dry,Clear,Roof Top,Pickup Truck,Functional,N,Moving Constant Speed,2015-03-31 10:21,25,38.414257,-76.183807,2,2,기타,기타
4135,N,Apparently Normal,No Misuse,Y,Non-incapacitating Injury,e71039cd-eb93-47bf-ad7e-8455344eb372,D,MSP5967002F,Shoulder/Lap Belt(s),F,357548cc-2540-44fd-8a39-03e82ce93d6c,Same Movement Angle,N,Intersection,Right Turn Lane,Daylight,No Defects,"Two-way, Not Divided",Snow,Snow,Nine o'clock,Passenger Car,Disabling,N,Skidding,2015-01-06 9:57,27,39.48980883,-76.25594233,0,2,눈길사고,미끌어짐에 의한 사고
4136,N,Apparently Normal,No Misuse,N,Non-incapacitating Injury,849f83fc-b2d2-4b4f-8457-3a15d23d8501,D,MSP5967002F,Shoulder/Lap Belt(s),M,82ac39de-3a69-44c8-b208-0744dd6698e5,Same Movement Angle,N,Intersection,Right Turn Lane,Daylight,No Defects,"Two-way, Not Divided",Snow,Snow,Twelve o'clock,Pickup Truck,Disabling,N,Skidding,2015-01-06 9:57,43,39.48980883,-76.25594233,0,2,눈길사고,미끌어짐에 의한 사고
4137,N,Apparently Normal,No Misuse,N,Non-incapacitating Injury,0c0d7499-91c4-4e53-8713-ff10f243c85b,D,MSP6060001H,Shoulder/Lap Belt(s),F,07a01f79-ad3c-46c6-a71e-ba5513726c38,Same Movement Angle,N,Intersection,Right Turn Lane,Daylight,No Defects,"Two-way, Not Divided",Dry,Clear,Twelve o'clock,Passenger Car,Disabling,N,Moving Constant Speed,2015-02-23 16:28,25,39.52569183,-77.02805117,3,0,우회전 차선 사고,기타
4138,N,Apparently Normal,No Misuse,Y,Non-incapacitating Injury,bd0e8aaf-a1c1-41b5-913c-ad78afeb7e65,D,MSP6060001H,Shoulder/Lap Belt(s),F,2764ffd8-89d1-4504-b23b-3b10e3c237fa,Same Movement Angle,N,Intersection,Right Turn Lane,Daylight,No Defects,"Two-way, Not Divided",Dry,Clear,Twelve o'clock,Passenger Car,Disabling,N,Accelerating,2015-02-23 16:28,81,39.52569183,-77.02805117,3,0,우회전 차선 사고,기타
4139,N,Apparently Normal,No Misuse,Y,Non-incapacitating Injury,427b51e9-4981-44cf-b307-f386b77217d2,D,MSP6079002C,Shoulder/Lap Belt(s),F,4bfb0fe9-d7f2-469f-8e91-adca5fd8c6d1,Single Vehicle ,N,Interchange Related,Right Turn Lane,Daylight,No Defects,"Two-way, Divided, Positive Median Barrier",Wet,Cloudy,Two o'clock,Passenger Car,Destroyed,N,Moving Constant Speed,2015-01-04 14:47,54,39.151987,-76.64290533,4,2,빗길사고,동일 방향 운행 중 추돌 사고
4140,N,Apparently Normal,No Misuse,Y,Non-incapacitating Injury,c5d7812b-a620-4923-a3aa-a97d2d68548c,D,MSP6079002R,Shoulder/Lap Belt(s),F,96ab153a-6c41-44d3-aa65-f8822c568e2f,Single Vehicle ,N,Non Intersection,Right Turn Lane,Daylight,No Defects,"Two-way, Divided, Positive Median Barrier",Wet,Cloudy,Twelve o'clock,Passenger Car,Destroyed,N,Moving Constant Speed,2015-03-11 8:08,23,39.151137,-76.64729683,4,2,빗길사고,동일 방향 운행 중 추돌 사고
4141,N,Apparently Normal,No Misuse,Y,Non-incapacitating Injury,3ac38677-933d-4074-b84a-e2a3d77f5757,D,MSP6156001W,Shoulder/Lap Belt(s),F,49195dfe-94b3-4c6a-8c48-f5b2cdb4a33f,Single Vehicle ,N,Non Intersection,Right Turn Lane,Dark No Lights,No Defects,"Two-way, Not Divided",Wet,Clear,Three o'clock,Passenger Car,Destroyed,N,Moving Constant Speed,2015-01-25 1:30,23,39.55687,-76.46381,2,2,기타,기타
4142,N,Apparently Normal,No Misuse,N,Non-incapacitating Injury,52a70a54-fd66-42e3-9db4-16820852218a,D,MSP6163001H,Shoulder/Lap Belt(s),F,897b526b-0f50-4407-a429-8ee9331cb5fa,Single Vehicle ,N,Non Intersection,Left Turn Lane,Dark Lights On,No Defects,"Two-way, Divided, Positive Median Barrier",Dry,Clear,Twelve o'clock,Van,Functional,N,Moving Constant Speed,2015-01-03 5:14,68,38.38397523,-75.30245122,1,0,좌회전 차선 사고,등속 주행 중 측면 추돌 사고
4143,N,Apparently Normal,No Misuse,N,Non-incapacitating Injury,91c99dd1-497a-4d6a-b599-fc566767e4be,D,MSP6163001J,Shoulder/Lap Belt(s),F,dbc7c6db-dfc6-4a1e-8e45-b74cc23e3a97,Head On Left Turn,N,Intersection,Acceleration Lane,Daylight,No Defects,"Two-way, Divided, Positive Median Barrier",Wet,Raining,Twelve o'clock,Passenger Car,Destroyed,N,Moving Constant Speed,2015-01-21 15:52,28,38.4286541,-75.21943508,4,2,빗길사고,동일 방향 운행 중 추돌 사고
4144,N,Apparently Normal,No Misuse,Y,Non-incapacitating Injury,2c3106ed-dae7-41d8-b5f6-1aa2c69fd029,D,MSP6163001J,Shoulder/Lap Belt(s),F,87d1f512-b9c1-4210-a346-0ca8734db326,Head On Left Turn,N,Intersection,Acceleration Lane,Daylight,No Defects,"Two-way, Divided, Positive Median Barrier",Wet,Raining,Five o'clock,(Sport) Utility Vehicle,Functional,N,Moving Constant Speed,2015-01-21 15:52,45,38.4286541,-75.21943508,4,2,빗길사고,동일 방향 운행 중 추돌 사고
4145,N,Apparently Normal,No Misuse,N,Non-incapacitating Injury,7e73ef0a-5cd7-4916-b006-ba986a9fee71,D,MSP6163001K,Shoulder/Lap Belt(s),F,98bc9b58-1b0b-4622-abc3-917c3ae07979,Head On Left Turn,N,Intersection,Right Turn Lane,Daylight,No Defects,"Two-way, Divided, Positive Median Barrier",Dry,Clear,Twelve o'clock,Passenger Car,Destroyed,N,Moving Constant Speed,2015-02-06 9:11,24,38.44087455,-75.22647073,3,2,우회전 차선 사고,기타
4146,N,Had Been Drinking,No Misuse,Y,Non-incapacitating Injury,68a4b3e9-a5e1-4a09-8f05-dcfdd760953a,D,MSP6163001K,Shoulder/Lap Belt(s),M,a97c24b2-1350-4817-a84d-766eee301ade,Head On Left Turn,N,Intersection,Right Turn Lane,Daylight,No Defects,"Two-way, Divided, Positive Median Barrier",Dry,Clear,Two o'clock,Passenger Car,Destroyed,N,Moving Constant Speed,2015-02-06 9:11,54,38.44087455,-75.22647073,3,2,우회전 차선 사고,기타
4147,N,Apparently Normal,No Misuse,N,Non-incapacitating Injury,96e964fd-5212-43d0-9ef3-856191200eaf,D,MSP6188000L,Shoulder/Lap Belt(s),F,29e185a6-0d2d-4f11-a469-91def9cef02b,Same Direction Sideswipe,N,Non Intersection,Right Turn Lane,Dark No Lights,No Defects,"Two-way, Not Divided",Ice,Wintry Mix,Eight o'clock,Van,Disabling,N,Moving Constant Speed,2015-02-21 17:57,63,38.2386753,-76.5366702,0,0,눈길사고,감속 중 사고
4148,N,Apparently Normal,No Misuse,Y,No Injury,4e922e5a-7e49-40ac-bf4e-9bdb94df00c3,D,MSP6188000L,Shoulder/Lap Belt(s),M,4bfe0076-a28f-4853-bdf2-0f52f0221191,Same Direction Sideswipe,N,Non Intersection,Right Turn Lane,Dark No Lights,No Defects,"Two-way, Not Divided",Ice,Wintry Mix,One o'clock,Pickup Truck,Superficial,N,Accelerating,2015-02-21 17:57,22,38.2386753,-76.5366702,0,2,눈길사고,미끌어짐에 의한 사고
4149,N,Apparently Normal,No Misuse,Y,Non-incapacitating Injury,6ab31c58-9050-49d8-9346-8e19b44e2a1a,D,MSP61910028,Shoulder/Lap Belt(s),F,d32f91cc-eb99-4896-8695-cacaf38ef8df,Single Vehicle ,N,Non Intersection,Right Turn Lane,Daylight,No Defects,"Two-way, Divided, Positive Median Barrier",Dry,Cloudy,Twelve o'clock,"Cargo Van/Light Truck 2 axles (10,000 lbs (4,536 kg) or less)",Disabling,N,Skidding,2015-02-14 17:03,24,39.252737,-76.6141795,2,0,기타,자차 사고
4150,N,Apparently Normal,No Misuse,Y,Non-incapacitating Injury,f4d64366-a9c2-484f-8ac1-48c5a5d284cf,D,MSP62250038,Shoulder/Lap Belt(s),F,33ff705c-c3da-4284-8e2f-63724f457ef8,Single Vehicle ,N,Non Intersection,Right Turn Lane,Dark Lights On,No Defects,"Two-way, Divided, Positive Median Barrier",Dry,Clear,Twelve o'clock,Passenger Car,Destroyed,N,Moving Constant Speed,2015-03-22 21:07,29,38.860092,-76.850324,2,2,기타,기타
4151,N,Apparently Normal,No Misuse,N,Non-incapacitating Injury,688afb69-2576-4d42-9348-092e199dc2fb,D,MSP6269003J,Shoulder/Lap Belt(s),F,29b4e4ec-2e1d-4042-9a14-3eeb49cd4d6b,Same Direction Sideswipe,N,Non Intersection,Acceleration Lane,Dark Lights On,No Defects,"Two-way, Divided, Positive Median Barrier",Ice,Sleet,One o'clock,(Sport) Utility Vehicle,Disabling,N,Moving Constant Speed,2015-02-22 1:24,44,39.01818341,-76.97038651,0,0,눈길사고,감속 중 사고
4152,N,Apparently Normal,No Misuse,Y,No Injury,f1b5a059-1d79-4d27-b288-bb05030db805,D,MSP6269003J,Shoulder/Lap Belt(s),M,02bdbc9a-8da7-4041-a6c5-b38bd3c9c85e,Same Direction Sideswipe,N,Non Intersection,Acceleration Lane,Dark Lights On,No Defects,"Two-way, Divided, Positive Median Barrier",Ice,Sleet,Eleven o'clock,Passenger Car,Disabling,N,Changing Lanes,2015-02-22 1:24,22,39.01818341,-76.97038651,0,2,눈길사고,미끌어짐에 의한 사고
4153,N,Apparently Normal,No Misuse,N,Non-incapacitating Injury,45f87e38-3db9-4a6b-a1b0-73a74b69ed6b,D,MSP6286002C,Shoulder/Lap Belt(s),F,d98d80d0-f314-4aa2-bc24-577f1cedc965,Same Direction Rear End,N,Non Intersection,Acceleration Lane,Daylight,No Defects,"Two-way, Divided, Positive Median Barrier",Dry,Clear,Six o'clock,(Sport) Utility Vehicle,Functional,N,Moving Constant Speed,2015-02-25 12:54,54,39.0023195,-76.50766033,1,0,좌회전 차선 사고,등속 주행 중 측면 추돌 사고
4154,N,Apparently Normal,No Misuse,Y,Non-incapacitating Injury,2f4136e5-51d8-4346-bb24-31fd52e37cc2,D,MSP6286002C,Shoulder/Lap Belt(s),F,f0a49aab-4e18-4b29-9cbd-2825396e3ddc,Same Direction Rear End,N,Non Intersection,Acceleration Lane,Daylight,No Defects,"Two-way, Divided, Positive Median Barrier",Dry,Clear,Twelve o'clock,(Sport) Utility Vehicle,Disabling,N,Moving Constant Speed,2015-02-25 12:54,45,39.0023195,-76.50766033,1,0,좌회전 차선 사고,등속 주행 중 측면 추돌 사고
4155,N,Apparently Normal,No Misuse,N,Non-incapacitating Injury,2a7b7606-f7bf-4127-a3e8-74e4fc8ddd07,D,MSP6286002J,Shoulder/Lap Belt(s),F,71218b2c-fc05-4ee5-8c9d-019076d36783,Same Direction Rear End,N,Non Intersection,Left Turn Lane,Daylight,No Defects,"Two-way, Divided, Positive Median Barrier",Wet,Raining,Six o'clock,Passenger Car,Functional,N,Moving Constant Speed,2015-03-27 8:52,53,39.21244233,-76.679442,4,2,빗길사고,동일 방향 운행 중 추돌 사고
4156,N,Apparently Normal,No Misuse,Y,Non-incapacitating Injury,f5c10bbd-ef52-4382-a5a0-4c3445b58d87,D,MSP6286002J,Shoulder/Lap Belt(s),M,e40a949f-aac8-40aa-8ed7-7cb8902e675b,Same Direction Rear End,N,Non Intersection,Left Turn Lane,Daylight,No Defects,"Two-way, Divided, Positive Median Barrier",Wet,Raining,Twelve o'clock,Passenger Car,Disabling,N,Moving Constant Speed,2015-03-27 8:52,43,39.21244233,-76.679442,4,2,빗길사고,동일 방향 운행 중 추돌 사고
4157,N,Apparently Normal,No Misuse,Y,Non-incapacitating Injury,e61c59e0-2e46-4bfc-9157-3cad272edc00,D,MSP6286002K,Shoulder/Lap Belt(s),F,4db8d595-87a5-42be-afe0-9209b75935d4,Same Direction Rear End,N,Non Intersection,Left Turn Lane,Daylight,No Defects,"Two-way, Divided, Positive Median Barrier",Dry,Clear,Twelve o'clock,(Sport) Utility Vehicle,Disabling,N,Moving Constant Speed,2015-03-28 12:43,32,39.238177,-76.64875917,1,0,좌회전 차선 사고,등속 주행 중 측면 추돌 사고
4158,N,Apparently Normal,No Misuse,N,Non-incapacitating Injury,4df4f700-1858-4883-846e-e35e2b5a11f1,D,MSP6286002K,Shoulder/Lap Belt(s),M,05d96dac-0a99-45f4-b17e-7e58805ec619,Same Direction Rear End,N,Non Intersection,Left Turn Lane,Daylight,No Defects,"Two-way, Divided, Positive Median Barrier",Dry,Clear,Six o'clock,(Sport) Utility Vehicle,Functional,N,Moving Constant Speed,2015-03-28 12:43,74,39.238177,-76.64875917,1,0,좌회전 차선 사고,등속 주행 중 측면 추돌 사고
4159,N,Apparently Normal,No Misuse,Y,Non-incapacitating Injury,f62dc08d-9542-4a83-8ede-fea39068da65,D,MSP63090017,Shoulder/Lap Belt(s),F,cc1c7826-b411-4db5-a709-3f0f0333d28c,Same Direction Sideswipe,N,Non Intersection,Acceleration Lane,Dawn,No Defects,"Two-way, Divided, Positive Median Barrier",Ice,Clear,Twelve o'clock,(Sport) Utility Vehicle,Disabling,N,Moving Constant Speed,2015-03-07 6:32,42,38.94562133,-76.85850517,1,0,좌회전 차선 사고,등속 주행 중 측면 추돌 사고
4160,N,Apparently Normal,No Misuse,Y,Non-incapacitating Injury,79b6e1c3-7d16-41b8-9992-1649f4540a32,D,MSP6319000Q,Shoulder/Lap Belt(s),F,d71a2bda-7d7d-496c-ae92-50a615739d1e,Single Vehicle ,N,Intersection,Right Turn Lane,Dark No Lights,Foreign Material,"Two-way, Not Divided",Snow,Cloudy,Twelve o'clock,Van,Destroyed,N,Slowing or Stopping,2015-01-21 20:38,36,38.73970067,-75.92119717,0,1,눈길사고,등속 주행 사고
4161,N,Apparently Normal,No Misuse,N,Non-incapacitating Injury,98d14dd1-c9c6-4f54-8585-e73d7ee52aad,D,MSP6320000Y,Shoulder/Lap Belt(s),F,8b3097ee-8e0c-4824-91aa-a618b15ec7f0,Same Movement Angle,N,Intersection,Acceleration Lane,Daylight,No Defects,"Two-way, Divided, Unprotected (painted >4 feet) Median",Dry,Clear,Two o'clock,(Sport) Utility Vehicle,Disabling,N,Starting From Lane,2015-02-20 11:47,63,39.53880017,-76.93127183,1,1,좌회전 차선 사고,등속 주행 사고
4162,N,Apparently Normal,No Misuse,Y,Non-incapacitating Injury,722a56cd-e21d-4c23-b997-f13a4638cb60,D,MSP6320000Y,Shoulder/Lap Belt(s),F,3f559334-226c-4da8-ab65-5d506e0ffe21,Same Movement Angle,N,Intersection,Acceleration Lane,Daylight,No Defects,"Two-way, Divided, Unprotected (painted >4 feet) Median",Dry,Clear,Twelve o'clock,Passenger Car,Disabling,N,Moving Constant Speed,2015-02-20 11:47,29,39.53880017,-76.93127183,1,0,좌회전 차선 사고,등속 주행 중 측면 추돌 사고