KEY_INDEX,CDL_FLAG,CONDITION_CODE,EQUIP_PROB_CODE,FAULT_FLAG,INJ_SEVER_CODE,PERSON_ID,PERSON_TYPE,REPORT_NO,SAF_EQUIP_CODE,SEX_CODE,VEHICLE_ID,COLLISION_TYPE_CODE,C_M_ZONE_FLAG,JUNCTION_CODE,LANE_CODE,LIGHT_CODE,RD_COND_CODE,RD_DIV_CODE,SURF_COND_CODE,WEATHER_CODE,AREA_DAMAGED_CODE_MAIN,BODY_TYPE_CODE,DAMAGE_CODE,HIT_AND_RUN_FLAG,MOVEMENT_CODE,TIME,AGE,LATITUDE,LONGITUDE,CLUSTER,SECOND_LABEL,FIRST_LABEL,SECOND_LABELING
4163,N,Apparently Normal,No Misuse,Y,Non-incapacitating Injury,77a1b470-670c-4db0-8efa-36c0a90ae090,D,MSP6375001M,Shoulder/Lap Belt(s),F,fd56dcbf-71cd-4927-964d-73b5e1184d51,Single Vehicle ,N,Non Intersection,Right Turn Lane,Daylight,No Defects,"Two-way, Divided, Positive Median Barrier",Snow,Snow,Twelve o'clock,Passenger Car,Disabling,N,Moving Constant Speed,2015-01-06 11:32,32,39.296324,-77.334368,0,0,눈길사고,감속 중 사고
4164,N,Apparently Normal,No Misuse,Y,Non-incapacitating Injury,fa4b91dd-6e8f-439d-a8e3-a59e6a384468,D,MSP6375001S,Shoulder/Lap Belt(s),F,73b22e32-ab3a-4d13-b049-fedef68f99f6,Single Vehicle ,N,Non Intersection,Acceleration Lane,Daylight,No Defects,"Two-way, Divided, Positive Median Barrier",Snow,Snow,Twelve o'clock,Passenger Car,Disabling,N,Moving Constant Speed,2015-01-14 7:48,29,39.36729,-77.195629,0,0,눈길사고,감속 중 사고
4165,N,Apparently Normal,No Misuse,Y,Non-incapacitating Injury,3d4c3f82-00cd-47a0-9e3b-9c3625ef5d3e,D,MSP63750022,Shoulder/Lap Belt(s),F,ef5a750f-d07f-49e3-8ff6-d8081044c2f6,Same Direction Right Turn,N,Non Intersection,Left Turn Lane,Daylight,No Defects,"Two-way, Divided, Positive Median Barrier",Dry,Cloudy,Twelve o'clock,Passenger Car,Disabling,N,Moving Constant Speed,2015-02-09 15:49,21,39.336518,-77.378935,1,0,좌회전 차선 사고,등속 주행 중 측면 추돌 사고
4166,N,Apparently Normal,No Misuse,N,Non-incapacitating Injury,54a7c971-5232-4331-8e55-49ed87e93556,D,MSP63750022,Shoulder/Lap Belt(s),M,6b3c0449-82a9-4639-89df-d6b007e13686,Same Direction Right Turn,N,Non Intersection,Left Turn Lane,Daylight,No Defects,"Two-way, Divided, Positive Median Barrier",Dry,Cloudy,Twelve o'clock,Passenger Car,Disabling,N,Moving Constant Speed,2015-02-09 15:49,40,39.336518,-77.378935,1,0,좌회전 차선 사고,등속 주행 중 측면 추돌 사고
4167,N,Apparently Normal,No Misuse,N,Non-incapacitating Injury,9c2edceb-cbee-4f80-b583-8f3f91d8d310,D,MSP64570007,Shoulder/Lap Belt(s),F,fa2a51cf-e2f7-4cfe-862e-0f47a2bd8d84,Same Movement Angle,N,Intersection,Left Turn Lane,Daylight,No Defects,"Two-way, Divided, Positive Median Barrier",Wet,Raining,Twelve o'clock,Passenger Car,Disabling,N,Moving Constant Speed,2015-03-04 13:54,29,38.7142295,-76.87822267,4,1,빗길사고,자차 사고
4168,N,Apparently Normal,No Misuse,Y,Non-incapacitating Injury,3adde547-ab8d-4c27-9da1-4330b70c1b3c,D,MSP64570007,Shoulder/Lap Belt(s),F,d94004b8-47e5-4cdf-a5cc-281967403481,Same Movement Angle,N,Intersection,Left Turn Lane,Daylight,No Defects,"Two-way, Divided, Positive Median Barrier",Wet,Raining,Four o'clock,Passenger Car,Disabling,N,Moving Constant Speed,2015-03-04 13:54,65,38.7142295,-76.87822267,4,1,빗길사고,자차 사고
4169,N,Apparently Normal,No Misuse,Y,Non-incapacitating Injury,87015ee4-cc2e-4204-b4fb-70214a9340ff,D,MSP64670009,Shoulder/Lap Belt(s),F,dbc348f8-fede-4c3d-8f22-708f77c057e0,Single Vehicle ,N,Non Intersection,Right Turn Lane,Dark No Lights,No Defects,"Two-way, Divided, Positive Median Barrier",Ice,Wintry Mix,Twelve o'clock,Passenger Car,Disabling,N,Moving Constant Speed,2015-02-14 23:31,29,39.00181014,-77.15620995,0,0,눈길사고,감속 중 사고
4170,N,Apparently Normal,No Misuse,Y,Non-incapacitating Injury,2d9cc880-2148-42f3-b037-61e2cb2fa63c,D,MSP6467000B,Shoulder/Lap Belt(s),F,c13cc3e5-6f3d-4a1a-af18-2e7ee50f4aed,Single Vehicle ,N,Non Intersection,Right Turn Lane,Dark No Lights,No Defects,"Two-way, Divided, Positive Median Barrier",Dry,Clear,Twelve o'clock,Passenger Car,Disabling,N,Negotiating a Curve,2015-02-14 4:28,32,39.00934699,-77.06634521,2,0,기타,자차 사고
4171,N,Apparently Normal,No Misuse,N,Non-incapacitating Injury,dc468698-4cb3-4866-ac77-97a38e7cbefa,D,MSP64670012,Shoulder/Lap Belt(s),F,ec31cb65-e2ff-4dda-a453-89f3687b5397,Same Direction Sideswipe,N,Non Intersection,Deceleration Lane,Daylight,No Defects,"Two-way, Divided, Positive Median Barrier",Dry,Clear,Eleven o'clock,(Sport) Utility Vehicle,Disabling,N,Moving Constant Speed,2015-03-26 16:29,70,39.01746653,-77.14736938,1,0,좌회전 차선 사고,등속 주행 중 측면 추돌 사고
4172,Y,Apparently Normal,No Misuse,Y,Non-incapacitating Injury,021a6dfa-5867-4181-99bb-07d1dd236355,D,MSP64680005,Shoulder/Lap Belt(s),F,896f91df-ba56-41b2-900d-3ec2103ea4e6,Head On Left Turn,N,Non Intersection,Right Turn Lane,Daylight,No Defects,"Two-way, Not Divided",Dry,Clear,Four o'clock,Van,Disabling,N,Making U Turn,2015-01-13 13:49,54,39.00055633,-76.07051183,2,0,기타,자차 사고
4173,N,Apparently Normal,No Misuse,Y,Non-incapacitating Injury,440471cd-ddcb-4a34-9995-aba04eb52759,D,MSP64830005,Shoulder/Lap Belt(s),F,a16538ac-231f-4004-bb7d-b8bb1f7f9544,Single Vehicle ,N,Non Intersection,Right Turn Lane,Daylight,No Defects,"Two-way, Not Divided",Wet,Cloudy,Twelve o'clock,Passenger Car,Disabling,N,Accelerating,2015-03-14 18:07,76,38.61903683,-76.91479017,4,0,빗길사고,등속 주행 중 사고
4174,N,Apparently Normal,No Misuse,N,Non-incapacitating Injury,09f5d56d-5a99-4d85-afc4-241d87d5d11a,D,MSP6488000B,Shoulder/Lap Belt(s),F,de7306cb-856d-46b6-9371-ba65d52c895c,Same Direction Rear End,N,Non Intersection,Acceleration Lane,Daylight,No Defects,"Two-way, Divided, Positive Median Barrier",Wet,Snow,Twelve o'clock,Passenger Car,Disabling,N,Moving Constant Speed,2015-01-26 12:04,36,39.01613279,-77.01328039,4,2,빗길사고,동일 방향 운행 중 추돌 사고
4175,Y,Apparently Normal,No Misuse,Y,No Injury,a6e7493a-5737-466f-86bc-6f761c1388ec,D,MSP6488000B,Shoulder/Lap Belt(s),M,e4bb19ad-0ac8-4e17-9625-37ba1f185333,Same Direction Rear End,N,Non Intersection,Acceleration Lane,Daylight,No Defects,"Two-way, Divided, Positive Median Barrier",Wet,Snow,Twelve o'clock,Truck Tractor,Functional,N,Moving Constant Speed,2015-01-26 12:04,55,39.01613279,-77.01328039,4,2,빗길사고,동일 방향 운행 중 추돌 사고
4176,N,Apparently Normal,No Misuse,N,Non-incapacitating Injury,4a2b2117-c0e2-442b-a1c5-141eb6a612d4,D,MSP6488000D,Shoulder/Lap Belt(s),F,5c7a0552-acbe-42c0-8237-234e322adb56,Same Direction Rear End,N,Non Intersection,Left Turn Lane,Daylight,No Defects,"Two-way, Divided, Positive Median Barrier",Dry,Clear,Six o'clock,Passenger Car,Disabling,N,Slowing or Stopping,2015-01-28 12:01,58,38.97105418,-77.1792984,1,3,좌회전 차선 사고,감속 중 사고
4177,N,Apparently Normal,No Misuse,N,No Injury,2cdae95e-6a7a-4043-8d46-c079b247cb8a,D,MSP6488000D,Shoulder/Lap Belt(s),M,9e2ee882-3f1b-41ea-b91c-768f7f1da4a7,Same Direction Rear End,N,Non Intersection,Left Turn Lane,Daylight,No Defects,"Two-way, Divided, Positive Median Barrier",Dry,Clear,Six o'clock,Passenger Car,Functional,N,Slowing or Stopping,2015-01-28 12:01,36,38.97105418,-77.1792984,1,3,좌회전 차선 사고,감속 중 사고
4178,N,Apparently Normal,No Misuse,N,No Injury,3caae44e-c398-4e1a-b669-29a8542ca149,D,MSP6488000D,Shoulder/Lap Belt(s),M,e7dc3ebe-14ac-4a33-8488-87111c4c9626,Same Direction Rear End,N,Non Intersection,Left Turn Lane,Daylight,No Defects,"Two-way, Divided, Positive Median Barrier",Dry,Clear,Six o'clock,Passenger Car,Functional,N,Slowing or Stopping,2015-01-28 12:01,28,38.97105418,-77.1792984,1,3,좌회전 차선 사고,감속 중 사고
4179,N,Apparently Normal,No Misuse,Y,No Injury,521be3bb-ac1e-40df-a208-7a8333ee8505,D,MSP6488000D,Shoulder/Lap Belt(s),M,16346ddc-2ca9-43c6-8da9-07b5ed8dd4f7,Same Direction Rear End,N,Non Intersection,Left Turn Lane,Daylight,No Defects,"Two-way, Divided, Positive Median Barrier",Dry,Clear,Twelve o'clock,Van,Functional,N,Slowing or Stopping,2015-01-28 12:01,23,38.97105418,-77.1792984,1,3,좌회전 차선 사고,감속 중 사고
4180,N,Apparently Normal,No Misuse,N,Non-incapacitating Injury,f72fec2d-b496-4f24-aa4b-5cd9d0bcd76c,D,MSP6488000Q,Shoulder/Lap Belt(s),F,e4e66776-bf5a-45b1-a96b-efb3945fba62,Same Direction Rear End,N,Non Intersection,Right Turn Lane,Daylight,No Defects,"Two-way, Divided, Positive Median Barrier",Dry,Clear,Two o'clock,Passenger Car,Functional,N,Moving Constant Speed,2015-03-21 10:10,50,39.18566602,-77.25607395,2,3,기타,등속 주행 중 측면 추돌 사고
4181,N,Apparently Normal,No Misuse,Y,No Injury,31df4695-acbd-4628-88c6-4d6b397d49c0,D,MSP6488000Q,Shoulder/Lap Belt(s),M,80c691ac-b241-418d-9471-1cde63b0fb51,Same Direction Rear End,N,Non Intersection,Right Turn Lane,Daylight,No Defects,"Two-way, Divided, Positive Median Barrier",Dry,Clear,Eight o'clock,Passenger Car,Functional,N,Changing Lanes,2015-03-21 10:10,22,39.18566602,-77.25607395,2,0,기타,자차 사고
4182,N,Apparently Normal,No Misuse,Y,Non-incapacitating Injury,f993630f-f59f-4ed2-b23c-8b48161e3ddf,D,MSP6498000D,Shoulder/Lap Belt(s),F,86e03bc4-cc27-4fe7-b0a6-76826e8b6948,Same Direction Rear End,N,Intersection,Right Turn Lane,Daylight,No Defects,"Two-way, Not Divided",Dry,Clear,Twelve o'clock,Ambulance/Emergency,Disabling,N,Moving Constant Speed,2015-01-28 15:28,37,39.62959768,-77.10735083,3,2,우회전 차선 사고,기타
4183,N,Apparently Normal,No Misuse,N,Possible Incapacitating Injury,a698501b-c651-458b-8808-d621a1125bd1,D,MSP6498000D,Shoulder/Lap Belt(s),F,a01b34a0-19ae-4d2d-9bf9-1c180734ba4b,Same Direction Rear End,N,Intersection,Right Turn Lane,Daylight,No Defects,"Two-way, Not Divided",Dry,Clear,Six o'clock,Passenger Car,Destroyed,N,Stopped in Traffic Lane,2015-01-28 15:28,26,39.62959768,-77.10735083,3,3,우회전 차선 사고,동일 방향 운행 중 추돌 사고
4184,N,Apparently Normal,No Misuse,N,No Injury,4d2351c0-cd79-4e80-82b5-2c165de9ee23,D,MSP6498000D,Shoulder/Lap Belt(s),M,727b7ff6-60e2-4954-8cc8-a250c0d8b9fe,Same Direction Rear End,N,Intersection,Right Turn Lane,Daylight,No Defects,"Two-way, Not Divided",Dry,Clear,Seven o'clock,Pickup Truck,Superficial,N,Moving Constant Speed,2015-01-28 15:28,35,39.62959768,-77.10735083,3,2,우회전 차선 사고,기타
4185,N,Apparently Normal,No Misuse,Y,Non-incapacitating Injury,6cb9b037-a1f4-4e09-82b2-574a22e0cb87,D,MSP6498000H,Shoulder/Lap Belt(s),F,664edb16-3e67-4ea3-af74-3385fe6f721d,Head On Left Turn,N,Intersection Related,Deceleration Lane,Daylight,No Defects,"Two-way, Divided, Positive Median Barrier",Dry,Clear,Twelve o'clock,Pickup Truck,Functional,N,Making Left Turn,2015-02-22 14:21,54,39.58397818,-76.98982716,1,1,좌회전 차선 사고,등속 주행 사고
4186,N,Apparently Normal,No Misuse,Y,Non-incapacitating Injury,01fb03c4-9474-4012-acbe-c358a1384ef1,D,MSP65010006,Shoulder/Lap Belt(s),F,3b19ebf7-9b4c-41a4-9154-65e3227e338b,Same Direction Rear End,N,Commercial Driveway,Right Turn Lane,Daylight,No Defects,"Two-way, Not Divided",Dry,Clear,Twelve o'clock,Passenger Car,Disabling,N,Moving Constant Speed,2015-01-23 11:18,37,38.00488548,-75.82340151,3,2,우회전 차선 사고,기타
4187,N,Apparently Normal,No Misuse,N,Possible Incapacitating Injury,c8cda70a-86f7-4866-9791-ab0f5f15fa7b,D,MSP65010006,Shoulder/Lap Belt(s),M,87cf058c-295c-4366-b8ce-b5c426d209e5,Same Direction Rear End,N,Commercial Driveway,Right Turn Lane,Daylight,No Defects,"Two-way, Not Divided",Dry,Clear,Six o'clock,Passenger Car,Destroyed,N,Stopped in Traffic Lane,2015-01-23 11:18,26,38.00488548,-75.82340151,3,3,우회전 차선 사고,동일 방향 운행 중 추돌 사고
4188,N,Apparently Normal,No Misuse,N,Non-incapacitating Injury,7342f1d6-24ff-49d7-897b-cfda34b63025,D,MSP65020008,Shoulder/Lap Belt(s),F,0c39a805-1601-40c7-90c8-6f324f448915,Same Direction Sideswipe,N,Non Intersection,Acceleration Lane,Daylight,No Defects,"Two-way, Divided, Unprotected (painted >4 feet) Median",Dry,Clear,Eight o'clock,Passenger Car,Disabling,N,Moving Constant Speed,2015-01-28 7:21,24,38.83782245,-76.86215192,1,0,좌회전 차선 사고,등속 주행 중 측면 추돌 사고
4189,Y,Apparently Normal,No Misuse,Y,No Injury,a82d8466-b4b7-4208-a13f-8109a991cbd1,D,MSP65020008,Shoulder/Lap Belt(s),M,ce41897f-fae8-444b-9bb1-14b88f46e9de,Same Direction Sideswipe,N,Non Intersection,Acceleration Lane,Daylight,No Defects,"Two-way, Divided, Unprotected (painted >4 feet) Median",Dry,Clear,Twelve o'clock,"Medium/Heavy Truck 2 axles (10,000 lbs (4,536 kg) or less)",Functional,N,Moving Constant Speed,2015-01-28 7:21,53,38.83782245,-76.86215192,1,0,좌회전 차선 사고,등속 주행 중 측면 추돌 사고
4190,N,Apparently Normal,No Misuse,N,Non-incapacitating Injury,8cbb9cf9-ce74-467c-b974-4a636f225089,D,MSP65060005,Shoulder/Lap Belt(s),F,9cb84ec4-39d7-421f-a746-689f2f788d43,Same Direction Both Left Turn,N,Non Intersection,Right Turn Lane,Daylight,No Defects,"Two-way, Not Divided",Ice,Blowing Snow,Twelve o'clock,Passenger Car,Disabling,N,Moving Constant Speed,2015-02-20 9:02,28,39.32835557,-75.95719814,0,0,눈길사고,감속 중 사고
4191,N,Apparently Normal,No Misuse,Y,Non-incapacitating Injury,a205c555-32b4-4ee2-bb78-8301c485d97d,D,MSP65060005,Shoulder/Lap Belt(s),F,554b3110-02e3-45e0-ade2-8b04dc5f3f2f,Same Direction Both Left Turn,N,Non Intersection,Right Turn Lane,Daylight,No Defects,"Two-way, Not Divided",Ice,Blowing Snow,Ten o'clock,Passenger Car,Disabling,N,Moving Constant Speed,2015-02-20 9:02,22,39.32835557,-75.95719814,0,0,눈길사고,감속 중 사고
4192,N,Apparently Normal,No Misuse,Y,No Injury,ecb7e2af-6bd1-4fc6-ad09-895c5adec4e5,D,RD00940001,Shoulder/Lap Belt(s),M,99f9f79d-9737-46a9-b2b2-442d6bff9457,Same Direction Rear End,N,Intersection,Right Turn Lane,Dawn,No Defects,"Two-way, Divided, Positive Median Barrier",Wet,Raining,Twelve o'clock,Passenger Car,Disabling,N,Moving Constant Speed,2015-01-04 6:51,44,38.956372,-76.92247152,4,2,빗길사고,동일 방향 운행 중 추돌 사고
4193,N,Apparently Normal,No Misuse,N,No Injury,51aff657-7c31-42c1-8846-da05e27683fc,D,RD01010001,Shoulder/Lap Belt(s),M,77733b66-a944-43d4-843a-0950e5083841,Single Vehicle ,N,Intersection,Right Turn Lane,Dawn,No Defects,"Two-way, Divided, Positive Median Barrier",Dry,Severe Winds,Twelve o'clock,Pickup Truck,Superficial,N,Making Left Turn,2015-01-30 17:36,37,38.95373556,-76.92367315,3,1,우회전 차선 사고,등속 주행 중 측면 추돌 사고
4194,N,Apparently Normal,No Misuse,Y,Non-incapacitating Injury,aed47b71-fd17-417a-b27d-27e6f12c8626,D,RD01040004,Shoulder/Lap Belt(s),F,9d407272-d0fe-4355-8c28-77ed0d5062b6,Angle Meets Left Turn,N,Intersection Related,Acceleration Lane,Daylight,No Defects,"Two-way, Divided, Positive Median Barrier",Dry,Clear,Four o'clock,Passenger Car,Functional,N,Making U Turn,2015-03-10 7:40,76,38.96528178,-76.94151521,1,1,좌회전 차선 사고,등속 주행 사고
4195,N,Apparently Normal,No Misuse,N,No Injury,a85c8f03-0465-4577-9898-a6790756939d,D,RD01040004,Shoulder/Lap Belt(s),M,f31a0b71-4059-4b16-bfe2-b85549563990,Angle Meets Left Turn,N,Intersection Related,Acceleration Lane,Daylight,No Defects,"Two-way, Divided, Positive Median Barrier",Dry,Clear,Twelve o'clock,Passenger Car,Disabling,N,Moving Constant Speed,2015-03-10 7:40,27,38.96528178,-76.94151521,1,0,좌회전 차선 사고,등속 주행 중 측면 추돌 사고
4196,N,Apparently Normal,No Misuse,N,Non-incapacitating Injury,3671af8d-48a0-43de-ba86-a5341621b984,D,ZA05310006,Shoulder/Lap Belt(s),F,4a435296-46a5-4d6a-9c0a-d13c9ff4a1fa,Same Direction Rear End,N,Non Intersection,Right Turn Lane,Daylight,No Defects,"Two-way, Not Divided",Dry,Cloudy,Six o'clock,(Sport) Utility Vehicle,No Damage,N,Slowing or Stopping,2015-02-11 17:12,44,39.59722324,-78.83491874,2,1,기타,등속 주행 사고
4197,N,Apparently Normal,No Misuse,Y,No Injury,29860042-7860-4949-8fa3-239fc9f3e44e,D,ZA05310006,Shoulder/Lap Belt(s),M,2304296e-07c2-4664-9117-a1d1bbdb7293,Same Direction Rear End,N,Non Intersection,Right Turn Lane,Daylight,No Defects,"Two-way, Not Divided",Dry,Cloudy,Six o'clock,Passenger Car,No Damage,N,Slowing or Stopping,2015-02-11 17:12,68,39.59722324,-78.83491874,2,1,기타,등속 주행 사고
4198,N,Apparently Normal,No Misuse,N,Non-incapacitating Injury,2c00f856-187e-4ab7-be80-9c476db5805f,D,ZD32070005,Shoulder/Lap Belt(s),F,c92cdfb1-fc7b-4588-9440-42c8cd210c4f,Same Direction Rear End,N,Intersection,Right Turn Lane,Daylight,No Defects,"Two-way, Divided, Unprotected (painted >4 feet) Median",Wet,Cloudy,Six o'clock,Passenger Car,Superficial,N,Stopped in Traffic Lane,2015-01-03 12:34,48,38.55878746,-76.54110432,4,3,빗길사고,기타
4199,N,Had Been Drinking,No Misuse,Y,No Injury,1463bcc0-957a-4a11-8dc1-71a42101d756,D,ZD32070005,Shoulder/Lap Belt(s),F,fc221b29-1788-4ed0-ae31-1b2014b7e1df,Same Direction Rear End,N,Intersection,Right Turn Lane,Daylight,No Defects,"Two-way, Divided, Unprotected (painted >4 feet) Median",Wet,Cloudy,Twelve o'clock,(Sport) Utility Vehicle,Superficial,N,Slowing or Stopping,2015-01-03 12:34,35,38.55878746,-76.54110432,4,3,빗길사고,기타
4200,N,Apparently Normal,No Misuse,N,Non-incapacitating Injury,24d350fb-b448-4317-8cc0-da15acbaf234,D,ZD58550008,Shoulder/Lap Belt(s),F,f96aedec-0392-4168-9b73-0b55ddd46c58,Same Direction Rear End Left Turn,N,Intersection Related,Right Turn Lane,Daylight,No Defects,"Two-way, Not Divided",Dry,Clear,Six o'clock,Passenger Car,Destroyed,N,Making Left Turn,2015-01-10 10:28,58,38.70776653,-76.58942699,3,1,우회전 차선 사고,등속 주행 중 측면 추돌 사고
4201,N,Apparently Normal,No Misuse,Y,Non-incapacitating Injury,4dfbdcfd-c2d5-47f8-b5c5-cb408924ff70,D,ZF0391000N,Shoulder Belt Only,F,e23888a4-0d67-4cd8-954d-4c22e6e8fbe9,Single Vehicle ,N,Non Intersection,Right Turn Lane,Daylight,No Defects,"Two-way, Not Divided",Dry,Clear,Twelve o'clock,Pickup Truck,Destroyed,N,Moving Constant Speed,2015-03-30 14:37,17,39.64946776,-76.86990023,2,2,기타,기타
4202,N,Apparently Normal,No Misuse,N,Non-incapacitating Injury,58051207-988b-4aa2-9ef2-7bcfe08480be,D,ZF0449000N,Shoulder/Lap Belt(s),F,3de2510b-b3c9-4fbd-a6c6-8db7a06b7ced,Head On,N,Intersection,Right Turn Lane,Daylight,No Defects,"Two-way, Not Divided",Ice,Raining,Twelve o'clock,(Sport) Utility Vehicle,Disabling,N,Negotiating a Curve,2015-01-03 10:13,47,39.5395449,-76.8983531,0,2,눈길사고,미끌어짐에 의한 사고
4203,N,Apparently Normal,No Misuse,N,Non-incapacitating Injury,48e2341c-d070-46ee-8fd7-5e722a4638bd,D,ZF0449000N,Shoulder/Lap Belt(s),M,fa89403f-6d51-4029-9630-eba9d2c344a4,Head On,N,Intersection,Right Turn Lane,Daylight,No Defects,"Two-way, Not Divided",Ice,Raining,Twelve o'clock,Passenger Car,Disabling,N,Skidding,2015-01-03 10:13,78,39.5395449,-76.8983531,0,2,눈길사고,미끌어짐에 의한 사고
4204,N,Apparently Normal,No Misuse,Y,Non-incapacitating Injury,232c964d-142d-4467-953c-266de629b02a,D,ZG04030005,Shoulder/Lap Belt(s),F,f3e088db-e34b-45e9-88a7-543883101bef,Single Vehicle ,N,Non Intersection,Right Turn Lane,Dark No Lights,No Defects,"Two-way, Not Divided",Ice,Wintry Mix,Twelve o'clock,(Sport) Utility Vehicle,Disabling,N,Moving Constant Speed,2015-01-12 6:12,46,39.45836342,-75.89246035,0,0,눈길사고,감속 중 사고
4205,N,Apparently Normal,No Misuse,N,Non-incapacitating Injury,a8b9eac7-2827-4a14-9c2d-510e56f0c9b1,D,ZH02570009,Shoulder/Lap Belt(s),F,6f44be5b-bb8a-461a-9dbb-3670b53c268e,Same Movement Angle,N,Intersection,Left Turn Lane,Dark Lights On,No Defects,"Two-way, Divided, Positive Median Barrier",Wet,Cloudy,Nine o'clock,Passenger Car,Functional,N,Stopped in Traffic Lane,2015-01-18 0:00,39,38.61879849,-76.93473458,4,1,빗길사고,자차 사고
4206,N,Apparently Normal,No Misuse,Y,Incapacitating/Disabled Injury,ad1f7192-b630-46d1-bfb3-2d9687b57e9c,D,ZH02570009,Reflective Clothing,F,b9d7ac7c-98a9-42e0-a76e-a2fb673e70f8,Same Movement Angle,N,Intersection,Left Turn Lane,Dark Lights On,No Defects,"Two-way, Divided, Positive Median Barrier",Wet,Cloudy,Three o'clock,Passenger Car,Destroyed,N,Making Left Turn,2015-01-18 0:00,38,38.61879849,-76.93473458,4,1,빗길사고,자차 사고
4207,N,Apparently Normal,No Misuse,N,No Injury,e8db4d61-3b25-4783-9e9d-58a97b68a9d9,D,ZH02570009,Shoulder/Lap Belt(s),M,4e1bd875-f33e-4e8e-90db-86f4f937cca0,Same Movement Angle,N,Intersection,Left Turn Lane,Dark Lights On,No Defects,"Two-way, Divided, Positive Median Barrier",Wet,Cloudy,Twelve o'clock,Pickup Truck,Functional,N,Moving Constant Speed,2015-01-18 0:00,18,38.61879849,-76.93473458,4,1,빗길사고,자차 사고
4208,N,Apparently Normal,No Misuse,N,Non-incapacitating Injury,3b2aaf41-50c1-4d32-a0e9-2bc083ddb2df,D,ZH0331001C,Shoulder/Lap Belt(s),F,8c677774-d8d3-4663-b7d5-4b6d3e875fae,Same Direction Rear End,N,Intersection Related,Right Turn Lane,Daylight,No Defects,"Two-way, Divided, Positive Median Barrier",Dry,Clear,Six o'clock,Van,Functional,N,Stopped in Traffic Lane,2015-03-12 12:08,48,38.60724167,-76.889105,3,3,우회전 차선 사고,동일 방향 운행 중 추돌 사고
4209,N,Had Been Drinking,No Misuse,Y,No Injury,f91f05bf-35d9-4688-b569-7770d28d5935,D,ZH0331001C,Shoulder/Lap Belt(s),M,2b6e52d6-2016-4f62-b7a9-3e42c0896295,Same Direction Rear End,N,Intersection Related,Right Turn Lane,Daylight,No Defects,"Two-way, Divided, Positive Median Barrier",Dry,Clear,Twelve o'clock,Passenger Car,Functional,N,Moving Constant Speed,2015-03-12 12:08,24,38.60724167,-76.889105,3,2,우회전 차선 사고,기타
4210,N,Apparently Normal,No Misuse,Y,Non-incapacitating Injury,8fc0015e-07ba-4a67-9223-efd778ee0fe7,D,ZH0586000B,Shoulder/Lap Belt(s),F,1a873296-17fc-413a-9ec7-66faf9feb585,Single Vehicle ,N,Non Intersection,Right Turn Lane,Dawn,No Defects,"Two-way, Not Divided",Ice,Wintry Mix,Eleven o'clock,Passenger Car,Disabling,N,Moving Constant Speed,2015-02-10 7:20,28,38.51499711,-76.85215473,0,0,눈길사고,감속 중 사고
4211,N,Apparently Normal,No Misuse,Y,Non-incapacitating Injury,b2da7565-ffe3-4e00-b75c-27faf33e2f12,D,ZH05980007,Shoulder/Lap Belt(s),F,f687cb35-3e48-43ab-8890-889738f57a68,Same Direction Rear End,N,Non Intersection,Right Turn Lane,Daylight,No Defects,"Two-way, Divided, Unprotected (painted >4 feet) Median",Dry,Clear,Twelve o'clock,Passenger Car,Disabling,N,Moving Constant Speed,2015-01-08 11:08,21,38.58980557,-76.91620588,2,3,기타,등속 주행 중 측면 추돌 사고
4212,N,Apparently Normal,No Misuse,N,Non-incapacitating Injury,f783b9e6-1996-4776-82a1-cce7ad4d9aad,D,ZH05980007,Shoulder/Lap Belt(s),M,2625b524-f624-429c-b3f5-a4537de5494d,Same Direction Rear End,N,Non Intersection,Right Turn Lane,Daylight,No Defects,"Two-way, Divided, Unprotected (painted >4 feet) Median",Dry,Clear,Six o'clock,Passenger Car,Functional,N,Making Left Turn,2015-01-08 11:08,23,38.58980557,-76.91620588,2,0,기타,자차 사고
4213,N,Apparently Normal,No Misuse,Y,Non-incapacitating Injury,427de1c8-95ca-4900-afd2-cfc1f668134f,D,ZJ02910006,Shoulder/Lap Belt(s),F,9d474552-2297-4b75-97c2-34d9a3790dbf,Single Vehicle ,N,Non Intersection,Right Turn Lane,Dark No Lights,No Defects,"Two-way, Not Divided",Snow,Clear,Nine o'clock,Passenger Car,Disabling,N,Moving Constant Speed,2015-01-08 0:50,19,39.64804689,-77.30244398,2,2,기타,기타
4214,N,Apparently Normal,No Misuse,Y,Non-incapacitating Injury,292fe707-73fe-4c92-82cc-4fa01d3a9001,D,ZJ0348000C,Shoulder/Lap Belt(s),F,fd61e0e5-6346-4af8-9d13-0ceb5e2a7c7b,Single Vehicle ,N,Non Intersection,Right Turn Lane,Dark Lights On,No Defects,"Two-way, Not Divided",Dry,Cloudy,Twelve o'clock,Passenger Car,Disabling,N,Slowing or Stopping,2015-03-27 21:36,46,39.3586355,-77.530275,2,1,기타,등속 주행 사고