KEY_INDEX,CDL_FLAG,CONDITION_CODE,EQUIP_PROB_CODE,FAULT_FLAG,INJ_SEVER_CODE,PERSON_ID,PERSON_TYPE,REPORT_NO,SAF_EQUIP_CODE,SEX_CODE,VEHICLE_ID,COLLISION_TYPE_CODE,C_M_ZONE_FLAG,JUNCTION_CODE,LANE_CODE,LIGHT_CODE,RD_COND_CODE,RD_DIV_CODE,SURF_COND_CODE,WEATHER_CODE,AREA_DAMAGED_CODE_MAIN,BODY_TYPE_CODE,DAMAGE_CODE,HIT_AND_RUN_FLAG,MOVEMENT_CODE,TIME,AGE,LATITUDE,LONGITUDE,CLUSTER,SECOND_LABEL,FIRST_LABEL,SECOND_LABELING
4322,N,Apparently Normal,No Misuse,Y,Possible Incapacitating Injury,0ccfb8b3-2fa5-491a-8cc6-4ad29284d8f8,D,ADH9320001,Shoulder/Lap Belt(s),M,f6592f34-a621-4da6-bf01-8052b5f58d42,Head On Left Turn,N,Intersection,Right Turn Lane,Dark Lights On,No Defects,"Two-way, Not Divided",Dry,Clear,Twelve o'clock,Pickup Truck,Functional,N,Moving Constant Speed,2015-01-13 20:13,24,39.35549802,-76.70135558,3,2,우회전 차선 사고,기타
4323,N,Apparently Normal,No Misuse,Y,Possible Incapacitating Injury,3418ef1a-903c-4871-a426-3da3bd43c851,D,ADI1550001,Shoulder/Lap Belt(s),F,85b6b2b5-eb70-4208-8cdf-a6425cc1401d,Single Vehicle ,N,Non Intersection,Right Turn Lane,Dark Lights On,No Defects,"Two-way, Divided, Positive Median Barrier",Snow,Snow,Twelve o'clock,Passenger Car,Disabling,N,Moving Constant Speed,2015-01-06 6:08,32,39.28754559,-76.55404329,0,0,눈길사고,감속 중 사고
4324,N,Apparently Normal,No Misuse,Y,Possible Incapacitating Injury,f1daf3c6-313a-4101-b959-d20b6f96799b,D,ADI1550003,Shoulder/Lap Belt(s),F,f9915fdd-855e-4e66-8753-441c153b2633,Single Vehicle ,N,Non Intersection,Left Turn Lane,Dark Lights On,Foreign Material,"Two-way, Divided, Positive Median Barrier",Ice,Snow,One o'clock,Passenger Car,Disabling,N,Moving Constant Speed,2015-02-19 5:04,25,39.2993361,-76.53359413,0,0,눈길사고,감속 중 사고
4325,N,Apparently Normal,No Misuse,Y,Possible Incapacitating Injury,75c96015-6421-4574-b676-bd759ba056e6,D,ADI3610002,Shoulder/Lap Belt(s),F,6a7c5e42-ce0f-4db2-bcfd-51c5f27bf42b,Same Movement Angle,N,Intersection,Left Turn Lane,Daylight,No Defects,One-way Trafficway,Dry,Clear,Twelve o'clock,Passenger Car,Disabling,N,Moving Constant Speed,2015-03-26 16:05,28,39.28962153,-76.6396594,1,0,좌회전 차선 사고,등속 주행 중 측면 추돌 사고
4326,N,Apparently Normal,No Misuse,N,No Injury,68bdda0c-2844-477a-a653-4f9a183bb883,D,ADI3610002,Shoulder/Lap Belt(s),M,de0056bc-fcb1-4711-ae30-cba32ba8670c,Same Movement Angle,N,Intersection,Left Turn Lane,Daylight,No Defects,One-way Trafficway,Dry,Clear,Five o'clock,Passenger Car,Functional,N,Moving Constant Speed,2015-03-26 16:05,39,39.28962153,-76.6396594,1,0,좌회전 차선 사고,등속 주행 중 측면 추돌 사고
4327,N,Apparently Normal,No Misuse,Y,Possible Incapacitating Injury,3ecf5ae0-f38a-4bb8-bf1e-2897d45073b0,D,ADI4510001,Shoulder/Lap Belt(s),F,fd535337-b8ff-488f-82c0-1e2d361edfda,Head On Left Turn,N,Intersection,Right Turn Lane,Dark Lights On,No Defects,"Two-way, Not Divided",Wet,Raining,Twelve o'clock,Passenger Car,Destroyed,N,Moving Constant Speed,2015-01-04 20:30,30,39.31529166,-76.64232016,4,2,빗길사고,동일 방향 운행 중 추돌 사고
4328,N,Apparently Normal,No Misuse,N,Possible Incapacitating Injury,787e4dc1-eb22-45b0-8710-cedd43f2c891,D,ADI4510001,Shoulder/Lap Belt(s),M,ef82b9b6-1c6f-45ac-8bfd-79dcd3ad9269,Head On Left Turn,N,Intersection,Right Turn Lane,Dark Lights On,No Defects,"Two-way, Not Divided",Wet,Raining,Two o'clock,(Sport) Utility Vehicle,Disabling,N,Moving Constant Speed,2015-01-04 20:30,49,39.31529166,-76.64232016,4,2,빗길사고,동일 방향 운행 중 추돌 사고
4329,N,Apparently Normal,No Misuse,Y,Possible Incapacitating Injury,cd6d3309-80ab-44fe-9be2-b371357cd573,D,ADI4510003,Shoulder/Lap Belt(s),M,a4095923-6c02-48fd-9aea-3f62f4ac54eb,Single Vehicle ,N,Intersection Related,Right Turn Lane,Daylight,No Defects,"Two-way, Not Divided",Wet,Sleet,Twelve o'clock,Passenger Car,No Damage,N,Making Right Turn,2015-01-26 14:30,72,39.31189664,-76.64831758,4,0,빗길사고,등속 주행 중 사고
4330,N,Apparently Normal,No Misuse,Y,Possible Incapacitating Injury,6e69e524-0636-4493-bd35-79cac30bdb77,D,ADI5100003,Shoulder/Lap Belt(s),F,70e7c41a-a743-4916-ab9d-474e68c33a6c,Angle Meets Right Turn,N,Intersection,Left Turn Lane,Daylight,No Defects,"Two-way, Divided, Unprotected (painted >4 feet) Median",Dry,Clear,Eleven o'clock,Passenger Car,Disabling,N,Making Right Turn,2015-03-09 18:30,26,39.35095021,-76.58157349,1,1,좌회전 차선 사고,등속 주행 사고
4331,N,Had Been Drinking,No Misuse,N,Possible Incapacitating Injury,93d3dc95-b456-4dc0-aff7-7373ab4819c9,D,ADI5100003,Shoulder/Lap Belt(s),M,e12c86bb-85b3-4b0c-80d0-4acd62ef9f60,Angle Meets Right Turn,N,Intersection,Left Turn Lane,Daylight,No Defects,"Two-way, Divided, Unprotected (painted >4 feet) Median",Dry,Clear,One o'clock,Passenger Car,Disabling,N,Moving Constant Speed,2015-03-09 18:30,54,39.35095021,-76.58157349,1,0,좌회전 차선 사고,등속 주행 중 측면 추돌 사고
4332,N,Apparently Normal,No Misuse,Y,Possible Incapacitating Injury,eac4c441-5bd6-4e63-86cf-3dd088697a43,D,ADI546000F,Shoulder/Lap Belt(s),F,782fabde-0034-4d16-b6d8-3f4d193af5d1,Single Vehicle ,N,Non Intersection,Right Turn Lane,Daylight,No Defects,"Two-way, Divided, Positive Median Barrier",Wet,Raining,One o'clock,Passenger Car,Disabling,N,Moving Constant Speed,2015-03-14 15:00,21,39.3322683,-76.643426,4,2,빗길사고,동일 방향 운행 중 추돌 사고
4333,N,Apparently Normal,No Misuse,N,Possible Incapacitating Injury,d9d021b8-229f-4974-86f5-251b18bb6799,D,ADI5750001,Shoulder/Lap Belt(s),M,8d5366d4-ee1f-4cab-ac19-52950cdea774,Angle Meets Right Turn,N,Intersection,Left Turn Lane,Dawn,No Defects,One-way Trafficway,Dry,Clear,Twelve o'clock,(Sport) Utility Vehicle,Disabling,N,Moving Constant Speed,2015-02-03 6:57,53,39.29878918,-76.64751962,1,0,좌회전 차선 사고,등속 주행 중 측면 추돌 사고
4334,N,Apparently Normal,No Misuse,Y,Possible Incapacitating Injury,517400dc-8623-4294-b85d-05305d2e693d,D,ADI605000C,Shoulder/Lap Belt(s),F,72c54004-02f8-4e33-b515-448ebace7e3e,Same Movement Angle,N,Intersection,Right Turn Lane,Dawn,No Defects,"Two-way, Divided, Unprotected (painted >4 feet) Median",Wet,Clear,Twelve o'clock,Passenger Car,Disabling,N,Making Left Turn,2015-02-22 18:24,21,39.35366306,-76.69876456,4,1,빗길사고,자차 사고
4335,N,Apparently Normal,No Misuse,N,No Injury,2a8ffc21-300f-480d-9529-2f4cef45209b,D,ADI605000C,Shoulder/Lap Belt(s),M,6a170bf0-8168-4a84-9c21-96157e6aeb6d,Same Movement Angle,N,Intersection,Right Turn Lane,Dawn,No Defects,"Two-way, Divided, Unprotected (painted >4 feet) Median",Wet,Clear,Twelve o'clock,Passenger Car,Disabling,N,Moving Constant Speed,2015-02-22 18:24,22,39.35366306,-76.69876456,4,1,빗길사고,자차 사고
4336,N,Apparently Normal,No Misuse,N,Possible Incapacitating Injury,f48bdaf1-44b6-4b81-9553-83a4a04929cd,D,ADI6680005,Shoulder/Lap Belt(s),F,21dcbe25-e127-455f-a35b-3fb50b3cc218,Same Movement Angle,N,Intersection,Right Turn Lane,Daylight,No Defects,One-way Trafficway,Dry,Clear,Eleven o'clock,Passenger Car,Disabling,N,Accelerating,2015-02-11 8:56,29,39.29876323,-76.61067009,3,0,우회전 차선 사고,기타
4337,N,Apparently Normal,No Misuse,Y,Possible Incapacitating Injury,5679a4e0-f606-4c1f-962f-6630a587f259,D,ADI6680005,Shoulder/Lap Belt(s),F,0f81309e-121e-42ff-9f42-3df0ebfe3d2d,Same Movement Angle,N,Intersection,Right Turn Lane,Daylight,No Defects,One-way Trafficway,Dry,Clear,Twelve o'clock,Passenger Car,Disabling,N,Moving Constant Speed,2015-02-11 8:56,45,39.29876323,-76.61067009,3,0,우회전 차선 사고,기타
4338,N,Apparently Normal,No Misuse,N,Possible Incapacitating Injury,c7fbd3ba-18d6-48df-b164-906fa28e3e57,D,ADI7030008,Shoulder/Lap Belt(s),F,4fe5c5f7-d490-43d2-8b4c-4caf37e559ba,Same Movement Angle,N,Intersection,Right Turn Lane,Dark Lights On,No Defects,One-way Trafficway,Snow,Snow,Nine o'clock,Passenger Car,Functional,N,Making Right Turn,2015-02-21 18:00,29,39.29540062,-76.58937335,0,2,눈길사고,미끌어짐에 의한 사고
4339,N,Apparently Normal,No Misuse,N,Possible Incapacitating Injury,e8156546-a20a-40b3-b471-0d002e0cdce0,D,ADI8790001,Shoulder/Lap Belt(s),F,74092b8d-6878-4ffb-8ad6-69f256cf7829,Same Movement Angle,N,Intersection,Left Turn Lane,Daylight,No Defects,"Two-way, Divided, Unprotected (painted >4 feet) Median",Wet,Raining,Twelve o'clock,Passenger Car,Disabling,N,Moving Constant Speed,2015-01-03 11:25,41,39.33694455,-76.553303,4,1,빗길사고,자차 사고
4340,N,Apparently Normal,No Misuse,N,No Injury,5d5acc6a-3fe8-46d9-8ce0-1833ad07d8db,D,ADI8790001,Shoulder/Lap Belt(s),M,55db9d8f-e3d9-4823-b3ac-b9ade9924643,Same Movement Angle,N,Intersection,Left Turn Lane,Daylight,No Defects,"Two-way, Divided, Unprotected (painted >4 feet) Median",Wet,Raining,Eight o'clock,(Sport) Utility Vehicle,Functional,N,Stopped in Traffic Lane,2015-01-03 11:25,75,39.33694455,-76.553303,4,1,빗길사고,자차 사고
4341,N,Apparently Normal,No Misuse,Y,No Injury,4d247d0b-e115-420b-8eb3-bf878b4c97ce,D,ADI8790001,Shoulder/Lap Belt(s),M,0fe1c9a9-f2b1-4949-8b8f-df151913c342,Same Movement Angle,N,Intersection,Left Turn Lane,Daylight,No Defects,"Two-way, Divided, Unprotected (painted >4 feet) Median",Wet,Raining,Three o'clock,Van,Functional,N,Making Left Turn,2015-01-03 11:25,73,39.33694455,-76.553303,4,1,빗길사고,자차 사고
4342,N,Apparently Normal,No Misuse,N,Possible Incapacitating Injury,33313589-3687-4079-918c-739208e34abc,D,ADI879000K,Shoulder/Lap Belt(s),F,30f1aae5-6253-49ac-8acc-71dfa149b84a,Opposite Direction Sideswipe,N,Non Intersection,Right Turn Lane,Daylight,No Defects,"Two-way, Divided, Unprotected (painted >4 feet) Median",Wet,Cloudy,Eleven o'clock,Passenger Car,Functional,N,Stopped in Traffic Lane,2015-01-14 8:27,25,39.32991577,-76.59789205,4,0,빗길사고,등속 주행 중 사고
4343,N,Apparently Normal,No Misuse,Y,Possible Incapacitating Injury,e52af74e-9274-4cda-b4d1-9be00454e47b,D,ADI879000K,Shoulder/Lap Belt(s),M,beabb8e7-ebf1-4018-ac08-41eb267c41a6,Opposite Direction Sideswipe,N,Non Intersection,Right Turn Lane,Daylight,No Defects,"Two-way, Divided, Unprotected (painted >4 feet) Median",Wet,Cloudy,Eleven o'clock,(Sport) Utility Vehicle,Disabling,N,Accelerating,2015-01-14 8:27,23,39.32991577,-76.59789205,4,0,빗길사고,등속 주행 중 사고
4344,N,Apparently Normal,No Misuse,N,Possible Incapacitating Injury,ccf302c8-5ca2-4b1e-aae3-60fb1b91c388,D,ADI879000T,Shoulder/Lap Belt(s),F,23ab777a-5653-4ac5-b2bf-0709f0b828f5,Head On Left Turn,N,Intersection,Left Turn Lane,Daylight,No Defects,"Two-way, Divided, Positive Median Barrier",Dry,Clear,Twelve o'clock,Passenger Car,Destroyed,N,Moving Constant Speed,2015-01-28 15:20,23,39.32831407,-76.59532785,1,0,좌회전 차선 사고,등속 주행 중 측면 추돌 사고
4345,N,Apparently Normal,No Misuse,Y,No Injury,da0e7a8d-d940-491b-a738-5864b92975f9,D,ADI879000T,Shoulder/Lap Belt(s),M,05e9671f-e2f9-480f-b527-c731c7779196,Head On Left Turn,N,Intersection,Left Turn Lane,Daylight,No Defects,"Two-way, Divided, Positive Median Barrier",Dry,Clear,Three o'clock,Pickup Truck,Destroyed,N,Making Left Turn,2015-01-28 15:20,59,39.32831407,-76.59532785,1,1,좌회전 차선 사고,등속 주행 사고
4346,N,Apparently Normal,No Misuse,Y,Possible Incapacitating Injury,6ec2ec45-4ec6-49af-8cfa-1376d30cbba5,D,ADI879000V,Shoulder/Lap Belt(s),F,82aa76b5-0dba-45b9-85fd-ea55b80f387b,Same Movement Angle,N,Non Intersection,Right Turn Lane,Daylight,No Defects,"Two-way, Divided, Unprotected (painted >4 feet) Median",Dry,Cloudy,Four o'clock,Passenger Car,Disabling,N,Making Left Turn,2015-01-29 12:15,33,39.33243858,-76.55976176,2,0,기타,자차 사고
4347,N,Apparently Normal,No Misuse,N,No Injury,b0e05914-75aa-41ad-b916-2d3f4a0b263c,D,ADI879000V,Shoulder/Lap Belt(s),M,92a5ac11-dc93-4a05-977c-6e28b29547e3,Same Movement Angle,N,Non Intersection,Right Turn Lane,Daylight,No Defects,"Two-way, Divided, Unprotected (painted >4 feet) Median",Dry,Cloudy,Twelve o'clock,Passenger Car,Disabling,N,Accelerating,2015-01-29 12:15,58,39.33243858,-76.55976176,2,0,기타,자차 사고
4348,N,Apparently Normal,No Misuse,N,Possible Incapacitating Injury,3873f1b8-e3e8-4a94-af45-8e8fecd7732c,D,ADI8790011,Shoulder/Lap Belt(s),F,5eb3eda3-8611-44e9-ac18-69c08a8af761,Head On Left Turn,N,Intersection Related,Right Turn Lane,Dark Lights On,No Defects,"Two-way, Divided, Unprotected (painted >4 feet) Median",Dry,Clear,Twelve o'clock,Passenger Car,Destroyed,N,Moving Constant Speed,2015-02-25 20:45,24,39.36083047,-76.55408621,3,2,우회전 차선 사고,기타
4349,N,Apparently Normal,No Misuse,Y,Possible Incapacitating Injury,417bc4e1-8917-49f0-aa1f-5de282eacba8,D,ADI8790011,Shoulder/Lap Belt(s),M,b936243a-95c0-42bf-894d-01a3739074fe,Head On Left Turn,N,Intersection Related,Right Turn Lane,Dark Lights On,No Defects,"Two-way, Divided, Unprotected (painted >4 feet) Median",Dry,Clear,Twelve o'clock,Passenger Car,Disabling,N,Making Left Turn,2015-02-25 20:45,58,39.36083047,-76.55408621,3,1,우회전 차선 사고,등속 주행 중 측면 추돌 사고
4350,N,Apparently Normal,No Misuse,N,Possible Incapacitating Injury,3421c443-af61-493e-b855-8a2b4b9d8cef,D,ADI9170004,Shoulder/Lap Belt(s),F,b5461803-6923-4b5d-942b-77e2a41013fb,Same Movement Angle,N,Intersection Related,Left Turn Lane,Dark Lights On,No Defects,One-way Trafficway,Dry,Clear,One o'clock,Passenger Car,Functional,N,Moving Constant Speed,2015-02-13 20:30,23,39.29272702,-76.6503346,1,0,좌회전 차선 사고,등속 주행 중 측면 추돌 사고
4351,N,Apparently Normal,No Misuse,Y,No Injury,b384b704-4d60-472c-ab40-2fac1bc56a8c,D,ADI9170004,Shoulder/Lap Belt(s),M,e4ad8b3f-38aa-4507-9bdd-c03efbf902ca,Same Movement Angle,N,Intersection Related,Left Turn Lane,Dark Lights On,No Defects,One-way Trafficway,Dry,Clear,Twelve o'clock,Passenger Car,Superficial,Y,Slowing or Stopping,2015-02-13 20:30,40,39.29272702,-76.6503346,1,1,좌회전 차선 사고,등속 주행 사고
4352,N,Apparently Normal,No Misuse,N,Possible Incapacitating Injury,29f825d6-9701-4758-bf5a-646fda6b444b,D,ADJ0130006,Shoulder/Lap Belt(s),F,65c508d5-03e0-4deb-9e7b-bb37e6d9fc45,Same Movement Angle,N,Intersection,Right Turn Lane,Daylight,Shoulder Defect,"Two-way, Not Divided",Dry,Clear,Ten o'clock,(Sport) Utility Vehicle,Disabling,N,Moving Constant Speed,2015-03-11 12:09,56,39.2773892,-76.55612469,3,0,우회전 차선 사고,기타
4353,N,Apparently Normal,No Misuse,Y,No Injury,d1bd9ad7-72a5-4a99-a981-68fc9576626e,D,ADJ0130006,Shoulder/Lap Belt(s),M,635c298b-a7d0-4b8b-90eb-3d5ea63df902,Same Movement Angle,N,Intersection,Right Turn Lane,Daylight,Shoulder Defect,"Two-way, Not Divided",Dry,Clear,Twelve o'clock,Passenger Car,Functional,N,Accelerating,2015-03-11 12:09,35,39.2773892,-76.55612469,3,0,우회전 차선 사고,기타
4354,N,Apparently Normal,No Misuse,N,Possible Incapacitating Injury,44d577a2-f5a4-4f0b-bd9f-3efc340d6f37,D,ADJ063000B,Shoulder/Lap Belt(s),F,d7a4a0ab-7777-4561-b244-c444e814c071,Same Movement Angle,N,Intersection,Left Turn Lane,Dark Lights On,No Defects,One-way Trafficway,Dry,Clear,Twelve o'clock,(Sport) Utility Vehicle,Disabling,N,Moving Constant Speed,2015-03-29 23:36,56,39.28964069,-76.61229953,1,0,좌회전 차선 사고,등속 주행 중 측면 추돌 사고
4355,Y,Apparently Normal,No Misuse,N,No Injury,4652697e-f742-492d-814e-513f68674c3a,D,ADJ063000B,Shoulder/Lap Belt(s),M,82580d41-6b40-41aa-b51f-e6e38c539ab6,Same Movement Angle,N,Intersection,Left Turn Lane,Dark Lights On,No Defects,One-way Trafficway,Dry,Clear,Twelve o'clock,"Other Light Trucks (10,000 lbs (4,536 kg))",Superficial,N,Moving Constant Speed,2015-03-29 23:36,36,39.28964069,-76.61229953,1,0,좌회전 차선 사고,등속 주행 중 측면 추돌 사고
4356,N,Apparently Normal,No Misuse,Y,No Injury,586c8c31-aa86-45cb-995e-ad43a98591c2,D,ADJ063000B,Shoulder/Lap Belt(s),M,eaaad628-08fa-45d4-a6b1-d794c86c5b62,Same Movement Angle,N,Intersection,Left Turn Lane,Dark Lights On,No Defects,One-way Trafficway,Dry,Clear,One o'clock,Passenger Car,Disabling,N,Moving Constant Speed,2015-03-29 23:36,36,39.28964069,-76.61229953,1,0,좌회전 차선 사고,등속 주행 중 측면 추돌 사고
4357,N,Apparently Normal,No Misuse,N,Possible Incapacitating Injury,670b66d1-0640-4975-970d-f6d1307c48aa,D,ADJ145000C,Shoulder/Lap Belt(s),F,8495ed1c-74c3-4027-9ef1-5e37c46e43a6,Same Movement Angle,N,Intersection,Right Turn Lane,Daylight,No Defects,"Two-way, Not Divided",Wet,Raining,Nine o'clock,Passenger Car,Functional,N,Moving Constant Speed,2015-03-14 13:40,44,39.29715459,-76.71089083,4,1,빗길사고,자차 사고
4358,N,Apparently Normal,No Misuse,N,Possible Incapacitating Injury,5fa609d2-06ee-4168-acaf-476f10d9ea0b,D,ADJ204000D,Shoulder/Lap Belt(s),F,a4694919-bba3-49ff-a042-1a6d082ffa75,Same Movement Angle,N,Intersection,Right Turn Lane,Daylight,No Defects,"Two-way, Divided, Positive Median Barrier",Dry,Clear,Ten o'clock,Passenger Car,Disabling,N,Moving Constant Speed,2015-02-05 17:07,35,39.24946333,-76.61494955,3,0,우회전 차선 사고,기타
4359,N,Apparently Normal,No Misuse,Y,Possible Incapacitating Injury,f9e2f262-65d0-44e5-8fb7-12b7c732712b,D,ADJ204000D,Shoulder/Lap Belt(s),F,fd6d7c8a-df9c-4ddc-9794-ea3ff43fc149,Same Movement Angle,N,Intersection,Right Turn Lane,Daylight,No Defects,"Two-way, Divided, Positive Median Barrier",Dry,Clear,Twelve o'clock,Passenger Car,Disabling,N,Moving Constant Speed,2015-02-05 17:07,30,39.24946333,-76.61494955,3,0,우회전 차선 사고,기타
4360,N,Apparently Normal,No Misuse,N,Possible Incapacitating Injury,70624180-f209-41f8-ad5d-2c71d0a0328f,D,ADJ247000D,Shoulder/Lap Belt(s),F,f9fd3722-812b-4b3d-a9b9-5da7a3b5cd12,Same Movement Angle,N,Intersection,Left Turn Lane,Daylight,No Defects,One-way Trafficway,Dry,Clear,Twelve o'clock,Passenger Car,Disabling,N,Moving Constant Speed,2015-02-18 9:10,40,39.25312104,-76.61740819,1,0,좌회전 차선 사고,등속 주행 중 측면 추돌 사고
4361,Y,Apparently Normal,No Misuse,Y,No Injury,8133630c-749e-4b75-a168-97388ab9a6e1,D,ADJ247000D,Shoulder/Lap Belt(s),M,7dfac46c-e206-4657-8c54-a626f69eccb0,Same Movement Angle,N,Intersection,Left Turn Lane,Daylight,No Defects,One-way Trafficway,Dry,Clear,Four o'clock,Truck Tractor,No Damage,N,Moving Constant Speed,2015-02-18 9:10,47,39.25312104,-76.61740819,1,0,좌회전 차선 사고,등속 주행 중 측면 추돌 사고
4362,N,Apparently Normal,No Misuse,Y,Possible Incapacitating Injury,70654d92-a1ca-4805-b0f9-c7786d688e58,D,ADJ247000P,Shoulder/Lap Belt(s),F,280e2a04-a52b-430a-8347-c759d6f6c9eb,Same Direction Rear End,N,Non Intersection,Left Turn Lane,Dusk,No Defects,"Two-way, Not Divided",Dry,Clear,Twelve o'clock,Passenger Car,Destroyed,Y,Accelerating,2015-03-30 22:50,49,39.28520385,-76.62135601,1,3,좌회전 차선 사고,감속 중 사고
4363,N,Apparently Normal,No Misuse,N,Possible Incapacitating Injury,d2ef3e4b-485c-4cac-8a31-298280219765,D,ADJ2880001,Shoulder/Lap Belt(s),F,c929bc6d-3262-4e5e-9553-cc7ad20c7763,Head On Left Turn,N,Intersection,Right Turn Lane,Dark Lights On,No Defects,"Two-way, Divided, Positive Median Barrier",Wet,Raining,Twelve o'clock,Passenger Car,Destroyed,N,Moving Constant Speed,2015-01-03 21:19,47,39.27340265,-76.62866235,4,2,빗길사고,동일 방향 운행 중 추돌 사고
4364,N,Apparently Normal,No Misuse,Y,No Injury,06e21248-6504-48fa-a931-8c2eb1b30d4d,D,ADJ2880001,Shoulder/Lap Belt(s),M,5f7c1d96-ccde-4261-9778-2160edeac1a4,Head On Left Turn,N,Intersection,Right Turn Lane,Dark Lights On,No Defects,"Two-way, Divided, Positive Median Barrier",Wet,Raining,Twelve o'clock,Passenger Car,Destroyed,N,Making Left Turn,2015-01-03 21:19,36,39.27340265,-76.62866235,4,0,빗길사고,등속 주행 중 사고
4365,N,Apparently Normal,No Misuse,Y,Possible Incapacitating Injury,fc864851-f1cb-40e2-adbe-744cb46eb9cc,D,ADJ298000C,Shoulder/Lap Belt(s),F,c07c14dd-bfa6-4f86-97cc-b6186db1adcb,Head On Left Turn,N,Intersection,Right Turn Lane,Dark Lights On,No Defects,"Two-way, Not Divided",Dry,Clear,Three o'clock,Passenger Car,Functional,N,Accelerating,2015-03-31 23:45,26,39.31669652,-76.6504848,3,1,우회전 차선 사고,등속 주행 중 측면 추돌 사고
4366,N,Apparently Normal,No Misuse,N,Possible Incapacitating Injury,f136dc61-c336-4905-9bc9-18d5ea2d3b60,D,ADJ298000C,Shoulder/Lap Belt(s),M,25a4060e-ee01-4150-af66-3746401e3b60,Head On Left Turn,N,Intersection,Right Turn Lane,Dark Lights On,No Defects,"Two-way, Not Divided",Dry,Clear,One o'clock,Passenger Car,Functional,N,Moving Constant Speed,2015-03-31 23:45,46,39.31669652,-76.6504848,3,2,우회전 차선 사고,기타
4367,N,Apparently Normal,No Misuse,N,Possible Incapacitating Injury,d34b233c-5cc4-4bcb-9a59-493119632aab,D,ADJ3330002,Shoulder Belt Only,F,629591a4-8e21-43c0-a27b-5342e628e2ba,Same Direction Sideswipe,N,Intersection,Right Turn Lane,Daylight,No Defects,One-way Trafficway,Dry,Clear,One o'clock,Passenger Car,Disabling,N,Moving Constant Speed,2015-02-14 16:16,58,39.2906273,-76.64708108,3,2,우회전 차선 사고,기타
4368,N,Apparently Normal,No Misuse,N,Possible Incapacitating Injury,69fc8937-1f93-4287-9d58-f6902ef91a8b,D,ADJ3930007,Shoulder/Lap Belt(s),F,73409ef7-ffb5-4445-9c93-31ba7ef9bfb2,Opposite Direction Sideswipe,N,Non Intersection,Right Turn Lane,Daylight,"Holes, Ruts, Etc.","Two-way, Not Divided",Dry,Clear,Two o'clock,(Sport) Utility Vehicle,Disabling,N,Moving Constant Speed,2015-03-26 14:00,56,39.3065838,-76.70977235,2,2,기타,기타
4369,N,Apparently Normal,No Misuse,Y,No Injury,10a12521-4e64-41f1-a816-fc763d4b9893,D,ADJ3930007,Shoulder/Lap Belt(s),M,158d35ff-8f34-41c0-afdf-59b6d32793e1,Opposite Direction Sideswipe,N,Non Intersection,Right Turn Lane,Daylight,"Holes, Ruts, Etc.","Two-way, Not Divided",Dry,Clear,Twelve o'clock,Pickup Truck,Disabling,N,Moving Constant Speed,2015-03-26 14:00,28,39.3065838,-76.70977235,2,2,기타,기타
4370,N,Apparently Normal,No Misuse,N,Possible Incapacitating Injury,972bf02d-0517-4584-9815-5eb0dc2ce1f9,D,ADJ4140003,Shoulder/Lap Belt(s),F,458d50a2-282a-4638-8093-dfbb3b492ea1,Same Movement Angle,N,Intersection,Right Turn Lane,Daylight,No Defects,"Two-way, Divided, Positive Median Barrier",Dry,Clear,Two o'clock,Passenger Car,Disabling,N,Moving Constant Speed,2015-02-08 16:00,35,39.32663194,-76.59416042,3,0,우회전 차선 사고,기타
4371,N,Apparently Normal,No Misuse,Y,Possible Incapacitating Injury,1c668684-ef78-493f-895d-f32c6edf126e,D,ADJ4140003,Shoulder/Lap Belt(s),M,0dfe36e2-3fe2-4390-b9fb-5ef3cb29ab3f,Same Movement Angle,N,Intersection,Right Turn Lane,Daylight,No Defects,"Two-way, Divided, Positive Median Barrier",Dry,Clear,Twelve o'clock,Van,Disabling,N,Accelerating,2015-02-08 16:00,81,39.32663194,-76.59416042,3,0,우회전 차선 사고,기타
4372,N,Apparently Normal,No Misuse,N,Possible Incapacitating Injury,685cc203-257c-49ca-9063-c70700ac813c,D,ADJ4430006,Shoulder/Lap Belt(s),F,d54e2b80-f06a-4717-9058-36aa59f3001b,Same Direction Sideswipe,N,Non Intersection,Left Turn Lane,Daylight,No Defects,"Two-way, Not Divided",Dry,Cloudy,Two o'clock,Passenger Car,Functional,N,Moving Constant Speed,2015-02-08 12:32,44,39.29455734,-76.57979988,1,0,좌회전 차선 사고,등속 주행 중 측면 추돌 사고
4373,N,Apparently Normal,No Misuse,Y,Possible Incapacitating Injury,af6d9b4d-0222-470c-a93a-902bf2be2707,D,ADJ4430006,Shoulder/Lap Belt(s),F,e69d3beb-8d25-425d-ac89-fe4e583c13be,Same Direction Sideswipe,N,Non Intersection,Left Turn Lane,Daylight,No Defects,"Two-way, Not Divided",Dry,Cloudy,Twelve o'clock,Passenger Car,Functional,N,Making U Turn,2015-02-08 12:32,68,39.29455734,-76.57979988,1,1,좌회전 차선 사고,등속 주행 사고
4374,N,Apparently Normal,No Misuse,Y,Possible Incapacitating Injury,9bfb5544-59eb-40ff-8d27-adc7ebbc7ab6,D,ADJ4430008,Shoulder/Lap Belt(s),F,249d1f84-4ffe-408b-8c34-b0bfc1129f4a,Same Direction Rear End,N,Non Intersection,Right Turn Lane,Dark Lights On,No Defects,"Two-way, Not Divided",Dry,Cloudy,Twelve o'clock,Passenger Car,No Damage,N,Slowing or Stopping,2015-03-07 22:15,26,39.29023859,-76.56737857,2,1,기타,등속 주행 사고