KEY_INDEX,CDL_FLAG,CONDITION_CODE,EQUIP_PROB_CODE,FAULT_FLAG,INJ_SEVER_CODE,PERSON_ID,PERSON_TYPE,REPORT_NO,SAF_EQUIP_CODE,SEX_CODE,VEHICLE_ID,COLLISION_TYPE_CODE,C_M_ZONE_FLAG,JUNCTION_CODE,LANE_CODE,LIGHT_CODE,RD_COND_CODE,RD_DIV_CODE,SURF_COND_CODE,WEATHER_CODE,AREA_DAMAGED_CODE_MAIN,BODY_TYPE_CODE,DAMAGE_CODE,HIT_AND_RUN_FLAG,MOVEMENT_CODE,TIME,AGE,LATITUDE,LONGITUDE,CLUSTER,SECOND_LABEL,FIRST_LABEL,SECOND_LABELING
4375,N,Apparently Normal,No Misuse,N,Possible Incapacitating Injury,92e743ff-1e5d-4973-abb9-5eb310ac5dc2,D,ADJ4930007,Shoulder/Lap Belt(s),F,48ff2d40-96c9-4e23-af60-ee7fe0b66935,Angle Meets Left Turn Head On,N,Non Intersection,Left Turn Lane,Dark No Lights,No Defects,"Two-way, Not Divided",Dry,Foggy,Twelve o'clock,(Sport) Utility Vehicle,Destroyed,N,Moving Constant Speed,2015-01-31 17:35,35,39.30396874,-76.69420481,1,0,좌회전 차선 사고,등속 주행 중 측면 추돌 사고
4376,N,Apparently Normal,No Misuse,Y,Possible Incapacitating Injury,4992bbf9-5022-47cd-b8ea-0d2b29fe63ce,D,ADJ4930007,Shoulder/Lap Belt(s),M,78db3448-1669-4cf8-abcb-92a5047496e7,Angle Meets Left Turn Head On,N,Non Intersection,Left Turn Lane,Dark No Lights,No Defects,"Two-way, Not Divided",Dry,Foggy,Twelve o'clock,(Sport) Utility Vehicle,Destroyed,N,Moving Constant Speed,2015-01-31 17:35,50,39.30396874,-76.69420481,1,0,좌회전 차선 사고,등속 주행 중 측면 추돌 사고
4377,Y,Apparently Normal,No Misuse,N,No Injury,f8ffa972-ef7c-4a02-9851-425cb51d3b61,D,ADJ5090005,Shoulder/Lap Belt(s),M,62ea0a94-4fcd-447c-8f39-56eeb9775e87,Same Direction Left Turn,Y,Non Intersection,Right Turn Lane,Daylight,No Defects,"Two-way, Not Divided",Dry,Clear,One o'clock,"Medium/Heavy Truck 2 axles (10,000 lbs (4,536 kg) or less)",Functional,N,Moving Constant Speed,2015-02-23 14:24,41,39.26150808,-76.54215574,2,2,기타,기타
4378,N,Apparently Normal,No Misuse,Y,Possible Incapacitating Injury,325668da-f44d-431e-8571-9acc09205c53,D,ADJ5200006,Shoulder/Lap Belt(s),F,4d8fa52b-cad5-4b54-ba79-69e695b6eec7,Same Movement Angle,N,Intersection,Right Turn Lane,Daylight,No Defects,"Two-way, Not Divided",Dry,Clear,Nine o'clock,Passenger Car,Disabling,N,Moving Constant Speed,2015-03-11 18:45,26,39.36581362,-76.54978797,3,0,우회전 차선 사고,기타
4379,N,Apparently Normal,No Misuse,N,Possible Incapacitating Injury,e6489145-2047-4753-bf81-1c33fbe6dc5d,D,ADJ5200006,Shoulder/Lap Belt(s),M,c337ab71-dc08-443f-a490-e766aacefe8a,Same Movement Angle,N,Intersection,Right Turn Lane,Daylight,No Defects,"Two-way, Not Divided",Dry,Clear,Twelve o'clock,Passenger Car,Destroyed,N,Moving Constant Speed,2015-03-11 18:45,18,39.36581362,-76.54978797,3,0,우회전 차선 사고,기타
4380,N,Apparently Normal,No Misuse,N,Possible Incapacitating Injury,182d005f-b6c1-4d27-b998-f00336ba0af8,D,ADJ5360009,Shoulder/Lap Belt(s),F,e7562344-fa55-41a3-898e-9e53468b1d77,Same Movement Angle,N,Intersection,Right Turn Lane,Daylight,No Defects,"Two-way, Not Divided",Dry,Clear,Eleven o'clock,Passenger Car,Functional,N,Accelerating,2015-03-13 17:40,28,39.29820696,-76.65800571,3,0,우회전 차선 사고,기타
4381,N,Apparently Normal,No Misuse,N,Possible Incapacitating Injury,5182a5ad-01d8-482f-b62e-ae12ac6096a1,D,ADJ6680005,Shoulder/Lap Belt(s),F,66e420fb-92ba-4ff7-8c14-8f3a9e31c8e1,Same Direction Rear End,N,Intersection Related,Left Turn Lane,Dark Lights On,No Defects,"Two-way, Divided, Unprotected (painted >4 feet) Median",Dry,Clear,Six o'clock,"Other Light Trucks (10,000 lbs (4,536 kg))",Functional,N,Slowing or Stopping,2015-02-06 23:04,31,39.33119793,-76.56147033,1,3,좌회전 차선 사고,감속 중 사고
4382,N,Apparently Normal,No Misuse,N,No Injury,72066257-9557-4148-8215-8650dd050639,D,ADJ6680005,Shoulder/Lap Belt(s),M,7fce2556-4f05-4129-9750-713d7b259be6,Same Direction Rear End,N,Intersection Related,Left Turn Lane,Dark Lights On,No Defects,"Two-way, Divided, Unprotected (painted >4 feet) Median",Dry,Clear,Six o'clock,Passenger Car,Functional,N,Slowing or Stopping,2015-02-06 23:04,25,39.33119793,-76.56147033,1,3,좌회전 차선 사고,감속 중 사고
4383,N,Apparently Normal,No Misuse,N,Possible Incapacitating Injury,ee41d5d1-712f-4f56-b0d0-1f165b4387a0,D,ADJ6700005,Shoulder/Lap Belt(s),F,40f32b71-81b8-4c93-891c-54331a501112,Same Direction Rear End,N,Non Intersection,Left Turn Lane,Dark Lights On,No Defects,"Two-way, Divided, Unprotected (painted >4 feet) Median",Dry,Clear,Six o'clock,Passenger Car,Functional,N,Stopped in Traffic Lane,2015-03-12 22:20,48,39.29572858,-76.5793848,1,2,좌회전 차선 사고,기타
4384,N,Apparently Normal,No Misuse,Y,No Injury,035da80f-eff8-4c22-9d97-eca121dc84a3,D,ADJ6700005,Shoulder/Lap Belt(s),M,046f8bd0-2aaa-4f0b-968c-46b79fc4fa9d,Same Direction Rear End,N,Non Intersection,Left Turn Lane,Dark Lights On,No Defects,"Two-way, Divided, Unprotected (painted >4 feet) Median",Dry,Clear,Twelve o'clock,Passenger Car,Functional,N,Moving Constant Speed,2015-03-12 22:20,27,39.29572858,-76.5793848,1,0,좌회전 차선 사고,등속 주행 중 측면 추돌 사고
4385,N,Apparently Normal,No Misuse,Y,Possible Incapacitating Injury,ea2dab34-0e79-446d-9b71-16ee154ecc02,D,ADJ6990004,Shoulder/Lap Belt(s),F,57d17a88-f07c-4329-b831-546fec57ce18,Single Vehicle ,N,Non Intersection,Right Turn Lane,Dark Lights On,No Defects,"Two-way, Not Divided",Snow,Snow,Twelve o'clock,Passenger Car,Disabling,N,Moving Constant Speed,2015-03-05 20:30,28,39.21243827,-76.58738852,0,0,눈길사고,감속 중 사고
4386,N,Apparently Normal,No Misuse,Y,Possible Incapacitating Injury,47861de6-1b74-40d6-bc7c-864147a62a28,D,ADJ7140001,Shoulder/Lap Belt(s),F,333210a8-0247-448b-bbc9-7480a89dc1dd,Same Direction Left Turn,N,Non Intersection,Left Turn Lane,Daylight,No Defects,"Two-way, Not Divided",Dry,Clear,Twelve o'clock,Passenger Car,Functional,N,Starting From Parked,2015-03-09 13:05,46,39.31308886,-76.64612755,1,1,좌회전 차선 사고,등속 주행 사고
4387,N,Apparently Normal,No Misuse,Y,Possible Incapacitating Injury,b051e7fb-c651-4850-916e-b27522c62586,D,ADJ7140001,Shoulder/Lap Belt(s),M,ffe17548-fd91-48a0-911e-3c2e2cd03575,Same Direction Left Turn,N,Non Intersection,Left Turn Lane,Daylight,No Defects,"Two-way, Not Divided",Dry,Clear,Three o'clock,Van,Superficial,N,Moving Constant Speed,2015-03-09 13:05,41,39.31308886,-76.64612755,1,0,좌회전 차선 사고,등속 주행 중 측면 추돌 사고
4388,N,Apparently Normal,No Misuse,Y,Possible Incapacitating Injury,d5417c58-ea05-4b3f-b4ad-196e6581ed5c,D,AE2938000D,Shoulder/Lap Belt(s),F,ed7564ea-861c-494e-9b32-4120dae4621b,Single Vehicle ,N,Crossover Related,Right Turn Lane,Dusk,No Defects,"Two-way, Divided, Positive Median Barrier",Dry,Clear,Underside,Passenger Car,Disabling,N,Moving Constant Speed,2015-01-30 17:04,33,39.29515827,-76.51103139,3,2,우회전 차선 사고,기타
4389,Y,Apparently Normal,No Misuse,N,Possible Incapacitating Injury,e31291a0-7e7a-4b6a-9d72-4586fc6cb593,D,AE29450008,Shoulder/Lap Belt(s),M,e7499a6e-de81-460e-816a-aeefa7a686ce,Same Direction Rear End,N,Non Intersection,Right Turn Lane,Daylight,No Defects,"Two-way, Not Divided",Dry,Clear,Six o'clock,Pickup Truck,Superficial,N,Stopped in Traffic Lane,2015-01-09 16:10,51,39.53423284,-76.5477562,2,0,기타,자차 사고
4390,N,Apparently Normal,No Misuse,Y,Possible Incapacitating Injury,b3ca7e14-2f47-4837-84b1-56112f609d51,D,AE29450008,Shoulder/Lap Belt(s),M,35c1b5cf-93d9-4282-8954-c7f367e64037,Same Direction Rear End,N,Non Intersection,Right Turn Lane,Daylight,No Defects,"Two-way, Not Divided",Dry,Clear,Twelve o'clock,Passenger Car,Destroyed,N,Moving Constant Speed,2015-01-09 16:10,30,39.53423284,-76.5477562,2,3,기타,등속 주행 중 측면 추돌 사고
4391,N,Apparently Normal,No Misuse,Y,Possible Incapacitating Injury,9e002cc1-7d14-4fc4-a2e8-1afb59e4926b,D,AE33980006,Shoulder/Lap Belt(s),F,73b81009-1fbc-4e5d-aba6-c481689b885f,Same Movement Angle,N,Intersection,Left Turn Lane,Daylight,No Defects,"Two-way, Divided, Positive Median Barrier",Dry,Clear,Three o'clock,Passenger Car,Functional,N,Making Left Turn,2015-02-08 15:30,70,39.33710221,-76.49018526,1,1,좌회전 차선 사고,등속 주행 사고
4392,N,Apparently Normal,No Misuse,N,Possible Incapacitating Injury,f0ea68ba-0701-4c62-9ecf-b8ef3adb39f1,D,AE33980006,Shoulder/Lap Belt(s),M,374906c4-912b-4de8-b6ab-cecbd65a9523,Same Movement Angle,N,Intersection,Left Turn Lane,Daylight,No Defects,"Two-way, Divided, Positive Median Barrier",Dry,Clear,Twelve o'clock,Passenger Car,Disabling,N,Moving Constant Speed,2015-02-08 15:30,20,39.33710221,-76.49018526,1,0,좌회전 차선 사고,등속 주행 중 측면 추돌 사고
4393,N,Apparently Normal,No Misuse,N,Possible Incapacitating Injury,34abd733-8be3-46b0-a15c-6140580c1b02,D,AE3438002Q,Shoulder/Lap Belt(s),F,c883c7c7-cf28-4511-9cf2-c43f7e1fcd11,Same Movement Angle,N,Intersection,Right Turn Lane,Daylight,No Defects,"Two-way, Not Divided",Dry,Clear,Twelve o'clock,Passenger Car,Disabling,N,Starting From Lane,2015-03-12 9:05,78,39.4003873,-76.60238743,3,0,우회전 차선 사고,기타
4394,N,Apparently Normal,No Misuse,Y,No Injury,9bb9c0a0-af58-4fc5-948d-0c2e212116b3,D,AE3438002Q,Shoulder/Lap Belt(s),M,73d0f456-2af9-4808-8bf5-b95fb7c95e9d,Same Movement Angle,N,Intersection,Right Turn Lane,Daylight,No Defects,"Two-way, Not Divided",Dry,Clear,Four o'clock,Passenger Car,Disabling,N,Moving Constant Speed,2015-03-12 9:05,56,39.4003873,-76.60238743,3,0,우회전 차선 사고,기타
4395,N,Apparently Normal,No Misuse,Y,Possible Incapacitating Injury,a9afd526-00c9-4165-a83a-a97ccfda59bb,D,AE3438002R,Shoulder/Lap Belt(s),F,6a5fe5d4-5c6d-4cda-9186-2287a8d153a0,Same Movement Angle,N,Intersection,Left Turn Lane,Daylight,No Defects,"Two-way, Not Divided",Dry,Cloudy,One o'clock,Van,Disabling,N,Moving Constant Speed,2015-03-24 13:29,22,39.38476213,-76.61170542,1,0,좌회전 차선 사고,등속 주행 중 측면 추돌 사고
4396,N,Apparently Normal,No Misuse,Y,No Injury,f5ca80b5-3e91-485b-9de4-433de4a82465,D,AE3438002R,Shoulder/Lap Belt(s),M,87a551c2-cf8e-416a-a88f-d962fd81cf7e,Same Movement Angle,N,Intersection,Left Turn Lane,Daylight,No Defects,"Two-way, Not Divided",Dry,Cloudy,Twelve o'clock,(Sport) Utility Vehicle,Disabling,N,Starting From Lane,2015-03-24 13:29,21,39.38476213,-76.61170542,1,1,좌회전 차선 사고,등속 주행 사고
4397,N,Apparently Normal,No Misuse,N,Possible Incapacitating Injury,8f5dd7cc-dafa-4393-ad0d-e6bbe9f143ac,D,AE37140005,Shoulder/Lap Belt(s),F,395dad90-0232-4b00-a427-bb3c6f12d932,Same Movement Angle,N,Intersection,Right Turn Lane,Dark Lights On,No Defects,"Two-way, Divided, Positive Median Barrier",Wet,Raining,Three o'clock,(Sport) Utility Vehicle,Disabling,N,Moving Constant Speed,2015-01-24 0:09,22,39.38019497,-76.4274779,4,1,빗길사고,자차 사고
4398,N,Apparently Normal,No Misuse,Y,Possible Incapacitating Injury,ba8693f2-5a5e-4c77-a315-59ad3fbe7a9b,D,AE37140005,Shoulder/Lap Belt(s),M,d4c1928c-1812-4c02-a3a3-ff3e0a804007,Same Movement Angle,N,Intersection,Right Turn Lane,Dark Lights On,No Defects,"Two-way, Divided, Positive Median Barrier",Wet,Raining,Twelve o'clock,Pickup Truck,Disabling,N,Moving Constant Speed,2015-01-24 0:09,25,39.38019497,-76.4274779,4,1,빗길사고,자차 사고
4399,N,Apparently Normal,No Misuse,Y,Possible Incapacitating Injury,c85da808-a16b-4a4f-a186-c94b72f84808,D,AE37880017,Shoulder/Lap Belt(s),F,17ef211e-fd7b-4e94-9aac-10c91c7cda60,Same Movement Angle,N,Intersection,Right Turn Lane,Daylight,No Defects,"Two-way, Not Divided",Wet,Clear,Nine o'clock,(Sport) Utility Vehicle,Disabling,N,Making Left Turn,2015-02-18 8:41,36,39.323643,-76.759141,3,0,우회전 차선 사고,기타
4400,N,Apparently Normal,No Misuse,N,No Injury,dc0b8b25-41e1-4237-904b-280184bd14e3,D,AE37880017,Shoulder/Lap Belt(s),M,c2f0162c-c79a-4d8f-83aa-e68cab15be62,Same Movement Angle,N,Intersection,Right Turn Lane,Daylight,No Defects,"Two-way, Not Divided",Wet,Clear,Twelve o'clock,Passenger Car,Functional,N,Moving Constant Speed,2015-02-18 8:41,51,39.323643,-76.759141,3,0,우회전 차선 사고,기타
4401,N,Apparently Normal,No Misuse,N,Possible Incapacitating Injury,beb66f35-dda2-42c0-b802-d200dfe39761,D,AE3788001Q,Shoulder/Lap Belt(s),F,b3c0e52a-21b4-4355-9bbe-b76e126e3d07,Same Movement Angle,N,Commercial Driveway,Right Turn Lane,Daylight,No Defects,"Two-way, Not Divided",Dry,Clear,Twelve o'clock,Passenger Car,Disabling,N,Moving Constant Speed,2015-03-09 8:47,22,39.35987012,-76.78131718,3,0,우회전 차선 사고,기타
4402,N,Apparently Normal,No Misuse,Y,Non-incapacitating Injury,412fce9c-8f83-4ddd-9ce8-6d2397721d62,D,AE3788001Q,Shoulder/Lap Belt(s),M,88b817f1-ed7d-423a-88e3-c1bf049b359d,Same Movement Angle,N,Commercial Driveway,Right Turn Lane,Daylight,No Defects,"Two-way, Not Divided",Dry,Clear,Eleven o'clock,Ambulance/Non Emergency,Functional,N,Making Left Turn,2015-03-09 8:47,29,39.35987012,-76.78131718,3,0,우회전 차선 사고,기타
4403,N,Apparently Normal,No Misuse,N,Possible Incapacitating Injury,0eaf0350-1c47-439f-b44a-6e13dc522b2b,D,AE3788001R,Shoulder/Lap Belt(s),F,1ff136f6-4dae-4a4c-99ea-4588dcdadecb,Head On Left Turn,N,Intersection,Right Turn Lane,Daylight,No Defects,"Two-way, Not Divided",Dry,Clear,Twelve o'clock,Passenger Car,Disabling,N,Moving Constant Speed,2015-03-10 8:08,18,39.33706902,-76.73450232,3,2,우회전 차선 사고,기타
4404,N,Apparently Normal,No Misuse,N,No Injury,e546f44c-3250-4313-a4fd-64e6b931d0cb,D,AE3788001R,Shoulder/Lap Belt(s),M,be07b1ea-ca45-4ade-9ebc-8c50a020fb0c,Head On Left Turn,N,Intersection,Right Turn Lane,Daylight,No Defects,"Two-way, Not Divided",Dry,Clear,Twelve o'clock,Passenger Car,Superficial,N,Moving Constant Speed,2015-03-10 8:08,34,39.33706902,-76.73450232,3,2,우회전 차선 사고,기타
4405,N,Apparently Normal,No Misuse,Y,No Injury,d22d5ee8-46c0-458b-96d2-b6fa53226213,D,AE3788001R,Shoulder/Lap Belt(s),M,3273ea9a-c584-42a6-9407-6346921b256e,Head On Left Turn,N,Intersection,Right Turn Lane,Daylight,No Defects,"Two-way, Not Divided",Dry,Clear,One o'clock,Passenger Car,Disabling,N,Making Left Turn,2015-03-10 8:08,43,39.33706902,-76.73450232,3,1,우회전 차선 사고,등속 주행 중 측면 추돌 사고
4406,N,Apparently Normal,No Misuse,N,Possible Incapacitating Injury,74bb0e29-0dec-41d4-b221-76fb96e90391,D,AE38030003,Shoulder/Lap Belt(s),F,47c17781-d6cd-4a6c-b84d-e02035c11eb2,Same Movement Angle,N,Intersection,Left Turn Lane,Daylight,No Defects,"Two-way, Not Divided",Dry,Clear,Twelve o'clock,Passenger Car,Disabling,N,Moving Constant Speed,2015-01-15 10:37,43,39.43634215,-76.624403,1,0,좌회전 차선 사고,등속 주행 중 측면 추돌 사고
4407,N,Apparently Normal,No Misuse,Y,No Injury,d79f1d3d-b781-4931-bae4-f5bdc8578a3f,D,AE38030003,Shoulder/Lap Belt(s),M,e00ed233-ee1f-4489-b7e8-2f7ad9274958,Same Movement Angle,N,Intersection,Left Turn Lane,Daylight,No Defects,"Two-way, Not Divided",Dry,Clear,Three o'clock,Passenger Car,Disabling,N,Making Left Turn,2015-01-15 10:37,55,39.43634215,-76.624403,1,1,좌회전 차선 사고,등속 주행 사고
4408,N,Apparently Normal,Belt(s) Misused,Y,Possible Incapacitating Injury,85e0e8ed-b6e0-4af0-9cb6-a974cca20e4c,D,AE3863000H,Shoulder/Lap Belt(s),F,f53ebf6b-71b8-415d-86d4-afd607499dd5,Head On,N,Non Intersection,Right Turn Lane,Daylight,No Defects,"Two-way, Divided, Unprotected (painted >4 feet) Median",Wet,Cloudy,Twelve o'clock,Passenger Car,Disabling,N,Moving Constant Speed,2015-03-21 9:45,21,39.40008884,-76.82498932,4,2,빗길사고,동일 방향 운행 중 추돌 사고
4409,N,Apparently Normal,No Misuse,N,No Injury,c3aa5b87-d709-4dee-a0f3-7bad2406fa15,D,AE39780017,Shoulder/Lap Belt(s),M,6aa5cbb8-2d6f-4f45-a8d4-879276dc583c,Same Movement Angle,N,Intersection,Left Turn Lane,Daylight,No Defects,"Two-way, Divided, Unprotected (painted >4 feet) Median",Wet,Raining,Twelve o'clock,Passenger Car,Disabling,N,Moving Constant Speed,2015-03-04 16:21,20,39.4406467,-76.8063131,4,1,빗길사고,자차 사고
4410,N,Apparently Normal,No Misuse,Y,Possible Incapacitating Injury,6654ad2a-bc47-4498-bb64-1fc2f8f66ae7,D,AE3978001F,Shoulder/Lap Belt(s),F,14abfe60-bf6c-4d81-99a7-e1ce9858b97f,Angle Meets Right Turn,N,Commercial Driveway,Left Turn Lane,Daylight,No Defects,"Two-way, Divided, Unprotected (painted >4 feet) Median",Wet,Cloudy,Ten o'clock,Passenger Car,Disabling,N,Making Right Turn,2015-03-29 12:26,28,39.42465658,-76.78660423,4,0,빗길사고,등속 주행 중 사고
4411,N,Apparently Normal,No Misuse,N,Possible Incapacitating Injury,33da8c80-b4d0-4461-ab69-d80ac0e8f000,D,AE4053000W,Shoulder/Lap Belt(s),F,03151b09-4ac2-41f3-985b-aabb2de6038d,Same Direction Rear End,N,Intersection Related,Left Turn Lane,Dark Lights On,No Defects,"Two-way, Divided, Positive Median Barrier",Dry,Clear,Six o'clock,Passenger Car,Disabling,N,Slowing or Stopping,2015-01-12 17:46,25,39.31205435,-76.45329952,1,3,좌회전 차선 사고,감속 중 사고
4412,N,Apparently Normal,No Misuse,Y,No Injury,5c4ba72c-f333-43b3-8a7a-664e6fcb11e3,D,AE4053000W,Shoulder/Lap Belt(s),M,aec35b23-2354-42d6-a66b-be9bd1057795,Same Direction Rear End,N,Intersection Related,Left Turn Lane,Dark Lights On,No Defects,"Two-way, Divided, Positive Median Barrier",Dry,Clear,Twelve o'clock,Passenger Car,Disabling,N,Slowing or Stopping,2015-01-12 17:46,31,39.31205435,-76.45329952,1,3,좌회전 차선 사고,감속 중 사고
4413,N,Apparently Normal,No Misuse,N,No Injury,7cc74f1e-346b-4277-ba09-6732aade1c09,D,AE4053001F,Shoulder/Lap Belt(s),M,335e70d8-edf5-4ee5-9ae5-ad1cffe55a29,Same Direction Rear End,N,Intersection Related,Right Turn Lane,Daylight,No Defects,"Two-way, Not Divided",Ice,Clear,Six o'clock,"Medium/Heavy Truck 2 axles (10,000 lbs (4,536 kg) or less)",Superficial,N,Stopped in Traffic Lane,2015-03-06 8:49,25,39.31656579,-76.47534192,3,3,우회전 차선 사고,동일 방향 운행 중 추돌 사고
4414,N,Apparently Normal,No Misuse,Y,No Injury,7cb2c4e1-6465-443e-9331-1230ec502520,D,AE41340013,Shoulder/Lap Belt(s),M,03b2d440-3534-4a00-aa1a-da08676b73a5,Same Movement Angle,N,Intersection,Right Turn Lane,Daylight,No Defects,"Two-way, Not Divided",Dry,Clear,Twelve o'clock,Van,Functional,N,Starting From Lane,2015-02-26 15:37,64,39.30835202,-76.47301912,3,0,우회전 차선 사고,기타
4415,N,Apparently Normal,No Misuse,N,No Injury,84cf75f0-6211-4a76-85e8-4e8b22d47c94,D,AE4179000K,Shoulder/Lap Belt(s),M,bb934070-bbb7-46da-affa-71fa48820987,Same Direction Rear End,N,Intersection,Right Turn Lane,Daylight,No Defects,"Two-way, Not Divided",Dry,Cloudy,Twelve o'clock,Pickup Truck,Superficial,N,Moving Constant Speed,2015-01-29 14:49,51,39.56342761,-76.84002042,3,2,우회전 차선 사고,기타
4416,N,Apparently Normal,No Misuse,Y,No Injury,7018b762-1e9c-4758-bb51-e789d369aa99,D,AE42350003,Shoulder/Lap Belt(s),M,7ffb8092-a7e0-4078-9913-740caed4300b,Same Direction Rear End,N,Intersection Related,Right Turn Lane,Dark Lights On,No Defects,"Two-way, Divided, Positive Median Barrier",Dry,Clear,Six o'clock,(Sport) Utility Vehicle,Functional,N,Changing Lanes,2015-02-05 18:30,45,39.36073922,-76.44568205,3,3,우회전 차선 사고,동일 방향 운행 중 추돌 사고
4417,N,Apparently Normal,No Misuse,N,Possible Incapacitating Injury,d3eea96c-b20f-46c8-aabb-d2544d533a1f,D,AE42640007,Shoulder/Lap Belt(s),F,556d289e-a5f5-435c-870e-a45c59a54aa2,Single Vehicle ,N,Non Intersection,Right Turn Lane,Dark Lights On,No Defects,"Two-way, Divided, Unprotected (painted >4 feet) Median",Dry,Clear,Six o'clock,Passenger Car,Disabling,N,Moving Constant Speed,2015-01-17 0:43,29,39.37468206,-76.58023238,2,2,기타,기타
4418,N,Apparently Normal,No Misuse,N,Possible Incapacitating Injury,0eed8bfc-9e98-4dbe-ab60-0e6f94f90f3c,D,AE4546000S,Shoulder/Lap Belt(s),F,4ae4581a-7f39-4990-8acc-7c885daacc5a,Same Movement Angle,N,Intersection,Right Turn Lane,Daylight,No Defects,"Two-way, Not Divided",Wet,Clear,Twelve o'clock,(Sport) Utility Vehicle,Disabling,N,Moving Constant Speed,2015-03-06 13:49,29,39.4532274,-76.80052757,3,0,우회전 차선 사고,기타
4419,N,Apparently Normal,No Misuse,Y,No Injury,214f2419-c989-4641-99cd-3074d35ce861,D,AE4546000S,Shoulder/Lap Belt(s),M,2fd8b386-1956-4c7f-a0e4-8fe1593bc176,Same Movement Angle,N,Intersection,Right Turn Lane,Daylight,No Defects,"Two-way, Not Divided",Wet,Clear,Eleven o'clock,Passenger Car,Disabling,N,Making Left Turn,2015-03-06 13:49,18,39.4532274,-76.80052757,3,0,우회전 차선 사고,기타
4420,N,Apparently Normal,No Misuse,Y,Possible Incapacitating Injury,c014e97f-5529-40c9-a4fb-129114028885,D,AE45610011,Shoulder/Lap Belt(s),F,4368b38a-ee64-44ff-91c3-4bb5e0040037,Same Direction Rear End,N,Intersection Related,Deceleration Lane,Daylight,No Defects,"Two-way, Not Divided",Dry,Clear,One o'clock,Passenger Car,Disabling,N,Moving Constant Speed,2015-03-10 9:21,83,39.39418781,-76.68707952,3,2,우회전 차선 사고,기타
4421,N,Apparently Normal,No Misuse,N,No Injury,9378ba66-c326-40ba-995a-4c15ea43d3a4,D,AE45610011,Shoulder/Lap Belt(s),M,0c151a19-936c-498c-b127-c5294b180e4d,Same Direction Rear End,N,Intersection Related,Deceleration Lane,Daylight,No Defects,"Two-way, Not Divided",Dry,Clear,Seven o'clock,Passenger Car,Superficial,N,Stopped in Traffic Lane,2015-03-10 9:21,57,39.39418781,-76.68707952,3,3,우회전 차선 사고,동일 방향 운행 중 추돌 사고
4422,N,Apparently Normal,No Misuse,N,Possible Incapacitating Injury,58835a40-09e4-41ea-b3e4-53f52852b11d,D,AE45610011,Shoulder/Lap Belt(s),M,5bb06a68-bad6-46e5-a8a2-e9e37ffc304d,Same Direction Rear End,N,Intersection Related,Deceleration Lane,Daylight,No Defects,"Two-way, Not Divided",Dry,Clear,Six o'clock,Passenger Car,Superficial,N,Stopped in Traffic Lane,2015-03-10 9:21,18,39.39418781,-76.68707952,3,3,우회전 차선 사고,동일 방향 운행 중 추돌 사고
4423,N,Apparently Normal,No Misuse,N,Possible Incapacitating Injury,b035d45f-e6fa-408c-83e5-1b11350d535e,D,AE45610012,Shoulder/Lap Belt(s),F,41dc7650-0761-4217-b947-592271b9c6f4,Same Direction Rear End,N,Intersection Related,Right Turn Lane,Dark Lights On,No Defects,"Two-way, Not Divided",Dry,Clear,Six o'clock,Passenger Car,Functional,N,Stopped in Traffic Lane,2015-03-12 6:37,56,39.37842234,-76.72682047,3,3,우회전 차선 사고,동일 방향 운행 중 추돌 사고
4424,N,Apparently Normal,No Misuse,N,No Injury,fbc0f3e7-69fe-4e6c-b7cb-684d3fbfb1d6,D,AE45610012,Shoulder/Lap Belt(s),M,c0e8d2c1-9878-451e-b026-93b48f72a787,Same Direction Rear End,N,Intersection Related,Right Turn Lane,Dark Lights On,No Defects,"Two-way, Not Divided",Dry,Clear,Six o'clock,Pickup Truck,Functional,N,Stopped in Traffic Lane,2015-03-12 6:37,22,39.37842234,-76.72682047,3,3,우회전 차선 사고,동일 방향 운행 중 추돌 사고
4425,N,Fatigued Fainted,No Misuse,Y,Possible Incapacitating Injury,4368e441-b632-4f59-8194-26f15a6043d8,D,AE45610012,Shoulder/Lap Belt(s),M,8d46031f-a610-40ab-b77d-8f79c47b0904,Same Direction Rear End,N,Intersection Related,Right Turn Lane,Dark Lights On,No Defects,"Two-way, Not Divided",Dry,Clear,Twelve o'clock,Passenger Car,Disabling,N,Moving Constant Speed,2015-03-12 6:37,73,39.37842234,-76.72682047,3,2,우회전 차선 사고,기타
4426,N,Apparently Normal,No Misuse,N,Possible Incapacitating Injury,3d19887f-6286-4453-b547-c02af0084fa0,D,AE46110002,Shoulder/Lap Belt(s),F,48ec5552-4a72-44a1-ab11-02eb3d493da8,Same Direction Rear End,N,Non Intersection,Acceleration Lane,Daylight,No Defects,"Two-way, Divided, Unprotected (painted >4 feet) Median",Wet,Cloudy,One o'clock,Passenger Car,Disabling,N,Changing Lanes,2015-03-09 8:21,22,39.48212912,-76.85733676,4,3,빗길사고,기타
4427,N,Apparently Normal,No Misuse,Y,Possible Incapacitating Injury,b44e1943-669c-4ad6-903d-11817bb558c0,D,AE4696000V,Shoulder/Lap Belt(s),F,41cd408d-abe3-4615-9365-be83c4179d71,Head On,N,Non Intersection,Right Turn Lane,Daylight,No Defects,"Two-way, Not Divided",Ice,Sleet,Twelve o'clock,Passenger Car,Destroyed,N,Negotiating a Curve,2015-03-01 11:40,24,39.34266165,-76.48050785,0,2,눈길사고,미끌어짐에 의한 사고