KEY_INDEX,CDL_FLAG,CONDITION_CODE,EQUIP_PROB_CODE,FAULT_FLAG,INJ_SEVER_CODE,PERSON_ID,PERSON_TYPE,REPORT_NO,SAF_EQUIP_CODE,SEX_CODE,VEHICLE_ID,COLLISION_TYPE_CODE,C_M_ZONE_FLAG,JUNCTION_CODE,LANE_CODE,LIGHT_CODE,RD_COND_CODE,RD_DIV_CODE,SURF_COND_CODE,WEATHER_CODE,AREA_DAMAGED_CODE_MAIN,BODY_TYPE_CODE,DAMAGE_CODE,HIT_AND_RUN_FLAG,MOVEMENT_CODE,TIME,AGE,LATITUDE,LONGITUDE,CLUSTER,SECOND_LABEL,FIRST_LABEL,SECOND_LABELING
4428,N,Apparently Normal,No Misuse,N,No Injury,ebb9c478-5ff1-4127-981f-2b6b554dab6f,D,AE4696000V,Shoulder/Lap Belt(s),M,c9f58531-ef4b-41c1-9294-c6f337cf9d64,Head On,N,Non Intersection,Right Turn Lane,Daylight,No Defects,"Two-way, Not Divided",Ice,Sleet,Twelve o'clock,Pickup Truck,Disabling,N,Moving Constant Speed,2015-03-01 11:40,56,39.34266165,-76.48050785,0,0,눈길사고,감속 중 사고
4429,N,Apparently Normal,No Misuse,N,No Injury,1680cbf8-74eb-414b-9db2-5beed7efb1ee,D,AE4696000W,Shoulder/Lap Belt(s),M,d73102c8-e721-4364-a919-9f6ff7e26ea9,Single Vehicle ,N,Non Intersection,Right Turn Lane,Dark Lights On,No Defects,"Two-way, Not Divided",Wet,Clear,Twelve o'clock,Passenger Car,Functional,N,Moving Constant Speed,2015-03-11 7:05,41,39.27357706,-76.72053337,2,2,기타,기타
4430,N,Apparently Normal,No Misuse,N,Possible Incapacitating Injury,8d39692b-f7af-4ae9-be78-6f2e7800dcc7,D,AE4727001K,Shoulder/Lap Belt(s),F,06946550-d6ba-4f3d-a7c3-93a287056902,Head On Left Turn,N,Intersection,Right Turn Lane,Dark Lights On,No Defects,"Two-way, Not Divided",Wet,Raining,Twelve o'clock,Passenger Car,Disabling,N,Moving Constant Speed,2015-01-23 18:34,45,39.38345607,-76.53438807,4,2,빗길사고,동일 방향 운행 중 추돌 사고
4431,N,Apparently Normal,No Misuse,Y,Possible Incapacitating Injury,ae59f27d-e6d5-45c0-bcfd-47cd4ba2e8e0,D,AE4727001K,Shoulder/Lap Belt(s),M,d2ecc5fe-5ff1-42df-8552-28d88c339b5c,Head On Left Turn,N,Intersection,Right Turn Lane,Dark Lights On,No Defects,"Two-way, Not Divided",Wet,Raining,Two o'clock,Passenger Car,Disabling,N,Making Left Turn,2015-01-23 18:34,76,39.38345607,-76.53438807,4,0,빗길사고,등속 주행 중 사고
4432,N,Apparently Normal,No Misuse,Y,Possible Incapacitating Injury,1c7c7299-70c1-4519-91b3-4541877c61c3,D,AE4727001Y,Shoulder/Lap Belt(s),F,c1032b53-ae94-4d58-bfd3-e4e6a6c2e2a5,Head On,N,Non Intersection,Right Turn Lane,Dark Lights On,No Defects,"Two-way, Not Divided",Dry,Clear,Twelve o'clock,(Sport) Utility Vehicle,Destroyed,N,Moving Constant Speed,2015-02-26 19:27,54,39.39411941,-76.52104139,2,2,기타,기타
4433,N,Apparently Normal,No Misuse,N,No Injury,6a7a1a75-a144-481d-b005-2cc7cf1ec27c,D,AE4727001Y,Shoulder/Lap Belt(s),M,3a562f19-f7dc-4b77-9983-c43f21a91d66,Head On,N,Non Intersection,Right Turn Lane,Dark Lights On,No Defects,"Two-way, Not Divided",Dry,Clear,Twelve o'clock,Passenger Car,Destroyed,N,Moving Constant Speed,2015-02-26 19:27,50,39.39411941,-76.52104139,2,2,기타,기타
4434,N,Apparently Normal,No Misuse,Y,Possible Incapacitating Injury,a0921cde-83d4-4555-9535-e732c7874fae,D,AE4727001Z,Shoulder/Lap Belt(s),F,ec80a898-da3d-47cd-9fb4-c98427525cf6,Angle Meets Right Turn,N,Intersection Related,Right Turn Lane,Daylight,No Defects,"Two-way, Not Divided",Ice,Cloudy,Eleven o'clock,Passenger Car,Destroyed,N,Making Left Turn,2015-03-03 8:33,33,39.40504639,-76.51606321,0,2,눈길사고,미끌어짐에 의한 사고
4435,N,Apparently Normal,No Misuse,N,Possible Incapacitating Injury,37b628a9-c39b-4ebd-a6c6-62fbd0a4aaf1,D,AE4727001Z,Shoulder/Lap Belt(s),M,cd9f6d85-7716-4f1d-ae30-7f2210af7a4e,Angle Meets Right Turn,N,Intersection Related,Right Turn Lane,Daylight,No Defects,"Two-way, Not Divided",Ice,Cloudy,Twelve o'clock,(Sport) Utility Vehicle,Destroyed,N,Moving Constant Speed,2015-03-03 8:33,50,39.40504639,-76.51606321,0,0,눈길사고,감속 중 사고
4436,N,Apparently Normal,No Misuse,N,Possible Incapacitating Injury,648e82ce-3382-489c-8f52-a3f8eab8ccdc,D,AE47270023,Shoulder/Lap Belt(s),F,8b7dbd81-e841-4dbf-a7bf-896bb7c436e7,Opposite Direction Sideswipe,N,Non Intersection,Right Turn Lane,Daylight,No Defects,"Two-way, Not Divided",Ice,Clear,Eleven o'clock,(Sport) Utility Vehicle,Destroyed,N,Moving Constant Speed,2015-03-09 8:28,34,39.44759392,-76.57093048,2,2,기타,기타
4437,N,Apparently Normal,No Misuse,Y,No Injury,352c573c-dbba-4738-8cbb-3ecd54544f03,D,AE47270023,Shoulder/Lap Belt(s),M,aee9eda3-7ff0-496f-9bb3-24eeefbad754,Opposite Direction Sideswipe,N,Non Intersection,Right Turn Lane,Daylight,No Defects,"Two-way, Not Divided",Ice,Clear,Eleven o'clock,Passenger Car,Disabling,N,Moving Constant Speed,2015-03-09 8:28,26,39.44759392,-76.57093048,2,2,기타,기타
4438,N,Apparently Normal,No Misuse,N,Possible Incapacitating Injury,059b4a57-fdd7-483d-9402-c9d66b7b972d,D,AE47270028,Shoulder/Lap Belt(s),F,3521a51b-5355-45fe-807e-bc8c62f3157f,Same Direction Rear End,N,Non Intersection,Right Turn Lane,Daylight,No Defects,"Two-way, Not Divided",Dry,Clear,Six o'clock,Passenger Car,Superficial,N,Stopped in Traffic Lane,2015-03-27 18:08,58,39.37491427,-76.54153347,2,0,기타,자차 사고
4439,N,Apparently Normal,No Misuse,Y,No Injury,703acea3-fe7d-4499-b85b-295c575e302c,D,AE47270028,Shoulder/Lap Belt(s),M,d08a046e-a216-403e-bd55-9a75a206a328,Same Direction Rear End,N,Non Intersection,Right Turn Lane,Daylight,No Defects,"Two-way, Not Divided",Dry,Clear,Twelve o'clock,Passenger Car,Superficial,N,Stopped in Traffic Lane,2015-03-27 18:08,29,39.37491427,-76.54153347,2,0,기타,자차 사고
4440,N,Apparently Normal,No Misuse,Y,Possible Incapacitating Injury,d1f2d7fc-4ab0-4d21-b2b5-56971f62addc,D,AE47270029,Shoulder/Lap Belt(s),F,c196c5a5-1c01-468e-a25c-d5fd7f2d6f07,Same Direction Left Turn,N,Non Intersection,Right Turn Lane,Daylight,No Defects,"Two-way, Not Divided",Dry,Clear,Nine o'clock,"Other Light Trucks (10,000 lbs (4,536 kg))",Disabling,N,Making U Turn,2015-03-31 8:29,56,39.39549574,-76.49889708,2,0,기타,자차 사고
4441,N,Apparently Normal,No Misuse,N,No Injury,323221e2-9df8-427e-99e7-c3ce01de5d27,D,AE47270029,Shoulder/Lap Belt(s),M,8d8280a6-4e5d-40fb-87ec-1b653ee08bec,Same Direction Left Turn,N,Non Intersection,Right Turn Lane,Daylight,No Defects,"Two-way, Not Divided",Dry,Clear,Twelve o'clock,(Sport) Utility Vehicle,Disabling,N,Moving Constant Speed,2015-03-31 8:29,37,39.39549574,-76.49889708,2,2,기타,기타
4442,N,Apparently Normal,No Misuse,N,Possible Incapacitating Injury,d88f25e8-386c-41af-8a42-2af7a8a1699c,D,AE4727002B,Shoulder/Lap Belt(s),F,8cdccfbd-5698-47bf-9756-5e9003c0c007,Same Direction Rear End,N,Non Intersection,Right Turn Lane,Daylight,No Defects,"Two-way, Not Divided",Dry,Clear,Six o'clock,(Sport) Utility Vehicle,Functional,N,Stopped in Traffic Lane,2015-03-31 9:01,53,39.37959166,-76.52062297,2,0,기타,자차 사고
4443,N,Apparently Normal,No Misuse,Y,Possible Incapacitating Injury,6821b036-d7a8-440c-8a90-7055478ba4a3,D,AE4727002B,Shoulder/Lap Belt(s),F,8386212f-d05c-4973-afde-9f820be506d7,Same Direction Rear End,N,Non Intersection,Right Turn Lane,Daylight,No Defects,"Two-way, Not Divided",Dry,Clear,Twelve o'clock,"Other Light Trucks (10,000 lbs (4,536 kg))",Functional,N,Moving Constant Speed,2015-03-31 9:01,59,39.37959166,-76.52062297,2,3,기타,등속 주행 중 측면 추돌 사고
4444,N,Apparently Normal,No Misuse,N,Possible Incapacitating Injury,886ece3f-998f-420c-bc31-ccab8e58b8ea,D,AE4727002B,Shoulder/Lap Belt(s),M,b953c764-a351-4919-a96d-608f9555f877,Same Direction Rear End,N,Non Intersection,Right Turn Lane,Daylight,No Defects,"Two-way, Not Divided",Dry,Clear,Six o'clock,Passenger Car,Disabling,N,Slowing or Stopping,2015-03-31 9:01,33,39.37959166,-76.52062297,2,1,기타,등속 주행 사고
4445,N,Apparently Normal,No Misuse,Y,Possible Incapacitating Injury,390a1f2f-2520-40a1-9395-bb03aa5c8b74,D,AE48160005,Shoulder/Lap Belt(s),F,e624ce06-4dc2-42d2-97c4-c2b1fe20e7bc,Head On Left Turn,N,Non Intersection,Right Turn Lane,Daylight,No Defects,"Two-way, Divided, Unprotected (painted >4 feet) Median",Dry,Cloudy,Twelve o'clock,(Sport) Utility Vehicle,Disabling,N,Making Left Turn,2015-02-07 12:49,66,39.47405077,-76.5224576,2,0,기타,자차 사고
4446,N,Apparently Normal,No Misuse,N,No Injury,199bf981-4756-463a-a2f7-64b0cf75a04a,D,AE48160005,Shoulder/Lap Belt(s),M,d53f9e4a-2b4b-4b4c-ab1b-42549b1eb8af,Head On Left Turn,N,Non Intersection,Right Turn Lane,Daylight,No Defects,"Two-way, Divided, Unprotected (painted >4 feet) Median",Dry,Cloudy,Twelve o'clock,Passenger Car,Disabling,N,Moving Constant Speed,2015-02-07 12:49,44,39.47405077,-76.5224576,2,2,기타,기타
4447,N,Apparently Normal,No Misuse,Y,No Injury,bdb55938-6b94-4dde-9067-9c58758ae413,D,AE48270009,Shoulder/Lap Belt(s),M,2346c9c6-7cce-4069-86ff-bef620c72bd6,Same Direction Rear End,N,Non Intersection,Left Turn Lane,Daylight,No Defects,"Two-way, Divided, Positive Median Barrier",Wet,Raining,One o'clock,Passenger Car,Functional,N,Slowing or Stopping,2015-01-18 8:14,55,39.39055409,-76.62822247,4,3,빗길사고,기타
4448,N,Apparently Normal,No Misuse,Y,Possible Incapacitating Injury,98ebaed7-4aea-43a2-bf34-24a282692351,D,AE48350009,Shoulder Belt Only,M,57c9d89a-7db9-440d-8881-c95c04e97e0a,Same Direction Rear End,N,Non Intersection,Right Turn Lane,Daylight,No Defects,"Two-way, Not Divided",Wet,Clear,Twelve o'clock,Passenger Car,Superficial,N,Slowing or Stopping,2015-02-18 16:05,23,39.32378265,-76.72995329,2,1,기타,등속 주행 사고
4449,N,Apparently Normal,No Misuse,N,Possible Incapacitating Injury,f1caadef-361c-4c94-9a22-1ca674cf1fec,D,AE48390006,Shoulder/Lap Belt(s),F,5107ed55-21ce-44ba-86ba-e089d12a75d8,Same Direction Left Turn,N,Non Intersection,Right Turn Lane,Dark Lights On,No Defects,"Two-way, Divided, Positive Median Barrier",Wet,Clear,Twelve o'clock,Passenger Car,Destroyed,N,Moving Constant Speed,2015-01-21 22:26,32,39.34095238,-76.46501541,4,2,빗길사고,동일 방향 운행 중 추돌 사고
4450,N,Apparently Normal,No Misuse,Y,Possible Incapacitating Injury,1a45f294-abf5-4527-be87-32de5669c2ae,D,AE4880005Y,Shoulder/Lap Belt(s),F,5160b66a-3746-437a-8eea-80a0f4e901eb,Head On Left Turn,N,Intersection,Right Turn Lane,Daylight,No Defects,"Two-way, Not Divided",Dry,Cloudy,Twelve o'clock,Passenger Car,Destroyed,N,Making Left Turn,2015-03-10 7:38,69,39.340843,-76.512198,3,1,우회전 차선 사고,등속 주행 중 측면 추돌 사고
4451,N,Apparently Normal,No Misuse,Y,Non-incapacitating Injury,df09e152-3db8-49c4-8bce-9a254b588d00,D,AE4880005Y,Shoulder/Lap Belt(s),M,41617930-2644-49be-a224-2fd401d45b7d,Head On Left Turn,N,Intersection,Right Turn Lane,Daylight,No Defects,"Two-way, Not Divided",Dry,Cloudy,Twelve o'clock,Passenger Car,Disabling,N,Moving Constant Speed,2015-03-10 7:38,66,39.340843,-76.512198,3,2,우회전 차선 사고,기타
4452,N,Apparently Normal,No Misuse,Y,Possible Incapacitating Injury,48e06069-4271-48d2-8c24-1096c66fb0c8,D,AE4880006G,Shoulder/Lap Belt(s),F,4120477e-4b4b-41a1-b1ec-d6f488067e21,Same Direction Rear End,N,Intersection Related,Acceleration Lane,Daylight,No Defects,"Two-way, Divided, Positive Median Barrier",Dry,Clear,Twelve o'clock,Pickup Truck,Disabling,N,Slowing or Stopping,2015-03-26 17:10,43,39.34993,-76.48529,1,3,좌회전 차선 사고,감속 중 사고
4453,N,Apparently Normal,No Misuse,N,No Injury,e5cd3dc0-0378-477b-a0a9-0596eddfecb7,D,AE4880006G,Shoulder/Lap Belt(s),M,9b2fe014-6410-4c5a-92eb-bf68b33bd5b0,Same Direction Rear End,N,Intersection Related,Acceleration Lane,Daylight,No Defects,"Two-way, Divided, Positive Median Barrier",Dry,Clear,Six o'clock,Passenger Car,Superficial,N,Stopped in Traffic Lane,2015-03-26 17:10,76,39.34993,-76.48529,1,2,좌회전 차선 사고,기타
4454,N,Apparently Normal,No Misuse,N,No Injury,0eaa1b1f-ffae-4146-a679-7a87004453e7,D,AE4880006G,Shoulder/Lap Belt(s),M,21db9be1-2f9b-47ae-b879-55b26926ec8f,Same Direction Rear End,N,Intersection Related,Acceleration Lane,Daylight,No Defects,"Two-way, Divided, Positive Median Barrier",Dry,Clear,Six o'clock,(Sport) Utility Vehicle,Functional,N,Stopped in Traffic Lane,2015-03-26 17:10,20,39.34993,-76.48529,1,2,좌회전 차선 사고,기타
4455,N,Apparently Normal,No Misuse,N,Possible Incapacitating Injury,82b02d53-7a30-4275-9149-0d04483032a9,D,AE49330006,Shoulder/Lap Belt(s),F,81e3db77-8ade-47db-a4ca-f63fce1aa829,Same Movement Angle,N,Commercial Driveway,Right Turn Lane,Dark Lights On,No Defects,"Two-way, Not Divided",Wet,Raining,One o'clock,(Sport) Utility Vehicle,Disabling,N,Moving Constant Speed,2015-01-03 23:45,55,39.39735291,-76.47552967,4,1,빗길사고,자차 사고
4456,N,Apparently Normal,No Misuse,Y,No Injury,082f9bed-07ac-4c63-9b67-14f73caf9498,D,AE49330006,Shoulder/Lap Belt(s),M,f3b8d544-1e08-4414-998d-4dbbe998d2a0,Same Movement Angle,N,Commercial Driveway,Right Turn Lane,Dark Lights On,No Defects,"Two-way, Not Divided",Wet,Raining,Eleven o'clock,Passenger Car,Functional,N,Making Right Turn,2015-01-03 23:45,30,39.39735291,-76.47552967,4,1,빗길사고,자차 사고
4457,N,Apparently Normal,No Misuse,Y,Possible Incapacitating Injury,ccd29d2a-23b4-4de9-9318-45526575c870,D,AE5148000B,Shoulder/Lap Belt(s),F,9fe4fecd-c45d-400f-a2f8-52c53fa2e7f0,Single Vehicle ,N,Non Intersection,Right Turn Lane,Daylight,No Defects,"Two-way, Divided, Positive Median Barrier",Ice,Raining,Twelve o'clock,Van,Disabling,N,Slowing or Stopping,2015-01-18 8:44,33,39.40333657,-76.75762296,0,1,눈길사고,등속 주행 사고
4458,N,Apparently Normal,No Misuse,Y,Possible Incapacitating Injury,e57ca69b-b242-454a-9c63-73ec39077b78,D,AE51910006,Shoulder/Lap Belt(s),F,5c4d3d9c-3e17-4737-8879-b984e436ac06,Head On,N,Non Intersection,Right Turn Lane,Dark Lights On,No Defects,"Two-way, Not Divided",Dry,Clear,Twelve o'clock,Passenger Car,Disabling,N,Moving Constant Speed,2015-03-26 4:47,36,39.47060135,-76.61643684,2,2,기타,기타
4459,N,Apparently Normal,No Misuse,Y,Possible Incapacitating Injury,fdd34315-d09b-48c9-a3ed-2e99b2a5c52b,D,AE5297000H,Shoulder/Lap Belt(s),F,c51716d8-03bf-43c1-9507-f9c84e79c759,Single Vehicle ,N,Non Intersection,Left Turn Lane,Daylight,No Defects,"Two-way, Not Divided",Snow,Snow,One o'clock,Passenger Car,Disabling,N,Moving Constant Speed,2015-02-21 11:47,69,39.46144484,-76.41368866,0,0,눈길사고,감속 중 사고
4460,N,Apparently Normal,No Misuse,Y,Possible Incapacitating Injury,45bb3bbb-32d6-40ed-9baf-d5ad2cfd6d71,D,AE5340000T,Shoulder/Lap Belt(s),F,06f82f3c-579f-4e7a-97bb-53d91aee075d,Head On Left Turn,N,Intersection,Left Turn Lane,Dawn,No Defects,"Two-way, Divided, Positive Median Barrier",Wet,Raining,Twelve o'clock,Passenger Car,Disabling,N,Moving Constant Speed,2015-01-12 7:24,43,39.31441179,-76.45437241,4,2,빗길사고,동일 방향 운행 중 추돌 사고
4461,N,Apparently Normal,No Misuse,N,No Injury,755a8096-a9f6-4ba5-9a3d-c1ee9ecdfa02,D,AE5340000T,Shoulder/Lap Belt(s),M,26f5e6b2-0343-494d-aba8-91d0cefd646a,Head On Left Turn,N,Intersection,Left Turn Lane,Dawn,No Defects,"Two-way, Divided, Positive Median Barrier",Wet,Raining,Twelve o'clock,Passenger Car,Disabling,N,Making Left Turn,2015-01-12 7:24,53,39.31441179,-76.45437241,4,0,빗길사고,등속 주행 중 사고
4462,N,Apparently Normal,No Misuse,N,No Injury,e112c6b7-2865-4cae-a7fc-ae510863cf7b,D,AE5340000T,Shoulder/Lap Belt(s),M,bf8ebb94-ab38-4d10-b1b3-98b90ce1ea73,Head On Left Turn,N,Intersection,Left Turn Lane,Dawn,No Defects,"Two-way, Divided, Positive Median Barrier",Wet,Raining,Twelve o'clock,Pickup Truck,Functional,N,Making Left Turn,2015-01-12 7:24,30,39.31441179,-76.45437241,4,0,빗길사고,등속 주행 중 사고
4463,N,Apparently Normal,No Misuse,N,Possible Incapacitating Injury,99a194ff-85cb-4bea-8e04-b65ab721d816,D,AE53530007,Shoulder/Lap Belt(s),F,9d893e8e-b557-4f1f-aa14-4325a22c693b,Same Movement Angle,N,Intersection,Right Turn Lane,Daylight,No Defects,"Two-way, Not Divided",Dry,Cloudy,Twelve o'clock,(Sport) Utility Vehicle,Disabling,N,Moving Constant Speed,2015-01-09 13:56,51,39.37866284,-76.52754307,3,0,우회전 차선 사고,기타
4464,N,Apparently Normal,No Misuse,N,No Injury,3d538353-26ed-4ea6-bc54-7423ceda8446,D,AE53530007,Shoulder/Lap Belt(s),M,dce34379-0665-430e-8427-f5421560d18b,Same Movement Angle,N,Intersection,Right Turn Lane,Daylight,No Defects,"Two-way, Not Divided",Dry,Cloudy,Twelve o'clock,(Sport) Utility Vehicle,Superficial,N,Parked  ,2015-01-09 13:56,36,39.37866284,-76.52754307,3,0,우회전 차선 사고,기타
4465,N,Apparently Normal,No Misuse,Y,Possible Incapacitating Injury,960cfe2d-a540-4560-9cb5-e5963cb8b658,D,AE53530007,Lap Belt Only,M,def17ed5-b592-4d80-b2b2-75a56daa7fc1,Same Movement Angle,N,Intersection,Right Turn Lane,Daylight,No Defects,"Two-way, Not Divided",Dry,Cloudy,Twelve o'clock,(Sport) Utility Vehicle,Disabling,N,Entering Traffic Lane,2015-01-09 13:56,23,39.37866284,-76.52754307,3,0,우회전 차선 사고,기타
4466,N,Apparently Normal,No Misuse,Y,Possible Incapacitating Injury,3cbfd59d-c78a-43db-b0d6-51bf77e6b8c0,D,AE5367000D,Shoulder/Lap Belt(s),F,4fccce2a-a5f4-4e07-92ae-33e48962344e,Single Vehicle ,N,Non Intersection,Right Turn Lane,Daylight,No Defects,"Two-way, Not Divided",Wet,Cloudy,Twelve o'clock,Passenger Car,Destroyed,N,Moving Constant Speed,2015-03-21 10:40,30,39.42419351,-76.70306683,4,2,빗길사고,동일 방향 운행 중 추돌 사고
4467,N,Apparently Normal,No Misuse,N,Possible Incapacitating Injury,a5a78661-2e10-4ba9-a0ae-17a1f8108893,D,AE5419002F,Shoulder/Lap Belt(s),F,b60a859b-eedf-4a90-9b42-f6bebb31b081,Same Movement Angle,N,Intersection Related,Left Turn Lane,Dark Lights On,No Defects,"Two-way, Not Divided",Dry,Clear,Nine o'clock,(Sport) Utility Vehicle,Functional,N,Moving Constant Speed,2015-02-20 19:11,30,39.37187049,-76.56710029,1,0,좌회전 차선 사고,등속 주행 중 측면 추돌 사고
4468,N,Apparently Normal,No Misuse,Y,No Injury,fb8a6705-8d65-452c-a878-cf9c3d4a216f,D,AE5419002F,Shoulder/Lap Belt(s),M,bbb427f1-f7a7-4753-9be5-a791d0da6464,Same Movement Angle,N,Intersection Related,Left Turn Lane,Dark Lights On,No Defects,"Two-way, Not Divided",Dry,Clear,Twelve o'clock,Passenger Car,Disabling,N,Making Left Turn,2015-02-20 19:11,21,39.37187049,-76.56710029,1,1,좌회전 차선 사고,등속 주행 사고
4469,N,Apparently Normal,No Misuse,N,Possible Incapacitating Injury,f40c6afe-7fb0-43ba-9829-07ac49ad1b2a,D,AE5419002Q,Shoulder/Lap Belt(s),F,ee4cb887-d781-47da-b9ab-c88f5ac7e733,Same Movement Angle,N,Intersection Related,Right Turn Lane,Daylight,No Defects,"Two-way, Divided, Positive Median Barrier",Wet,Clear,Twelve o'clock,Passenger Car,Disabling,N,Moving Constant Speed,2015-03-11 10:24,31,39.37760132,-76.55661821,4,1,빗길사고,자차 사고
4470,N,Apparently Normal,No Misuse,Y,No Injury,92dec3ce-acc9-493b-9fef-12dd87fd1b6d,D,AE5419002Q,Shoulder/Lap Belt(s),M,ae132943-e2a8-45ca-bbd5-3c9a13fda98b,Same Movement Angle,N,Intersection Related,Right Turn Lane,Daylight,No Defects,"Two-way, Divided, Positive Median Barrier",Wet,Clear,Nine o'clock,Passenger Car,Disabling,N,Making Left Turn,2015-03-11 10:24,79,39.37760132,-76.55661821,4,1,빗길사고,자차 사고
4471,N,Apparently Normal,No Misuse,Y,Possible Incapacitating Injury,a7afe6f8-775d-469c-a0cf-fbd6b56ffbf0,D,AE54320008,Shoulder/Lap Belt(s),F,caf4ab98-6e74-4df4-8f6a-0d05ae477e24,Same Direction Rear End,N,Non Intersection,Right Turn Lane,Daylight,No Defects,"Two-way, Not Divided",Dry,Clear,One o'clock,Passenger Car,Destroyed,N,Moving Constant Speed,2015-01-01 14:13,24,39.28176585,-76.77294374,2,3,기타,등속 주행 중 측면 추돌 사고
4472,N,Apparently Normal,No Misuse,N,Possible Incapacitating Injury,b96ad33b-5a3c-49bd-9189-bbdc501ca8b1,D,AE54660013,Shoulder/Lap Belt(s),F,1d56d744-b81b-439d-891f-f30f21c7089c,Same Direction Rear End,N,Intersection,Right Turn Lane,Daylight,No Defects,"Two-way, Not Divided",Dry,Clear,Six o'clock,Passenger Car,Disabling,N,Stopped in Traffic Lane,2015-02-06 15:46,46,39.29259416,-76.74780607,3,3,우회전 차선 사고,동일 방향 운행 중 추돌 사고
4473,N,Apparently Normal,No Misuse,Y,No Injury,8804ead5-e7b2-4aeb-bb5e-136a8a16f392,D,AE54660013,Shoulder/Lap Belt(s),M,67e9b42e-f7b3-4cd2-bb40-9a09b1611f4d,Same Direction Rear End,N,Intersection,Right Turn Lane,Daylight,No Defects,"Two-way, Not Divided",Dry,Clear,Twelve o'clock,(Sport) Utility Vehicle,Functional,N,Slowing or Stopping,2015-02-06 15:46,53,39.29259416,-76.74780607,3,3,우회전 차선 사고,동일 방향 운행 중 추돌 사고
4474,N,Apparently Normal,No Misuse,N,Possible Incapacitating Injury,551e8e46-e37d-437a-8045-4a1d2123b53c,D,AE5466001D,Shoulder/Lap Belt(s),F,88ffde65-741e-4fc3-a154-6c1563a602d3,Head On Left Turn,N,Non Intersection,Right Turn Lane,Daylight,No Defects,"Two-way, Not Divided",Ice,Clear,Twelve o'clock,Passenger Car,Disabling,N,Moving Constant Speed,2015-02-27 8:00,44,39.31977383,-76.73634768,2,2,기타,기타
4475,N,Apparently Normal,No Misuse,Y,Possible Incapacitating Injury,b52cb5fd-dab6-457b-beee-1e58a041d28d,D,AE5466001D,Shoulder/Lap Belt(s),F,2a140ab2-79c0-4486-957c-56d094f1d4ea,Head On Left Turn,N,Non Intersection,Right Turn Lane,Daylight,No Defects,"Two-way, Not Divided",Ice,Clear,Two o'clock,(Sport) Utility Vehicle,Disabling,N,Moving Constant Speed,2015-02-27 8:00,29,39.31977383,-76.73634768,2,2,기타,기타
4476,N,Apparently Normal,No Misuse,N,Possible Incapacitating Injury,81545cc4-7107-4345-ba06-d304dade25ce,D,AE5493000C,Shoulder/Lap Belt(s),F,f13fb34e-d451-4d0a-ac4d-b24fcaf8c1db,Head On Left Turn,N,Intersection,Acceleration Lane,Daylight,No Defects,"Two-way, Divided, Unprotected (painted >4 feet) Median",Dry,Clear,One o'clock,Passenger Car,Disabling,N,Making Left Turn,2015-03-22 14:15,38,39.24559843,-76.67294025,1,1,좌회전 차선 사고,등속 주행 사고
4477,N,Apparently Normal,No Misuse,N,No Injury,01b0d284-e731-42df-a720-fc1a39591c30,D,AE5493000C,Shoulder/Lap Belt(s),M,ea1c5f31-d849-4413-a187-ecaac552885f,Head On Left Turn,N,Intersection,Acceleration Lane,Daylight,No Defects,"Two-way, Divided, Unprotected (painted >4 feet) Median",Dry,Clear,Eleven o'clock,Passenger Car,Disabling,N,Stopped in Traffic Lane,2015-03-22 14:15,31,39.24559843,-76.67294025,1,2,좌회전 차선 사고,기타
4478,N,Apparently Normal,No Misuse,N,Possible Incapacitating Injury,71813df3-c728-4b69-990a-a89a57a03ce4,D,AE55250008,Shoulder/Lap Belt(s),F,4022a164-a902-47dd-8423-a1704d669969,Same Movement Angle,N,Intersection,Right Turn Lane,Daylight,No Defects,"Two-way, Divided, Positive Median Barrier",Dry,Cloudy,Nine o'clock,Passenger Car,Disabling,N,Moving Constant Speed,2015-03-13 12:48,40,39.33407337,-76.4444375,3,0,우회전 차선 사고,기타
4479,N,Apparently Normal,No Misuse,N,Possible Incapacitating Injury,5bf17f7b-8d7f-4209-a464-aebd8e7ba9ee,D,AE5584000C,Shoulder/Lap Belt(s),F,2f2e9020-552d-447b-b1ae-8f3c167ad56c,Head On Left Turn,N,Intersection,Right Turn Lane,Dark No Lights,No Defects,"Two-way, Not Divided",Dry,Clear,Twelve o'clock,Passenger Car,Disabling,N,Moving Constant Speed,2015-01-31 22:23,18,39.23062428,-76.40681148,3,2,우회전 차선 사고,기타
4480,N,Had Been Drinking,No Misuse,Y,No Injury,08034dad-d9ce-4deb-a919-ba4ae8695d90,D,AE5584000C,Shoulder/Lap Belt(s),F,9ca72819-157f-44dc-807c-db7fb08c1620,Head On Left Turn,N,Intersection,Right Turn Lane,Dark No Lights,No Defects,"Two-way, Not Divided",Dry,Clear,One o'clock,Passenger Car,Superficial,N,Accelerating,2015-01-31 22:23,51,39.23062428,-76.40681148,3,1,우회전 차선 사고,등속 주행 중 측면 추돌 사고
4481,N,Apparently Normal,No Misuse,Y,No Injury,bae234f6-193e-4dfa-a7f4-59b403a6635d,D,AE55870007,Shoulder/Lap Belt(s),M,9da6e6e7-9730-4a3a-b96e-b0d1428f6668,Same Direction Rear End,N,Non Intersection,Right Turn Lane,Daylight,No Defects,One-way Trafficway,Ice,Raining,Twelve o'clock,Pickup Truck,Disabling,N,Moving Constant Speed,2015-01-18 8:27,57,39.38456726,-76.75604582,0,3,눈길사고,자차 사고