KEY_INDEX,CDL_FLAG,CONDITION_CODE,EQUIP_PROB_CODE,FAULT_FLAG,INJ_SEVER_CODE,PERSON_ID,PERSON_TYPE,REPORT_NO,SAF_EQUIP_CODE,SEX_CODE,VEHICLE_ID,COLLISION_TYPE_CODE,C_M_ZONE_FLAG,JUNCTION_CODE,LANE_CODE,LIGHT_CODE,RD_COND_CODE,RD_DIV_CODE,SURF_COND_CODE,WEATHER_CODE,AREA_DAMAGED_CODE_MAIN,BODY_TYPE_CODE,DAMAGE_CODE,HIT_AND_RUN_FLAG,MOVEMENT_CODE,TIME,AGE,LATITUDE,LONGITUDE,CLUSTER,SECOND_LABEL,FIRST_LABEL,SECOND_LABELING
4482,N,Apparently Normal,No Misuse,Y,Possible Incapacitating Injury,f44f854c-0caf-44a1-a90b-e5364ef15a4f,D,AE56120007,Shoulder/Lap Belt(s),F,fd575407-36c0-4ca5-8f36-bf42d25d58aa,Same Direction Rear End,N,Intersection,Right Turn Lane,Daylight,No Defects,"Two-way, Divided, Positive Median Barrier",Dry,Clear,One o'clock,Passenger Car,Disabling,N,Moving Constant Speed,2015-01-25 11:26,75,39.3354011,-76.4287962,3,2,우회전 차선 사고,기타
4483,N,Apparently Normal,No Misuse,N,Possible Incapacitating Injury,e9ca1675-05ca-4ea8-a96a-1a90b00720ef,D,AE5612000B,Shoulder/Lap Belt(s),F,cf03aa42-0e6d-4a19-8d35-c5a03cabc545,Same Movement Angle,N,Non Intersection,Right Turn Lane,Daylight,No Defects,"Two-way, Divided, Unprotected (painted >4 feet) Median",Dry,Clear,Twelve o'clock,Passenger Car,Disabling,N,Moving Constant Speed,2015-03-06 17:28,22,39.33727854,-76.40586466,2,2,기타,기타
4484,N,Apparently Normal,No Misuse,Y,No Injury,8b39c890-0f48-4645-a66e-d121dee94fd1,D,AE5612000B,Shoulder/Lap Belt(s),M,d23baec6-a212-462e-a2d4-d182048b2928,Same Movement Angle,N,Non Intersection,Right Turn Lane,Daylight,No Defects,"Two-way, Divided, Unprotected (painted >4 feet) Median",Dry,Clear,Eleven o'clock,Passenger Car,Disabling,N,Moving Constant Speed,2015-03-06 17:28,55,39.33727854,-76.40586466,2,2,기타,기타
4485,N,Apparently Normal,No Misuse,N,Possible Incapacitating Injury,5c9709b1-3eab-412d-9455-f86ff1cb2ff2,D,AE56880009,Shoulder/Lap Belt(s),F,3a781311-383b-46a1-ac78-e409d22a224f,Same Direction Rear End,N,Non Intersection,Right Turn Lane,Daylight,No Defects,"Two-way, Not Divided",Snow,Clear,Six o'clock,Passenger Car,Functional,N,Stopped in Traffic Lane,2015-02-22 9:44,66,39.33268753,-76.76187158,2,0,기타,자차 사고
4486,N,Apparently Normal,No Misuse,Y,No Injury,a6e0acf7-36a9-4e85-b133-0d0db87e7472,D,AE56880009,Shoulder/Lap Belt(s),M,dfbaa392-0a50-4eb2-97c9-2651dc861ad5,Same Direction Rear End,N,Non Intersection,Right Turn Lane,Daylight,No Defects,"Two-way, Not Divided",Snow,Clear,Twelve o'clock,Passenger Car,Functional,N,Moving Constant Speed,2015-02-22 9:44,25,39.33268753,-76.76187158,2,3,기타,등속 주행 중 측면 추돌 사고
4487,N,Apparently Normal,No Misuse,Y,Possible Incapacitating Injury,73a84dfc-2bac-4b48-9af5-70ee98bbfdc5,D,AE57090007,Shoulder/Lap Belt(s),F,547e2187-c53f-4ccb-8d48-83b7cf876752,Head On Left Turn,N,Intersection,Right Turn Lane,Daylight,No Defects,"Two-way, Divided, Positive Median Barrier",Dry,Clear,Two o'clock,(Sport) Utility Vehicle,Destroyed,N,Making Left Turn,2015-03-08 10:40,67,39.22070484,-76.70212805,3,1,우회전 차선 사고,등속 주행 중 측면 추돌 사고
4488,N,Apparently Normal,No Misuse,N,No Injury,13974157-c3a7-4627-861a-2f0866b77276,D,AE57090007,Shoulder/Lap Belt(s),M,29ed7c7f-736e-4930-9cbd-f1fc1ece68f9,Head On Left Turn,N,Intersection,Right Turn Lane,Daylight,No Defects,"Two-way, Divided, Positive Median Barrier",Dry,Clear,Twelve o'clock,(Sport) Utility Vehicle,Destroyed,N,Moving Constant Speed,2015-03-08 10:40,72,39.22070484,-76.70212805,3,2,우회전 차선 사고,기타
4489,N,Apparently Normal,No Misuse,N,Possible Incapacitating Injury,9f154cd4-bf40-4f39-8bdf-6d74d1295f3d,D,AE5795000B,Shoulder/Lap Belt(s),F,cdd0735b-dbff-47f8-92eb-958312a9fe57,Angle Meets Left Turn,N,Intersection,Right Turn Lane,Dark Lights On,No Defects,"Two-way, Not Divided",Dry,Clear,Eleven o'clock,Passenger Car,Disabling,N,Moving Constant Speed,2015-02-07 18:22,31,39.29638036,-76.45711899,3,2,우회전 차선 사고,기타
4490,N,Apparently Normal,No Misuse,Y,No Injury,44cd9ea0-c1f8-4540-9222-7e7ac2bf2bc3,D,AE5795000B,Shoulder/Lap Belt(s),M,8f186637-4196-4641-8cfc-8a82bd039a93,Angle Meets Left Turn,N,Intersection,Right Turn Lane,Dark Lights On,No Defects,"Two-way, Not Divided",Dry,Clear,One o'clock,Passenger Car,Disabling,N,Accelerating,2015-02-07 18:22,53,39.29638036,-76.45711899,3,1,우회전 차선 사고,등속 주행 중 측면 추돌 사고
4491,N,Apparently Normal,No Misuse,N,Possible Incapacitating Injury,442faad7-6e20-412e-81ba-badcca7aaf7c,D,AK0034000H,Shoulder/Lap Belt(s),M,e6d449ae-ab14-4968-a1ad-38bb13aa0c01,Same Movement Angle,N,Crossover Related,Left Turn Lane,Daylight,No Defects,"Two-way, Divided, Positive Median Barrier",Wet,Raining,Eleven o'clock,Pickup Truck,Disabling,N,Moving Constant Speed,2015-03-30 8:15,24,38.34334757,-75.21970332,4,1,빗길사고,자차 사고
4492,N,Apparently Normal,No Misuse,N,Possible Incapacitating Injury,6275ec01-4641-44d6-8709-15be86f4fa5a,D,BK0271000Q,Shoulder/Lap Belt(s),F,77e957b4-4d24-421f-84f4-495400bb6084,Same Direction Sideswipe,N,Intersection Related,Right Turn Lane,Daylight,No Defects,"Two-way, Not Divided with a Continuous Left Turn Lane",Dry,Clear,One o'clock,Van,Superficial,N,Stopped in Traffic Lane,2015-02-10 16:18,41,39.60140624,-75.82825899,3,1,우회전 차선 사고,등속 주행 중 측면 추돌 사고
4493,N,Apparently Normal,No Misuse,N,Possible Incapacitating Injury,e0f24011-c41e-4283-a08e-d7bcb216416e,D,BS0324000J,Shoulder/Lap Belt(s),F,56c79a27-6225-4845-bfb6-e1aae6df394f,Same Movement Angle,N,Intersection,Right Turn Lane,Daylight,No Defects,"Two-way, Not Divided",Dry,Clear,Twelve o'clock,Passenger Car,Disabling,N,Moving Constant Speed,2015-02-28 13:56,22,39.42020703,-77.4082303,3,0,우회전 차선 사고,기타
4494,N,Apparently Normal,No Misuse,Y,Possible Incapacitating Injury,ef362446-0566-45f9-a78b-31286259cc54,D,BS0324000J,Shoulder/Lap Belt(s),M,513df4db-b7a2-4ec1-ac0e-7b6e886bf9ab,Same Movement Angle,N,Intersection,Right Turn Lane,Daylight,No Defects,"Two-way, Not Divided",Dry,Clear,Eleven o'clock,Passenger Car,Disabling,N,Accelerating,2015-02-28 13:56,84,39.42020703,-77.4082303,3,0,우회전 차선 사고,기타
4495,N,Apparently Normal,No Misuse,Y,Possible Incapacitating Injury,f81452dc-103c-4750-ada9-44854a98b8d2,D,BS0382000C,Shoulder/Lap Belt(s),F,3d2853dc-2b49-4989-b3bc-4e485a0120e7,Same Movement Angle,N,Intersection,Right Turn Lane,Dark Lights On,No Defects,"Two-way, Divided, Unprotected (painted >4 feet) Median",Snow,Snow,One o'clock,Passenger Car,Disabling,N,Accelerating,2015-02-18 20:33,66,39.44618547,-77.3835218,0,2,눈길사고,미끌어짐에 의한 사고
4496,N,Apparently Normal,No Misuse,N,No Injury,ba04cc89-5e77-4bdf-8c6b-57e220c7af7b,D,BS0382000C,Shoulder/Lap Belt(s),M,c6af762d-2495-4740-b3ea-041c2c161020,Same Movement Angle,N,Intersection,Right Turn Lane,Dark Lights On,No Defects,"Two-way, Divided, Unprotected (painted >4 feet) Median",Snow,Snow,One o'clock,Passenger Car,Disabling,N,Moving Constant Speed,2015-02-18 20:33,19,39.44618547,-77.3835218,0,0,눈길사고,감속 중 사고
4497,N,Apparently Normal,No Misuse,N,No Injury,807e9397-a9c6-41fa-9e3b-699b8c6dfb95,D,BS0427000C,Shoulder/Lap Belt(s),M,64eb784a-c7b6-476f-a1e0-014403eccaf8,Same Direction Rear End,N,Non Intersection,Right Turn Lane,Dusk,No Defects,"Two-way, Not Divided",Dry,Clear,Six o'clock,(Sport) Utility Vehicle,Superficial,N,Slowing or Stopping,2015-02-25 18:05,46,39.42001381,-77.41989389,2,1,기타,등속 주행 사고
4498,N,Apparently Normal,No Misuse,Y,Possible Incapacitating Injury,18d56907-3899-4697-bc73-d7b58bdfecb4,D,BS04490007,Shoulder/Lap Belt(s),F,b5aa82c7-a1e6-499e-b0bd-44465b1a0ed2,Same Direction Left Turn,N,Non Intersection,Right Turn Lane,Dark Lights On,No Defects,"Two-way, Not Divided",Dry,Clear,Seven o'clock,(Sport) Utility Vehicle,Disabling,N,Making U Turn,2015-03-02 19:20,31,39.41481125,-77.43258476,2,0,기타,자차 사고
4499,N,Apparently Normal,No Misuse,N,Possible Incapacitating Injury,a9283fe3-141c-441c-9519-d0de1c287aef,D,BS04490007,Shoulder/Lap Belt(s),M,f4b5fe37-a657-4bb2-ab7e-1d09d95d95d4,Same Direction Left Turn,N,Non Intersection,Right Turn Lane,Dark Lights On,No Defects,"Two-way, Not Divided",Dry,Clear,Twelve o'clock,Passenger Car,Functional,N,Moving Constant Speed,2015-03-02 19:20,23,39.41481125,-77.43258476,2,2,기타,기타
4500,N,Apparently Normal,No Misuse,N,Possible Incapacitating Injury,445e0858-52c9-42a1-b5ab-dfe1ed0378cd,D,BS04530007,Shoulder/Lap Belt(s),F,ea2de6af-bb41-47ac-8821-e364788811a7,Same Movement Angle,N,Intersection,Left Turn Lane,Dark Lights On,No Defects,"Two-way, Divided, Positive Median Barrier",Wet,Raining,Twelve o'clock,Passenger Car,Disabling,N,Moving Constant Speed,2015-01-27 18:00,52,39.4357124,-77.39222288,4,1,빗길사고,자차 사고
4501,N,Apparently Normal,No Misuse,Y,Possible Incapacitating Injury,da0d98a5-6cf8-44a2-8452-b158e4863884,D,BS04710006,Shoulder/Lap Belt(s),F,abb85871-ae66-410a-9653-09b6ee001ba6,Head On Left Turn,N,Intersection Related,Right Turn Lane,Daylight,No Defects,"Two-way, Not Divided",Dry,Clear,Twelve o'clock,Passenger Car,Disabling,N,Accelerating,2015-01-02 14:18,74,39.417536,-77.43799,3,1,우회전 차선 사고,등속 주행 중 측면 추돌 사고
4502,N,Apparently Normal,No Misuse,N,No Injury,ce55c540-7727-4940-8a2e-e68a8b4a345a,D,BS04710006,Shoulder/Lap Belt(s),M,0190eb82-2660-49ee-b7d1-24d2bcfca127,Head On Left Turn,N,Intersection Related,Right Turn Lane,Daylight,No Defects,"Two-way, Not Divided",Dry,Clear,Twelve o'clock,Passenger Car,Disabling,N,Moving Constant Speed,2015-01-02 14:18,60,39.417536,-77.43799,3,2,우회전 차선 사고,기타
4503,N,Apparently Normal,No Misuse,Y,Possible Incapacitating Injury,56fec839-35e4-4225-a2e4-a4fad30a06ec,D,BS04930007,Shoulder/Lap Belt(s),F,b6ec420d-90b9-4288-a2ce-b9915d2cdcd7,Same Movement Angle,N,Intersection Related,Left Turn Lane,Daylight,No Defects,"Two-way, Not Divided",Dry,Clear,Three o'clock,Passenger Car,Destroyed,N,Stopped in Traffic Lane,2015-03-16 15:51,68,39.421409,-77.467089,1,1,좌회전 차선 사고,등속 주행 사고
4504,N,Apparently Normal,No Misuse,N,Possible Incapacitating Injury,e9532b22-27b5-4422-ae83-809c6c697a60,D,BW0116001F,Shoulder/Lap Belt(s),F,4926ca1d-5913-497e-8a62-bae87744fd23,Same Direction Rear End,N,Non Intersection,Acceleration Lane,Daylight,No Defects,"Two-way, Divided, Positive Median Barrier",Dry,Clear,Six o'clock,(Sport) Utility Vehicle,Superficial,N,Slowing or Stopping,2015-03-17 15:40,56,38.993127,-76.870329,1,3,좌회전 차선 사고,감속 중 사고
4505,N,Apparently Normal,No Misuse,Y,Possible Incapacitating Injury,858314a9-8c31-49e5-ba2f-af30dcd67482,D,BW0116001F,Shoulder/Lap Belt(s),M,56bb29bf-7824-4297-a322-7bc4bb01f417,Same Direction Rear End,N,Non Intersection,Acceleration Lane,Daylight,No Defects,"Two-way, Divided, Positive Median Barrier",Dry,Clear,Twelve o'clock,Passenger Car,Disabling,N,Slowing or Stopping,2015-03-17 15:40,21,38.993127,-76.870329,1,3,좌회전 차선 사고,감속 중 사고
4506,N,Apparently Normal,No Misuse,N,Possible Incapacitating Injury,a8018e4f-9d37-47d9-a301-3a428f986737,D,BW0118000F,Shoulder/Lap Belt(s),F,47182834-4bcc-4839-af15-c2635da9a3fa,Head On,N,Non Intersection,Left Turn Lane,Daylight,No Defects,"Two-way, Divided, Positive Median Barrier",Snow,Wintry Mix,Ten o'clock,(Sport) Utility Vehicle,Superficial,N,Moving Constant Speed,2015-03-01 11:11,74,39.01074755,-76.89180851,0,0,눈길사고,감속 중 사고
4507,N,Apparently Normal,No Misuse,Y,Possible Incapacitating Injury,948e7b91-b730-47be-8cd2-7ea5db53b644,D,BW01480007,Shoulder/Lap Belt(s),F,f92c864d-051b-40db-810c-d0f2a6f132c2,Same Direction Sideswipe,N,Intersection Related,Right Turn Lane,Daylight,No Defects,"Two-way, Not Divided",Wet,Wintry Mix,Eleven o'clock,Passenger Car,Functional,N,Right Turn on Red,2015-01-26 8:52,19,39.00120566,-76.89791858,4,0,빗길사고,등속 주행 중 사고
4508,N,Apparently Normal,No Misuse,N,Possible Incapacitating Injury,39d0ab22-e6f5-4017-96ec-1ac28774b6d2,D,BX50840004,Shoulder/Lap Belt(s),F,db419075-16ac-49b2-8e43-5bbd11c26fac,Same Direction Rear End,N,Intersection Related,Right Turn Lane,Daylight,No Defects,"Two-way, Not Divided",Dry,Cloudy,Six o'clock,Passenger Car,Disabling,N,Stopped in Traffic Lane,2015-01-22 14:11,28,39.63311254,-77.71154322,3,3,우회전 차선 사고,동일 방향 운행 중 추돌 사고
4509,N,Had Been Drinking,No Misuse,Y,Incapacitating/Disabled Injury,a2ce9ab1-eb86-4a84-9a0d-d9e0492ff426,D,BX50840004,Shoulder/Lap Belt(s),M,dab98f53-baeb-44f2-bd8e-6a241f1a76d7,Same Direction Rear End,N,Intersection Related,Right Turn Lane,Daylight,No Defects,"Two-way, Not Divided",Dry,Cloudy,Twelve o'clock,(Sport) Utility Vehicle,Disabling,N,Moving Constant Speed,2015-01-22 14:11,31,39.63311254,-77.71154322,3,2,우회전 차선 사고,기타
4510,N,Apparently Normal,No Misuse,N,Possible Incapacitating Injury,1a3d4774-6360-446e-81fd-05f741068743,D,BX50880002,Shoulder/Lap Belt(s),F,a8a12426-7e74-4486-8e3f-af4af8501c00,Head On,N,Non Intersection,Right Turn Lane,Dark Lights On,No Defects,"Two-way, Divided, Unprotected (painted >4 feet) Median",Dry,Clear,Twelve o'clock,Passenger Car,Disabling,N,Moving Constant Speed,2015-01-02 22:41,25,39.64351973,-77.72652268,2,2,기타,기타
4511,N,Apparently Normal,No Misuse,N,Possible Incapacitating Injury,2252fdfe-ef03-41b8-8321-3254ebbb5edd,D,CA77470001,Shoulder/Lap Belt(s),F,991f78a6-05d0-4edc-90df-1d1b1b878251,Same Movement Angle,N,Intersection,Right Turn Lane,Dark Lights On,No Defects,"Two-way, Divided, Unprotected (painted >4 feet) Median",Dry,Clear,Eleven o'clock,Passenger Car,Disabling,N,Moving Constant Speed,2015-03-21 20:39,32,39.55402586,-76.10187918,3,0,우회전 차선 사고,기타
4512,N,Apparently Normal,No Misuse,Y,Possible Incapacitating Injury,02c1e7b7-98b6-4c1c-a595-e65b89cd806c,D,CB46070009,Shoulder/Lap Belt(s),F,2fd705c6-6154-4ea5-8994-32ff863248b3,Single Vehicle ,N,Non Intersection,Right Turn Lane,Daylight,No Defects,"Two-way, Not Divided",Ice,Clear,Twelve o'clock,Passenger Car,Disabling,N,Moving Constant Speed,2015-01-14 8:25,30,39.21533106,-76.83666229,2,2,기타,기타
4513,N,Apparently Normal,No Misuse,Y,Possible Incapacitating Injury,a4224dee-9c77-4a74-9f5b-5cddb098bd7e,D,CB51920009,Shoulder/Lap Belt(s),F,eb8b0e0a-1d97-4883-96c2-faff22ff49e1,Head On Left Turn,N,Intersection Related,Right Turn Lane,Daylight,No Defects,"Two-way, Divided, Unprotected (painted >4 feet) Median",Dry,Clear,One o'clock,Passenger Car,Functional,N,Making Left Turn,2015-03-15 15:30,51,39.27789581,-76.82566524,3,1,우회전 차선 사고,등속 주행 중 측면 추돌 사고
4514,N,Apparently Normal,No Misuse,N,Possible Incapacitating Injury,f76a05da-e6f9-4dfe-9b4a-c1f896636b84,D,CB51920009,Shoulder/Lap Belt(s),M,117c1834-b620-4d0c-b4b0-29788fa8a85a,Head On Left Turn,N,Intersection Related,Right Turn Lane,Daylight,No Defects,"Two-way, Divided, Unprotected (painted >4 feet) Median",Dry,Clear,Twelve o'clock,Passenger Car,Functional,N,Moving Constant Speed,2015-03-15 15:30,41,39.27789581,-76.82566524,3,2,우회전 차선 사고,기타
4515,N,Apparently Normal,No Misuse,N,Possible Incapacitating Injury,5e307e44-ba22-44d6-86b7-56ea6d3a5f7b,D,CB51980005,Shoulder/Lap Belt(s),F,e366b9c7-754d-410a-a512-bef03766249f,Single Vehicle ,N,Non Intersection,Right Turn Lane,Dark No Lights,No Defects,"Two-way, Not Divided",Ice,Clear,Roof Top,(Sport) Utility Vehicle,Functional,N,Moving Constant Speed,2015-03-06 20:15,22,39.29667926,-77.12239265,2,2,기타,기타
4516,N,Apparently Normal,No Misuse,N,Possible Incapacitating Injury,a8179664-5a4c-4c75-90d0-c096fecffb53,D,CB53770006,Shoulder/Lap Belt(s),F,41a85c40-1dab-46fd-b182-f943eba969f5,Head On Left Turn,N,Non Intersection,Right Turn Lane,Dark Lights On,No Defects,"Two-way, Not Divided",Ice,Clear,Twelve o'clock,Pickup Truck,Disabling,N,Moving Constant Speed,2015-02-19 21:39,60,39.15196333,-76.92364833,2,2,기타,기타
4517,N,Apparently Normal,No Misuse,Y,Possible Incapacitating Injury,7a590d5a-9af5-4c8f-94ad-aec116d6b3bc,D,CB53770006,Shoulder/Lap Belt(s),M,89593ca3-94db-4fcd-b25f-ed229ec22512,Head On Left Turn,N,Non Intersection,Right Turn Lane,Dark Lights On,No Defects,"Two-way, Not Divided",Ice,Clear,Three o'clock,Passenger Car,Destroyed,N,Moving Constant Speed,2015-02-19 21:39,18,39.15196333,-76.92364833,2,2,기타,기타
4518,N,Apparently Normal,No Misuse,Y,Possible Incapacitating Injury,e45360a8-1556-4084-aced-5b021b1385d3,D,CB5506000G,Shoulder/Lap Belt(s),F,584dd991-34ff-4b4e-b610-88230d8b99fb,Same Movement Angle,N,Intersection,Acceleration Lane,Dusk,No Defects,"Two-way, Divided, Positive Median Barrier",Wet,Cloudy,Ten o'clock,Passenger Car,Disabling,N,Moving Constant Speed,2015-02-18 17:05,29,39.20710126,-76.80625677,4,1,빗길사고,자차 사고
4519,Y,Apparently Normal,No Misuse,N,No Injury,34ce65c3-ed89-4b88-be02-402f2ab283ea,D,CB5506000G,Shoulder/Lap Belt(s),M,2097d815-be76-4d85-adc4-3462ccd6e163,Same Movement Angle,N,Intersection,Acceleration Lane,Dusk,No Defects,"Two-way, Divided, Positive Median Barrier",Wet,Cloudy,Twelve o'clock,Pickup Truck,Disabling,N,Moving Constant Speed,2015-02-18 17:05,46,39.20710126,-76.80625677,4,1,빗길사고,자차 사고
4520,N,Apparently Normal,No Misuse,Y,Possible Incapacitating Injury,de6e8270-3a0d-4ac4-b95b-97bfe4f77067,D,CB55360003,Shoulder/Lap Belt(s),F,1d406cd1-fdd2-4311-ac79-161955ecb9fa,Head On Left Turn,N,Intersection,Right Turn Lane,Dark Lights On,No Defects,"Two-way, Divided, Positive Median Barrier",Dry,Clear,Four o'clock,(Sport) Utility Vehicle,Disabling,N,Making Left Turn,2015-02-23 20:07,38,39.1974903,-76.85123205,3,1,우회전 차선 사고,등속 주행 중 측면 추돌 사고
4521,N,Apparently Normal,No Misuse,N,No Injury,f31ed8a4-1660-46cf-9d4e-1d4d378edde3,D,CB55360003,Shoulder/Lap Belt(s),M,fa5211ee-2497-4e01-ab39-093cfe4acaca,Head On Left Turn,N,Intersection,Right Turn Lane,Dark Lights On,No Defects,"Two-way, Divided, Positive Median Barrier",Dry,Clear,Twelve o'clock,(Sport) Utility Vehicle,Functional,N,Starting From Lane,2015-02-23 20:07,44,39.1974903,-76.85123205,3,1,우회전 차선 사고,등속 주행 중 측면 추돌 사고
4522,N,Apparently Normal,No Misuse,N,Possible Incapacitating Injury,5a823d11-302a-4977-9b67-f9af2eee02df,D,CB55360005,Shoulder/Lap Belt(s),M,86b57a08-36ba-4afd-bda3-bf3d87fd2b14,Same Direction Rear End,N,Intersection,Right Turn Lane,Dark Lights On,No Defects,"Two-way, Divided, Unprotected (painted >4 feet) Median",Dry,Clear,Six o'clock,Passenger Car,Disabling,N,Slowing or Stopping,2015-03-24 20:03,27,39.22563772,-76.85513735,3,3,우회전 차선 사고,동일 방향 운행 중 추돌 사고
4523,N,Apparently Normal,No Misuse,Y,Possible Incapacitating Injury,21401fac-85fb-4eae-b031-9661cca94504,D,CB5612000K,Shoulder/Lap Belt(s),F,f64555e9-5c35-4390-a75c-a1b85699a687,Single Vehicle ,N,Non Intersection,Right Turn Lane,Daylight,No Defects,"Two-way, Not Divided",Dry,Clear,Twelve o'clock,(Sport) Utility Vehicle,Disabling,N,Moving Constant Speed,2015-02-28 15:30,18,39.24644593,-76.91955328,2,2,기타,기타
4524,N,Apparently Normal,No Misuse,Y,Possible Incapacitating Injury,b02bea34-a7ac-4bde-a4a9-d1a49c944bc8,D,CB58230002,Shoulder Belt Only,F,a89ff707-75b6-4831-a86c-c46cca3f0137,Single Vehicle ,N,Intersection,Left Turn Lane,Dark Lights On,No Defects,"Two-way, Not Divided",Wet,Raining,Twelve o'clock,Passenger Car,Disabling,N,Moving Constant Speed,2015-01-04 19:30,46,39.22254588,-76.8074584,4,2,빗길사고,동일 방향 운행 중 추돌 사고
4525,N,Apparently Normal,No Misuse,N,Possible Incapacitating Injury,4cd51b43-6f70-4756-96bb-574c9002b177,D,CBPD00310003,Shoulder/Lap Belt(s),F,f8232bac-0990-4844-9449-0fc261255295,Same Movement Angle,N,Intersection,Left Turn Lane,Dusk,No Defects,"Two-way, Divided, Positive Median Barrier",Dry,Clear,Twelve o'clock,Passenger Car,Disabling,N,Moving Constant Speed,2015-01-15 17:39,33,38.95631569,-76.74476981,1,0,좌회전 차선 사고,등속 주행 중 측면 추돌 사고
4526,N,Apparently Normal,No Misuse,N,No Injury,15a48f0d-b58e-48f8-96fd-11931c263a10,D,CD06140006,Shoulder/Lap Belt(s),M,51569743-5a2c-43f9-91d1-99c051bc8488,Head On Left Turn,N,Non Intersection,Right Turn Lane,Daylight,No Defects,"Two-way, Not Divided",Dry,Clear,Twelve o'clock,Passenger Car,Disabling,N,Moving Constant Speed,2015-01-23 12:00,29,38.52936745,-76.97716713,2,2,기타,기타
4527,N,Apparently Normal,No Misuse,N,Possible Incapacitating Injury,fbaf1a6f-80ed-4d7f-ad36-26344aa8f19d,D,CE4515000B,Shoulder/Lap Belt(s),F,2f0a901d-60e0-471b-ab7f-eea8d24ede6e,Same Direction Left Turn,N,Intersection,Right Turn Lane,Dark Lights On,No Defects,One-way Trafficway,Dry,Clear,One o'clock,(Sport) Utility Vehicle,Disabling,N,Moving Constant Speed,2015-03-01 0:31,34,39.09948498,-76.84837282,3,2,우회전 차선 사고,기타
4528,N,Apparently Normal,No Misuse,Y,No Injury,aae89949-2bf5-45e2-84de-0154b2c9e70b,D,CE4515000B,Shoulder/Lap Belt(s),M,1dddfabf-245f-4336-a026-92d9a020d529,Same Direction Left Turn,N,Intersection,Right Turn Lane,Dark Lights On,No Defects,One-way Trafficway,Dry,Clear,Eight o'clock,Passenger Car,Functional,N,Changing Lanes,2015-03-01 0:31,26,39.09948498,-76.84837282,3,1,우회전 차선 사고,등속 주행 중 측면 추돌 사고
4529,N,Apparently Normal,No Misuse,N,Possible Incapacitating Injury,3327c5c3-b515-41b4-9d2f-2634567ac987,D,CE45180005,Shoulder/Lap Belt(s),F,8160cd5e-877d-44b2-be7e-da07b699a001,Same Direction Rear End,N,Intersection,Right Turn Lane,Daylight,No Defects,"Two-way, Not Divided",Dry,Clear,Six o'clock,Passenger Car,Functional,N,Slowing or Stopping,2015-01-15 15:59,23,39.09621273,-76.85760498,3,3,우회전 차선 사고,동일 방향 운행 중 추돌 사고
4530,N,Apparently Normal,No Misuse,Y,No Injury,6261b025-32ed-4996-b33d-d61bf584d879,D,CE45180005,Shoulder/Lap Belt(s),M,85065aad-cf0d-43e8-836e-7c8ed53dc18b,Same Direction Rear End,N,Intersection,Right Turn Lane,Daylight,No Defects,"Two-way, Not Divided",Dry,Clear,One o'clock,Passenger Car,Superficial,Y,Slowing or Stopping,2015-01-15 15:59,19,39.09621273,-76.85760498,3,3,우회전 차선 사고,동일 방향 운행 중 추돌 사고
4531,N,Apparently Normal,No Misuse,Y,Possible Incapacitating Injury,973f3f1f-eab4-43cc-b7b3-f78274e77d7e,D,CNC31490006,Shoulder/Lap Belt(s),F,5858cfb8-24fe-4da8-807e-93dfc752f95c,Same Movement Angle,N,Intersection,Left Turn Lane,Dawn,No Defects,"Two-way, Divided, Positive Median Barrier",Dry,Clear,Twelve o'clock,Passenger Car,Disabling,N,Moving Constant Speed,2015-03-26 7:00,86,38.95772356,-76.86913848,1,0,좌회전 차선 사고,등속 주행 중 측면 추돌 사고
4532,Y,Apparently Normal,No Misuse,N,No Injury,2ac51bfe-d161-4840-918e-34e41e476476,D,CNC31490006,Shoulder/Lap Belt(s),M,e1f61856-0d64-4d98-8dbf-5e0be07cf7ae,Same Movement Angle,N,Intersection,Left Turn Lane,Dawn,No Defects,"Two-way, Divided, Positive Median Barrier",Dry,Clear,One o'clock,Fire Vehicle/Emergency,Functional,N,Slowing or Stopping,2015-03-26 7:00,33,38.95772356,-76.86913848,1,1,좌회전 차선 사고,등속 주행 사고
4533,N,Apparently Normal,No Misuse,Y,Possible Incapacitating Injury,738b7f6c-2bb4-4d97-b751-1a03a9319e8b,D,CTX3060025,Shoulder/Lap Belt(s),F,bb8a0015-8ae8-468d-b276-b16470ce24c4,Head On,N,Non Intersection,Acceleration Lane,Dark Lights On,Foreign Material,"Two-way, Divided, Unprotected (painted >4 feet) Median",Ice,Wintry Mix,Twelve o'clock,Passenger Car,Destroyed,N,Skidding,2015-02-21 19:36,84,38.33242446,-75.09096265,0,2,눈길사고,미끌어짐에 의한 사고