KEY_INDEX,CDL_FLAG,CONDITION_CODE,EQUIP_PROB_CODE,FAULT_FLAG,INJ_SEVER_CODE,PERSON_ID,PERSON_TYPE,REPORT_NO,SAF_EQUIP_CODE,SEX_CODE,VEHICLE_ID,COLLISION_TYPE_CODE,C_M_ZONE_FLAG,JUNCTION_CODE,LANE_CODE,LIGHT_CODE,RD_COND_CODE,RD_DIV_CODE,SURF_COND_CODE,WEATHER_CODE,AREA_DAMAGED_CODE_MAIN,BODY_TYPE_CODE,DAMAGE_CODE,HIT_AND_RUN_FLAG,MOVEMENT_CODE,TIME,AGE,LATITUDE,LONGITUDE,CLUSTER,SECOND_LABEL,FIRST_LABEL,SECOND_LABELING
4534,N,Apparently Normal,No Misuse,N,No Injury,cbf21c40-dd32-40df-b29f-e0df508bf607,D,CTX3060025,Shoulder/Lap Belt(s),M,5e89e9f0-b34a-4cc7-956b-1bd98fbdda8c,Head On,N,Non Intersection,Acceleration Lane,Dark Lights On,Foreign Material,"Two-way, Divided, Unprotected (painted >4 feet) Median",Ice,Wintry Mix,Twelve o'clock,Passenger Car,Disabling,N,Moving Constant Speed,2015-02-21 19:36,56,38.33242446,-75.09096265,0,0,눈길사고,감속 중 사고
4535,N,Apparently Normal,No Misuse,N,No Injury,27a1dd64-9041-496a-8a0a-4120b19a7962,D,CX01240002,Shoulder/Lap Belt(s),M,2e05320a-5002-417f-b8e4-086f7d304d50,Same Direction Sideswipe,N,Non Intersection,Right Turn Lane,Daylight,No Defects,"Two-way, Divided, Unprotected (painted >4 feet) Median",Dry,Clear,Two o'clock,Pickup Truck,Functional,N,Moving Constant Speed,2015-02-05 15:28,67,38.06797706,-75.55784941,2,2,기타,기타
4536,N,Apparently Normal,No Misuse,Y,Possible Incapacitating Injury,045d683c-7e37-4efa-a364-8fbb417df020,D,DA28780006,Shoulder/Lap Belt(s),F,c0e39bef-2c42-4769-b3f5-3557f47f397e,Head On Left Turn,N,Non Intersection,Right Turn Lane,Daylight,No Defects,"Two-way, Divided, Unprotected (painted >4 feet) Median",Dry,Clear,Twelve o'clock,Passenger Car,Disabling,N,Making Left Turn,2015-03-16 8:25,32,38.83928978,-76.89405084,2,0,기타,자차 사고
4537,N,Apparently Normal,No Misuse,N,Possible Incapacitating Injury,290bc1f5-90fa-4d2a-944d-a76e750ca5e6,D,DA28780006,Shoulder/Lap Belt(s),M,987122db-b7b0-4b2b-b070-418abb63e772,Head On Left Turn,N,Non Intersection,Right Turn Lane,Daylight,No Defects,"Two-way, Divided, Unprotected (painted >4 feet) Median",Dry,Clear,Twelve o'clock,Passenger Car,Functional,N,Slowing or Stopping,2015-03-16 8:25,59,38.83928978,-76.89405084,2,1,기타,등속 주행 사고
4538,N,Apparently Normal,No Misuse,Y,No Injury,773cf8fb-a3fd-47b0-b885-0870d95cdff6,D,DA29430005,Shoulder/Lap Belt(s),M,11a9b6c7-9494-4389-833c-ff2cb3c94e76,Single Vehicle ,N,Non Intersection,Right Turn Lane,Daylight,No Defects,"Two-way, Not Divided",Dry,Clear,Twelve o'clock,Pickup Truck,No Damage,N,Moving Constant Speed,2015-01-09 14:23,37,38.97445734,-76.97906613,2,2,기타,기타
4539,N,Apparently Normal,No Misuse,N,Possible Incapacitating Injury,b559d4b7-0886-4302-a94f-144117ba97bf,D,DA29430006,Shoulder/Lap Belt(s),F,19ab47bb-9d49-4661-bcb7-6d95444c1694,Same Movement Angle,N,Intersection,Deceleration Lane,Dark Lights On,No Defects,"Two-way, Divided, Positive Median Barrier",Dry,Clear,Twelve o'clock,Passenger Car,Disabling,N,Moving Constant Speed,2015-01-24 21:26,29,38.98902736,-76.9877243,1,0,좌회전 차선 사고,등속 주행 중 측면 추돌 사고
4540,N,Apparently Normal,No Misuse,N,Possible Incapacitating Injury,bf0f446a-1369-412c-b1f0-4b6bf8a1a237,D,DA32090002,Shoulder/Lap Belt(s),F,2376b76e-5c0c-4a4c-bb9c-959950b18519,Same Direction Left Turn,N,Non Intersection,Right Turn Lane,Daylight,No Defects,"Two-way, Divided, Positive Median Barrier",Dry,Clear,One o'clock,Police Vehicle/Non Emergency,Functional,N,Accelerating,2015-01-13 8:15,24,38.94591744,-76.89604372,2,0,기타,자차 사고
4541,N,Apparently Normal,No Misuse,Y,No Injury,012acb31-d84d-4c92-b130-1f2aff167b90,D,DA32090002,Shoulder/Lap Belt(s),M,78f91ec0-9e6d-453f-800a-9e0ec0a19cce,Same Direction Left Turn,N,Non Intersection,Right Turn Lane,Daylight,No Defects,"Two-way, Divided, Positive Median Barrier",Dry,Clear,Nine o'clock,Pickup Truck,Functional,N,Changing Lanes,2015-01-13 8:15,38,38.94591744,-76.89604372,2,0,기타,자차 사고
4542,N,Apparently Normal,No Misuse,N,Possible Incapacitating Injury,8b6bdac4-b723-4e02-a08f-af63d3f58239,D,DA3361002B,Shoulder/Lap Belt(s),F,03611349-b0fb-47ad-8ae2-ed496dfc5dfc,Same Direction Rear End,N,Non Intersection,Right Turn Lane,Dark Lights On,No Defects,One-way Trafficway,Dry,Clear,Six o'clock,(Sport) Utility Vehicle,Functional,N,Slowing or Stopping,2015-03-25 19:56,30,39.00667083,-76.96653485,2,1,기타,등속 주행 사고
4543,N,Apparently Normal,No Misuse,Y,Possible Incapacitating Injury,84785d39-7faa-4014-a97d-e3cdb9c0373a,D,DA3361002B,Shoulder/Lap Belt(s),F,53e34a5f-1362-4a2d-bc45-44f71fc453d0,Same Direction Rear End,N,Non Intersection,Right Turn Lane,Dark Lights On,No Defects,One-way Trafficway,Dry,Clear,Twelve o'clock,Passenger Car,Disabling,N,Slowing or Stopping,2015-03-25 19:56,20,39.00667083,-76.96653485,2,1,기타,등속 주행 사고
4544,N,Apparently Normal,No Misuse,N,Possible Incapacitating Injury,b113e5ef-349f-4de5-8245-5ce50cab1955,D,DA35520001,Shoulder/Lap Belt(s),F,b34851e4-2f2d-4122-b303-06df0cd4d241,Same Direction Rear End,N,Non Intersection,Left Turn Lane,Daylight,No Defects,"Two-way, Not Divided",Dry,Clear,Six o'clock,Passenger Car,Destroyed,N,Slowing or Stopping,2015-03-18 15:30,67,38.90588716,-76.91103458,1,3,좌회전 차선 사고,감속 중 사고
4545,N,Apparently Normal,No Misuse,Y,Possible Incapacitating Injury,6e5c4110-4881-4574-af76-a400a2470a94,D,DA35520001,Shoulder/Lap Belt(s),M,11c45bf1-428c-40cc-8376-0f0dc5846dd7,Same Direction Rear End,N,Non Intersection,Left Turn Lane,Daylight,No Defects,"Two-way, Not Divided",Dry,Clear,Twelve o'clock,Passenger Car,Destroyed,N,Slowing or Stopping,2015-03-18 15:30,18,38.90588716,-76.91103458,1,3,좌회전 차선 사고,감속 중 사고
4546,N,Apparently Normal,No Misuse,Y,Possible Incapacitating Injury,16cb4130-0b4b-467c-8c83-a84e5e98d5c8,D,DA36510005,Shoulder/Lap Belt(s),F,8cba1bf0-47f9-4175-a1a0-3bc3d1d4fb8e,Same Direction Rear End,N,Non Intersection,Left Turn Lane,Daylight,No Defects,"Two-way, Not Divided",Dry,Clear,Six o'clock,Passenger Car,Disabling,N,Slowing or Stopping,2015-01-23 13:51,24,38.90589551,-76.90985441,1,3,좌회전 차선 사고,감속 중 사고
4547,N,Apparently Normal,No Misuse,N,Possible Incapacitating Injury,789479d2-624f-4201-b67d-c38862a75d05,D,DA36610003,Shoulder/Lap Belt(s),F,5c01f90d-103d-481d-9bb3-70d523916cf2,Same Direction Rear End,N,Non Intersection,Right Turn Lane,Daylight,No Defects,"Two-way, Divided, Unprotected (painted >4 feet) Median",Dry,Clear,Six o'clock,(Sport) Utility Vehicle,Superficial,N,Stopped in Traffic Lane,2015-03-15 15:30,26,38.86786421,-76.89174414,2,0,기타,자차 사고
4548,N,Apparently Normal,No Misuse,Y,Possible Incapacitating Injury,a5ce5678-f083-48ef-8725-4a92e211a6eb,D,DA37140005,Shoulder/Lap Belt(s),F,42485fb5-9b48-4dee-9d97-5dc8981c873a,Same Direction Rear End,N,Non Intersection,Left Turn Lane,Dark Lights On,No Defects,"Two-way, Divided, Positive Median Barrier",Wet,Clear,Twelve o'clock,Station Wagon,Disabling,N,Slowing or Stopping,2015-02-19 23:07,59,38.8468439,-76.95210457,1,3,좌회전 차선 사고,감속 중 사고
4549,N,Apparently Normal,No Misuse,N,No Injury,18c973b1-9dcf-40db-94ac-9f75c2ed6a9c,D,DA37140005,Shoulder/Lap Belt(s),M,d2a9b518-80a0-4ad9-ab20-23ae70355a0c,Same Direction Rear End,N,Non Intersection,Left Turn Lane,Dark Lights On,No Defects,"Two-way, Divided, Positive Median Barrier",Wet,Clear,Six o'clock,Passenger Car,Functional,N,Moving Constant Speed,2015-02-19 23:07,70,38.8468439,-76.95210457,1,0,좌회전 차선 사고,등속 주행 중 측면 추돌 사고
4550,N,Apparently Normal,No Misuse,N,Possible Incapacitating Injury,2bee6d9c-626f-4361-b79e-54e84155eabf,D,DA37430007,Shoulder/Lap Belt(s),F,40130869-636e-4e3f-8294-b7d8544c0ea1,Same Direction Rear End,N,Intersection,Left Turn Lane,Daylight,No Defects,"Two-way, Not Divided",Dry,Clear,Six o'clock,Passenger Car,Superficial,N,Stopped in Traffic Lane,2015-03-09 17:48,33,38.95857452,-76.98735952,1,2,좌회전 차선 사고,기타
4551,N,Apparently Normal,No Misuse,Y,No Injury,ea1aaff9-7d21-4981-b4b2-32163166a7ca,D,DA37430007,Shoulder/Lap Belt(s),M,556a5b03-8f1c-4355-b95c-e3cb2a44bfea,Same Direction Rear End,N,Intersection,Left Turn Lane,Daylight,No Defects,"Two-way, Not Divided",Dry,Clear,Twelve o'clock,Van,Superficial,N,Accelerating,2015-03-09 17:48,34,38.95857452,-76.98735952,1,3,좌회전 차선 사고,감속 중 사고
4552,N,Apparently Normal,No Misuse,Y,Possible Incapacitating Injury,0830f800-d3b7-4314-8200-c7efd7f72d7f,D,DA37590009,Shoulder/Lap Belt(s),F,3a5eea93-71c2-4361-8e89-cf0566b97c34,Single Vehicle ,N,Non Intersection,Right Turn Lane,Daylight,No Defects,"Two-way, Not Divided",Ice,Snow,Twelve o'clock,Passenger Car,Disabling,N,Slowing or Stopping,2015-03-03 7:30,60,39.02,-76.78,0,1,눈길사고,등속 주행 사고
4553,N,Apparently Normal,No Misuse,N,Possible Incapacitating Injury,3b7f1111-3e3b-4c67-9a36-51ebc4c903cb,D,DA37830001,Shoulder/Lap Belt(s),F,9b200427-8007-4e67-a9f0-2dc80d9dd80d,Same Direction Rear End,N,Non Intersection,Right Turn Lane,Daylight,No Defects,"Two-way, Not Divided with a Continuous Left Turn Lane",Wet,Raining,Six o'clock,Passenger Car,Functional,N,Making Left Turn,2015-01-03 13:14,52,38.819657,-76.76416755,4,3,빗길사고,기타
4554,N,Apparently Normal,No Misuse,Y,No Injury,dd66761b-d76d-4f23-bc46-0ee7b113a9e3,D,DA37830001,Shoulder/Lap Belt(s),M,9ff418ae-b0a9-4131-bd53-6a2deb141a37,Same Direction Rear End,N,Non Intersection,Right Turn Lane,Daylight,No Defects,"Two-way, Not Divided with a Continuous Left Turn Lane",Wet,Raining,Twelve o'clock,Passenger Car,Functional,N,Moving Constant Speed,2015-01-03 13:14,31,38.819657,-76.76416755,4,2,빗길사고,동일 방향 운행 중 추돌 사고
4555,N,Apparently Normal,No Misuse,Y,Possible Incapacitating Injury,5dfaf507-8725-4c12-91c7-b2f39f6378fc,D,DA37920004,Shoulder/Lap Belt(s),F,333f8562-1cdb-4841-8eeb-59e128831f43,Head On,N,Non Intersection,Right Turn Lane,Daylight,No Defects,"Two-way, Not Divided",Dry,Clear,Twelve o'clock,Passenger Car,Disabling,N,Moving Constant Speed,2015-03-09 9:17,22,38.94095244,-76.85908556,2,2,기타,기타
4556,N,Apparently Normal,No Misuse,Y,Possible Incapacitating Injury,f1f7bccf-bfe3-4d04-ba47-3f1eddd4abc1,D,DA38050006,Shoulder/Lap Belt(s),F,1167574f-c106-432a-a7c8-301995753582,Same Movement Angle,N,Intersection Related,Right Turn Lane,Daylight,No Defects,"Two-way, Not Divided",Dry,Clear,Twelve o'clock,Passenger Car,Disabling,N,Accelerating,2015-02-03 12:14,87,38.82394508,-76.72885895,3,0,우회전 차선 사고,기타
4557,N,Apparently Normal,No Misuse,Y,Possible Incapacitating Injury,b12d7797-797d-47a1-881c-667345c3edef,D,DA38290005,Shoulder/Lap Belt(s),F,778bd17f-9c1f-43fc-93cc-c5d31670f381,Single Vehicle ,N,Non Intersection,Right Turn Lane,Daylight,No Defects,"Two-way, Not Divided",Dry,Cloudy,Twelve o'clock,Van,Disabling,N,Moving Constant Speed,2015-02-09 11:27,63,38.86961841,-76.77945614,2,2,기타,기타
4558,N,Apparently Normal,No Misuse,Y,Possible Incapacitating Injury,dd2348a4-f1fa-4239-9e1f-1fcf75bce973,D,DA38400003,Shoulder/Lap Belt(s),F,023a16c3-5e3f-42eb-be00-2beb468055ef,Single Vehicle ,N,Intersection Related,Right Turn Lane,Daylight,Loose Surface Material,"Two-way, Not Divided",Snow,Snow,Twelve o'clock,(Sport) Utility Vehicle,Disabling,N,Moving Constant Speed,2015-02-17 8:48,63,38.72207319,-76.98270321,0,0,눈길사고,감속 중 사고
4559,N,Apparently Normal,No Misuse,Y,Possible Incapacitating Injury,78fccb87-27a6-428d-a693-0da913b784cd,D,DA38420003,Shoulder/Lap Belt(s),F,fa89e486-1ae0-4b1a-b830-bd3eae1dad83,Single Vehicle ,Y,Non Intersection,Acceleration Lane,Dark Lights On,No Defects,"Two-way, Divided, Positive Median Barrier",Wet,Raining,One o'clock,Passenger Car,Functional,N,Moving Constant Speed,2015-01-24 5:35,24,38.82224827,-76.92143351,4,2,빗길사고,동일 방향 운행 중 추돌 사고
4560,N,Apparently Normal,No Misuse,Y,Possible Incapacitating Injury,33240def-57cd-4cb2-bfd6-884dd53a3bb4,D,DA3855000F,Shoulder/Lap Belt(s),F,c1206b5a-c03d-4681-93ab-17c6a64874ef,Single Vehicle ,N,Intersection,Right Turn Lane,Daylight,No Defects,"Two-way, Divided, Positive Median Barrier",Snow,Snow,Ten o'clock,(Sport) Utility Vehicle,Disabling,N,Moving Constant Speed,2015-03-05 14:31,42,39.01582436,-76.92734241,0,0,눈길사고,감속 중 사고
4561,N,Apparently Normal,No Misuse,N,Possible Incapacitating Injury,c307f484-1de7-4c6b-a0f7-fd52d7817aff,D,DA38590004,Shoulder/Lap Belt(s),F,f133d00f-0fa3-4cc7-b286-155a788fcdda,Same Direction Rear End,N,Non Intersection,Left Turn Lane,Daylight,No Defects,"Two-way, Divided, Positive Median Barrier",Dry,Cloudy,Six o'clock,Passenger Car,Functional,N,Stopped in Traffic Lane,2015-03-13 16:58,42,38.96906893,-76.97671652,1,2,좌회전 차선 사고,기타
4562,N,Apparently Normal,No Misuse,Y,No Injury,26b38b22-9af3-44e2-b3eb-8e8ed425072d,D,DA38590004,Shoulder/Lap Belt(s),M,a939bede-27b6-433f-abc0-c4b85cb740e5,Same Direction Rear End,N,Non Intersection,Left Turn Lane,Daylight,No Defects,"Two-way, Divided, Positive Median Barrier",Dry,Cloudy,Twelve o'clock,Passenger Car,Functional,N,Moving Constant Speed,2015-03-13 16:58,30,38.96906893,-76.97671652,1,0,좌회전 차선 사고,등속 주행 중 측면 추돌 사고
4563,N,Apparently Normal,No Misuse,N,Possible Incapacitating Injury,77e1f625-8553-466d-84fd-1d6f94d45187,D,DA38710005,Shoulder/Lap Belt(s),F,ba4eace0-8595-417b-8b20-bf4362b5b684,Same Direction Left Turn,N,Non Intersection,Left Turn Lane,Daylight,No Defects,"Two-way, Divided, Positive Median Barrier",Dry,Clear,Eight o'clock,Passenger Car,Disabling,N,Moving Constant Speed,2015-02-19 7:01,22,38.96104393,-76.86355948,1,0,좌회전 차선 사고,등속 주행 중 측면 추돌 사고
4564,N,Apparently Normal,No Misuse,Y,No Injury,4a5f7aed-6897-442e-8dfa-2e7b0a36a4dd,D,DA38710005,Shoulder/Lap Belt(s),M,33a258c3-3318-4aa9-9b00-8afe6d5d14c7,Same Direction Left Turn,N,Non Intersection,Left Turn Lane,Daylight,No Defects,"Two-way, Divided, Positive Median Barrier",Dry,Clear,Eleven o'clock,Passenger Car,Functional,N,Changing Lanes,2015-02-19 7:01,30,38.96104393,-76.86355948,1,1,좌회전 차선 사고,등속 주행 사고
4565,N,Apparently Normal,No Misuse,Y,Possible Incapacitating Injury,90678dce-154e-433c-93a1-9dcd2d82e245,D,DA3878000F,Shoulder/Lap Belt(s),F,02bc15ad-e60f-4d63-92c8-2446f9df7ef2,Head On Left Turn,N,Non Intersection,Right Turn Lane,Dark Lights On,No Defects,"Two-way, Not Divided",Snow,Snow,Twelve o'clock,Passenger Car,Disabling,N,Moving Constant Speed,2015-02-14 19:53,31,38.97912808,-76.83376551,0,0,눈길사고,감속 중 사고
4566,N,Apparently Normal,No Misuse,N,Possible Incapacitating Injury,20aabfd8-d6a8-462a-a055-084fb933284f,D,DA3888000R,Shoulder/Lap Belt(s),F,61026472-e1e6-4e2d-9201-eb6bfbe725cf,Same Movement Angle,N,Intersection,Acceleration Lane,Daylight,No Defects,"Two-way, Divided, Positive Median Barrier",Dry,Clear,Eleven o'clock,Passenger Car,Destroyed,N,Starting From Lane,2015-03-21 7:33,62,38.74268682,-76.99190855,1,1,좌회전 차선 사고,등속 주행 사고
4567,Y,Apparently Normal,No Misuse,Y,No Injury,043fcf03-71e6-4f34-8e79-fa734913b009,D,DA3888000R,Shoulder/Lap Belt(s),M,65021b57-5fb6-4c5b-b6a6-79b6368eab9c,Same Movement Angle,N,Intersection,Acceleration Lane,Daylight,No Defects,"Two-way, Divided, Positive Median Barrier",Dry,Clear,One o'clock,"Medium/Heavy Truck 2 axles (10,000 lbs (4,536 kg) or less)",Functional,N,Moving Constant Speed,2015-03-21 7:33,35,38.74268682,-76.99190855,1,0,좌회전 차선 사고,등속 주행 중 측면 추돌 사고
4568,N,Apparently Normal,No Misuse,N,Possible Incapacitating Injury,68325a5f-b449-4345-b39f-899b61b03cef,D,DA3890000G,Shoulder/Lap Belt(s),F,1f214ffc-f01d-4674-82e6-d4f0e3dea115,Same Direction Rear End,N,Non Intersection,Left Turn Lane,Daylight,No Defects,"Two-way, Divided, Positive Median Barrier",Dry,Clear,Six o'clock,Passenger Car,Disabling,N,Slowing or Stopping,2015-02-25 8:00,33,39.06168252,-76.83951616,1,3,좌회전 차선 사고,감속 중 사고
4569,N,Apparently Normal,No Misuse,N,No Injury,f06378f8-4426-4846-9ee7-14f5c5923b09,D,DA3890000G,Shoulder/Lap Belt(s),M,053bead2-bb60-4c72-90bc-9e8b669a3b25,Same Direction Rear End,N,Non Intersection,Left Turn Lane,Daylight,No Defects,"Two-way, Divided, Positive Median Barrier",Dry,Clear,Six o'clock,Passenger Car,Superficial,N,Slowing or Stopping,2015-02-25 8:00,46,39.06168252,-76.83951616,1,3,좌회전 차선 사고,감속 중 사고
4570,N,Apparently Normal,No Misuse,Y,No Injury,e2c0ca4b-3342-405d-a964-e327c65a16bf,D,DA3890000G,Shoulder/Lap Belt(s),M,0f09b700-7bdc-4afd-bfcd-fac9d627377c,Same Direction Rear End,N,Non Intersection,Left Turn Lane,Daylight,No Defects,"Two-way, Divided, Positive Median Barrier",Dry,Clear,Twelve o'clock,Passenger Car,Functional,N,Slowing or Stopping,2015-02-25 8:00,43,39.06168252,-76.83951616,1,3,좌회전 차선 사고,감속 중 사고
4571,N,Apparently Normal,No Misuse,N,Possible Incapacitating Injury,c3054c15-166f-479f-9d83-b004d3de46ff,D,DA3890000H,Shoulder/Lap Belt(s),F,1ac8886d-d121-43b7-b3d2-2028942c31a5,Same Direction Rear End,N,Non Intersection,Left Turn Lane,Daylight,No Defects,"Two-way, Divided, Positive Median Barrier",Dry,Clear,Six o'clock,Van,Superficial,N,Slowing or Stopping,2015-02-27 9:17,30,39.06498761,-76.83974147,1,3,좌회전 차선 사고,감속 중 사고
4572,N,Apparently Normal,No Misuse,N,Possible Incapacitating Injury,3effa68c-ba59-47e6-93a5-d04721768819,D,DA38910005,Shoulder/Lap Belt(s),F,55e335be-678c-4f86-bc2f-4add99c2cf6e,Same Direction Rear End,N,Intersection,Left Turn Lane,Dark Lights On,No Defects,One-way Trafficway,Wet,Raining,Six o'clock,Passenger Car,Functional,N,Stopped in Traffic Lane,2015-03-04 22:45,39,38.98156341,-76.97884083,4,3,빗길사고,기타
4573,N,Had Been Drinking,No Misuse,Y,No Injury,1ea94c8b-179f-4e26-8487-2883987b5021,D,DA38910005,Shoulder/Lap Belt(s),M,5b94b7e4-787d-45eb-b9d7-8d5cedbd69bd,Same Direction Rear End,N,Intersection,Left Turn Lane,Dark Lights On,No Defects,One-way Trafficway,Wet,Raining,Twelve o'clock,Passenger Car,Functional,N,Slowing or Stopping,2015-03-04 22:45,30,38.98156341,-76.97884083,4,3,빗길사고,기타
4574,N,Apparently Normal,No Misuse,Y,Possible Incapacitating Injury,611d5839-6e09-452a-9ef4-ccfa3a2d69b5,D,DA3898000B,Shoulder/Lap Belt(s),F,f67c2752-c06a-41e0-83d8-3a7e80230391,Head On,N,Non Intersection,Right Turn Lane,Daylight,No Defects,"Two-way, Not Divided",Snow,Snow,Twelve o'clock,Passenger Car,Disabling,N,Moving Constant Speed,2015-02-26 6:46,61,38.81476677,-76.83643699,0,0,눈길사고,감속 중 사고
4575,Y,Apparently Normal,No Misuse,Y,No Injury,8d72e99e-92da-4376-80cc-660d49e26026,D,DA3898000B,Shoulder/Lap Belt(s),M,41241e1d-bf48-402a-9bee-1422aaed3ec9,Head On,N,Non Intersection,Right Turn Lane,Daylight,No Defects,"Two-way, Not Divided",Snow,Snow,Eleven o'clock,"Cargo Van/Light Truck 2 axles (10,000 lbs (4,536 kg) or less)",Functional,N,Moving Constant Speed,2015-02-26 6:46,38,38.81476677,-76.83643699,0,0,눈길사고,감속 중 사고
4576,N,Apparently Normal,No Misuse,N,Possible Incapacitating Injury,33a404ca-681d-45bc-b596-33cf12b9c840,D,DA3901000C,Shoulder/Lap Belt(s),F,be8092e2-331c-442a-b504-daee2d2f998d,Same Direction Rear End,N,Intersection,Left Turn Lane,Dark Lights On,No Defects,"Two-way, Not Divided",Dry,Clear,Six o'clock,Passenger Car,Superficial,N,Slowing or Stopping,2015-02-07 18:21,40,38.94364777,-76.90149665,1,3,좌회전 차선 사고,감속 중 사고
4577,N,Apparently Normal,No Misuse,Y,No Injury,6b6887b6-a589-4c37-9d18-6514f7799a97,D,DA3901000C,Shoulder/Lap Belt(s),M,4c1b6181-916d-4045-bb0e-feae77674e9d,Same Direction Rear End,N,Intersection,Left Turn Lane,Dark Lights On,No Defects,"Two-way, Not Divided",Dry,Clear,Twelve o'clock,Passenger Car,Disabling,N,Moving Constant Speed,2015-02-07 18:21,43,38.94364777,-76.90149665,1,0,좌회전 차선 사고,등속 주행 중 측면 추돌 사고
4578,N,Apparently Normal,No Misuse,Y,Possible Incapacitating Injury,01bdc9c9-9abf-449e-998d-2ec174c00ced,D,DA39140004,Shoulder/Lap Belt(s),F,22b91f3b-f8ab-4f60-9534-634198c12a39,Single Vehicle ,N,Non Intersection,Right Turn Lane,Daylight,No Defects,"Two-way, Divided, Unprotected (painted >4 feet) Median",Dry,Clear,Twelve o'clock,Passenger Car,Destroyed,N,Moving Constant Speed,2015-02-24 17:24,29,38.70882979,-76.93651557,2,2,기타,기타
4579,N,Apparently Normal,No Misuse,N,Possible Incapacitating Injury,31b57c2e-3ab4-48cf-9b1b-f07d51922b85,D,DA3916000B,Shoulder/Lap Belt(s),F,7d73381c-7bd5-443d-85cb-fbc1d6fd1570,Head On Left Turn,N,Intersection,Right Turn Lane,Dark Lights On,No Defects,"Two-way, Divided, Positive Median Barrier",Dry,Clear,Twelve o'clock,Passenger Car,Disabling,N,Moving Constant Speed,2015-02-27 20:38,50,38.90382494,-76.84176922,3,2,우회전 차선 사고,기타
4580,N,Apparently Normal,No Misuse,Y,No Injury,7cb10777-b015-41a3-b883-fcc2c7a850c8,D,DA3916000B,Shoulder/Lap Belt(s),M,c0186fa5-d6aa-41f6-8210-d92fd80dd2a5,Head On Left Turn,N,Intersection,Right Turn Lane,Dark Lights On,No Defects,"Two-way, Divided, Positive Median Barrier",Dry,Clear,Three o'clock,Passenger Car,Disabling,N,Accelerating,2015-02-27 20:38,18,38.90382494,-76.84176922,3,1,우회전 차선 사고,등속 주행 중 측면 추돌 사고
4581,N,Apparently Normal,No Misuse,Y,Possible Incapacitating Injury,ba50f9b6-0fc9-4cdd-859d-19aec2f34eb2,D,DA3929000J,Shoulder/Lap Belt(s),F,0af52c5a-c63d-43f3-bf02-e07fdb2aa4e7,Single Vehicle ,N,Non Intersection,Right Turn Lane,Daylight,No Defects,"Two-way, Not Divided",Wet,Cloudy,Twelve o'clock,Passenger Car,Disabling,N,Moving Constant Speed,2015-03-04 7:24,29,38.92850087,-76.82108402,4,2,빗길사고,동일 방향 운행 중 추돌 사고
4582,N,Apparently Normal,No Misuse,Y,Possible Incapacitating Injury,941b1d02-7d3c-42a8-a417-c4515f168378,D,DA39300009,Shoulder/Lap Belt(s),F,70471d37-aaa6-4b68-841a-553bb572f310,Single Vehicle ,N,Intersection,Right Turn Lane,Daylight,No Defects,"Two-way, Divided, Positive Median Barrier",Dry,Clear,Twelve o'clock,Passenger Car,Disabling,N,Moving Constant Speed,2015-01-11 8:05,79,38.93330817,-76.90745115,3,2,우회전 차선 사고,기타
4583,N,Apparently Normal,No Misuse,N,Possible Incapacitating Injury,640ddd5a-5945-4093-88ed-e48bf31cc9a5,D,DA39370007,Shoulder/Lap Belt(s),F,681a47fd-f61a-40ff-8c8d-ab40c3d2d21f,Same Direction Rear End,N,Non Intersection,Left Turn Lane,Daylight,"Holes, Ruts, Etc.","Two-way, Divided, Positive Median Barrier",Dry,Clear,Six o'clock,Van,Functional,N,Slowing or Stopping,2015-03-15 11:20,46,38.85037836,-76.9545722,1,3,좌회전 차선 사고,감속 중 사고
4584,N,Apparently Normal,No Misuse,Y,No Injury,e5624abc-d53a-4a04-a475-4f34ad669e9f,D,DA39370007,Shoulder/Lap Belt(s),M,6fb8fb5c-1d8f-440f-9e84-4773dbeb12a6,Same Direction Rear End,N,Non Intersection,Left Turn Lane,Daylight,"Holes, Ruts, Etc.","Two-way, Divided, Positive Median Barrier",Dry,Clear,Twelve o'clock,Van,Disabling,N,Slowing or Stopping,2015-03-15 11:20,39,38.85037836,-76.9545722,1,3,좌회전 차선 사고,감속 중 사고
4585,N,Apparently Normal,No Misuse,N,Possible Incapacitating Injury,d4fdacf4-7f6a-47a3-95d2-269ee767e249,D,DA39400008,Shoulder/Lap Belt(s),F,1669ddb9-a15e-490e-898a-a683b22ea9f1,Same Direction Rear End,N,Non Intersection,Right Turn Lane,Daylight,No Defects,"Two-way, Divided, Positive Median Barrier",Dry,Clear,Six o'clock,Van,Superficial,N,Slowing or Stopping,2015-02-08 12:05,49,38.83745126,-76.94498062,2,1,기타,등속 주행 사고
4586,N,Apparently Normal,No Misuse,Y,No Injury,d85f070e-257b-44c1-9cb3-b76e7a30cca6,D,DA39400008,Shoulder/Lap Belt(s),M,77ac1337-ac66-4388-9fe2-8bbc01c7ac3a,Same Direction Rear End,N,Non Intersection,Right Turn Lane,Daylight,No Defects,"Two-way, Divided, Positive Median Barrier",Dry,Clear,Twelve o'clock,(Sport) Utility Vehicle,Superficial,N,Slowing or Stopping,2015-02-08 12:05,29,38.83745126,-76.94498062,2,1,기타,등속 주행 사고