KEY_INDEX,CDL_FLAG,CONDITION_CODE,EQUIP_PROB_CODE,FAULT_FLAG,INJ_SEVER_CODE,PERSON_ID,PERSON_TYPE,REPORT_NO,SAF_EQUIP_CODE,SEX_CODE,VEHICLE_ID,COLLISION_TYPE_CODE,C_M_ZONE_FLAG,JUNCTION_CODE,LANE_CODE,LIGHT_CODE,RD_COND_CODE,RD_DIV_CODE,SURF_COND_CODE,WEATHER_CODE,AREA_DAMAGED_CODE_MAIN,BODY_TYPE_CODE,DAMAGE_CODE,HIT_AND_RUN_FLAG,MOVEMENT_CODE,TIME,AGE,LATITUDE,LONGITUDE,CLUSTER,SECOND_LABEL,FIRST_LABEL,SECOND_LABELING
4587,N,Apparently Normal,No Misuse,N,Possible Incapacitating Injury,08ca01f8-a951-469a-b2d5-d8c0d876b7bf,D,DA3943000C,Shoulder/Lap Belt(s),F,d5dddab4-a6ab-4a43-9a24-8c8648225d45,Head On Left Turn,N,Intersection,Acceleration Lane,Daylight,No Defects,"Two-way, Not Divided",Wet,Raining,Twelve o'clock,(Sport) Utility Vehicle,Disabling,N,Moving Constant Speed,2015-03-27 14:18,45,38.90604579,-76.82732821,4,2,빗길사고,동일 방향 운행 중 추돌 사고
4588,N,Apparently Normal,No Misuse,Y,Possible Incapacitating Injury,57a6c101-80c9-44a9-8f37-d3e0b8d59c7a,D,DA3943000C,Shoulder/Lap Belt(s),F,e0b3a86b-9ca8-4ede-9118-5dfbffa0d50b,Head On Left Turn,N,Intersection,Acceleration Lane,Daylight,No Defects,"Two-way, Not Divided",Wet,Raining,Twelve o'clock,Passenger Car,Disabling,N,Making Left Turn,2015-03-27 14:18,64,38.90604579,-76.82732821,4,0,빗길사고,등속 주행 중 사고
4589,N,Apparently Normal,No Misuse,Y,Possible Incapacitating Injury,b9022976-4072-42f7-bc82-baba80f13e00,D,DA39510005,Shoulder/Lap Belt(s),F,3492629e-0534-48a7-826c-5af28b645018,Same Movement Angle,N,Non Intersection,Right Turn Lane,Daylight,Shoulder Defect,"Two-way, Not Divided",Dry,Clear,Ten o'clock,Passenger Car,Disabling,N,Moving Constant Speed,2015-03-26 13:20,45,39.04800236,-76.83033228,2,2,기타,기타
4590,N,Apparently Normal,No Misuse,N,Possible Incapacitating Injury,12ab60df-681d-4806-a433-09f448137d00,D,DA39510005,Shoulder/Lap Belt(s),M,1c077407-2698-4bbf-9a69-39bd5b17cf9f,Same Movement Angle,N,Non Intersection,Right Turn Lane,Daylight,Shoulder Defect,"Two-way, Not Divided",Dry,Clear,Twelve o'clock,Passenger Car,Disabling,N,Making Left Turn,2015-03-26 13:20,22,39.04800236,-76.83033228,2,0,기타,자차 사고
4591,N,Apparently Normal,No Misuse,N,Possible Incapacitating Injury,37d82918-2d87-4d5e-9277-7efd47364f53,D,DD5538000J,Shoulder/Lap Belt(s),F,674a6434-6b1e-47d6-92e0-e49f73193d2c,Same Direction Rear End,N,Non Intersection,Right Turn Lane,Daylight,No Defects,"Two-way, Not Divided",Dry,Clear,Six o'clock,Passenger Car,Functional,N,Stopped in Traffic Lane,2015-02-25 13:18,23,39.09788333,-77.16151,2,0,기타,자차 사고
4592,N,Apparently Normal,No Misuse,Y,No Injury,9426cc28-9876-4e5d-850c-abbd32ac97b5,D,DD5538000J,Shoulder/Lap Belt(s),M,b94fa0bd-2628-4e0d-8157-618c31400b9f,Same Direction Rear End,N,Non Intersection,Right Turn Lane,Daylight,No Defects,"Two-way, Not Divided",Dry,Clear,Twelve o'clock,Passenger Car,Functional,N,Moving Constant Speed,2015-02-25 13:18,23,39.09788333,-77.16151,2,3,기타,등속 주행 중 측면 추돌 사고
4593,N,Apparently Normal,No Misuse,N,Possible Incapacitating Injury,af108b11-383a-4312-81fd-6aa018052bc8,D,DD5538000K,Shoulder/Lap Belt(s),F,542e4388-e200-4a3c-8d5a-d45b23b9b816,Head On Left Turn,N,Intersection,Left Turn Lane,Daylight,No Defects,"Two-way, Divided, Positive Median Barrier",Dry,Clear,Twelve o'clock,Passenger Car,Disabling,N,Moving Constant Speed,2015-02-27 13:22,30,39.06082833,-77.12580833,1,0,좌회전 차선 사고,등속 주행 중 측면 추돌 사고
4594,N,Apparently Normal,No Misuse,Y,No Injury,4ba61b5b-120a-42d0-b632-d6d0e8b5e16e,D,DD5538000K,Shoulder/Lap Belt(s),M,2b74b45d-4efa-430b-834b-38790a56e7e3,Head On Left Turn,N,Intersection,Left Turn Lane,Daylight,No Defects,"Two-way, Divided, Positive Median Barrier",Dry,Clear,Twelve o'clock,Passenger Car,Disabling,N,Making Left Turn,2015-02-27 13:22,81,39.06082833,-77.12580833,1,1,좌회전 차선 사고,등속 주행 사고
4595,N,Apparently Normal,No Misuse,N,Possible Incapacitating Injury,b81e3916-94f1-4030-bbc9-57a1c7cf252b,D,DD5538000P,Shoulder/Lap Belt(s),F,913bcc03-4d16-4517-bb19-fdde374fc6ca,Head On Left Turn,N,Intersection,Left Turn Lane,Daylight,No Defects,"Two-way, Divided, Positive Median Barrier",Wet,Raining,Ten o'clock,Passenger Car,Disabling,N,Moving Constant Speed,2015-03-31 16:16,58,39.06669833,-77.15344167,4,2,빗길사고,동일 방향 운행 중 추돌 사고
4596,N,Apparently Normal,No Misuse,N,No Injury,4b99b805-d0fe-4cd8-b2c3-0234cd6b76f3,D,DD5595000W,Shoulder/Lap Belt(s),M,cded6e20-1e22-45eb-baad-0f394799adc0,Same Direction Rear End,N,Intersection,Left Turn Lane,Daylight,No Defects,"Two-way, Divided, Positive Median Barrier",Dry,Clear,Six o'clock,Passenger Car,Superficial,N,Slowing or Stopping,2015-01-13 10:27,62,39.07331108,-77.11157799,1,3,좌회전 차선 사고,감속 중 사고
4597,N,Apparently Normal,No Misuse,N,Possible Incapacitating Injury,e4430f29-ef18-482a-9280-1b41017b8b72,D,DD5604000Y,Shoulder/Lap Belt(s),F,92384653-c7f8-457c-abef-a79c814176ef,Head On Left Turn,N,Intersection,Right Turn Lane,Dawn,No Defects,"Two-way, Not Divided",Dry,Clear,Twelve o'clock,Passenger Car,Disabling,N,Moving Constant Speed,2015-02-19 7:49,53,39.08406833,-77.119255,3,2,우회전 차선 사고,기타
4598,N,Apparently Normal,No Misuse,Y,No Injury,d2d984e9-7ae0-44d6-b232-7d21a59185af,D,DD5604000Y,Shoulder/Lap Belt(s),M,a8bf49c1-14ac-4bc2-88bf-257d8300f8e2,Head On Left Turn,N,Intersection,Right Turn Lane,Dawn,No Defects,"Two-way, Not Divided",Dry,Clear,Twelve o'clock,Passenger Car,Disabling,N,Making Left Turn,2015-02-19 7:49,38,39.08406833,-77.119255,3,1,우회전 차선 사고,등속 주행 중 측면 추돌 사고
4599,N,Apparently Normal,No Misuse,Y,Possible Incapacitating Injury,f0d73c48-da37-4816-87bf-deb91e1e3439,D,DE1193000F,Shoulder/Lap Belt(s),F,51f68d38-ea8e-426d-b3a1-87cb1aeacda2,Same Direction Rear End,N,Intersection Related,Right Turn Lane,Daylight,No Defects,One-way Trafficway,Dry,Cloudy,Twelve o'clock,Passenger Car,Destroyed,N,Slowing or Stopping,2015-01-07 8:25,34,38.36726662,-75.5985117,3,3,우회전 차선 사고,동일 방향 운행 중 추돌 사고
4600,N,Apparently Normal,No Misuse,N,No Injury,cbaeed88-7ec0-484b-ad3c-1dde5cc3ea47,D,DE1193000F,Shoulder/Lap Belt(s),M,c4a47e94-c50c-4022-bdc8-f51dc8e3ca1f,Same Direction Rear End,N,Intersection Related,Right Turn Lane,Daylight,No Defects,One-way Trafficway,Dry,Cloudy,Six o'clock,Pickup Truck,Functional,N,Stopped in Traffic Lane,2015-01-07 8:25,41,38.36726662,-75.5985117,3,3,우회전 차선 사고,동일 방향 운행 중 추돌 사고
4601,N,Apparently Normal,No Misuse,N,Possible Incapacitating Injury,eb55891e-fb44-4199-9806-74b3b60dbddd,D,DE2152000B,Shoulder/Lap Belt(s),F,5001f0f1-0194-4ea1-addf-054fc3580a01,Same Direction Rear End,N,Intersection Related,Right Turn Lane,Daylight,No Defects,"Two-way, Divided, Positive Median Barrier",Dry,Clear,Six o'clock,Passenger Car,Functional,N,Starting From Lane,2015-01-11 13:15,27,38.40975118,-75.56761265,3,3,우회전 차선 사고,동일 방향 운행 중 추돌 사고
4602,N,Apparently Normal,No Misuse,N,No Injury,1ea05ba2-6600-4145-b24d-9f278f7c167f,D,DE41270001,Shoulder/Lap Belt(s),M,5c269504-c6ad-435d-b10d-7c015bf4e43d,Same Direction Rear End,N,Intersection Related,Right Turn Lane,Daylight,No Defects,"Two-way, Divided, Positive Median Barrier",Dry,Clear,Six o'clock,Pickup Truck,Superficial,N,Stopped in Traffic Lane,2015-01-15 12:37,33,38.39571016,-75.57252645,3,3,우회전 차선 사고,동일 방향 운행 중 추돌 사고
4603,N,Apparently Normal,No Misuse,N,Possible Incapacitating Injury,50e24df6-3a9f-4ae9-8c1c-dec08a40fcb2,D,DE41270006,Shoulder/Lap Belt(s),F,3a1a5659-a95c-4a36-a4ac-9c4b3e05e1b8,Angle Meets Left Turn,N,Intersection,Right Turn Lane,Daylight,No Defects,"Two-way, Not Divided",Wet,Snow,Eight o'clock,Passenger Car,Disabling,N,Moving Constant Speed,2015-02-12 13:54,62,38.36312573,-75.59489608,4,2,빗길사고,동일 방향 운행 중 추돌 사고
4604,N,Apparently Normal,No Misuse,Y,No Injury,1840c33d-ae7a-4ecc-8466-87df1164a977,D,DE41270006,Shoulder/Lap Belt(s),M,87baeb4d-508b-4dd9-a616-888314822c2b,Angle Meets Left Turn,N,Intersection,Right Turn Lane,Daylight,No Defects,"Two-way, Not Divided",Wet,Snow,Twelve o'clock,Passenger Car,Functional,N,Making Left Turn,2015-02-12 13:54,30,38.36312573,-75.59489608,4,0,빗길사고,등속 주행 중 사고
4605,N,Apparently Normal,No Misuse,N,Possible Incapacitating Injury,e2271518-28d3-4d02-971d-be4575c2534e,D,DE4197000F,Shoulder/Lap Belt(s),F,4f07f459-8700-456f-9c0b-00c01c8cdbe6,Same Movement Angle,N,Intersection,Right Turn Lane,Dusk,No Defects,"Two-way, Not Divided",Wet,Raining,Twelve o'clock,Passenger Car,Functional,N,Moving Constant Speed,2015-01-26 17:29,23,38.36967239,-75.58695674,4,1,빗길사고,자차 사고
4606,N,Apparently Normal,No Misuse,Y,No Injury,990882de-e468-4019-a90b-fc0ae94718fe,D,DE4197000F,Shoulder/Lap Belt(s),M,fe319203-a7b3-4c02-8592-e7734da7bf77,Same Movement Angle,N,Intersection,Right Turn Lane,Dusk,No Defects,"Two-way, Not Divided",Wet,Raining,One o'clock,Passenger Car,Disabling,N,Accelerating,2015-01-26 17:29,20,38.36967239,-75.58695674,4,1,빗길사고,자차 사고
4607,N,Apparently Normal,No Misuse,N,Possible Incapacitating Injury,f7a70b22-96e6-4afc-a9ca-8c1c9f68a345,D,DE5121000P,Shoulder/Lap Belt(s),F,e7c0e01b-5e01-4867-a5d4-ac9a4899476e,Same Direction Rear End,N,Intersection Related,Right Turn Lane,Daylight,No Defects,"Two-way, Not Divided",Dry,Clear,Six o'clock,Passenger Car,Destroyed,N,Stopped in Traffic Lane,2015-01-11 13:34,46,38.35428586,-75.606215,3,3,우회전 차선 사고,동일 방향 운행 중 추돌 사고
4608,N,Apparently Normal,No Misuse,N,No Injury,4ec8858f-0c9b-4682-80eb-d0b6589109b2,D,DE5121000P,Shoulder/Lap Belt(s),M,2f2bee8e-5c85-4004-a3ee-65b5430a4356,Same Direction Rear End,N,Intersection Related,Right Turn Lane,Daylight,No Defects,"Two-way, Not Divided",Dry,Clear,Six o'clock,Passenger Car,Superficial,N,Stopped in Traffic Lane,2015-01-11 13:34,35,38.35428586,-75.606215,3,3,우회전 차선 사고,동일 방향 운행 중 추돌 사고
4609,N,Apparently Normal,No Misuse,Y,No Injury,5e78b594-cc41-4749-bf41-29fafeffa9c6,D,DE5121000P,Shoulder/Lap Belt(s),M,80409895-c07f-436c-92fb-309ce5fd9b39,Same Direction Rear End,N,Intersection Related,Right Turn Lane,Daylight,No Defects,"Two-way, Not Divided",Dry,Clear,Twelve o'clock,Pickup Truck,Destroyed,N,Slowing or Stopping,2015-01-11 13:34,24,38.35428586,-75.606215,3,3,우회전 차선 사고,동일 방향 운행 중 추돌 사고
4610,N,Apparently Normal,No Misuse,Y,Possible Incapacitating Injury,851ba011-cbfe-4292-92ec-9f2fe6d98047,D,EJ7854000D,Shoulder/Lap Belt(s),F,535141bd-2dbb-4a63-b14e-5fb9cc486404,Same Movement Angle,N,Intersection,Left Turn Lane,Dark Lights On,No Defects,"Two-way, Divided, Positive Median Barrier",Dry,Clear,Four o'clock,Passenger Car,Disabling,N,Making Left Turn,2015-02-26 22:42,36,39.150715,-77.174305,1,1,좌회전 차선 사고,등속 주행 사고
4611,N,Apparently Normal,No Misuse,N,Possible Incapacitating Injury,611b97ec-352c-4bb1-b3aa-c9f7fa739bad,D,EJ7854000D,Shoulder/Lap Belt(s),M,15a21bb9-596c-492d-bd9e-04ae4ef9dcde,Same Movement Angle,N,Intersection,Left Turn Lane,Dark Lights On,No Defects,"Two-way, Divided, Positive Median Barrier",Dry,Clear,One o'clock,Passenger Car,Functional,N,Moving Constant Speed,2015-02-26 22:42,55,39.150715,-77.174305,1,0,좌회전 차선 사고,등속 주행 중 측면 추돌 사고
4612,N,Apparently Normal,No Misuse,N,Possible Incapacitating Injury,7f1d5cae-6db7-4ed8-b012-e11852818be5,D,GS0421000C,Shoulder/Lap Belt(s),F,fb32ab99-6d3c-4af6-ba70-e27c7eab1d4e,Same Movement Angle,N,Intersection,Right Turn Lane,Daylight,No Defects,"Two-way, Not Divided",Dry,Clear,Five o'clock,Passenger Car,Disabling,N,Moving Constant Speed,2015-02-19 14:45,26,38.32381441,-75.61866581,3,0,우회전 차선 사고,기타
4613,N,Apparently Normal,No Misuse,Y,No Injury,bfd9f871-729a-421d-86c1-2e55ebd52288,D,GS0421000C,Shoulder/Lap Belt(s),M,b01387b4-7694-4b9d-a726-e5623a423bb3,Same Movement Angle,N,Intersection,Right Turn Lane,Daylight,No Defects,"Two-way, Not Divided",Dry,Clear,Twelve o'clock,(Sport) Utility Vehicle,Functional,N,Accelerating,2015-02-19 14:45,21,38.32381441,-75.61866581,3,0,우회전 차선 사고,기타
4614,N,Apparently Normal,No Misuse,Y,Possible Incapacitating Injury,7d2e93e6-6c9e-4bfd-9cbe-2484c5881673,D,HM01160008,Shoulder/Lap Belt(s),F,671ffa74-9178-42c0-b379-1a0b3da2ff1d,Single Vehicle ,N,Non Intersection,Right Turn Lane,Daylight,No Defects,"Two-way, Not Divided",Wet,Raining,Twelve o'clock,Pickup Truck,Destroyed,N,Moving Constant Speed,2015-01-14 14:18,34,38.38524908,-75.16695499,4,2,빗길사고,동일 방향 운행 중 추돌 사고
4615,N,Apparently Normal,No Misuse,N,Possible Incapacitating Injury,12d38c7b-f63c-4f36-9920-09a05c66218f,D,MCP1221000X,Shoulder/Lap Belt(s),F,a754ed03-5e8b-4541-a1cb-f3cbb04e0b11,Same Direction Rear End,N,Intersection Related,Acceleration Lane,Daylight,No Defects,"Two-way, Divided, Positive Median Barrier",Dry,Clear,Six o'clock,Passenger Car,Functional,N,Slowing or Stopping,2015-02-11 7:37,34,39.14272,-77.22172,1,3,좌회전 차선 사고,감속 중 사고
4616,N,Apparently Normal,No Misuse,N,No Injury,fe012c1d-0fe2-4bae-8354-cd545bbd333a,D,MCP1221000X,Shoulder/Lap Belt(s),M,14ee4142-8203-4bca-b196-19540314e7b0,Same Direction Rear End,N,Intersection Related,Acceleration Lane,Daylight,No Defects,"Two-way, Divided, Positive Median Barrier",Dry,Clear,Six o'clock,Passenger Car,Superficial,N,Slowing or Stopping,2015-02-11 7:37,35,39.14272,-77.22172,1,3,좌회전 차선 사고,감속 중 사고
4617,N,Apparently Normal,No Misuse,Y,No Injury,12aa9886-c919-4f62-9cbc-52666de79f2e,D,MCP1221000X,Shoulder/Lap Belt(s),M,0f10158f-aeec-4673-8f54-2b5dd40f7e31,Same Direction Rear End,N,Intersection Related,Acceleration Lane,Daylight,No Defects,"Two-way, Divided, Positive Median Barrier",Dry,Clear,Twelve o'clock,Passenger Car,Functional,N,Slowing or Stopping,2015-02-11 7:37,36,39.14272,-77.22172,1,3,좌회전 차선 사고,감속 중 사고
4618,N,Apparently Normal,No Misuse,Y,Possible Incapacitating Injury,4e7e693f-5689-431a-bf94-dc8f304f2d75,D,MCP1378003S,Shoulder/Lap Belt(s),F,5e8d4225-e9d2-4710-a4c4-0636381d175c,Same Movement Angle,N,Intersection,Left Turn Lane,Daylight,No Defects,"Two-way, Divided, Unprotected (painted >4 feet) Median",Wet,Raining,Eleven o'clock,(Sport) Utility Vehicle,Disabling,N,Skidding,2015-01-12 15:09,48,39.12542667,-77.243175,4,1,빗길사고,자차 사고
4619,N,Apparently Normal,No Misuse,N,No Injury,93e956f3-a34f-402e-ad70-53cfd1a9eef8,D,MCP1378003S,Shoulder/Lap Belt(s),M,918e8d5c-eba6-4c3f-a336-cf76ac2e88d2,Same Movement Angle,N,Intersection,Left Turn Lane,Daylight,No Defects,"Two-way, Divided, Unprotected (painted >4 feet) Median",Wet,Raining,Two o'clock,Passenger Car,Disabling,N,Accelerating,2015-01-12 15:09,20,39.12542667,-77.243175,4,1,빗길사고,자차 사고
4620,N,Apparently Normal,No Misuse,N,Possible Incapacitating Injury,2b88de94-2fe0-4f28-918a-d71646bd8f2e,D,MCP13780048,Shoulder/Lap Belt(s),F,66633a0d-04f3-4bdb-8ac7-db0210cec26c,Same Direction Sideswipe,N,Interchange Related,Left Turn Lane,Daylight,No Defects,One-way Trafficway,Dry,Clear,Eight o'clock,Passenger Car,Functional,N,Making Right Turn,2015-02-03 10:56,42,39.09864,-77.19775333,1,1,좌회전 차선 사고,등속 주행 사고
4621,N,Apparently Normal,No Misuse,Y,Possible Incapacitating Injury,ceede3ff-1f7e-4b75-893c-374241ac6760,D,MCP1378004B,Shoulder/Lap Belt(s),F,9d97c751-3c90-4130-a68b-1742f78b2c0e,Same Movement Angle,N,Intersection,Acceleration Lane,Daylight,No Defects,"Two-way, Divided, Positive Median Barrier",Dry,Cloudy,Twelve o'clock,(Sport) Utility Vehicle,Disabling,N,Moving Constant Speed,2015-02-05 14:50,69,39.109585,-77.18829167,1,0,좌회전 차선 사고,등속 주행 중 측면 추돌 사고
4622,N,Apparently Normal,No Misuse,N,Possible Incapacitating Injury,e5686fbf-f6e0-4cc6-925b-608a9a6fadbb,D,MCP1378004B,Shoulder/Lap Belt(s),M,2c4e02ef-4a42-4335-b860-03e7ba850ea1,Same Movement Angle,N,Intersection,Acceleration Lane,Daylight,No Defects,"Two-way, Divided, Positive Median Barrier",Dry,Cloudy,Eleven o'clock,Passenger Car,Disabling,N,Making Left Turn,2015-02-05 14:50,72,39.109585,-77.18829167,1,1,좌회전 차선 사고,등속 주행 사고
4623,N,Apparently Normal,No Misuse,Y,Possible Incapacitating Injury,52449380-c90f-42d5-8437-27e18b15ad7f,D,MCP1378004D,Shoulder/Lap Belt(s),F,eaaf48a7-fb02-405d-987d-5ed5f8901820,Same Movement Angle,N,Intersection,Left Turn Lane,Daylight,No Defects,"Two-way, Divided, Unprotected (painted >4 feet) Median",Dry,Cloudy,Ten o'clock,Van,Disabling,N,Accelerating,2015-02-09 13:34,41,39.148425,-77.146565,1,1,좌회전 차선 사고,등속 주행 사고
4624,N,Apparently Normal,No Misuse,N,Possible Incapacitating Injury,d6dc861f-e457-451a-a068-247e0c0048a6,D,MCP1378004D,Shoulder/Lap Belt(s),M,40a0054f-bbc2-40e5-8e3c-e68084838dc7,Same Movement Angle,N,Intersection,Left Turn Lane,Daylight,No Defects,"Two-way, Divided, Unprotected (painted >4 feet) Median",Dry,Cloudy,Twelve o'clock,Passenger Car,Disabling,N,Slowing or Stopping,2015-02-09 13:34,32,39.148425,-77.146565,1,1,좌회전 차선 사고,등속 주행 사고
4625,N,Apparently Normal,No Misuse,N,Possible Incapacitating Injury,9a8d79d2-9bc7-4cae-aaa1-452eb0e6d45b,D,MCP1417002C,Shoulder/Lap Belt(s),F,c720b344-2e02-40ed-a994-08fca5af9458,Head On Left Turn,N,Intersection,Left Turn Lane,Daylight,No Defects,"Two-way, Divided, Positive Median Barrier",Dry,Clear,Twelve o'clock,Passenger Car,Disabling,N,Moving Constant Speed,2015-01-09 10:38,50,39.15288333,-77.208785,1,0,좌회전 차선 사고,등속 주행 중 측면 추돌 사고
4626,N,Apparently Normal,No Misuse,Y,Possible Incapacitating Injury,461a38d0-bf84-4d97-87e5-9a34fd47bce1,D,MCP1417002C,Shoulder/Lap Belt(s),F,4aacda1d-69a2-4ea7-b783-bd2a5f330fcd,Head On Left Turn,N,Intersection,Left Turn Lane,Daylight,No Defects,"Two-way, Divided, Positive Median Barrier",Dry,Clear,Two o'clock,Passenger Car,Disabling,N,Making Left Turn,2015-01-09 10:38,73,39.15288333,-77.208785,1,1,좌회전 차선 사고,등속 주행 사고
4627,N,Apparently Normal,No Misuse,Y,Possible Incapacitating Injury,5a74253c-bdee-4b61-932b-be888c8f5cf7,D,MCP1417002H,Shoulder/Lap Belt(s),F,a0a313ae-e0c8-4001-a234-a2d618e3b34b,Same Movement Angle,N,Intersection,Right Turn Lane,Daylight,No Defects,"Two-way, Divided, Positive Median Barrier",Dry,Clear,Nine o'clock,Van,Disabling,N,Moving Constant Speed,2015-02-03 9:46,36,39.17205167,-77.15246167,3,0,우회전 차선 사고,기타
4628,N,Apparently Normal,No Misuse,N,No Injury,dc646a84-f66d-4dd8-80f1-eb2c7548b5f3,D,MCP1417002H,Shoulder/Lap Belt(s),M,d3025784-abee-43c0-aaf0-d6b7037ab654,Same Movement Angle,N,Intersection,Right Turn Lane,Daylight,No Defects,"Two-way, Divided, Positive Median Barrier",Dry,Clear,Twelve o'clock,Van,Disabling,N,Moving Constant Speed,2015-02-03 9:46,76,39.17205167,-77.15246167,3,0,우회전 차선 사고,기타
4629,N,Apparently Normal,No Misuse,N,Possible Incapacitating Injury,08c5aa9b-3b29-45a8-aa6d-7dc233d3d928,D,MCP1417002M,Shoulder/Lap Belt(s),F,5b5c8eda-9486-4f76-90df-cb3e7dace417,Same Direction Rear End,N,Non Intersection,Right Turn Lane,Daylight,No Defects,"Two-way, Divided, Unprotected (painted >4 feet) Median",Dry,Clear,Twelve o'clock,Passenger Car,Disabling,N,Moving Constant Speed,2015-02-12 9:11,29,39.16152899,-77.1586132,2,3,기타,등속 주행 중 측면 추돌 사고
4630,N,Apparently Normal,No Misuse,N,Possible Incapacitating Injury,f4b739f0-9f7a-4087-be92-2943e9dbb23d,D,MCP1417002M,Shoulder/Lap Belt(s),M,52cf3b10-2bb1-4a56-ab71-d8fb1763505b,Same Direction Rear End,N,Non Intersection,Right Turn Lane,Daylight,No Defects,"Two-way, Divided, Unprotected (painted >4 feet) Median",Dry,Clear,Ten o'clock,Passenger Car,Disabling,N,Moving Constant Speed,2015-02-12 9:11,63,39.16152899,-77.1586132,2,3,기타,등속 주행 중 측면 추돌 사고
4631,N,Apparently Normal,No Misuse,N,Possible Incapacitating Injury,657984a0-b69e-4d62-bfa6-2feee203ed6d,D,MCP1417002M,Shoulder/Lap Belt(s),M,49f5874d-53a6-41ff-8cc0-3a91f28e90e3,Same Direction Rear End,N,Non Intersection,Right Turn Lane,Daylight,No Defects,"Two-way, Divided, Unprotected (painted >4 feet) Median",Dry,Clear,Six o'clock,Passenger Car,Disabling,N,Moving Constant Speed,2015-02-12 9:11,54,39.16152899,-77.1586132,2,3,기타,등속 주행 중 측면 추돌 사고
4632,N,Apparently Normal,No Misuse,N,Possible Incapacitating Injury,81347fd1-24dd-4b14-aefa-77754e36240d,D,MCP2031000B,Shoulder/Lap Belt(s),F,162c402f-4b49-429d-87e9-83c082b56cd6,Head On,N,Non Intersection,Right Turn Lane,Daylight,No Defects,"Two-way, Not Divided",Dry,Clear,Twelve o'clock,Passenger Car,Destroyed,N,Moving Constant Speed,2015-03-08 13:01,26,39.322815,-77.19736,2,2,기타,기타
4633,N,Apparently Normal,No Misuse,Y,No Injury,b45b4abd-8f5a-476e-8285-8cab2e46b7bc,D,MCP20460039,Shoulder/Lap Belt(s),M,b1af5b65-3ac7-4e31-8b06-53fac2597587,Angle Meets Left Turn,N,Intersection,Right Turn Lane,Dark Lights On,No Defects,"Two-way, Not Divided",Wet,Snow,Twelve o'clock,Passenger Car,No Damage,N,Making Left Turn,2015-01-26 6:53,57,38.993415,-77.03198667,4,0,빗길사고,등속 주행 중 사고
4634,N,Apparently Normal,No Misuse,Y,Possible Incapacitating Injury,81fd548c-bada-4b83-8a3e-44e106686d2f,D,MCP21210008,Shoulder/Lap Belt(s),F,98ad0535-cb12-41be-9594-e3f48dfeeb57,Single Vehicle ,N,Non Intersection,Right Turn Lane,Dusk,No Defects,"Two-way, Not Divided",Ice,Clear,Twelve o'clock,Passenger Car,Destroyed,N,Moving Constant Speed,2015-01-15 8:40,41,39.17423333,-77.4044,2,2,기타,기타
4635,N,Apparently Normal,No Misuse,N,Possible Incapacitating Injury,65fde17f-6f10-4092-86d3-cbe503938235,D,MCP2162000X,Shoulder/Lap Belt(s),F,728228b2-ba76-4737-8d95-aa2356badc7f,Same Movement Angle,N,Intersection,Left Turn Lane,Daylight,No Defects,"Two-way, Divided, Positive Median Barrier",Dry,Clear,Eight o'clock,Passenger Car,Disabling,N,Making Left Turn,2015-03-19 16:24,61,39.09054333,-77.04482167,1,1,좌회전 차선 사고,등속 주행 사고
4636,N,Apparently Normal,No Misuse,Y,No Injury,f9235a69-b148-4a3c-b670-482f71ab6595,D,MCP2162000X,Shoulder/Lap Belt(s),M,61691f56-b191-450f-b967-92be67ebddb3,Same Movement Angle,N,Intersection,Left Turn Lane,Daylight,No Defects,"Two-way, Divided, Positive Median Barrier",Dry,Clear,Twelve o'clock,Passenger Car,Disabling,N,Moving Constant Speed,2015-03-19 16:24,35,39.09054333,-77.04482167,1,0,좌회전 차선 사고,등속 주행 중 측면 추돌 사고
4637,N,Apparently Normal,No Misuse,N,Possible Incapacitating Injury,e3627cf4-8a66-4c7e-a789-1fef8ae49900,D,MCP2251000N,Shoulder/Lap Belt(s),F,89410861-1c95-43b5-ae54-7dc11c9969ad,Same Direction Rear End,N,Non Intersection,Acceleration Lane,Daylight,No Defects,"Two-way, Divided, Positive Median Barrier",Wet,Clear,Six o'clock,Passenger Car,Superficial,N,Slowing or Stopping,2015-01-23 8:42,25,39.05730667,-77.07290167,4,3,빗길사고,기타
4638,N,Apparently Normal,No Misuse,Y,Possible Incapacitating Injury,5ed2e62d-6bb2-4ffa-8aec-40d72ffad612,D,MCP2251000P,Shoulder/Lap Belt(s),F,117e7635-78a9-41a7-95c8-088c29cb92d1,Head On,N,Non Intersection,Right Turn Lane,Daylight,No Defects,"Two-way, Not Divided",Dry,Clear,Twelve o'clock,"Other Light Trucks (10,000 lbs (4,536 kg))",Destroyed,N,Moving Constant Speed,2015-02-11 8:07,46,39.12193833,-77.09373333,2,2,기타,기타
4639,N,Apparently Normal,No Misuse,N,Possible Incapacitating Injury,a777eee9-68c6-4814-9d0f-1d13e2cedd07,D,MCP2298003V,Shoulder/Lap Belt(s),F,96ac5ee6-908c-4d64-9c90-742243598391,Same Movement Angle,N,Intersection,Right Turn Lane,Dark - Unknown Lighting,No Defects,"Two-way, Divided, Positive Median Barrier",Dry,Clear,Twelve o'clock,Pickup Truck,Disabling,N,Moving Constant Speed,2015-01-05 19:29,21,39.15578046,-77.27678061,3,0,우회전 차선 사고,기타