KEY_INDEX,CDL_FLAG,CONDITION_CODE,EQUIP_PROB_CODE,FAULT_FLAG,INJ_SEVER_CODE,PERSON_ID,PERSON_TYPE,REPORT_NO,SAF_EQUIP_CODE,SEX_CODE,VEHICLE_ID,COLLISION_TYPE_CODE,C_M_ZONE_FLAG,JUNCTION_CODE,LANE_CODE,LIGHT_CODE,RD_COND_CODE,RD_DIV_CODE,SURF_COND_CODE,WEATHER_CODE,AREA_DAMAGED_CODE_MAIN,BODY_TYPE_CODE,DAMAGE_CODE,HIT_AND_RUN_FLAG,MOVEMENT_CODE,TIME,AGE,LATITUDE,LONGITUDE,CLUSTER,SECOND_LABEL,FIRST_LABEL,SECOND_LABELING
4640,N,Apparently Normal,No Misuse,Y,Possible Incapacitating Injury,777fd300-4afa-47d9-b2be-ab06e6f2e4e8,D,MCP2298003V,Shoulder/Lap Belt(s),F,9a14b861-d7ba-43a2-a256-706eb04760d6,Same Movement Angle,N,Intersection,Right Turn Lane,Dark - Unknown Lighting,No Defects,"Two-way, Divided, Positive Median Barrier",Dry,Clear,Ten o'clock,Passenger Car,Disabling,N,Making Left Turn,2015-01-05 19:29,50,39.15578046,-77.27678061,3,0,우회전 차선 사고,기타
4641,N,Apparently Normal,No Misuse,N,Possible Incapacitating Injury,fe96932f-1ce8-4627-8968-707f52595aea,D,MCP2298003Z,Shoulder/Lap Belt(s),F,3f035318-d419-471b-9947-67928e355a1f,Same Direction Rear End,N,Intersection Related,Right Turn Lane,Dark Lights On,No Defects,"Two-way, Divided, Positive Median Barrier",Dry,Clear,Six o'clock,Passenger Car,Superficial,N,Stopped in Traffic Lane,2015-01-09 18:53,55,39.17499333,-77.25953833,3,3,우회전 차선 사고,동일 방향 운행 중 추돌 사고
4642,N,Apparently Normal,No Misuse,Y,Possible Incapacitating Injury,c9018f3c-f7b8-4d14-862a-ede39d6ef5f2,D,MCP22980044,Shoulder/Lap Belt(s),F,7d934fcf-4ba3-453d-a0f6-067b18429c92,Same Movement Angle,N,Intersection,Left Turn Lane,Daylight,No Defects,"Two-way, Divided, Unprotected (painted >4 feet) Median",Dry,Cloudy,Eleven o'clock,(Sport) Utility Vehicle,Disabling,N,Making Left Turn,2015-01-23 16:39,20,39.1561382,-77.26454973,1,1,좌회전 차선 사고,등속 주행 사고
4643,N,Apparently Normal,No Misuse,Y,Possible Incapacitating Injury,be2434ef-b461-48c2-b85f-a24278712d49,D,MCP2298004K,Shoulder/Lap Belt(s),F,892a2fd2-c630-43d1-9b17-3c0b5c5e5965,Angle Meets Left Turn Head On,N,Intersection,Right Turn Lane,Daylight,No Defects,"Two-way, Divided, Positive Median Barrier",Dry,Clear,Ten o'clock,Passenger Car,Disabling,N,Making Left Turn,2015-02-23 11:58,18,39.20883043,-77.24715829,3,1,우회전 차선 사고,등속 주행 중 측면 추돌 사고
4644,N,Apparently Normal,No Misuse,N,No Injury,4d017fd5-4168-4ee1-ad55-eea7c41a8bba,D,MCP2298004K,Shoulder/Lap Belt(s),M,c9800f72-aa62-4130-ad1e-f725c933baba,Angle Meets Left Turn Head On,N,Intersection,Right Turn Lane,Daylight,No Defects,"Two-way, Divided, Positive Median Barrier",Dry,Clear,Twelve o'clock,(Sport) Utility Vehicle,Disabling,N,Moving Constant Speed,2015-02-23 11:58,46,39.20883043,-77.24715829,3,2,우회전 차선 사고,기타
4645,N,Apparently Normal,No Misuse,N,Possible Incapacitating Injury,a5e8e368-cd08-4aa1-a3eb-554d7bae2f03,D,MCP23290008,Shoulder/Lap Belt(s),F,6a47b2a0-c7f6-4171-80d1-e09208ba4f4d,Head On Left Turn,N,Intersection,Right Turn Lane,Daylight,No Defects,"Two-way, Not Divided",Dry,Clear,Twelve o'clock,Passenger Car,Disabling,N,Moving Constant Speed,2015-01-08 14:35,17,39.15606167,-77.16529833,3,2,우회전 차선 사고,기타
4646,N,Apparently Normal,No Misuse,Y,No Injury,e09da9b3-5f49-4873-a351-35b2faa55e48,D,MCP23290008,Shoulder/Lap Belt(s),M,da8b3724-1f5f-4c3e-a9ba-bc8e4227056c,Head On Left Turn,N,Intersection,Right Turn Lane,Daylight,No Defects,"Two-way, Not Divided",Dry,Clear,Twelve o'clock,Passenger Car,Disabling,N,Making Left Turn,2015-01-08 14:35,58,39.15606167,-77.16529833,3,1,우회전 차선 사고,등속 주행 중 측면 추돌 사고
4647,N,Apparently Normal,Air Bag Failed,N,Possible Incapacitating Injury,f1e03e78-d98c-466d-9f6f-b9163e4d2c5f,D,MCP2396000M,Shoulder/Lap Belt(s),F,da036458-203b-473f-ac5e-2ae99aec170e,Same Movement Angle,N,Intersection,Right Turn Lane,Daylight,No Defects,"Two-way, Divided, Unprotected (painted >4 feet) Median",Wet,Cloudy,Twelve o'clock,Passenger Car,Disabling,N,Moving Constant Speed,2015-03-04 9:03,48,39.05918167,-77.06229333,4,1,빗길사고,자차 사고
4648,N,Apparently Normal,No Misuse,Y,Possible Incapacitating Injury,2bfa6fad-7daf-4953-bf0d-1a66993501e6,D,MCP24380005,Shoulder/Lap Belt(s),F,80f0bd6f-672c-4e42-9d96-c574054ff64f,Same Movement Angle,N,Intersection,Shoulder Area,Dark Lights On,No Defects,"Two-way, Divided, Positive Median Barrier",Dry,Clear,Twelve o'clock,Passenger Car,Destroyed,N,Moving Constant Speed,2015-01-07 21:28,39,39.07278667,-76.955695,1,0,좌회전 차선 사고,등속 주행 중 측면 추돌 사고
4649,N,Apparently Normal,No Misuse,N,Possible Incapacitating Injury,66ade1c8-4b47-4c65-a733-f22ced036e6d,D,MCP24380005,Shoulder/Lap Belt(s),M,3fe4d408-027a-4078-ab8b-763bd3df5a74,Same Movement Angle,N,Intersection,Shoulder Area,Dark Lights On,No Defects,"Two-way, Divided, Positive Median Barrier",Dry,Clear,One o'clock,Passenger Car,Destroyed,N,Accelerating,2015-01-07 21:28,42,39.07278667,-76.955695,1,1,좌회전 차선 사고,등속 주행 사고
4650,N,Apparently Normal,No Misuse,N,Possible Incapacitating Injury,4d28eda4-d417-494b-8513-aa5a199cd0b0,D,MCP2446000X,Shoulder/Lap Belt(s),F,98913ebb-2b47-416b-b39f-28046b02b0e4,Same Direction Rear End,N,Intersection,Right Turn Lane,Dark Lights On,No Defects,"Two-way, Divided, Positive Median Barrier",Wet,Raining,Six o'clock,(Sport) Utility Vehicle,Superficial,N,Accelerating,2015-03-26 19:19,45,39.158766,-77.275257,4,3,빗길사고,기타
4651,N,Apparently Normal,No Misuse,N,Possible Incapacitating Injury,404d9a86-9b75-4c45-88f9-b2c2e33039e9,D,MCP2446000X,Shoulder/Lap Belt(s),M,e18ec0d0-bd3e-43ec-8dda-16b008277721,Same Direction Rear End,N,Intersection,Right Turn Lane,Dark Lights On,No Defects,"Two-way, Divided, Positive Median Barrier",Wet,Raining,Six o'clock,Passenger Car,Functional,N,Accelerating,2015-03-26 19:19,27,39.158766,-77.275257,4,3,빗길사고,기타
4652,N,Apparently Normal,No Misuse,N,Possible Incapacitating Injury,c5b83abf-28f6-44dd-baa4-fd0ae11d7cd2,D,MCP2511000D,Shoulder/Lap Belt(s),F,ec70c8b6-b139-4c46-9873-b64f7f37bbca,Same Direction Left Turn,N,Non Intersection,Right Turn Lane,Daylight,No Defects,One-way Trafficway,Snow,Snow,Eleven o'clock,Passenger Car,Disabling,N,Moving Constant Speed,2015-01-06 7:46,52,39.184525,-77.19888333,0,0,눈길사고,감속 중 사고
4653,N,Apparently Normal,No Misuse,Y,No Injury,5f942ff0-96d5-4ea5-bb3d-f6d29d30c5ed,D,MCP2511000D,Shoulder/Lap Belt(s),M,34bc394f-c41b-4189-8ba3-92506d9b584a,Same Direction Left Turn,N,Non Intersection,Right Turn Lane,Daylight,No Defects,One-way Trafficway,Snow,Snow,Nine o'clock,Passenger Car,Disabling,N,Moving Constant Speed,2015-01-06 7:46,37,39.184525,-77.19888333,0,0,눈길사고,감속 중 사고
4654,N,Apparently Normal,No Misuse,N,Possible Incapacitating Injury,4079133b-88d4-42c5-a10b-af02eda1270a,D,MCP2588000P,Shoulder/Lap Belt(s),F,cfc5aee8-8472-4e9c-9a32-5d7dc3d347dc,Same Direction Rear End,N,Non Intersection,Right Turn Lane,Daylight,No Defects,"Two-way, Divided, Unprotected (painted >4 feet) Median",Wet,Snow,Six o'clock,Passenger Car,Superficial,N,Slowing or Stopping,2015-03-11 11:00,42,39.09040167,-77.05392,4,3,빗길사고,기타
4655,N,Apparently Normal,No Misuse,N,Possible Incapacitating Injury,9d42edc4-1c24-4c7f-99ee-3c398bf63a8d,D,MCP2667000H,Shoulder/Lap Belt(s),F,3285c93c-36c9-424a-9598-b0425af5a384,Same Direction Rear End,N,Intersection Related,Left Turn Lane,Daylight,No Defects,"Two-way, Divided, Positive Median Barrier",Wet,Cloudy,Ten o'clock,Passenger Car,Disabling,N,Stopped in Traffic Lane,2015-01-03 10:00,51,39.14257667,-77.22036,4,3,빗길사고,기타
4656,N,Apparently Normal,No Misuse,N,Possible Incapacitating Injury,47bbf31b-ffa3-4bd3-8052-448145ee8c3d,D,MCP2667000H,Shoulder/Lap Belt(s),F,0916fc8f-6d87-4900-bb6e-331e46cfa615,Same Direction Rear End,N,Intersection Related,Left Turn Lane,Daylight,No Defects,"Two-way, Divided, Positive Median Barrier",Wet,Cloudy,Six o'clock,Passenger Car,Disabling,N,Stopped in Traffic Lane,2015-01-03 10:00,44,39.14257667,-77.22036,4,3,빗길사고,기타
4657,N,Apparently Normal,No Misuse,N,Possible Incapacitating Injury,a4d253de-a351-4c25-a508-feba3128aff5,D,MCP2667000H,Shoulder/Lap Belt(s),F,aad77201-76a8-485c-afd3-62a5dcce80f3,Same Direction Rear End,N,Intersection Related,Left Turn Lane,Daylight,No Defects,"Two-way, Divided, Positive Median Barrier",Wet,Cloudy,Six o'clock,Passenger Car,Destroyed,N,Stopped in Traffic Lane,2015-01-03 10:00,40,39.14257667,-77.22036,4,3,빗길사고,기타
4658,N,Emotional Depressed Angry Disturbed,No Misuse,Y,No Injury,ba1a643b-3c3d-4e0a-823b-5fb46e6acfcf,D,MCP2667000H,Shoulder/Lap Belt(s),F,0e8cd0c6-0614-4f2f-bfb9-2f783a92a891,Same Direction Rear End,N,Intersection Related,Left Turn Lane,Daylight,No Defects,"Two-way, Divided, Positive Median Barrier",Wet,Cloudy,Twelve o'clock,"Other Light Trucks (10,000 lbs (4,536 kg))",Destroyed,N,Moving Constant Speed,2015-01-03 10:00,37,39.14257667,-77.22036,4,2,빗길사고,동일 방향 운행 중 추돌 사고
4659,N,Apparently Normal,No Misuse,N,No Injury,c75b6991-4934-4a7e-b759-fb2dddc142d2,D,MCP2667000H,Shoulder/Lap Belt(s),M,de2516f1-a055-49cc-8b37-e5c218e3c1d4,Same Direction Rear End,N,Intersection Related,Left Turn Lane,Daylight,No Defects,"Two-way, Divided, Positive Median Barrier",Wet,Cloudy,Ten o'clock,"Other Light Trucks (10,000 lbs (4,536 kg))",Functional,N,Stopped in Traffic Lane,2015-01-03 10:00,34,39.14257667,-77.22036,4,3,빗길사고,기타
4660,N,Apparently Normal,No Misuse,N,No Injury,a2c80f2e-af0e-41a7-917b-0a8c80b9ea10,D,MCP2667000H,Shoulder/Lap Belt(s),M,9f1bba04-83bf-4ccd-a20c-54549d4eaa0e,Same Direction Rear End,N,Intersection Related,Left Turn Lane,Daylight,No Defects,"Two-way, Divided, Positive Median Barrier",Wet,Cloudy,Six o'clock,Passenger Car,Functional,N,Stopped in Traffic Lane,2015-01-03 10:00,32,39.14257667,-77.22036,4,3,빗길사고,기타
4661,N,Apparently Normal,No Misuse,N,Possible Incapacitating Injury,030883fe-2b64-4d81-aaaa-e3226aefc367,D,MCP2667000H,Shoulder/Lap Belt(s),M,1a834437-8432-46ae-bb7f-d12215fd76e2,Same Direction Rear End,N,Intersection Related,Left Turn Lane,Daylight,No Defects,"Two-way, Divided, Positive Median Barrier",Wet,Cloudy,Six o'clock,"Other Light Trucks (10,000 lbs (4,536 kg))",Disabling,N,Stopped in Traffic Lane,2015-01-03 10:00,47,39.14257667,-77.22036,4,3,빗길사고,기타
4662,N,Apparently Normal,No Misuse,N,Possible Incapacitating Injury,7ecd0b4d-2a07-4781-9666-d4ab71004388,D,MCP2667000N,Shoulder/Lap Belt(s),F,5414e515-d6af-4528-bd7f-8c5c75f1b2fb,Same Movement Angle,N,Intersection,Right Turn Lane,Daylight,No Defects,"Two-way, Not Divided",Dry,Clear,Eleven o'clock,Passenger Car,Disabling,N,Stopped in Traffic Lane,2015-03-07 15:06,26,39.194165,-77.18485833,3,0,우회전 차선 사고,기타
4663,N,Apparently Normal,No Misuse,N,No Injury,be5c4149-8198-408a-ac81-fb7bc82bc9b2,D,MCP2667000N,Shoulder/Lap Belt(s),M,62e9385e-58c8-483e-9d59-4594ce905df2,Same Movement Angle,N,Intersection,Right Turn Lane,Daylight,No Defects,"Two-way, Not Divided",Dry,Clear,Twelve o'clock,Pickup Truck,Functional,N,Accelerating,2015-03-07 15:06,50,39.194165,-77.18485833,3,0,우회전 차선 사고,기타
4664,N,Apparently Normal,No Misuse,Y,Possible Incapacitating Injury,8a7838be-0cb7-43d2-92be-b7bfeff5bd5a,D,MCP2667000N,Shoulder/Lap Belt(s),M,2fe5ee55-6aec-4f5a-a14b-b375736c4934,Same Movement Angle,N,Intersection,Right Turn Lane,Daylight,No Defects,"Two-way, Not Divided",Dry,Clear,Twelve o'clock,Passenger Car,Destroyed,N,Moving Constant Speed,2015-03-07 15:06,21,39.194165,-77.18485833,3,0,우회전 차선 사고,기타
4665,N,Apparently Normal,No Misuse,N,Possible Incapacitating Injury,bcc5080b-9ea0-4b18-97d6-61bb55a75645,D,MCP26800013,Shoulder/Lap Belt(s),F,4fb05863-e8a5-4b0f-9c4b-99d0ed877d80,Same Direction Rear End,N,Intersection,Right Turn Lane,Daylight,No Defects,"Two-way, Not Divided",Dry,Clear,Six o'clock,(Sport) Utility Vehicle,Disabling,N,Slowing or Stopping,2015-02-02 15:16,34,39.00445333,-77.11001,3,3,우회전 차선 사고,동일 방향 운행 중 추돌 사고
4666,N,Apparently Normal,No Misuse,Y,Possible Incapacitating Injury,24bc2b14-01fc-45fb-ab19-12cac5800509,D,MCP26800013,Shoulder/Lap Belt(s),F,9eb8e5f0-6b2c-46c2-ae3f-480bd93fc85d,Same Direction Rear End,N,Intersection,Right Turn Lane,Daylight,No Defects,"Two-way, Not Divided",Dry,Clear,Twelve o'clock,Passenger Car,Disabling,N,Moving Constant Speed,2015-02-02 15:16,34,39.00445333,-77.11001,3,2,우회전 차선 사고,기타
4667,N,Apparently Normal,No Misuse,N,Possible Incapacitating Injury,815ba24e-cb4e-48e7-8f06-eeb2ea6bf331,D,MCP2686000K,Shoulder/Lap Belt(s),F,ecc5cb48-2fa9-4b06-be2f-8a5e46668b9e,Same Direction Rear End,N,Intersection Related,Right Turn Lane,Dark Lights On,No Defects,"Two-way, Not Divided",Dry,Clear,Six o'clock,Passenger Car,Functional,N,Stopped in Traffic Lane,2015-03-19 21:27,49,39.17083167,-77.26246833,3,3,우회전 차선 사고,동일 방향 운행 중 추돌 사고
4668,N,Apparently Normal,No Misuse,Y,No Injury,8b9c5812-9964-4f2d-9ff3-52541930e825,D,MCP2703000F,Shoulder/Lap Belt(s),M,c9d7af70-721b-4ab3-b933-75b4269b1644,Same Direction Rear End,N,Intersection,Left Turn Lane,Daylight,No Defects,"Two-way, Divided, Positive Median Barrier",Dry,Clear,Twelve o'clock,Passenger Car,Disabling,N,Slowing or Stopping,2015-02-25 15:19,28,39.07022667,-77.00320667,1,3,좌회전 차선 사고,감속 중 사고
4669,N,Apparently Normal,No Misuse,N,Possible Incapacitating Injury,62bbe298-c712-41c3-ae8d-b75cb21866c0,D,MCP27470010,Shoulder/Lap Belt(s),F,fb603fdc-01d5-4b52-88ef-193ddea72f87,Same Direction Rear End,N,Non Intersection,Left Turn Lane,Dark Lights On,No Defects,"Two-way, Not Divided",Ice,Sleet,Six o'clock,Passenger Car,Superficial,N,Slowing or Stopping,2015-01-23 17:42,32,39.06332833,-77.05074667,0,1,눈길사고,등속 주행 사고
4670,N,Had Been Drinking,No Misuse,Y,No Injury,b76cee62-4e79-4e4b-83fd-5868da8c1d69,D,MCP2783000G,Shoulder/Lap Belt(s),M,89f9b6f8-1f89-4ebd-84a3-d0dae2d7a90c,Head On,N,Intersection,Left Turn Lane,Dark Lights On,No Defects,"Two-way, Divided, Positive Median Barrier",Dry,Clear,Twelve o'clock,Pickup Truck,Disabling,N,Moving Constant Speed,2015-01-01 1:14,48,39.09621667,-77.10980333,1,0,좌회전 차선 사고,등속 주행 중 측면 추돌 사고
4671,N,Apparently Normal,No Misuse,Y,Possible Incapacitating Injury,b5fec339-0215-4428-9e97-d45cf33eef41,D,MCP2796001D,Shoulder/Lap Belt(s),F,e36f7ac2-61fb-4d99-a25d-01ccc22cc35e,Same Movement Angle,N,Intersection,Left Turn Lane,Daylight,No Defects,"Two-way, Divided, Positive Median Barrier",Dry,Clear,Twelve o'clock,Passenger Car,Disabling,N,Moving Constant Speed,2015-02-03 10:19,29,39.06808167,-77.06102833,1,0,좌회전 차선 사고,등속 주행 중 측면 추돌 사고
4672,N,Apparently Normal,No Misuse,N,Possible Incapacitating Injury,407c0e55-33ee-46fb-86d7-6a93b9053383,D,MCP2796001D,Shoulder/Lap Belt(s),M,3c31859f-f18a-47ec-8306-a677dbba09ac,Same Movement Angle,N,Intersection,Left Turn Lane,Daylight,No Defects,"Two-way, Divided, Positive Median Barrier",Dry,Clear,Ten o'clock,Passenger Car,Disabling,N,Making Left Turn,2015-02-03 10:19,81,39.06808167,-77.06102833,1,1,좌회전 차선 사고,등속 주행 사고
4673,N,Apparently Normal,No Misuse,N,Possible Incapacitating Injury,37036234-d13b-4e7d-9957-dde4f1f0e08c,D,MCP2796001F,Shoulder/Lap Belt(s),F,d9c26f69-f71e-4726-8bd5-73e07578df80,Same Direction Rear End,N,Intersection Related,Left Turn Lane,Daylight,No Defects,"Two-way, Divided, Positive Median Barrier",Dry,Clear,Six o'clock,Passenger Car,Superficial,N,Starting From Lane,2015-02-04 8:44,62,39.098675,-77.042725,1,3,좌회전 차선 사고,감속 중 사고
4674,N,Apparently Normal,No Misuse,Y,No Injury,fbed6176-ed39-4e26-8954-eb9e95712921,D,MCP2796001F,Shoulder/Lap Belt(s),M,4f2bdb7d-fe25-4b12-8102-882ffc6e4fdd,Same Direction Rear End,N,Intersection Related,Left Turn Lane,Daylight,No Defects,"Two-way, Divided, Positive Median Barrier",Dry,Clear,Twelve o'clock,Passenger Car,Superficial,N,Starting From Lane,2015-02-04 8:44,61,39.098675,-77.042725,1,3,좌회전 차선 사고,감속 중 사고
4675,N,Apparently Normal,No Misuse,Y,Possible Incapacitating Injury,008507f8-6d7e-43e1-bfb4-19f8fc1bc8fb,D,MCP9112001F,Shoulder/Lap Belt(s),F,1f926afe-45b5-407e-ab8d-78fb48953ae5,Head On Left Turn,N,Intersection,Right Turn Lane,Daylight,No Defects,"Two-way, Not Divided",Dry,Clear,Twelve o'clock,(Sport) Utility Vehicle,Disabling,N,Making Left Turn,2015-03-12 8:50,43,39.14926833,-77.012215,3,1,우회전 차선 사고,등속 주행 중 측면 추돌 사고
4676,N,Apparently Normal,No Misuse,N,Possible Incapacitating Injury,95a9e979-61b1-4ef0-a470-a8c24a0471f0,D,MCP9112001F,Shoulder/Lap Belt(s),M,aa3738c3-8969-49a1-9b7b-de1e3a42c72d,Head On Left Turn,N,Intersection,Right Turn Lane,Daylight,No Defects,"Two-way, Not Divided",Dry,Clear,Twelve o'clock,Pickup Truck,Disabling,N,Moving Constant Speed,2015-03-12 8:50,33,39.14926833,-77.012215,3,2,우회전 차선 사고,기타
4677,N,Apparently Normal,No Misuse,N,Possible Incapacitating Injury,e0636a50-8176-42a2-adaa-d1446dd351c8,D,MCP94040009,Shoulder/Lap Belt(s),F,9591d139-7d70-42db-8286-57f5ed52ad9a,Same Direction Rear End,N,Intersection Related,Right Turn Lane,Dark Lights On,No Defects,"Two-way, Not Divided",Dry,Clear,Six o'clock,Passenger Car,Disabling,N,Slowing or Stopping,2015-02-24 22:28,38,39.13317333,-77.12191833,3,3,우회전 차선 사고,동일 방향 운행 중 추돌 사고
4678,N,Apparently Normal,No Misuse,N,No Injury,afd0e7b9-0878-448e-9779-ded367df72a1,D,MCP94040009,Shoulder/Lap Belt(s),M,1e2da8db-1634-4986-a9f7-014bfa3f10af,Same Direction Rear End,N,Intersection Related,Right Turn Lane,Dark Lights On,No Defects,"Two-way, Not Divided",Dry,Clear,Six o'clock,Passenger Car,Functional,N,Slowing or Stopping,2015-02-24 22:28,55,39.13317333,-77.12191833,3,3,우회전 차선 사고,동일 방향 운행 중 추돌 사고
4679,N,Apparently Normal,No Misuse,Y,No Injury,22845010-4574-4153-8131-73032e13e28a,D,MCP94040009,Shoulder/Lap Belt(s),M,27734f90-7ddd-4809-9f0a-48a502402e5b,Same Direction Rear End,N,Intersection Related,Right Turn Lane,Dark Lights On,No Defects,"Two-way, Not Divided",Dry,Clear,Twelve o'clock,Passenger Car,Disabling,N,Moving Constant Speed,2015-02-24 22:28,27,39.13317333,-77.12191833,3,2,우회전 차선 사고,기타
4680,N,Apparently Normal,No Misuse,Y,Possible Incapacitating Injury,1c7e765c-4845-4ba8-a548-4a1680f12595,D,MDTA14650007,Shoulder/Lap Belt(s),M,b541b739-6123-480c-8f32-c29986cb466c,Same Direction Rear End,N,Non Intersection,Left Turn Lane,Daylight,No Defects,"Two-way, Divided, Positive Median Barrier",Dry,Cloudy,Twelve o'clock,Passenger Car,Disabling,N,Slowing or Stopping,2015-01-24 15:06,28,39.29963499,-76.53024673,1,3,좌회전 차선 사고,감속 중 사고
4681,N,Apparently Normal,No Misuse,Y,Possible Incapacitating Injury,2f759df4-088f-42eb-a05c-670723a60439,D,MDTA1473000C,Shoulder/Lap Belt(s),F,971e6f8b-0c1d-4802-837d-d920a10aa7c2,Single Vehicle ,N,Non Intersection,Left Turn Lane,Dark Lights On,No Defects,One-way Trafficway,Wet,Raining,Twelve o'clock,Passenger Car,Disabling,N,Slowing or Stopping,2015-03-27 5:45,29,39.270977,-76.65571,4,0,빗길사고,등속 주행 중 사고
4682,N,Apparently Normal,No Misuse,Y,Possible Incapacitating Injury,f7469514-bfb8-4566-8fbd-2ab0ef27fdfe,D,MSP12190012,Shoulder/Lap Belt(s),F,b00404a7-17ca-43ee-af93-85e686d644fc,Same Movement Angle,N,Intersection,Right Turn Lane,Daylight,No Defects,"Two-way, Not Divided",Dry,Clear,Nine o'clock,Passenger Car,Disabling,N,Making Left Turn,2015-02-28 12:48,25,39.6248445,-76.0887825,3,0,우회전 차선 사고,기타
4683,N,Apparently Normal,No Misuse,N,Possible Incapacitating Injury,b3579fbd-cd09-4cb6-a5ea-607e52e4e9fa,D,MSP12190012,Shoulder/Lap Belt(s),M,6af940b0-626a-4806-b858-d790ec1751f9,Same Movement Angle,N,Intersection,Right Turn Lane,Daylight,No Defects,"Two-way, Not Divided",Dry,Clear,Twelve o'clock,Passenger Car,Disabling,N,Moving Constant Speed,2015-02-28 12:48,66,39.6248445,-76.0887825,3,0,우회전 차선 사고,기타
4684,N,Apparently Normal,No Misuse,Y,Possible Incapacitating Injury,3a983e91-c4c5-46f2-8e66-3b7406af1899,D,MSP1866000Y,Shoulder/Lap Belt(s),F,0904995c-ca3b-4655-9522-2fcb6c1e36ed,Head On Left Turn,N,Intersection,Right Turn Lane,Daylight,No Defects,"Two-way, Not Divided",Wet,Clear,One o'clock,Pickup Truck,Disabling,N,Making Left Turn,2015-03-02 12:05,41,38.63554033,-75.7081125,3,1,우회전 차선 사고,등속 주행 중 측면 추돌 사고
4685,N,Apparently Normal,No Misuse,N,No Injury,8afe2343-8f6d-4ee0-8252-dc53a0fe4e12,D,MSP1866000Y,Shoulder/Lap Belt(s),M,91a1a350-8f59-45e2-b6d7-d3430f89c575,Head On Left Turn,N,Intersection,Right Turn Lane,Daylight,No Defects,"Two-way, Not Divided",Wet,Clear,Eleven o'clock,Van,Disabling,N,Stopped in Traffic Lane,2015-03-02 12:05,42,38.63554033,-75.7081125,3,1,우회전 차선 사고,등속 주행 중 측면 추돌 사고
4686,N,Apparently Normal,No Misuse,N,Possible Incapacitating Injury,4729a169-b0fd-4111-a555-bdbb428ef4c1,D,MSP1866000Y,Shoulder/Lap Belt(s),M,3391a25f-9625-4d48-820c-be7a0170e1b2,Head On Left Turn,N,Intersection,Right Turn Lane,Daylight,No Defects,"Two-way, Not Divided",Wet,Clear,Twelve o'clock,(Sport) Utility Vehicle,Disabling,N,Moving Constant Speed,2015-03-02 12:05,64,38.63554033,-75.7081125,3,2,우회전 차선 사고,기타
4687,N,Had Been Drinking,No Misuse,Y,No Injury,2d9d7ad5-673b-4a4e-8ec5-57b23d8e7400,D,MSP2110000W,Shoulder/Lap Belt(s),M,3e99b00f-35aa-45b2-8f6d-345e5dce3cdc,Single Vehicle ,N,Residential Driveway,Right Turn Lane,Dark No Lights,No Defects,"Two-way, Not Divided",Dry,Clear,Four o'clock,Passenger Car,No Damage,Y,Accelerating,2015-03-25 23:42,20,39.603753,-79.449514,3,1,우회전 차선 사고,등속 주행 중 측면 추돌 사고
4688,N,Apparently Normal,No Misuse,Y,Possible Incapacitating Injury,14860bf2-1797-4517-ac00-28678a0553cb,D,MSP32580002,Shoulder/Lap Belt(s),F,f738a198-3489-4409-ad89-62106530d335,Same Direction Rear End,N,Non Intersection,Right Turn Lane,Daylight,No Defects,"Two-way, Not Divided",Dry,Foggy,Twelve o'clock,Passenger Car,Disabling,N,Moving Constant Speed,2015-01-16 7:53,34,38.29257229,-75.64155579,2,3,기타,등속 주행 중 측면 추돌 사고
4689,N,Apparently Normal,No Misuse,N,No Injury,1d68e4ce-0e77-420c-b982-3eb5bb46f40c,D,MSP32580002,Shoulder/Lap Belt(s),M,3673ec87-7560-46ee-8376-78e44d6b13c0,Same Direction Rear End,N,Non Intersection,Right Turn Lane,Daylight,No Defects,"Two-way, Not Divided",Dry,Foggy,Six o'clock,Passenger Car,Functional,N,Slowing or Stopping,2015-01-16 7:53,40,38.29257229,-75.64155579,2,1,기타,등속 주행 사고
4690,N,Apparently Normal,No Misuse,Y,Possible Incapacitating Injury,823cc06f-f9ed-43ef-ad64-bdba13baa03e,D,MSP4151000F,Shoulder/Lap Belt(s),F,ebe8c99c-c36d-497f-96a8-534f7e5b3958,Single Vehicle ,N,Non Intersection,Right Turn Lane,Daylight,No Defects,"Two-way, Divided, Positive Median Barrier",Snow,Snow,Five o'clock,(Sport) Utility Vehicle,Functional,N,Moving Constant Speed,2015-01-14 11:45,67,39.5844285,-77.82647433,0,0,눈길사고,감속 중 사고
4691,N,Apparently Normal,No Misuse,Y,Possible Incapacitating Injury,be91490c-1491-4c71-bb09-eb6d72d3613f,D,MSP4641004J,Shoulder/Lap Belt(s),F,1ea1f667-500b-4d49-a941-0f6152cef949,Single Vehicle ,N,Non Intersection,Left Turn Lane,Daylight,No Defects,One-way Trafficway,Snow,Snow,Twelve o'clock,Passenger Car,Superficial,N,Moving Constant Speed,2015-01-06 14:00,27,39.35047167,-76.49674983,0,0,눈길사고,감속 중 사고
4692,N,Apparently Normal,No Misuse,Y,Possible Incapacitating Injury,ae82c41c-c856-4aab-a547-875fa26f256b,D,MSP47210018,Shoulder/Lap Belt(s),F,1d585b59-0d8b-4cc3-8393-a6f3151322f6,Single Vehicle ,N,Non Intersection,Right Turn Lane,Daylight,No Defects,"Two-way, Not Divided",Snow,Snow,One o'clock,Passenger Car,Disabling,N,Moving Constant Speed,2015-01-06 9:07,22,39.64267733,-77.66650917,0,0,눈길사고,감속 중 사고