KEY_INDEX,CDL_FLAG,CONDITION_CODE,EQUIP_PROB_CODE,FAULT_FLAG,INJ_SEVER_CODE,PERSON_ID,PERSON_TYPE,REPORT_NO,SAF_EQUIP_CODE,SEX_CODE,VEHICLE_ID,COLLISION_TYPE_CODE,C_M_ZONE_FLAG,JUNCTION_CODE,LANE_CODE,LIGHT_CODE,RD_COND_CODE,RD_DIV_CODE,SURF_COND_CODE,WEATHER_CODE,AREA_DAMAGED_CODE_MAIN,BODY_TYPE_CODE,DAMAGE_CODE,HIT_AND_RUN_FLAG,MOVEMENT_CODE,TIME,AGE,LATITUDE,LONGITUDE,CLUSTER,SECOND_LABEL,FIRST_LABEL,SECOND_LABELING
4798,N,Apparently Normal,No Misuse,Y,Possible Incapacitating Injury,4711e00e-8171-4c42-8c78-f864a789a59c,D,MSP6477000S,Shoulder/Lap Belt(s),F,54cee389-2c6c-4a46-acf3-fcf02be467de,Same Direction Rear End,N,Non Intersection,Right Turn Lane,Daylight,No Defects,"Two-way, Divided, Positive Median Barrier",Dry,Clear,Six o'clock,Passenger Car,Disabling,N,Moving Constant Speed,2015-03-22 10:20,36,39.2520475,-77.30159567,2,3,기타,등속 주행 중 측면 추돌 사고
4799,N,Apparently Normal,No Misuse,N,Possible Incapacitating Injury,0166d5dc-f3a3-4ef9-a3e9-8c9e2b6978f2,D,MSP6477000S,Shoulder/Lap Belt(s),M,5cf256a0-9d66-4d87-9d5a-ffc1edc0d497,Same Direction Rear End,N,Non Intersection,Right Turn Lane,Daylight,No Defects,"Two-way, Divided, Positive Median Barrier",Dry,Clear,Twelve o'clock,Passenger Car,Disabling,N,Moving Constant Speed,2015-03-22 10:20,76,39.2520475,-77.30159567,2,3,기타,등속 주행 중 측면 추돌 사고
4800,N,Apparently Normal,No Misuse,N,Possible Incapacitating Injury,4826089b-de69-46bf-9d02-d2e282494cec,D,MSP6477000T,Shoulder/Lap Belt(s),F,7effe9ef-7a6b-4e91-a674-0f72d82eff22,Same Direction Rear End,N,Non Intersection,Acceleration Lane,Dark Lights On,No Defects,"Two-way, Divided, Positive Median Barrier",Snow,Blowing Snow,Twelve o'clock,Passenger Car,Disabling,N,Moving Constant Speed,2015-02-17 3:07,29,39.0131818,-77.03870773,0,3,눈길사고,자차 사고
4801,N,Apparently Normal,No Misuse,Y,Possible Incapacitating Injury,892d4d53-42c9-4ad7-bf00-690307f9a8a1,D,MSP6477000T,Shoulder/Lap Belt(s),F,4da21c0d-47f5-4036-a9f1-f43dfe78487a,Same Direction Rear End,N,Non Intersection,Acceleration Lane,Dark Lights On,No Defects,"Two-way, Divided, Positive Median Barrier",Snow,Blowing Snow,Six o'clock,Passenger Car,Disabling,N,Moving Constant Speed,2015-02-17 3:07,47,39.0131818,-77.03870773,0,3,눈길사고,자차 사고
4802,N,Apparently Normal,No Misuse,N,No Injury,110bdcab-420a-4526-b58f-fc61ac340f39,D,MSP6477000T,Shoulder/Lap Belt(s),M,f7ea87c0-2c59-4e4f-aa39-d75466539a3b,Same Direction Rear End,N,Non Intersection,Acceleration Lane,Dark Lights On,No Defects,"Two-way, Divided, Positive Median Barrier",Snow,Blowing Snow,Twelve o'clock,Passenger Car,Superficial,N,Moving Constant Speed,2015-02-17 3:07,39,39.0131818,-77.03870773,0,3,눈길사고,자차 사고
4803,N,Apparently Normal,Belt(s) Misused,Y,Possible Incapacitating Injury,dcffd72e-920c-4eae-b483-4e060d81a7fe,D,MSP64790005,None  ,F,065b2971-05b5-4e22-b2d6-853cb6f3e536,Single Vehicle ,N,Non Intersection,Left Turn Lane,Dark No Lights,No Defects,"Two-way, Divided, Positive Median Barrier",Wet,Raining,Six o'clock,Passenger Car,Disabling,N,Moving Constant Speed,2015-02-09 17:59,24,39.64034883,-78.79938217,4,2,빗길사고,동일 방향 운행 중 추돌 사고
4804,Y,Apparently Normal,No Misuse,Y,No Injury,b360569d-8ea7-4c78-9af2-c4005c5943bf,D,MSP6489000C,Shoulder/Lap Belt(s),M,6b4b6c36-6deb-4f7b-96f6-bc1ed474c295,Same Direction Right Turn,N,Non Intersection,Deceleration Lane,Daylight,No Defects,"Two-way, Divided, Positive Median Barrier",Wet,Raining,One o'clock,Truck Tractor,Superficial,N,Moving Constant Speed,2015-01-26 14:08,51,39.3874185,-76.528622,4,2,빗길사고,동일 방향 운행 중 추돌 사고
4805,N,Apparently Normal,No Misuse,N,Possible Incapacitating Injury,a9b31c4e-5f8f-4ac1-be77-cdb0219a98cf,D,MSP6490000B,Shoulder/Lap Belt(s),F,79f5e2ce-6e16-437e-b087-cfa11ea5ba9e,Same Direction Rear End,N,Non Intersection,Right Turn Lane,Daylight,No Defects,"Two-way, Divided, Positive Median Barrier",Dry,Cloudy,Six o'clock,Passenger Car,Superficial,N,Slowing or Stopping,2015-02-09 16:40,22,38.992292,-76.886486,2,1,기타,등속 주행 사고
4806,N,Apparently Normal,No Misuse,Y,No Injury,3a1ff19e-5217-4160-b3af-3678eb81a457,D,MSP6490000B,Shoulder/Lap Belt(s),M,2bbbbf5f-9711-44dd-af04-a8ce7545d451,Same Direction Rear End,N,Non Intersection,Right Turn Lane,Daylight,No Defects,"Two-way, Divided, Positive Median Barrier",Dry,Cloudy,Twelve o'clock,Pickup Truck,Superficial,N,Slowing or Stopping,2015-02-09 16:40,48,38.992292,-76.886486,2,1,기타,등속 주행 사고
4807,N,Apparently Normal,No Misuse,N,Possible Incapacitating Injury,001b367b-a976-45f9-b53f-b6e31231c1ad,D,MSP6490000B,Shoulder/Lap Belt(s),M,bb970bd6-9a5f-4b3a-8fa9-6a2188cffec0,Same Direction Rear End,N,Non Intersection,Right Turn Lane,Daylight,No Defects,"Two-way, Divided, Positive Median Barrier",Dry,Cloudy,Six o'clock,Passenger Car,Superficial,N,Slowing or Stopping,2015-02-09 16:40,38,38.992292,-76.886486,2,1,기타,등속 주행 사고
4808,N,Apparently Normal,No Misuse,Y,Possible Incapacitating Injury,5ac34fe3-1138-4f90-9217-cc5e2ca50107,D,MSP6490000D,Shoulder/Lap Belt(s),F,72b40fa3-84c1-4339-9549-e469fda1eda0,Single Vehicle ,N,Non Intersection,Right Turn Lane,Daylight,No Defects,"Two-way, Divided, Positive Median Barrier",Snow,Snow,Twelve o'clock,Passenger Car,Disabling,N,Moving Constant Speed,2015-03-05 17:07,31,38.95853833,-76.86568783,0,0,눈길사고,감속 중 사고
4809,N,Apparently Normal,No Misuse,N,Possible Incapacitating Injury,e95a9cb9-9ca6-4000-b398-5a1ff637b08c,D,MSP65080004,Shoulder/Lap Belt(s),F,149046c4-a355-4a02-ae71-e82b8e8a0c02,Same Direction Rear End,N,Non Intersection,Left Turn Lane,Daylight,No Defects,"Two-way, Not Divided",Slush,Clear,Six o'clock,Passenger Car,No Damage,N,Slowing or Stopping,2015-03-02 9:51,30,38.26371483,-76.456622,1,3,좌회전 차선 사고,감속 중 사고
4810,N,Apparently Normal,No Misuse,Y,No Injury,68408c88-907d-4588-8bb2-377ecfab7a48,D,MSP65080004,Shoulder/Lap Belt(s),M,099d065f-6fbb-41a7-8b01-04a29898d723,Same Direction Rear End,N,Non Intersection,Left Turn Lane,Daylight,No Defects,"Two-way, Not Divided",Slush,Clear,Twelve o'clock,(Sport) Utility Vehicle,No Damage,N,Accelerating,2015-03-02 9:51,70,38.26371483,-76.456622,1,3,좌회전 차선 사고,감속 중 사고
4811,N,Apparently Normal,No Misuse,N,Possible Incapacitating Injury,83e821b0-bb86-454a-bda3-8c34073aa062,D,MSP65130007,Shoulder/Lap Belt(s),F,dc6bb868-70a8-4bd3-a6ee-a3ff73517eba,Same Direction Rear End,N,Non Intersection,Right Turn Lane,Daylight,No Defects,"Two-way, Not Divided",Wet,Raining,Twelve o'clock,(Sport) Utility Vehicle,Disabling,N,Moving Constant Speed,2015-03-27 16:19,74,38.04824075,-75.75809945,4,2,빗길사고,동일 방향 운행 중 추돌 사고
4812,N,Apparently Normal,No Misuse,Y,Possible Incapacitating Injury,26509b45-1682-47e1-812b-091125e8ad41,D,MSP65130007,Shoulder/Lap Belt(s),M,2775f3d3-a2fb-4d6b-8eff-e1ee18736a0c,Same Direction Rear End,N,Non Intersection,Right Turn Lane,Daylight,No Defects,"Two-way, Not Divided",Wet,Raining,Twelve o'clock,"Medium/Heavy Truck 2 axles (10,000 lbs (4,536 kg) or less)",Disabling,N,Moving Constant Speed,2015-03-27 16:19,23,38.04824075,-75.75809945,4,2,빗길사고,동일 방향 운행 중 추돌 사고
4813,N,Apparently Normal,No Misuse,Y,Possible Incapacitating Injury,dfdd148e-67c8-42be-a844-4c0a4dfe8ba8,D,MTA0116000C,Shoulder/Lap Belt(s),F,b8ec1d9a-cb57-441a-a8d5-08d6acb1b3e5,Same Direction Rear End,N,Non Intersection,Acceleration Lane,Daylight,No Defects,One-way Trafficway,Snow,Snow,Two o'clock,All Terrain Vehicle (ATV),Functional,N,Passing,2015-03-03 11:45,26,39.29843113,-76.59149766,0,1,눈길사고,등속 주행 사고
4814,Y,Apparently Normal,No Misuse,N,No Injury,14323d59-2fc8-4a51-a43a-eed08b7c7eb2,D,MTA0116000C,Shoulder/Lap Belt(s),M,904efd71-4291-410e-87c4-ed5b91bf3fc3,Same Direction Rear End,N,Non Intersection,Acceleration Lane,Daylight,No Defects,One-way Trafficway,Snow,Snow,Seven o'clock,Transit Bus,Superficial,N,Changing Lanes,2015-03-03 11:45,33,39.29843113,-76.59149766,0,1,눈길사고,등속 주행 사고
4815,N,Apparently Normal,No Misuse,Y,No Injury,7dfd0127-8c51-4d29-9dd7-f32287cf0512,D,MTA0281000B,Shoulder/Lap Belt(s),M,4c7642a8-d264-426f-8b1d-3d720c0afe4c,Same Direction Rear End,N,Intersection,Left Turn Lane,Daylight,No Defects,"Two-way, Divided, Positive Median Barrier",Dry,Clear,Twelve o'clock,Pickup Truck,Superficial,N,Moving Constant Speed,2015-02-19 12:35,54,39.31524186,-76.54447585,1,0,좌회전 차선 사고,등속 주행 중 측면 추돌 사고
4816,N,Apparently Normal,No Misuse,Y,Possible Incapacitating Injury,9bf20fec-bf41-4f99-8144-5f8e3ecaa742,D,MTA02990001,Shoulder/Lap Belt(s),F,fac54c99-03c0-421f-a931-e088472c9c60,Same Direction Right Turn,N,Intersection,Right Turn Lane,Daylight,"Holes, Ruts, Etc.","Two-way, Divided, Unprotected (painted >4 feet) Median",Wet,Wintry Mix,Three o'clock,Passenger Car,Disabling,N,Making Left Turn,2015-03-03 13:49,48,39.33861243,-76.70552373,4,0,빗길사고,등속 주행 중 사고
4817,N,Apparently Normal,No Misuse,Y,Possible Incapacitating Injury,e6efa38c-6684-4dbf-ab6c-becc33ef84f5,D,MTA03030002,Shoulder/Lap Belt(s),F,329d902a-dfd9-4582-983e-7429b7716e78,Same Direction Rear End,N,Intersection,Acceleration Lane,Daylight,No Defects,"Two-way, Divided, Positive Median Barrier",Wet,Raining,Twelve o'clock,Passenger Car,Disabling,N,Accelerating,2015-03-04 12:25,67,39.35965254,-76.58851504,4,3,빗길사고,기타
4818,N,Apparently Normal,No Misuse,N,Possible Incapacitating Injury,d6001cff-dbbc-40a7-aae4-feddab5f2f3f,D,MTA03030002,Shoulder/Lap Belt(s),M,39539117-2b5a-4dc3-98d8-095a5068558b,Same Direction Rear End,N,Intersection,Acceleration Lane,Daylight,No Defects,"Two-way, Divided, Positive Median Barrier",Wet,Raining,Six o'clock,Van,Superficial,N,Stopped in Traffic Lane,2015-03-04 12:25,29,39.35965254,-76.58851504,4,3,빗길사고,기타
4819,N,Apparently Normal,No Misuse,N,Possible Incapacitating Injury,886003de-561b-4db7-8cff-3d94c80f9db9,D,ZA05140003,Shoulder/Lap Belt(s),F,57e9c2b8-80c2-46da-89e4-bcedb886109e,Single Vehicle ,N,Non Intersection,Right Turn Lane,Dark No Lights,Foreign Material,"Two-way, Not Divided",Snow,Snow,Twelve o'clock,Passenger Car,Destroyed,N,Moving Constant Speed,2015-02-19 18:48,31,39.46798828,-79.03291941,0,0,눈길사고,감속 중 사고
4820,N,Apparently Normal,No Misuse,N,Possible Incapacitating Injury,687c3996-26fe-456c-a2da-39cc28c75fef,D,ZD32070006,Shoulder/Lap Belt(s),F,399ac175-8487-40c3-b25e-6d5a9e806e91,Single Vehicle ,N,Non Intersection,Left Turn Lane,Daylight,No Defects,"Two-way, Divided, Positive Median Barrier",Slush,Wintry Mix,One o'clock,Passenger Car,Disabling,N,Moving Constant Speed,2015-03-01 14:00,39,38.50147194,-76.54323936,1,0,좌회전 차선 사고,등속 주행 중 측면 추돌 사고
4821,N,Apparently Normal,No Misuse,N,Possible Incapacitating Injury,61029eae-86c8-4f88-a8df-a506db2cee78,D,ZD3338000D,Shoulder/Lap Belt(s),F,4c1d8de6-d9a0-4305-bce5-14c60764ab07,Same Direction Rear End,N,Intersection,Right Turn Lane,Daylight,No Defects,"Two-way, Not Divided",Dry,Clear,Seven o'clock,(Sport) Utility Vehicle,Disabling,N,Accelerating,2015-02-07 14:20,37,38.375715,-76.418783,3,3,우회전 차선 사고,동일 방향 운행 중 추돌 사고
4822,N,Had Been Drinking,No Misuse,Y,No Injury,9499a71a-2b22-489d-9829-07873c68c2d5,D,ZD3338000D,Shoulder/Lap Belt(s),M,efd21623-abb3-4bc1-97df-95505a96e96d,Same Direction Rear End,N,Intersection,Right Turn Lane,Daylight,No Defects,"Two-way, Not Divided",Dry,Clear,Roof Top,Passenger Car,Disabling,N,Moving Constant Speed,2015-02-07 14:20,23,38.375715,-76.418783,3,2,우회전 차선 사고,기타
4823,N,Apparently Normal,No Misuse,Y,Possible Incapacitating Injury,8099c93f-c98e-4986-88f2-c86f20711d75,D,ZD39320003,Shoulder/Lap Belt(s),M,53cc25d4-b710-4888-aac5-e33dc18f26e9,Same Direction Rear End,N,Intersection Related,Left Turn Lane,Daylight,No Defects,"Two-way, Divided, Unprotected (painted >4 feet) Median",Dry,Clear,Twelve o'clock,Pickup Truck,Disabling,N,Slowing or Stopping,2015-02-06 15:13,44,38.38882527,-76.43628359,1,3,좌회전 차선 사고,감속 중 사고
4824,N,Apparently Normal,No Misuse,N,Possible Incapacitating Injury,399a10c5-fb00-4d8d-8ba3-f3c17ce55693,D,ZD47960004,Shoulder/Lap Belt(s),F,8243f6d4-308b-4455-ad77-edd9e4ef449d,Same Direction Rear End,N,Non Intersection,Left Turn Lane,Daylight,No Defects,"Two-way, Divided, Positive Median Barrier",Wet,Cloudy,Five o'clock,(Sport) Utility Vehicle,Disabling,N,Stopped in Traffic Lane,2015-01-06 13:18,59,38.59791018,-76.61414623,4,3,빗길사고,기타
4825,N,Apparently Normal,No Misuse,N,Possible Incapacitating Injury,e39756bf-b71b-44a6-920e-e2e8b2ba3a26,D,ZD47960004,Shoulder/Lap Belt(s),F,15ddf1a3-c1d0-4c7c-ad6e-9bf8e8aec543,Same Direction Rear End,N,Non Intersection,Left Turn Lane,Daylight,No Defects,"Two-way, Divided, Positive Median Barrier",Wet,Cloudy,Five o'clock,Passenger Car,Disabling,N,Stopped in Traffic Lane,2015-01-06 13:18,49,38.59791018,-76.61414623,4,3,빗길사고,기타
4826,N,Apparently Normal,No Misuse,N,No Injury,0a7e9eda-3592-475b-8667-6182bb40152c,D,ZD47960004,Shoulder/Lap Belt(s),M,accab29d-80a7-433d-a505-3fcea35b645e,Same Direction Rear End,N,Non Intersection,Left Turn Lane,Daylight,No Defects,"Two-way, Divided, Positive Median Barrier",Wet,Cloudy,Six o'clock,Van,Superficial,N,Stopped in Traffic Lane,2015-01-06 13:18,29,38.59791018,-76.61414623,4,3,빗길사고,기타
4827,N,Apparently Normal,No Misuse,N,Possible Incapacitating Injury,15d382b7-1d08-4805-9c85-98ff64cf9951,D,ZD47960004,Shoulder/Lap Belt(s),M,190f3b11-3fe2-4aae-a231-9bd9140ac2fb,Same Direction Rear End,N,Non Intersection,Left Turn Lane,Daylight,No Defects,"Two-way, Divided, Positive Median Barrier",Wet,Cloudy,Seven o'clock,Passenger Car,Disabling,N,Stopped in Traffic Lane,2015-01-06 13:18,24,38.59791018,-76.61414623,4,3,빗길사고,기타
4828,N,Apparently Normal,No Misuse,N,Possible Incapacitating Injury,ec7b2aa6-a431-41eb-9bcb-8979cc9647e7,D,ZD55520008,Shoulder/Lap Belt(s),F,d3d8b9e2-50ec-4b81-936e-7e952d5eba6f,Same Direction Rear End,N,Intersection Related,Left Turn Lane,Dark Lights On,No Defects,"Two-way, Divided, Unprotected (painted >4 feet) Median",Dry,Clear,Six o'clock,Passenger Car,Disabling,N,Stopped in Traffic Lane,2015-02-09 20:28,28,38.54705782,-76.59024239,1,2,좌회전 차선 사고,기타
4829,N,Apparently Normal,Air Bag Failed,Y,Possible Incapacitating Injury,0baa0d26-3844-4ed4-b44b-c1a593e96b02,D,ZD55520008,Shoulder/Lap Belt(s),M,d78f7197-233c-40d8-9259-25630cb17e3a,Same Direction Rear End,N,Intersection Related,Left Turn Lane,Dark Lights On,No Defects,"Two-way, Divided, Unprotected (painted >4 feet) Median",Dry,Clear,Twelve o'clock,Passenger Car,Disabling,N,Moving Constant Speed,2015-02-09 20:28,35,38.54705782,-76.59024239,1,0,좌회전 차선 사고,등속 주행 중 측면 추돌 사고
4830,N,Apparently Normal,No Misuse,N,Possible Incapacitating Injury,77a95cdf-0646-4a3f-b7ed-4d7de033fabc,D,ZD5673000R,Shoulder/Lap Belt(s),F,7c378d04-1f5e-45af-8316-72d027b8da61,Same Direction Rear End Left Turn,N,Intersection Related,Right Turn Lane,Dark No Lights,No Defects,"Two-way, Not Divided",Dry,Clear,Six o'clock,"Cargo Van/Light Truck 2 axles (10,000 lbs (4,536 kg) or less)",Disabling,N,Stopped in Traffic Lane,2015-01-31 3:27,52,38.70177179,-76.60749435,3,1,우회전 차선 사고,등속 주행 중 측면 추돌 사고
4831,N,Apparently Normal,No Misuse,Y,Possible Incapacitating Injury,dfd3ebdf-799d-46e0-af9d-a45ed4f69b9b,D,ZD5673000R,Shoulder/Lap Belt(s),M,5815420d-3fc7-49b9-9099-1142d9769174,Same Direction Rear End Left Turn,N,Intersection Related,Right Turn Lane,Dark No Lights,No Defects,"Two-way, Not Divided",Dry,Clear,Twelve o'clock,Passenger Car,Disabling,N,Moving Constant Speed,2015-01-31 3:27,23,38.70177179,-76.60749435,3,2,우회전 차선 사고,기타
4832,N,Apparently Normal,No Misuse,Y,Possible Incapacitating Injury,6dce37d7-de7e-48e3-8d85-21b10cfaad37,D,ZD5855000G,Shoulder/Lap Belt(s),F,2c3186a3-ba82-43d3-b64b-4abd9d11f4ee,Single Vehicle ,N,Non Intersection,Right Turn Lane,Dark Lights On,No Defects,"Two-way, Not Divided",Ice,Cloudy,Five o'clock,Passenger Car,Disabling,N,Moving Constant Speed,2015-02-17 19:47,19,38.596091,-76.626171,0,0,눈길사고,감속 중 사고
4833,N,Apparently Normal,No Misuse,Y,Possible Incapacitating Injury,c21cb3ec-4c50-45a9-b05d-8c0eeb332525,D,ZD5982000N,Shoulder/Lap Belt(s),F,b869ac2a-c835-47e3-b0c2-19e75f5925f9,Same Movement Angle,N,Commercial Driveway,Right Turn Lane,Daylight,No Defects,"Two-way, Not Divided",Dry,Clear,Seven o'clock,Passenger Car,Superficial,N,Making Left Turn,2015-03-17 15:38,68,38.50001096,-76.57745361,3,0,우회전 차선 사고,기타
4834,N,Apparently Normal,No Misuse,Y,Possible Incapacitating Injury,2123b6ca-0b9e-42f9-a7cb-3b5361747b03,D,ZF04260009,Shoulder/Lap Belt(s),F,4c9d855b-ca45-465e-89bf-b863b9ec5d9d,Single Vehicle ,N,Non Intersection,Right Turn Lane,Daylight,No Defects,"Two-way, Not Divided",Dry,Clear,Twelve o'clock,Passenger Car,Disabling,N,Moving Constant Speed,2015-01-17 15:52,84,39.67528621,-76.93408012,2,2,기타,기타
4835,N,Apparently Normal,No Misuse,Y,Possible Incapacitating Injury,952c6725-c836-4189-9463-f76ec28bcf9e,D,ZF0458000G,Shoulder/Lap Belt(s),F,b73c4c40-66bc-419f-8fc7-ec295f6c17f3,Same Direction Rear End Right Turn,N,Non Intersection,Right Turn Lane,Dark No Lights,No Defects,"Two-way, Divided, Unprotected (painted >4 feet) Median",Dry,Clear,One o'clock,Passenger Car,Disabling,N,Moving Constant Speed,2015-01-17 18:20,27,39.39402,-76.95826,2,2,기타,기타
4836,N,Apparently Normal,No Misuse,Y,Possible Incapacitating Injury,2166a206-385c-45e5-8cec-1b18bd4ea3cc,D,ZF04640006,Shoulder/Lap Belt(s),F,664ab7c7-c233-4e79-8196-f1e022187e5e,Single Vehicle ,N,Non Intersection,Right Turn Lane,Daylight,No Defects,"Two-way, Not Divided",Ice,Wintry Mix,Twelve o'clock,Passenger Car,Destroyed,N,Moving Constant Speed,2015-01-12 9:12,40,39.37906091,-77.09267378,0,0,눈길사고,감속 중 사고
4837,N,Apparently Normal,No Misuse,N,Possible Incapacitating Injury,1213d0b7-6a42-497b-9fcc-55fbd9e0093d,D,ZG04030007,Shoulder/Lap Belt(s),F,58ecd23b-4226-484a-b828-3e5b6c61233e,Same Direction Rear End,N,Intersection,Right Turn Lane,Daylight,No Defects,"Two-way, Not Divided",Dry,Clear,Six o'clock,(Sport) Utility Vehicle,Disabling,N,Slowing or Stopping,2015-03-30 15:50,28,39.64340407,-75.91036677,3,3,우회전 차선 사고,동일 방향 운행 중 추돌 사고
4838,N,Apparently Normal,No Misuse,Y,No Injury,fda800b7-01a2-408b-8cca-146263f90035,D,ZG04030007,Shoulder/Lap Belt(s),M,97852416-dd87-47bb-b348-b09e258b3a8b,Same Direction Rear End,N,Intersection,Right Turn Lane,Daylight,No Defects,"Two-way, Not Divided",Dry,Clear,Twelve o'clock,Pickup Truck,Disabling,N,Moving Constant Speed,2015-03-30 15:50,58,39.64340407,-75.91036677,3,2,우회전 차선 사고,기타
4839,N,Apparently Normal,No Misuse,N,Possible Incapacitating Injury,70d2d779-dba0-4caa-ab29-898e1fa9e9dc,D,ZG08850002,Shoulder/Lap Belt(s),F,e8414938-de40-48b0-9ac7-ba269bf99669,Same Movement Angle,N,Non Intersection,Right Turn Lane,Dark No Lights,No Defects,"Two-way, Not Divided",Wet,Clear,Twelve o'clock,Pickup Truck,Destroyed,N,Moving Constant Speed,2015-01-25 20:44,18,39.65434972,-75.9072125,2,2,기타,기타
4840,N,Apparently Normal,No Misuse,Y,Possible Incapacitating Injury,3da04538-a496-4167-a25e-a43ee31e9ca5,D,ZG08850005,Shoulder/Lap Belt(s),F,68b2a8f9-c37c-46e0-ac66-b423f81f09ac,Single Vehicle ,N,Non Intersection,Right Turn Lane,Dark No Lights,No Defects,"Two-way, Not Divided",Wet,Foggy,Twelve o'clock,Passenger Car,Destroyed,N,Moving Constant Speed,2015-03-14 23:34,18,39.71279908,-76.02821231,4,2,빗길사고,동일 방향 운행 중 추돌 사고
4841,N,Apparently Normal,No Misuse,N,Possible Incapacitating Injury,1ad841b6-557f-472c-8e14-80e125b8fe8e,D,ZH0446000G,Shoulder/Lap Belt(s),F,f0d7db72-2790-4e18-bc18-2a1266f4a345,Same Direction Rear End,N,Intersection,Right Turn Lane,Daylight,No Defects,"Two-way, Divided, Positive Median Barrier",Dry,Clear,Seven o'clock,Passenger Car,Disabling,N,Making U Turn,2015-03-18 16:00,56,38.652195,-76.85368333,3,3,우회전 차선 사고,동일 방향 운행 중 추돌 사고
4842,N,Apparently Normal,No Misuse,Y,No Injury,393d7938-1f6b-4709-aa50-5aa47adb3c52,D,ZH0446000G,Shoulder/Lap Belt(s),M,7e39a453-3f05-4e24-9c2b-1a450c8debcf,Same Direction Rear End,N,Intersection,Right Turn Lane,Daylight,No Defects,"Two-way, Divided, Positive Median Barrier",Dry,Clear,Twelve o'clock,(Sport) Utility Vehicle,Functional,N,Moving Constant Speed,2015-03-18 16:00,42,38.652195,-76.85368333,3,2,우회전 차선 사고,기타
4843,N,Apparently Normal,No Misuse,Y,Possible Incapacitating Injury,b463054b-4ad1-4442-a1ab-9b6f8bf632de,D,ZH0453002L,Shoulder/Lap Belt(s),F,d0834386-c1af-4099-b32a-b6e071bec106,Single Vehicle ,N,Non Intersection,Right Turn Lane,Daylight,Foreign Material,"Two-way, Not Divided",Ice,Clear,Twelve o'clock,Passenger Car,Disabling,N,Skidding,2015-02-20 7:50,57,38.44233333,-76.82265333,2,0,기타,자차 사고
4844,N,Apparently Normal,No Misuse,N,Possible Incapacitating Injury,b0f79765-c3b2-4503-b548-3344d5660e8f,D,ZH0465000K,Shoulder/Lap Belt(s),F,4c71e707-7ebd-4ef3-8834-67d998bbe57a,Single Vehicle ,N,Non Intersection,Right Turn Lane,Daylight,No Defects,"Two-way, Divided, Positive Median Barrier",Ice,Sleet,Twelve o'clock,Passenger Car,Superficial,N,Moving Constant Speed,2015-03-01 8:55,22,38.62106833,-76.924345,0,0,눈길사고,감속 중 사고
4845,N,Apparently Normal,No Misuse,Y,Possible Incapacitating Injury,3036d7ad-8198-4be0-aa03-3b179c2658a8,D,ZH0546000K,Shoulder/Lap Belt(s),F,347049e9-d534-4bd2-a6cb-cc6b94b35611,Single Vehicle ,N,Non Intersection,Right Turn Lane,Dark No Lights,No Defects,"Two-way, Not Divided",Wet,Wintry Mix,Twelve o'clock,Passenger Car,Disabling,N,Accelerating,2015-02-10 6:25,21,38.65079615,-76.97141647,4,0,빗길사고,등속 주행 중 사고
4846,N,Apparently Normal,No Misuse,Y,Possible Incapacitating Injury,6df5fd51-a0b6-415c-a04e-4bdccb1a6fd5,D,ZH05590006,Shoulder/Lap Belt(s),F,db9efbe6-75e2-4568-8cb1-bb272ed20e15,Same Movement Angle,N,Commercial Driveway,Right Turn Lane,Daylight,No Defects,"Two-way, Not Divided",Wet,Raining,Twelve o'clock,Passenger Car,Disabling,N,Starting From Parked,2015-03-20 16:46,69,38.62614128,-76.90680742,4,1,빗길사고,자차 사고
4847,N,Apparently Normal,No Misuse,N,Possible Incapacitating Injury,922e3fa2-f8a2-4a70-9cce-35ce39eb9885,D,ZH05590006,Shoulder/Lap Belt(s),M,c209b331-0291-4aac-b266-246890b04bb6,Same Movement Angle,N,Commercial Driveway,Right Turn Lane,Daylight,No Defects,"Two-way, Not Divided",Wet,Raining,One o'clock,Passenger Car,Disabling,N,Moving Constant Speed,2015-03-20 16:46,24,38.62614128,-76.90680742,4,1,빗길사고,자차 사고
4848,N,Apparently Normal,No Misuse,Y,No Injury,eff3d621-589f-4b86-900d-ee97e600cef7,D,ZJ04460003,Shoulder/Lap Belt(s),M,96275408-c49c-43d5-a4b5-db831082354f,Same Movement Angle,N,Intersection,Right Turn Lane,Dark No Lights,No Defects,"Two-way, Not Divided",Wet,Clear,Twelve o'clock,Pickup Truck,Disabling,N,Skidding,2015-02-22 19:52,50,39.33980731,-77.47893333,3,0,우회전 차선 사고,기타
4849,N,Apparently Normal,No Misuse,Y,Possible Incapacitating Injury,54329e15-79ef-47c2-a977-a6fb1c199234,D,ZK0119000C,Shoulder/Lap Belt(s),F,7e2587f2-58a8-41ce-af98-c80256d8125a,Single Vehicle ,N,Non Intersection,Right Turn Lane,Daylight,No Defects,"Two-way, Not Divided",Wet,Clear,Twelve o'clock,(Sport) Utility Vehicle,Disabling,N,Moving Constant Speed,2015-01-16 11:00,50,39.453828,-79.33130711,2,2,기타,기타