KEY_INDEX,CDL_FLAG,CONDITION_CODE,EQUIP_PROB_CODE,FAULT_FLAG,INJ_SEVER_CODE,PERSON_ID,PERSON_TYPE,REPORT_NO,SAF_EQUIP_CODE,SEX_CODE,VEHICLE_ID,COLLISION_TYPE_CODE,C_M_ZONE_FLAG,JUNCTION_CODE,LANE_CODE,LIGHT_CODE,RD_COND_CODE,RD_DIV_CODE,SURF_COND_CODE,WEATHER_CODE,AREA_DAMAGED_CODE_MAIN,BODY_TYPE_CODE,DAMAGE_CODE,HIT_AND_RUN_FLAG,MOVEMENT_CODE,TIME,AGE,LATITUDE,LONGITUDE,CLUSTER,SECOND_LABEL,FIRST_LABEL,SECOND_LABELING
4850,N,Apparently Normal,No Misuse,Y,Possible Incapacitating Injury,12b0aa85-d66e-442b-9376-8309cf69bf76,D,ZK01890004,Shoulder/Lap Belt(s),F,4d515a2d-56e2-4004-824a-0be76a999d14,Single Vehicle ,N,Non Intersection,Right Turn Lane,Daylight,No Defects,"Two-way, Not Divided",Dry,Clear,One o'clock,(Sport) Utility Vehicle,Disabling,N,Moving Constant Speed,2015-03-10 9:35,32,39.49126634,-79.11798835,2,2,기타,기타
4851,N,Apparently Normal,No Misuse,Y,Possible Incapacitating Injury,e1d69302-3ce5-4420-b709-3b83040708e1,D,ZK02060008,Shoulder/Lap Belt(s),F,2f213744-6810-4863-b193-c4e180f12135,Single Vehicle ,N,Non Intersection,Right Turn Lane,Dark No Lights,No Defects,"Two-way, Not Divided",Snow,Snow,Twelve o'clock,(Sport) Utility Vehicle,Destroyed,N,Slowing or Stopping,2015-02-14 21:06,64,39.50798513,-79.25088108,0,1,눈길사고,등속 주행 사고
4852,N,Apparently Normal,No Misuse,Y,Possible Incapacitating Injury,f0fc34e1-274e-449a-b1a8-a6917236b469,D,ZK02080004,Shoulder/Lap Belt(s),F,e5c81e6c-9081-4eac-92f5-fee217b885b0,Single Vehicle ,N,Non Intersection,Right Turn Lane,Daylight,No Defects,"Two-way, Not Divided",Snow,Clear,Seven o'clock,Passenger Car,Functional,Y,Slowing or Stopping,2015-02-20 9:50,19,39.41125735,-79.41482842,2,1,기타,등속 주행 사고
4853,N,Apparently Normal,No Misuse,Y,No Injury,abfe91e5-4a9e-41be-8894-4890b0e2a3e5,D,ZK02080005,Shoulder/Lap Belt(s),M,9f73a38b-e0a1-47ae-b090-8de18821c66b,Same Direction Rear End,N,Non Intersection,Right Turn Lane,Daylight,No Defects,"Two-way, Not Divided",Snow,Snow,Twelve o'clock,Pickup Truck,Functional,N,Skidding,2015-02-20 17:04,34,39.35816144,-79.34212446,0,2,눈길사고,미끌어짐에 의한 사고
4854,N,Apparently Normal,No Misuse,N,Possible Incapacitating Injury,773423d3-396d-4e7a-8a9f-68bf01cc8c33,D,ZL0524000J,Shoulder/Lap Belt(s),F,31ba0964-2497-4e8a-a052-d52fa46a46a7,Head On,N,Non Intersection,Right Turn Lane,Dark Lights On,No Defects,"Two-way, Not Divided",Dry,Clear,Eleven o'clock,Passenger Car,Functional,N,Moving Constant Speed,2015-01-01 19:28,50,39.51607025,-76.1965915,2,2,기타,기타
4855,N,Apparently Normal,No Misuse,Y,Possible Incapacitating Injury,7f0aeea7-e33c-4727-bf46-b1491f8df1dd,D,ZL0918000C,Shoulder/Lap Belt(s),F,fc573df7-cc2b-440f-9f3b-48fd3403e9cd,Single Vehicle ,N,Non Intersection,Right Turn Lane,Daylight,No Defects,"Two-way, Divided, Unprotected (painted >4 feet) Median",Dry,Clear,Twelve o'clock,(Sport) Utility Vehicle,Destroyed,N,Moving Constant Speed,2015-03-16 12:17,38,39.53616918,-76.34794992,2,2,기타,기타
4856,N,Apparently Normal,No Misuse,Y,Possible Incapacitating Injury,7b7a9436-641c-4ad9-a8dd-dba5e61019ba,D,ZR01970006,Shoulder/Lap Belt(s),F,cf772355-cc10-45a5-b274-41d275ecbfb2,Head On Left Turn,N,Commercial Driveway,Left Turn Lane,Daylight,No Defects,"Two-way, Not Divided",Wet,Raining,Twelve o'clock,Passenger Car,Disabling,N,Making Left Turn,2015-02-02 9:39,83,38.30273103,-76.65215313,4,0,빗길사고,등속 주행 중 사고
4857,N,Apparently Normal,No Misuse,N,Possible Incapacitating Injury,2638ed8c-643d-4992-8ff2-0245ea2cd80c,D,ZR01970006,Shoulder/Lap Belt(s),M,978c7d21-d94a-4df4-b1fc-9ac1924aa604,Head On Left Turn,N,Commercial Driveway,Left Turn Lane,Daylight,No Defects,"Two-way, Not Divided",Wet,Raining,One o'clock,Passenger Car,Disabling,N,Slowing or Stopping,2015-02-02 9:39,87,38.30273103,-76.65215313,4,0,빗길사고,등속 주행 중 사고
4858,N,Apparently Normal,No Misuse,N,Possible Incapacitating Injury,83022668-0e73-4261-a6f1-cc780f73eead,D,ZR02170002,Shoulder/Lap Belt(s),F,47bfb6a4-69cf-49ea-b5fd-3d92a2f9e491,Same Movement Angle,N,Intersection,Right Turn Lane,Daylight,No Defects,"Two-way, Not Divided",Wet,Clear,Twelve o'clock,Pickup Truck,Disabling,N,Moving Constant Speed,2015-03-02 8:47,42,38.15229299,-76.41703606,3,0,우회전 차선 사고,기타
4859,N,Apparently Normal,No Misuse,Y,No Injury,19ac90fc-ff89-4828-8794-5c6c72466f0d,D,ZR02170002,Shoulder/Lap Belt(s),M,60942dad-38c1-4e2f-8fc8-584ef28bda40,Same Movement Angle,N,Intersection,Right Turn Lane,Daylight,No Defects,"Two-way, Not Divided",Wet,Clear,Nine o'clock,Passenger Car,Disabling,N,Accelerating,2015-03-02 8:47,28,38.15229299,-76.41703606,3,0,우회전 차선 사고,기타
4860,N,Apparently Normal,No Misuse,N,Possible Incapacitating Injury,3c6561b9-12c2-47bd-8ba9-472885300b88,D,ZR02170003,Shoulder/Lap Belt(s),F,1a42d37b-f7b1-48d8-b42f-d120309b479a,Same Movement Angle,N,Intersection,Right Turn Lane,Daylight,No Defects,"Two-way, Not Divided",Dry,Clear,Twelve o'clock,Passenger Car,Disabling,N,Moving Constant Speed,2015-03-08 16:14,33,38.25744148,-76.48401618,3,0,우회전 차선 사고,기타
4861,N,Apparently Normal,No Misuse,Y,No Injury,0a81cf86-e701-4104-9c2f-37ad5e260a05,D,ZR02170003,Shoulder/Lap Belt(s),M,c0afe4de-84c4-47f7-afb8-d68feabbf470,Same Movement Angle,N,Intersection,Right Turn Lane,Daylight,No Defects,"Two-way, Not Divided",Dry,Clear,Ten o'clock,Passenger Car,Disabling,N,Accelerating,2015-03-08 16:14,48,38.25744148,-76.48401618,3,0,우회전 차선 사고,기타
4862,N,Apparently Normal,No Misuse,N,Possible Incapacitating Injury,2f89d483-497a-4a18-a128-6755ee37213e,D,ZR02490004,Shoulder/Lap Belt(s),F,326cba47-1492-4df3-a657-e516e1d5b076,Same Direction Right Turn,N,Non Intersection,Left Turn Lane,Dusk,No Defects,"Two-way, Not Divided",Dry,Clear,Eleven o'clock,Passenger Car,Disabling,N,Moving Constant Speed,2015-02-04 18:25,44,38.29926636,-76.64060354,1,0,좌회전 차선 사고,등속 주행 중 측면 추돌 사고
4863,Y,Apparently Normal,No Misuse,N,No Injury,98e6b806-9a41-4d76-b80c-0f21bbaa5aa1,D,ZR02490004,Shoulder/Lap Belt(s),M,d46558e1-db6e-4d37-98d2-480b5e844a4a,Same Direction Right Turn,N,Non Intersection,Left Turn Lane,Dusk,No Defects,"Two-way, Not Divided",Dry,Clear,One o'clock,Truck Tractor,Disabling,N,Slowing or Stopping,2015-02-04 18:25,46,38.29926636,-76.64060354,1,3,좌회전 차선 사고,감속 중 사고
4864,N,Apparently Normal,No Misuse,Y,No Injury,4fac71a1-435a-4b12-ad2d-40c6476ea1dd,D,ZR02490004,Shoulder/Lap Belt(s),M,8de88581-44c6-4908-8084-81630e119996,Same Direction Right Turn,N,Non Intersection,Left Turn Lane,Dusk,No Defects,"Two-way, Not Divided",Dry,Clear,Three o'clock,(Sport) Utility Vehicle,Superficial,N,Changing Lanes,2015-02-04 18:25,18,38.29926636,-76.64060354,1,1,좌회전 차선 사고,등속 주행 사고
4865,N,Apparently Normal,No Misuse,N,Possible Incapacitating Injury,ce14b8c4-cb65-4a9c-a204-8978c2ddbf91,D,ZR02990007,Shoulder/Lap Belt(s),F,1598e04f-4466-4a91-bd29-d574683c83b9,Same Direction Rear End,N,Non Intersection,Right Turn Lane,Dark No Lights,No Defects,"Two-way, Not Divided",Dry,Clear,Six o'clock,Passenger Car,Disabling,N,Slowing or Stopping,2015-03-07 22:15,35,38.18162203,-76.42248631,2,1,기타,등속 주행 사고
4866,N,Apparently Normal,No Misuse,Y,Possible Incapacitating Injury,a1bfa34d-c72a-4bd2-bc1d-17a36eb81f44,D,ZR02990007,Shoulder/Lap Belt(s),M,196d5e5f-f82b-4719-82f7-979c4bca13a1,Same Direction Rear End,N,Non Intersection,Right Turn Lane,Dark No Lights,No Defects,"Two-way, Not Divided",Dry,Clear,Twelve o'clock,Passenger Car,Disabling,N,Moving Constant Speed,2015-03-07 22:15,22,38.18162203,-76.42248631,2,3,기타,등속 주행 중 측면 추돌 사고
4867,N,Apparently Normal,No Misuse,N,Possible Incapacitating Injury,48696aed-0d06-4c41-912f-b35d384ef72f,D,ZR0309000C,MC/Bike Helmet and Eye Protection,F,324adbbf-3cf9-43ef-9e3a-7216aea1cd57,Single Vehicle ,N,Intersection,Left Turn Lane,Daylight,Foreign Material,"Two-way, Divided, Unprotected (painted >4 feet) Median",Dry,Clear,Four o'clock,Motorcycle,Functional,N,Moving Constant Speed,2015-03-08 15:12,31,38.50043918,-76.77510023,1,0,좌회전 차선 사고,등속 주행 중 측면 추돌 사고
4868,N,Apparently Normal,No Misuse,Y,Possible Incapacitating Injury,ca38e25e-26ea-43bb-b88e-a1ffaa2cd87f,D,ZR0309000G,Shoulder/Lap Belt(s),F,ce5af9d6-b7b1-4f1c-ab78-df292d53814a,Same Direction Rear End,N,Intersection,Right Turn Lane,Daylight,No Defects,"Two-way, Not Divided",Dry,Clear,Twelve o'clock,Passenger Car,Disabling,N,Moving Constant Speed,2015-03-30 13:03,20,38.29340593,-76.53719902,3,2,우회전 차선 사고,기타
4869,N,Apparently Normal,No Misuse,N,No Injury,b2c975b2-3e21-47bb-8c08-dbd89e8269aa,D,ZR0309000G,Shoulder/Lap Belt(s),M,df3c256f-bc5a-434f-9530-166eb2c765f5,Same Direction Rear End,N,Intersection,Right Turn Lane,Daylight,No Defects,"Two-way, Not Divided",Dry,Clear,Six o'clock,Pickup Truck,Functional,N,Stopped in Traffic Lane,2015-03-30 13:03,22,38.29340593,-76.53719902,3,3,우회전 차선 사고,동일 방향 운행 중 추돌 사고
4870,N,Apparently Normal,No Misuse,Y,Possible Incapacitating Injury,cdefa19b-6abb-4a59-907b-7be3a73433a4,D,ZVW241000H,Shoulder/Lap Belt(s),F,b5a9b98c-b891-4b5f-8d65-126b10c163c1,Single Vehicle ,N,Non Intersection,Right Turn Lane,Dawn,Foreign Material,"Two-way, Not Divided",Ice,Cloudy,Twelve o'clock,(Sport) Utility Vehicle,Disabling,N,Moving Constant Speed,2015-03-02 6:21,39,38.48317407,-75.71749449,0,0,눈길사고,감속 중 사고
4871,N,Apparently Normal,No Misuse,N,Possible Incapacitating Injury,f18f6521-6883-4938-ac2d-3255b9b95d87,D,ZVW2780009,Shoulder/Lap Belt(s),F,ab8a0244-932f-4be1-b530-89d53ae45777,Single Vehicle ,N,Non Intersection,Right Turn Lane,Dark No Lights,No Defects,"Two-way, Divided, Unprotected (painted >4 feet) Median",Wet,Raining,Twelve o'clock,Passenger Car,Disabling,N,Moving Constant Speed,2015-01-26 21:45,23,38.38519862,-75.62226534,4,2,빗길사고,동일 방향 운행 중 추돌 사고
4872,N,Apparently Normal,No Misuse,Y,Possible Incapacitating Injury,a549e98a-5d35-45d1-83fc-4710f2ee57de,D,ZVW2910007,Shoulder/Lap Belt(s),F,d89d5725-904d-43d7-b451-d408828a912d,Same Movement Angle,N,Intersection,Right Turn Lane,Daylight,No Defects,"Two-way, Not Divided",Dry,Clear,Twelve o'clock,(Sport) Utility Vehicle,Disabling,N,Entering Traffic Lane,2015-01-17 11:36,45,38.3396997,-75.61065137,3,0,우회전 차선 사고,기타
4873,N,Apparently Normal,No Misuse,N,Possible Incapacitating Injury,20f5b50f-639c-4817-9fec-eaa29c57adbb,D,ZVW2910007,Shoulder/Lap Belt(s),M,7afa7380-63cf-4314-9c2a-5730732c182d,Same Movement Angle,N,Intersection,Right Turn Lane,Daylight,No Defects,"Two-way, Not Divided",Dry,Clear,Ten o'clock,Passenger Car,Disabling,N,Moving Constant Speed,2015-01-17 11:36,37,38.3396997,-75.61065137,3,0,우회전 차선 사고,기타
4874,N,Apparently Normal,No Misuse,Y,Possible Incapacitating Injury,0eb92e7f-bb78-4b1b-b2c4-50593d9a7605,D,ZW01660008,Shoulder/Lap Belt(s),F,c373083c-aa4b-471f-8a53-6ed01ea40c32,Single Vehicle ,N,Intersection,Right Turn Lane,Daylight,No Defects,"Two-way, Not Divided",Snow,Blowing Snow,Twelve o'clock,Passenger Car,Disabling,N,Moving Constant Speed,2015-02-19 10:10,45,38.210689,-75.45083,0,0,눈길사고,감속 중 사고
4875,N,Apparently Normal,No Misuse,N,Incapacitating/Disabled Injury,62d535d7-5014-4518-b952-499d7451cd7a,D,AC1561001B,Shoulder/Lap Belt(s),F,8c9bd034-c180-421a-aec7-c09dbb59434f,Angle Meets Left Turn,N,Intersection,Right Turn Lane,Daylight,No Defects,"Two-way, Not Divided",Dry,Clear,One o'clock,Passenger Car,Disabling,N,Making Left Turn,2015-02-18 8:56,48,39.03729853,-76.47943675,3,1,우회전 차선 사고,등속 주행 중 측면 추돌 사고
4876,N,Apparently Normal,No Misuse,Y,Incapacitating/Disabled Injury,8abf206f-7e9e-45b8-bc4c-52e6234bcfc4,D,AC1561001B,Shoulder/Lap Belt(s),F,85f7163f-5e3a-4161-b2f4-655e62db4b3a,Angle Meets Left Turn,N,Intersection,Right Turn Lane,Daylight,No Defects,"Two-way, Not Divided",Dry,Clear,Twelve o'clock,Passenger Car,Disabling,N,Moving Constant Speed,2015-02-18 8:56,63,39.03729853,-76.47943675,3,2,우회전 차선 사고,기타
4877,N,Apparently Normal,No Misuse,Y,Incapacitating/Disabled Injury,d85ffd1e-a0c6-4988-bcc7-a990b09baa6d,D,AC1821000M,Shoulder/Lap Belt(s),F,3cac73d3-5f03-4299-9d7f-55e1132a6cb5,Single Vehicle ,N,Intersection,Right Turn Lane,Dark Lights On,No Defects,"Two-way, Not Divided",Wet,Clear,Twelve o'clock,Passenger Car,Disabling,N,Moving Constant Speed,2015-01-04 23:34,20,39.05430123,-76.63380146,3,2,우회전 차선 사고,기타
4878,N,Apparently Normal,No Misuse,N,Incapacitating/Disabled Injury,ac016951-913a-4ae2-8b65-c107e7d4e997,D,AC19500014,Shoulder/Lap Belt(s),F,d34f16a5-82a7-41a5-b5bb-c324398b5c99,Same Direction Rear End Left Turn,N,Non Intersection,Right Turn Lane,Dark Lights On,No Defects,"Two-way, Divided, Unprotected (painted >4 feet) Median",Dry,Clear,Eight o'clock,Passenger Car,Destroyed,N,Making Left Turn,2015-02-13 18:49,56,39.09112504,-76.71283007,2,0,기타,자차 사고
4879,N,Apparently Normal,No Misuse,N,Possible Incapacitating Injury,92f44fb9-7a8d-47e3-80d5-ea10613bde0a,D,AC19500014,Shoulder/Lap Belt(s),M,5d658bab-67ae-4a26-8702-36e975543618,Same Direction Rear End Left Turn,N,Non Intersection,Right Turn Lane,Dark Lights On,No Defects,"Two-way, Divided, Unprotected (painted >4 feet) Median",Dry,Clear,One o'clock,Passenger Car,Disabling,N,Slowing or Stopping,2015-02-13 18:49,43,39.09112504,-76.71283007,2,1,기타,등속 주행 사고
4880,N,Apparently Normal,No Misuse,Y,No Injury,060139e2-740b-4147-87ca-be6fcc8b29f8,D,ADE7460009,Shoulder/Lap Belt(s),M,6575c1ad-e7e8-4750-aec7-d13ec7dc3fbe,Head On Left Turn,N,Intersection,Right Turn Lane,Daylight,No Defects,"Two-way, Not Divided",Dry,Clear,Twelve o'clock,Passenger Car,Superficial,N,Making Left Turn,2015-01-30 15:50,22,39.336289,-76.61492944,3,1,우회전 차선 사고,등속 주행 중 측면 추돌 사고
4881,N,Apparently Normal,No Misuse,Y,Incapacitating/Disabled Injury,ee5da00a-0de4-4d11-9821-e262462528e7,D,ADJ1740003,Shoulder/Lap Belt(s),F,a1070398-348d-4dff-ba5c-b0dfea4d03ca,Same Movement Angle,N,Intersection,Right Turn Lane,Daylight,No Defects,"Two-way, Not Divided",Wet,Raining,Twelve o'clock,Recreational Vehicle,Destroyed,N,Moving Constant Speed,2015-03-14 13:00,52,39.32774405,-76.56599119,4,1,빗길사고,자차 사고
4882,N,Apparently Normal,No Misuse,N,Non-incapacitating Injury,9a00566c-955a-46b0-95d3-67a18d87e3ab,D,ADJ1740003,Shoulder/Lap Belt(s),M,c9a50c57-5058-4a83-bd9e-53364a23b1fb,Same Movement Angle,N,Intersection,Right Turn Lane,Daylight,No Defects,"Two-way, Not Divided",Wet,Raining,Seven o'clock,"Other Light Trucks (10,000 lbs (4,536 kg))",Functional,N,Moving Constant Speed,2015-03-14 13:00,61,39.32774405,-76.56599119,4,1,빗길사고,자차 사고
4883,N,Apparently Normal,No Misuse,Y,Incapacitating/Disabled Injury,8ca49a55-962a-4772-86ec-f425fc6c16ed,D,AE38630006,Shoulder/Lap Belt(s),F,23707874-54d1-4540-8206-91c6a908c82f,Head On,N,Non Intersection,Right Turn Lane,Daylight,No Defects,"Two-way, Not Divided",Ice,Raining,Twelve o'clock,Passenger Car,Disabling,N,Moving Constant Speed,2015-01-03 10:00,38,39.39816541,-76.79943323,0,0,눈길사고,감속 중 사고
4884,N,Apparently Normal,No Misuse,N,Incapacitating/Disabled Injury,096f58d3-57a6-4d32-b871-f9e29d2cc8e0,D,AE4279001B,Shoulder/Lap Belt(s),F,31e186bb-82d4-4013-83ce-80ec7b8d790a,Angle Meets Left Turn,N,Intersection,Right Turn Lane,Daylight,No Defects,"Two-way, Not Divided",Dry,Clear,Ten o'clock,Passenger Car,Disabling,N,Making Left Turn,2015-02-25 17:44,63,39.522501,-76.558684,3,1,우회전 차선 사고,등속 주행 중 측면 추돌 사고
4885,N,Apparently Normal,No Misuse,Y,No Injury,1976ea6a-8d70-430d-bb0d-7d915725891d,D,AE4279001B,Shoulder/Lap Belt(s),M,3a78c90e-8335-4d14-98e7-e966f19d6d4e,Angle Meets Left Turn,N,Intersection,Right Turn Lane,Daylight,No Defects,"Two-way, Not Divided",Dry,Clear,Twelve o'clock,(Sport) Utility Vehicle,Functional,N,Starting From Lane,2015-02-25 17:44,48,39.522501,-76.558684,3,1,우회전 차선 사고,등속 주행 중 측면 추돌 사고
4886,N,Apparently Normal,No Misuse,Y,Incapacitating/Disabled Injury,c102a462-bfa4-47c9-8021-0c234d2367e7,D,AE4336000W,Shoulder/Lap Belt(s),F,d0530da8-8bf5-48f9-b5c1-932a594194da,Same Direction Rear End,N,Non Intersection,Right Turn Lane,Dark No Lights,No Defects,"Two-way, Not Divided",Dry,Clear,One o'clock,Passenger Car,Disabling,N,Moving Constant Speed,2015-02-20 19:49,40,39.4500462,-76.80892825,2,3,기타,등속 주행 중 측면 추돌 사고
4887,N,Apparently Normal,No Misuse,Y,Incapacitating/Disabled Injury,17cc9a53-f274-4be8-bd25-78b9e9deb431,D,AS03200005,Shoulder/Lap Belt(s),F,fc2998df-e821-458c-bf32-4ab74b0f70bb,Same Movement Angle,N,Intersection,Right Turn Lane,Daylight,No Defects,"Two-way, Not Divided",Snow,Blowing Snow,Nine o'clock,Passenger Car,Disabling,N,Slowing or Stopping,2015-03-05 15:20,59,38.55213104,-76.05177283,0,1,눈길사고,등속 주행 사고
4888,N,Apparently Normal,No Misuse,N,No Injury,3241d234-1d1d-4862-82b4-6cc2d0c2268e,D,AS03200005,Shoulder/Lap Belt(s),M,4f3179d7-d89c-46b1-b8c9-f09efb9fd493,Same Movement Angle,N,Intersection,Right Turn Lane,Daylight,No Defects,"Two-way, Not Divided",Snow,Blowing Snow,Twelve o'clock,Passenger Car,Functional,N,Moving Constant Speed,2015-03-05 15:20,27,38.55213104,-76.05177283,0,0,눈길사고,감속 중 사고
4889,N,Apparently Normal,No Misuse,N,Incapacitating/Disabled Injury,ea249b4a-f96b-4b74-9664-d9b16673b29a,D,BK0241000R,Shoulder/Lap Belt(s),F,89f3c624-bbeb-4069-90a2-473334b9144c,Head On,N,Non Intersection,Right Turn Lane,Dark Lights On,No Defects,"Two-way, Divided, Positive Median Barrier",Wet,Cloudy,Twelve o'clock,Station Wagon,Destroyed,N,Moving Constant Speed,2015-02-23 0:56,29,39.60322486,-75.83839774,4,2,빗길사고,동일 방향 운행 중 추돌 사고
4890,N,Had Been Drinking,No Misuse,Y,Incapacitating/Disabled Injury,acecc395-fe2a-4014-a52e-ccaa9faea740,D,BK0241000R,Shoulder/Lap Belt(s),F,7166e1fc-3f6b-4441-8843-b2ca48fc47b9,Head On,N,Non Intersection,Right Turn Lane,Dark Lights On,No Defects,"Two-way, Divided, Positive Median Barrier",Wet,Cloudy,Twelve o'clock,(Sport) Utility Vehicle,Destroyed,N,Moving Constant Speed,2015-02-23 0:56,41,39.60322486,-75.83839774,4,2,빗길사고,동일 방향 운행 중 추돌 사고
4891,N,Apparently Normal,No Misuse,N,Incapacitating/Disabled Injury,a80e0f6b-3294-405f-8e88-b15d2f61d48f,D,BX49450004,Shoulder/Lap Belt(s),F,5569a20d-76d5-4c3d-b11e-badb4a375c87,Same Movement Angle,N,Intersection,Right Turn Lane,Daylight,No Defects,"Two-way, Not Divided",Dry,Clear,Nine o'clock,Passenger Car,Functional,N,Making Left Turn,2015-01-23 10:48,37,39.615772,-77.73028851,3,0,우회전 차선 사고,기타
4892,N,Apparently Normal,No Misuse,N,Incapacitating/Disabled Injury,3e210925-8704-4dc2-b83e-0f338cbe7bbd,D,CB5267000T,Shoulder Belt Only,M,60a666d8-805f-4c27-97cd-1fc6da7c3ece,Head On,N,Non Intersection,Right Turn Lane,Daylight,No Defects,"Two-way, Divided, Unprotected (painted >4 feet) Median",Wet,Raining,Twelve o'clock,(Sport) Utility Vehicle,Disabling,N,Moving Constant Speed,2015-01-03 13:00,59,39.19554467,-76.79400444,4,2,빗길사고,동일 방향 운행 중 추돌 사고
4893,N,Apparently Normal,No Misuse,Y,Incapacitating/Disabled Injury,2f220104-7d54-4e77-a2ab-837ca3b9408a,D,CB5612000D,Shoulder/Lap Belt(s),F,f9019950-cee4-4ee5-8550-335466213857,Single Vehicle ,N,Non Intersection,Right Turn Lane,Daylight,No Defects,"Two-way, Divided, Unprotected (painted >4 feet) Median",Ice,Wintry Mix,Two o'clock,(Sport) Utility Vehicle,Disabling,N,Moving Constant Speed,2015-01-18 9:17,48,39.29884833,-76.90689,0,0,눈길사고,감속 중 사고
4894,N,Apparently Normal,No Misuse,N,No Injury,651a0300-abea-4fef-ab19-916e7f1aab0e,D,DA2260000G,Shoulder/Lap Belt(s),M,5567b8b2-9ea8-4ceb-99eb-9e2c18ae7ae3,Same Movement Angle,N,Non Intersection,Left Turn Lane,Dark No Lights,No Defects,"Two-way, Divided, Positive Median Barrier",Dry,Clear,Twelve o'clock,Passenger Car,Disabling,N,Moving Constant Speed,2015-03-23 6:40,27,38.95089878,-76.83704853,1,0,좌회전 차선 사고,등속 주행 중 측면 추돌 사고
4895,N,Apparently Normal,No Misuse,Y,Incapacitating/Disabled Injury,5c1269e6-67a2-4d6a-a1c3-26902fe1cff8,D,DA36460001,Shoulder Belt Only,F,5f97985f-b56a-4711-aa53-35c873d1a554,Same Movement Angle,N,Intersection,Right Turn Lane,Daylight,No Defects,"Two-way, Divided, Unprotected (painted >4 feet) Median",Ice,Clear,Eleven o'clock,Other Bus,Disabling,N,Making U Turn,2015-01-08 12:18,56,39.05559884,-76.86096311,3,0,우회전 차선 사고,기타
4896,N,Apparently Normal,No Misuse,N,Possible Incapacitating Injury,18d770d4-47f2-4c5c-8bd2-302d7c7ebf57,D,DA36460001,Shoulder/Lap Belt(s),M,4de2976c-8376-4c64-82c1-7737b0753c52,Same Movement Angle,N,Intersection,Right Turn Lane,Daylight,No Defects,"Two-way, Divided, Unprotected (painted >4 feet) Median",Ice,Clear,Twelve o'clock,Passenger Car,Destroyed,N,Making U Turn,2015-01-08 12:18,62,39.05559884,-76.86096311,3,0,우회전 차선 사고,기타
4897,N,Apparently Normal,No Misuse,Y,Incapacitating/Disabled Injury,7a07373a-4113-4156-9654-7b66a020107e,D,DA36600006,Shoulder/Lap Belt(s),F,8c6bbf76-db5f-4822-a0b3-22a77e12a555,Single Vehicle ,N,Non Intersection,Right Turn Lane,Dawn,No Defects,"Two-way, Divided, Positive Median Barrier",Snow,Snow,Twelve o'clock,Passenger Car,Destroyed,N,Moving Constant Speed,2015-01-06 7:36,36,38.91906893,-76.93099022,0,0,눈길사고,감속 중 사고
4898,N,Apparently Normal,No Misuse,Y,No Injury,355fb256-ade1-49df-848e-56bf3d43bc9c,D,DA3709000C,Shoulder/Lap Belt(s),M,4baf17f4-14b7-4f7e-b67b-9458f880aca2,Single Vehicle ,N,Non Intersection,Right Turn Lane,Daylight,No Defects,"Two-way, Not Divided",Dry,Clear,Twelve o'clock,(Sport) Utility Vehicle,No Damage,N,Making Right Turn,2015-03-02 16:00,77,38.76679964,-76.88882589,2,0,기타,자차 사고
4899,N,Apparently Normal,No Misuse,N,Non-incapacitating Injury,0ed9c8a0-51f7-4fd4-bbf9-624164b307a2,D,MCP08330006,Shoulder/Lap Belt(s),M,a63884be-8801-4fe0-8c21-9e095cacaab6,Same Direction Rear End,N,Intersection,Right Turn Lane,Daylight,No Defects,"Two-way, Divided, Positive Median Barrier",Dry,Clear,Six o'clock,Passenger Car,Functional,N,Slowing or Stopping,2015-03-13 16:15,76,39.14965667,-77.067285,3,3,우회전 차선 사고,동일 방향 운행 중 추돌 사고
4900,N,Apparently Normal,No Misuse,Y,Incapacitating/Disabled Injury,0fc3485e-bd81-4aa1-9a43-70c31d7de018,D,MCP1022002F,Shoulder/Lap Belt(s),F,9aba448e-6fee-4dea-8c7e-287d47013baa,Same Movement Angle,N,Intersection,Right Turn Lane,Daylight,No Defects,"Two-way, Divided, Positive Median Barrier",Wet,Cloudy,Five o'clock,Passenger Car,Disabling,N,Moving Constant Speed,2015-03-11 8:52,54,39.231565,-77.25853833,4,1,빗길사고,자차 사고
4901,N,Apparently Normal,No Misuse,N,No Injury,993f909e-bca4-48da-99eb-7e68a48c3edc,D,MCP1022002F,Shoulder/Lap Belt(s),M,5fe613bd-c37c-40b7-8a0a-a9e56f3879d4,Same Movement Angle,N,Intersection,Right Turn Lane,Daylight,No Defects,"Two-way, Divided, Positive Median Barrier",Wet,Cloudy,Twelve o'clock,Van,Disabling,N,Moving Constant Speed,2015-03-11 8:52,41,39.231565,-77.25853833,4,1,빗길사고,자차 사고
4902,N,Apparently Normal,No Misuse,N,Incapacitating/Disabled Injury,66ae9567-bf41-417f-ab73-b8c8c898f684,D,MCP1022002H,Shoulder/Lap Belt(s),F,462b1f63-9871-4d17-a387-465e86a1c665,Same Direction Rear End,N,Residential Driveway,Right Turn Lane,Daylight,No Defects,"Two-way, Not Divided",Dry,Clear,Six o'clock,(Sport) Utility Vehicle,Disabling,N,Stopped in Traffic Lane,2015-03-23 14:48,64,39.285435,-77.19413333,3,3,우회전 차선 사고,동일 방향 운행 중 추돌 사고