KEY_INDEX,CDL_FLAG,CONDITION_CODE,EQUIP_PROB_CODE,FAULT_FLAG,INJ_SEVER_CODE,PERSON_ID,PERSON_TYPE,REPORT_NO,SAF_EQUIP_CODE,SEX_CODE,VEHICLE_ID,COLLISION_TYPE_CODE,C_M_ZONE_FLAG,JUNCTION_CODE,LANE_CODE,LIGHT_CODE,RD_COND_CODE,RD_DIV_CODE,SURF_COND_CODE,WEATHER_CODE,AREA_DAMAGED_CODE_MAIN,BODY_TYPE_CODE,DAMAGE_CODE,HIT_AND_RUN_FLAG,MOVEMENT_CODE,TIME,AGE,LATITUDE,LONGITUDE,CLUSTER,SECOND_LABEL,FIRST_LABEL,SECOND_LABELING
4903,N,Apparently Normal,No Misuse,Y,Possible Incapacitating Injury,3ad01d24-d6a1-4887-bc3a-b253d53262ab,D,MCP1022002H,Shoulder/Lap Belt(s),M,d77fcd7b-60d0-401b-b738-e4f38d2d2a30,Same Direction Rear End,N,Residential Driveway,Right Turn Lane,Daylight,No Defects,"Two-way, Not Divided",Dry,Clear,Twelve o'clock,(Sport) Utility Vehicle,Disabling,N,Moving Constant Speed,2015-03-23 14:48,65,39.285435,-77.19413333,3,2,우회전 차선 사고,기타
4904,N,Physical Defects,No Misuse,Y,Non-incapacitating Injury,da84bd5b-0f01-4925-9cf6-7e79bf247b1f,D,MCP1205000Y,Shoulder/Lap Belt(s),M,068ab944-21d7-4cea-ba85-7006ecbf9fcf,Single Vehicle ,N,Commercial Driveway,Acceleration Lane,Daylight,No Defects,"Two-way, Divided, Positive Median Barrier",Dry,Clear,Twelve o'clock,Passenger Car,Disabling,N,Moving Constant Speed,2015-02-28 9:21,62,39.02763549,-77.07640886,1,0,좌회전 차선 사고,등속 주행 중 측면 추돌 사고
4905,N,Apparently Normal,No Misuse,Y,Incapacitating/Disabled Injury,dceee6d5-df46-45e3-a956-cc514ff03523,D,MSP14140033,Shoulder/Lap Belt(s),F,b31de075-6979-4ad4-8b3e-43a13dad6aa8,Same Movement Angle,N,Intersection,Right Turn Lane,Dark No Lights,No Defects,"Two-way, Not Divided",Dry,Clear,Twelve o'clock,(Sport) Utility Vehicle,Destroyed,N,Accelerating,2015-02-03 18:06,58,39.40224817,-77.60721883,3,0,우회전 차선 사고,기타
4906,N,Apparently Normal,No Misuse,N,Incapacitating/Disabled Injury,65a0246b-bcc0-4b6a-88fd-9e4d66db2a39,D,MSP14140033,Shoulder/Lap Belt(s),M,0e0597af-fdd6-4453-8e13-f261d425e5b4,Same Movement Angle,N,Intersection,Right Turn Lane,Dark No Lights,No Defects,"Two-way, Not Divided",Dry,Clear,Twelve o'clock,Pickup Truck,Destroyed,N,Moving Constant Speed,2015-02-03 18:06,19,39.40224817,-77.60721883,3,0,우회전 차선 사고,기타
4907,N,Apparently Normal,No Misuse,N,Incapacitating/Disabled Injury,15314dee-c64d-4bca-b1a5-895eae58031f,D,MSP4524000Q,Shoulder/Lap Belt(s),F,5adac644-77d0-45f0-81b7-162344ab747e,Same Direction Rear End,N,Non Intersection,Right Turn Lane,Daylight,No Defects,"Two-way, Not Divided",Dry,Clear,Six o'clock,Recreational Vehicle,Functional,N,Slowing or Stopping,2015-03-16 17:44,49,39.46341622,-77.36464977,2,1,기타,등속 주행 사고
4908,N,Influenced by Medications and/or Drugs and/or Alcohol,No Misuse,Y,No Injury,26c5d5b8-42c4-40e8-8c54-f234307ff6b5,D,MSP4524000Q,Shoulder/Lap Belt(s),F,08e967b3-6d7f-4f11-bc08-3cd148bfafcd,Same Direction Rear End,N,Non Intersection,Right Turn Lane,Daylight,No Defects,"Two-way, Not Divided",Dry,Clear,Twelve o'clock,Passenger Car,Functional,N,Moving Constant Speed,2015-03-16 17:44,27,39.46341622,-77.36464977,2,3,기타,등속 주행 중 측면 추돌 사고
4909,N,Apparently Normal,No Misuse,Y,Incapacitating/Disabled Injury,61fc2c5b-48e9-4126-95da-2a34fb726e34,D,MSP4816000J,Shoulder Belt Only,F,6ac2aee6-ec27-4f0a-a5dc-f33a66aee75e,Single Vehicle ,N,Non Intersection,Right Turn Lane,Daylight,No Defects,"Two-way, Divided, Positive Median Barrier",Dry,Clear,Twelve o'clock,Passenger Car,Functional,N,Slowing or Stopping,2015-01-06 14:32,18,38.60697804,-76.61345959,2,1,기타,등속 주행 사고
4910,N,Apparently Normal,No Misuse,Y,Incapacitating/Disabled Injury,0aa185d4-2ee9-467a-b9d7-bcb565cde018,D,MSP54160016,Shoulder/Lap Belt(s),F,34da7d05-ee64-4a6f-853a-315384e556d5,Same Direction Rear End Left Turn,N,Residential Driveway,Right Turn Lane,Daylight,No Defects,"Two-way, Not Divided",Dry,Clear,Twelve o'clock,(Sport) Utility Vehicle,Disabling,N,Slowing or Stopping,2015-01-08 16:22,25,38.21621197,-76.51487032,3,1,우회전 차선 사고,등속 주행 중 측면 추돌 사고
4911,N,Apparently Normal,No Misuse,N,No Injury,030fce70-73e4-4e0b-a720-dfcda45c5653,D,MSP54160016,Shoulder/Lap Belt(s),M,44580267-6f9d-48f0-b2dd-eefe911f6036,Same Direction Rear End Left Turn,N,Residential Driveway,Right Turn Lane,Daylight,No Defects,"Two-way, Not Divided",Dry,Clear,Seven o'clock,"Cargo Van/Light Truck 2 axles (10,000 lbs (4,536 kg) or less)",Functional,N,Making Left Turn,2015-01-08 16:22,33,38.21621197,-76.51487032,3,1,우회전 차선 사고,등속 주행 중 측면 추돌 사고
4912,N,Apparently Normal,No Misuse,Y,Incapacitating/Disabled Injury,276ab366-d5ee-4fb2-af7c-6bfa0e12a6f7,D,MSP54540010,Shoulder/Lap Belt(s),M,c5108811-e792-4cc4-8242-2fde49355173,Same Movement Angle,N,Intersection,Left Turn Lane,Dark Lights On,No Defects,"Two-way, Divided, Positive Median Barrier",Dry,Clear,Three o'clock,(Sport) Utility Vehicle,Destroyed,N,Accelerating,2015-03-08 19:43,72,38.3854765,-75.42228467,1,1,좌회전 차선 사고,등속 주행 사고
4913,N,Apparently Normal,No Misuse,N,Incapacitating/Disabled Injury,6151b2c4-924f-4742-9767-5da8faa9f4c4,D,MSP5660002Z,Shoulder/Lap Belt(s),F,00742d2f-d38f-4587-9b2f-39b6a74276eb,Same Direction Rear End,N,Non Intersection,Left Turn Lane,Dark No Lights,No Defects,One-way Trafficway,Ice,Severe Winds,Seven o'clock,Passenger Car,Disabling,N,Slowing or Stopping,2015-02-15 2:38,30,39.01904367,-76.9314875,0,1,눈길사고,등속 주행 사고
4914,N,Apparently Normal,No Misuse,Y,No Injury,7c70c562-0eb8-4c7d-8f5b-d7accfd6a711,D,MSP5660002Z,Shoulder/Lap Belt(s),M,302e4bdf-a895-44bf-be27-fb750702f7dc,Same Direction Rear End,N,Non Intersection,Left Turn Lane,Dark No Lights,No Defects,One-way Trafficway,Ice,Severe Winds,One o'clock,(Sport) Utility Vehicle,Superficial,N,Slowing or Stopping,2015-02-15 2:38,49,39.01904367,-76.9314875,0,1,눈길사고,등속 주행 사고
4915,N,Apparently Normal,No Misuse,N,Incapacitating/Disabled Injury,983ec17c-6e04-4d81-b3bc-a5862be2cf38,D,MSP5660003F,Shoulder/Lap Belt(s),M,30dc3a5a-7b6d-47a2-8cf0-32742c659eb6,Same Direction Rear End,N,Non Intersection,Right Turn Lane,Daylight,No Defects,"Two-way, Divided, Positive Median Barrier",Dry,Clear,Six o'clock,Passenger Car,Disabling,N,Slowing or Stopping,2015-03-30 17:46,25,39.018221,-76.926656,2,1,기타,등속 주행 사고
4916,N,Apparently Normal,No Misuse,N,Incapacitating/Disabled Injury,cf919efb-c8f2-4d18-9490-853178e90bb2,D,MSP5688000Z,Shoulder/Lap Belt(s),F,c98822c5-a849-4730-a953-eb9204d397b6,Head On,N,Non Intersection,Right Turn Lane,Daylight,No Defects,"Two-way, Not Divided",Dry,Clear,Twelve o'clock,(Sport) Utility Vehicle,Disabling,N,Moving Constant Speed,2015-03-19 17:33,51,38.39252167,-76.77521917,2,2,기타,기타
4917,N,Apparently Normal,No Misuse,Y,Incapacitating/Disabled Injury,6b71ca2e-d7ec-4b1f-8962-1ac553f3b921,D,MSP5688000Z,Shoulder/Lap Belt(s),M,c1dcd8f2-1186-4450-98a0-20fede26309c,Head On,N,Non Intersection,Right Turn Lane,Daylight,No Defects,"Two-way, Not Divided",Dry,Clear,Eleven o'clock,Pickup Truck,Destroyed,N,Moving Constant Speed,2015-03-19 17:33,23,38.39252167,-76.77521917,2,2,기타,기타
4918,N,Apparently Normal,No Misuse,Y,Incapacitating/Disabled Injury,2862f6d1-de4a-444c-9113-0c64c4228e3c,D,MSP5842001K,Shoulder/Lap Belt(s),F,ad44086d-7aab-457f-a757-0a6f6930a127,Same Movement Angle,N,Non Intersection,Right Turn Lane,Daylight,No Defects,"Two-way, Divided, Positive Median Barrier",Dry,Clear,Twelve o'clock,Pickup Truck,Destroyed,N,Negotiating a Curve,2015-03-21 15:48,64,39.62926717,-75.95382367,2,0,기타,자차 사고
4919,N,Apparently Normal,No Misuse,N,Incapacitating/Disabled Injury,bde584d7-ee56-43e8-b225-5eb98dfe527f,D,MSP5842001K,Shoulder/Lap Belt(s),M,0e71232c-f18f-44af-bbee-32362c728a0f,Same Movement Angle,N,Non Intersection,Right Turn Lane,Daylight,No Defects,"Two-way, Divided, Positive Median Barrier",Dry,Clear,Twelve o'clock,Passenger Car,Destroyed,N,Moving Constant Speed,2015-03-21 15:48,62,39.62926717,-75.95382367,2,2,기타,기타
4920,N,Apparently Normal,No Misuse,N,Incapacitating/Disabled Injury,55870dcb-6e8e-4dcd-808e-5fb0b4f176dd,D,MSP5968001Q,Shoulder/Lap Belt(s),F,0ecfcedd-38ec-4b5c-a4c3-773d8904a9ba,Same Direction Rear End,N,Intersection Related,Left Turn Lane,Dark Lights On,No Defects,"Two-way, Divided, Positive Median Barrier",Wet,Raining,Six o'clock,(Sport) Utility Vehicle,Functional,N,Stopped in Traffic Lane,2015-01-12 7:08,45,38.63400583,-76.90367783,4,3,빗길사고,기타
4921,N,Apparently Normal,No Misuse,Y,No Injury,686d947f-b924-4ab2-89cc-4fc2963d8c96,D,MSP5968001Q,Shoulder/Lap Belt(s),M,cf902592-193b-480a-a7b8-678345534ea0,Same Direction Rear End,N,Intersection Related,Left Turn Lane,Dark Lights On,No Defects,"Two-way, Divided, Positive Median Barrier",Wet,Raining,Twelve o'clock,Pickup Truck,Functional,N,Moving Constant Speed,2015-01-12 7:08,53,38.63400583,-76.90367783,4,2,빗길사고,동일 방향 운행 중 추돌 사고
4922,N,Apparently Normal,No Misuse,Y,Incapacitating/Disabled Injury,ab6d5a56-5b31-4534-a189-5f2b6f4fe789,D,MSP6056002W,Shoulder/Lap Belt(s),F,c8cc0134-72db-4a05-9af0-04423219e568,Same Direction Rear End,N,Non Intersection,Right Turn Lane,Daylight,No Defects,"Two-way, Divided, Positive Median Barrier",Dry,Clear,Twelve o'clock,Passenger Car,Destroyed,N,Moving Constant Speed,2015-02-27 16:53,39,39.16631072,-76.64512713,2,3,기타,등속 주행 중 측면 추돌 사고
4923,N,Apparently Normal,No Misuse,N,No Injury,48d381bf-bcf7-4c40-a01a-889cd71de36e,D,MSP6056002W,Shoulder/Lap Belt(s),M,3cab1316-877b-4f1d-bf0c-d4d764b990de,Same Direction Rear End,N,Non Intersection,Right Turn Lane,Daylight,No Defects,"Two-way, Divided, Positive Median Barrier",Dry,Clear,Six o'clock,Pickup Truck,Functional,N,Slowing or Stopping,2015-02-27 16:53,40,39.16631072,-76.64512713,2,1,기타,등속 주행 사고
4924,N,Apparently Normal,No Misuse,N,Incapacitating/Disabled Injury,e9351efb-4609-4a99-b700-ef5fde63c36e,D,MSP60700041,Shoulder/Lap Belt(s),F,599f6e67-938b-4716-bc7c-de426872f77d,Same Movement Angle,N,Intersection,Acceleration Lane,Daylight,No Defects,"Two-way, Divided, Positive Median Barrier",Wet,Snow,Twelve o'clock,Passenger Car,Disabling,N,Moving Constant Speed,2015-01-14 8:29,35,38.82069133,-76.84880033,4,1,빗길사고,자차 사고
4925,N,Apparently Normal,No Misuse,Y,Incapacitating/Disabled Injury,31f8a1c8-91c2-4fb3-9b61-d331e30051a0,D,MSP60700041,Shoulder/Lap Belt(s),F,5d556972-3017-418c-83bd-6d328a6592a4,Same Movement Angle,N,Intersection,Acceleration Lane,Daylight,No Defects,"Two-way, Divided, Positive Median Barrier",Wet,Snow,One o'clock,Passenger Car,Disabling,N,Making Left Turn,2015-01-14 8:29,25,38.82069133,-76.84880033,4,1,빗길사고,자차 사고
4926,N,Apparently Normal,No Misuse,N,Incapacitating/Disabled Injury,bc9d7246-1dfb-4c57-a540-ce42d06eab08,D,MSP60700046,Shoulder/Lap Belt(s),F,a8566136-38a3-4878-b16b-f06a8b417cf5,Same Direction Rear End,N,Non Intersection,Deceleration Lane,Daylight,No Defects,"Two-way, Divided, Positive Median Barrier",Dry,Clear,Six o'clock,Passenger Car,Functional,N,Slowing or Stopping,2015-02-11 11:00,43,38.85672967,-76.85358367,1,3,좌회전 차선 사고,감속 중 사고
4927,N,Apparently Normal,No Misuse,N,No Injury,05b8cb5d-e8b8-44a3-808b-70db6fda00c2,D,MSP60700046,Shoulder/Lap Belt(s),M,e40f7b59-1bf2-4b0c-baac-9ff7b556bd0b,Same Direction Rear End,N,Non Intersection,Deceleration Lane,Daylight,No Defects,"Two-way, Divided, Positive Median Barrier",Dry,Clear,Twelve o'clock,Passenger Car,Functional,N,Slowing or Stopping,2015-02-11 11:00,57,38.85672967,-76.85358367,1,3,좌회전 차선 사고,감속 중 사고
4928,N,Apparently Normal,No Misuse,Y,No Injury,cf94c732-e8b6-42de-95cf-998461888cc1,D,MSP60700046,Shoulder/Lap Belt(s),M,ec8f7fb6-6f8f-470a-85dd-f860bb3af0cc,Same Direction Rear End,N,Non Intersection,Deceleration Lane,Daylight,No Defects,"Two-way, Divided, Positive Median Barrier",Dry,Clear,Twelve o'clock,Passenger Car,Functional,N,Slowing or Stopping,2015-02-11 11:00,29,38.85672967,-76.85358367,1,3,좌회전 차선 사고,감속 중 사고
4929,N,Apparently Normal,No Misuse,Y,Incapacitating/Disabled Injury,30aae078-d00a-4548-aa01-c1f867eb6f6f,D,MSP6150001G,Shoulder/Lap Belt(s),F,235d2986-aaef-4f3b-93c3-4281c30b8720,Single Vehicle ,N,Non Intersection,Right Turn Lane,Daylight,No Defects,"Two-way, Divided, Unprotected (painted >4 feet) Median",Dry,Clear,Twelve o'clock,(Sport) Utility Vehicle,Destroyed,N,Moving Constant Speed,2015-03-08 9:06,17,38.450195,-76.071632,2,2,기타,기타
4930,N,Apparently Normal,No Misuse,N,Incapacitating/Disabled Injury,04ce77ab-fd29-4551-b51f-90a8dd53f7d8,D,MSP63000029,Shoulder/Lap Belt(s),F,4a2d1d9a-0730-4cf0-82e9-ec7a303d8c71,Same Movement Angle,N,Non Intersection,Right Turn Lane,Daylight,No Defects,"Two-way, Not Divided",Wet,Raining,Twelve o'clock,Passenger Car,Disabling,N,Moving Constant Speed,2015-03-10 17:20,22,38.586068,-77.021903,4,1,빗길사고,자차 사고
4931,N,Apparently Normal,No Misuse,Y,Incapacitating/Disabled Injury,6055abe0-894f-413a-b5ef-e33490a4d996,D,MSP63000029,Shoulder/Lap Belt(s),M,7bc0670c-33c8-4cbf-b72f-7e70999cde9c,Same Movement Angle,N,Non Intersection,Right Turn Lane,Daylight,No Defects,"Two-way, Not Divided",Wet,Raining,Two o'clock,Passenger Car,Disabling,N,Making U Turn,2015-03-10 17:20,50,38.586068,-77.021903,4,1,빗길사고,자차 사고
4932,N,Apparently Normal,No Misuse,Y,Incapacitating/Disabled Injury,a502807d-0b82-4953-8e65-979bff5e557a,D,MSP63070036,Shoulder/Lap Belt(s),F,0dfa5bb5-afe8-4156-97a9-1accba92e45b,Same Direction Rear End,N,Non Intersection,Right Turn Lane,Daylight,No Defects,"Two-way, Divided, Positive Median Barrier",Dry,Clear,Twelve o'clock,Recreational Vehicle,Disabling,N,Moving Constant Speed,2015-02-12 7:08,33,38.8065705,-76.98814017,2,3,기타,등속 주행 중 측면 추돌 사고
4933,N,Apparently Normal,No Misuse,Y,Incapacitating/Disabled Injury,ee48b586-706c-4045-932f-c7ae6bf0e22e,D,ZG08750004,Shoulder/Lap Belt(s),F,1c0a0a79-98fd-4b6a-9d95-58e75b92a669,Head On,N,Non Intersection,Right Turn Lane,Daylight,No Defects,"Two-way, Not Divided",Dry,Clear,One o'clock,Passenger Car,Destroyed,N,Moving Constant Speed,2015-01-29 16:21,21,39.66899354,-75.8006537,2,2,기타,기타
4934,N,Apparently Normal,No Misuse,N,Possible Incapacitating Injury,c8178d17-3af2-40c8-b07b-f96fe8547b4a,D,ZG08750004,Shoulder/Lap Belt(s),M,2f2cc35d-05d1-4042-89f5-e2768fb6e5ab,Head On,N,Non Intersection,Right Turn Lane,Daylight,No Defects,"Two-way, Not Divided",Dry,Clear,One o'clock,Pickup Truck,Destroyed,N,Moving Constant Speed,2015-01-29 16:21,58,39.66899354,-75.8006537,2,2,기타,기타
4935,N,Apparently Normal,No Misuse,Y,Incapacitating/Disabled Injury,d393ba06-b673-430a-be14-b0737dfe4f0a,D,ZVW3020009,Shoulder/Lap Belt(s),F,ddfdcc89-9d33-4da4-9654-68735a842ba2,Single Vehicle ,N,Non Intersection,Right Turn Lane,Dark No Lights,"Holes, Ruts, Etc.","Two-way, Not Divided",Snow,Snow,Twelve o'clock,Passenger Car,Disabling,N,Skidding,2015-02-16 18:52,28,38.42547054,-75.38928866,0,2,눈길사고,미끌어짐에 의한 사고
4936,N,Apparently Normal,No Misuse,N,Fatal Injury,e4a3ba4c-d66d-4c0d-a58e-c487a4be1cc2,D,MSP5971002D,Shoulder/Lap Belt(s),F,22282e25-d326-4d73-bed0-ad981e0091bd,Same Direction Rear End,N,Non Intersection,Deceleration Lane,Daylight,No Defects,"Two-way, Divided, Positive Median Barrier",Dry,Clear,Six o'clock,Passenger Car,Destroyed,N,Slowing or Stopping,2015-03-21 14:45,19,38.98282267,-76.56077117,1,3,좌회전 차선 사고,감속 중 사고
4937,N,Apparently Normal,No Misuse,N,No Injury,34b11553-8f19-4ebe-9a5a-fd9a03f73581,D,MSP5971002D,Shoulder/Lap Belt(s),M,a96611f0-78ac-466b-a141-c30b50f006f0,Same Direction Rear End,N,Non Intersection,Deceleration Lane,Daylight,No Defects,"Two-way, Divided, Positive Median Barrier",Dry,Clear,Six o'clock,Recreational Vehicle,Functional,N,Slowing or Stopping,2015-03-21 14:45,29,38.98282267,-76.56077117,1,3,좌회전 차선 사고,감속 중 사고
4938,N,Apparently Normal,No Misuse,Y,Possible Incapacitating Injury,c327d580-0a72-41f8-9591-f95729f6605a,D,MSP5971002D,Shoulder/Lap Belt(s),M,1cd8ee98-be6d-4d05-987a-c887fe958662,Same Direction Rear End,N,Non Intersection,Deceleration Lane,Daylight,No Defects,"Two-way, Divided, Positive Median Barrier",Dry,Clear,Twelve o'clock,Recreational Vehicle,Disabling,N,Moving Constant Speed,2015-03-21 14:45,29,38.98282267,-76.56077117,1,0,좌회전 차선 사고,등속 주행 중 측면 추돌 사고
4939,N,Had Been Drinking,No Misuse,Y,No Injury,54643264-e17d-4e4c-8e42-b4e0a5f8d8c2,D,AB37310007,Shoulder/Lap Belt(s),F,c6ef7dd5-5cd7-41ce-91d1-8617a2f59518,Single Vehicle ,N,Non Intersection,Left Turn Lane,Daylight,No Defects,"Two-way, Divided, Positive Median Barrier",Dry,Cloudy,Roof Top,Passenger Car,Disabling,N,Moving Constant Speed,2015-01-19 13:19,28,38.95195007,-76.49962664,1,0,좌회전 차선 사고,등속 주행 중 측면 추돌 사고
4940,N,Had Been Drinking,No Misuse,Y,No Injury,e9a00d51-006a-4b4a-97ba-faa4c91b9880,D,AB4888000G,Shoulder/Lap Belt(s),F,43e934a6-43e7-48ab-aa48-7f15acf45122,Same Direction Rear End,N,Intersection Related,Right Turn Lane,Daylight,No Defects,One-way Trafficway,Dry,Clear,Twelve o'clock,Passenger Car,Functional,N,Slowing or Stopping,2015-02-05 15:06,57,38.98032908,-76.49499178,3,3,우회전 차선 사고,동일 방향 운행 중 추돌 사고
4941,N,Apparently Normal,No Misuse,N,No Injury,3f0c14d8-26f7-41ba-82d1-d01a05d24796,D,AB4888000G,Shoulder/Lap Belt(s),M,0dd57307-ec43-4e9f-9b62-2c53850b6be7,Same Direction Rear End,N,Intersection Related,Right Turn Lane,Daylight,No Defects,One-way Trafficway,Dry,Clear,Six o'clock,(Sport) Utility Vehicle,No Damage,N,Slowing or Stopping,2015-02-05 15:06,65,38.98032908,-76.49499178,3,3,우회전 차선 사고,동일 방향 운행 중 추돌 사고
4942,N,Had Been Drinking,No Misuse,Y,No Injury,eee7e9aa-73de-4527-862d-20a1e050dcad,D,AC1484000R,Shoulder/Lap Belt(s),F,1cef65ca-21d1-4921-9abe-7a3f03903127,Same Direction Sideswipe,N,Intersection Related,Left Turn Lane,Dark Lights On,No Defects,"Two-way, Divided, Positive Median Barrier",Wet,Raining,Seven o'clock,Passenger Car,Superficial,Y,Making Left Turn,2015-03-14 2:06,28,39.02953845,-76.68542087,4,0,빗길사고,등속 주행 중 사고
4943,N,Apparently Normal,No Misuse,N,No Injury,0c70d3c8-c831-40aa-9b31-07c98396447a,D,AC1484000R,Shoulder/Lap Belt(s),M,504ba5dd-6141-4e92-a9d8-cee5e23913eb,Same Direction Sideswipe,N,Intersection Related,Left Turn Lane,Dark Lights On,No Defects,"Two-way, Divided, Positive Median Barrier",Wet,Raining,One o'clock,Passenger Car,Superficial,N,Making Left Turn,2015-03-14 2:06,34,39.02953845,-76.68542087,4,0,빗길사고,등속 주행 중 사고
4944,N,Had Been Drinking,No Misuse,Y,No Injury,d3e5c3c3-9f38-4362-93c9-dfdf686b3479,D,AC1916001B,Shoulder/Lap Belt(s),F,cd6e3de7-992e-47f4-bc02-520f056ec23d,Same Direction Rear End,N,Intersection,Right Turn Lane,Daylight,No Defects,"Two-way, Not Divided",Dry,Cloudy,Twelve o'clock,Passenger Car,Disabling,N,Accelerating,2015-02-12 14:21,50,39.15831786,-76.60984397,3,3,우회전 차선 사고,동일 방향 운행 중 추돌 사고
4945,N,Apparently Normal,No Misuse,N,No Injury,c9c76169-6d70-47c4-82a7-fcc072d648c4,D,AC1916001B,Shoulder/Lap Belt(s),M,9e9c20fe-7d0d-4628-b511-3c266c49052f,Same Direction Rear End,N,Intersection,Right Turn Lane,Daylight,No Defects,"Two-way, Not Divided",Dry,Cloudy,Six o'clock,Passenger Car,Functional,N,Making Right Turn,2015-02-12 14:21,56,39.15831786,-76.60984397,3,3,우회전 차선 사고,동일 방향 운행 중 추돌 사고
4946,N,Had Been Drinking,No Misuse,Y,No Injury,8d9ab775-845f-4a00-a093-2db83dd9cb41,D,AC1925000G,Shoulder/Lap Belt(s),F,762d1810-b5f1-4821-856d-97ef9f8fbb05,Single Vehicle ,N,Non Intersection,Right Turn Lane,Dark No Lights,No Defects,"Two-way, Not Divided",Dry,Clear,Twelve o'clock,Pickup Truck,Destroyed,N,Moving Constant Speed,2015-02-07 23:49,47,39.10700155,-76.49344038,2,2,기타,기타
4947,N,Had Been Drinking,No Misuse,Y,No Injury,8909739f-6dbc-43da-ae1a-135e6e44dd73,D,ADE8360003,Shoulder/Lap Belt(s),F,82ca1a59-ab91-4b23-8b31-ab3fbe5f807f,Single Vehicle ,N,Intersection,Left Turn Lane,Dark Lights On,No Defects,"Two-way, Divided, Positive Median Barrier",Dry,Clear,Twelve o'clock,Passenger Car,Superficial,N,Moving Constant Speed,2015-01-31 23:35,32,39.3358409,-76.70991182,1,0,좌회전 차선 사고,등속 주행 중 측면 추돌 사고
4948,N,Had Been Drinking,No Misuse,Y,No Injury,c1e80482-6523-4768-9689-091c5ee3f985,D,ADH6080007,Shoulder/Lap Belt(s),F,a37b94c3-ab0c-4784-b440-3eca161cac45,Same Movement Angle,N,Intersection,Right Turn Lane,Dark Lights On,No Defects,"Two-way, Not Divided",Dry,Clear,Twelve o'clock,Passenger Car,Superficial,Y,Accelerating,2015-02-20 23:30,62,39.28424056,-76.59908295,3,0,우회전 차선 사고,기타
4949,N,Apparently Normal,No Misuse,N,No Injury,c1de2de1-5d5b-4298-8cf3-207759a8129c,D,ADH6080007,Shoulder/Lap Belt(s),M,83df991d-cf3d-403e-a5e2-e9a653349cc1,Same Movement Angle,N,Intersection,Right Turn Lane,Dark Lights On,No Defects,"Two-way, Not Divided",Dry,Clear,Eleven o'clock,Passenger Car,Superficial,N,Accelerating,2015-02-20 23:30,47,39.28424056,-76.59908295,3,0,우회전 차선 사고,기타
4950,N,Apparently Normal,No Misuse,N,No Injury,98e7dcc4-6ea2-4a44-9136-30473e743970,D,ADH6080008,Shoulder/Lap Belt(s),M,564b9313-9c40-4068-a3a4-8a419c58327d,Head On Left Turn,N,Intersection,Right Turn Lane,Dark Lights On,No Defects,"Two-way, Not Divided",Dry,Clear,Eleven o'clock,Passenger Car,Disabling,N,Accelerating,2015-02-20 23:30,32,39.28527028,-76.59919024,3,1,우회전 차선 사고,등속 주행 중 측면 추돌 사고
4951,N,Had Been Drinking,No Misuse,Y,No Injury,3820ad11-b7b4-4ed0-bdcd-0afcf7155ae4,D,ADI536000T,Shoulder/Lap Belt(s),F,4c898588-ae72-4591-89dc-68cf2a6b5063,Opposite Direction Sideswipe,N,Non Intersection,Right Turn Lane,Dark Lights On,No Defects,"Two-way, Not Divided",Dry,Clear,Five o'clock,Van,Superficial,N,Moving Constant Speed,2015-02-28 1:15,50,39.32285309,-76.56196117,2,2,기타,기타
4952,N,Apparently Normal,No Misuse,N,No Injury,acebc38b-c028-40ca-b035-761da60ffda1,D,ADJ5240002,Shoulder/Lap Belt(s),M,13a6092e-f7b4-4962-9f55-be7abc7cbfbe,Same Direction Rear End,N,Non Intersection,Right Turn Lane,Daylight,No Defects,"Two-way, Divided, Positive Median Barrier",Dry,Cloudy,Six o'clock,Passenger Car,Superficial,N,Moving Constant Speed,2015-01-30 12:06,26,39.29963499,-76.59442663,2,3,기타,등속 주행 중 측면 추돌 사고
4953,N,Had Been Drinking,No Misuse,Y,No Injury,842a5629-e701-4ff2-b3db-a7ba69229179,D,AE37140007,Shoulder/Lap Belt(s),F,b6132de4-c4bb-4498-8476-b5d3f78cc7b5,Single Vehicle ,N,Intersection Related,Right Turn Lane,Dark Lights On,No Defects,"Two-way, Not Divided",Dry,Clear,Twelve o'clock,(Sport) Utility Vehicle,Superficial,N,Moving Constant Speed,2015-03-08 1:23,47,39.33320204,-76.44109011,3,2,우회전 차선 사고,기타
4954,N,Had Been Drinking,No Misuse,Y,No Injury,cb8c9521-b460-4e27-9ecf-ba47602a5cb5,D,AE37390005,Shoulder/Lap Belt(s),F,1972b909-db20-4fe7-a001-d739d0881b8d,Same Direction Rear End,N,Intersection Related,Deceleration Lane,Dark Lights On,No Defects,"Two-way, Divided, Positive Median Barrier",Dry,Clear,Twelve o'clock,(Sport) Utility Vehicle,Superficial,N,Slowing or Stopping,2015-03-20 23:30,55,39.4058588,-76.60121799,1,3,좌회전 차선 사고,감속 중 사고
4955,N,Had Been Drinking,No Misuse,Y,No Injury,a3007744-26ff-47d6-88a1-a297d41e0477,D,AE47470002,Shoulder/Lap Belt(s),F,83b5f75c-8ded-479b-9cc9-34d340518808,Single Vehicle ,N,Non Intersection,Left Turn Lane,Dark Lights On,No Defects,"Two-way, Divided, Positive Median Barrier",Dry,Clear,Twelve o'clock,(Sport) Utility Vehicle,Disabling,N,Moving Constant Speed,2015-02-04 1:58,46,39.37673882,-76.43898726,1,0,좌회전 차선 사고,등속 주행 중 측면 추돌 사고