KEY_INDEX,CDL_FLAG,CONDITION_CODE,EQUIP_PROB_CODE,FAULT_FLAG,INJ_SEVER_CODE,PERSON_ID,PERSON_TYPE,REPORT_NO,SAF_EQUIP_CODE,SEX_CODE,VEHICLE_ID,COLLISION_TYPE_CODE,C_M_ZONE_FLAG,JUNCTION_CODE,LANE_CODE,LIGHT_CODE,RD_COND_CODE,RD_DIV_CODE,SURF_COND_CODE,WEATHER_CODE,AREA_DAMAGED_CODE_MAIN,BODY_TYPE_CODE,DAMAGE_CODE,HIT_AND_RUN_FLAG,MOVEMENT_CODE,TIME,AGE,LATITUDE,LONGITUDE,CLUSTER,SECOND_LABEL,FIRST_LABEL,SECOND_LABELING
4956,N,Had Been Drinking,No Misuse,Y,No Injury,a1c7ac83-e541-4ba0-9007-6c1800af27c6,D,AE4792000B,Shoulder/Lap Belt(s),F,f9ea779f-253f-4b81-95d8-13f0957a33a2,Same Direction Rear End,N,Intersection,Right Turn Lane,Dark Lights On,No Defects,"Two-way, Not Divided",Dry,Clear,Six o'clock,Passenger Car,Superficial,N,Starting From Lane,2015-02-20 19:16,48,39.38361363,-76.53431296,3,3,우회전 차선 사고,동일 방향 운행 중 추돌 사고
4957,N,Apparently Normal,No Misuse,N,No Injury,a3337797-aafc-4f9a-9d44-c8f51b12bf91,D,AE4792000B,Shoulder/Lap Belt(s),M,cc8c330f-c785-46c7-ab7a-ac32e57b0995,Same Direction Rear End,N,Intersection,Right Turn Lane,Dark Lights On,No Defects,"Two-way, Not Divided",Dry,Clear,Twelve o'clock,Passenger Car,Superficial,N,Starting From Lane,2015-02-20 19:16,28,39.38361363,-76.53431296,3,3,우회전 차선 사고,동일 방향 운행 중 추돌 사고
4958,N,Had Been Drinking,No Misuse,Y,No Injury,dc3a1dce-0016-4ef3-b50d-6301344acd25,D,AE48850005,Shoulder/Lap Belt(s),F,35d30787-bff8-40d8-b943-6c5f12a41715,Single Vehicle ,N,Non Intersection,Right Turn Lane,Dark No Lights,No Defects,"Two-way, Not Divided",Dry,Clear,Twelve o'clock,(Sport) Utility Vehicle,Disabling,N,Moving Constant Speed,2015-02-13 2:10,45,39.65883488,-76.75168991,2,2,기타,기타
4959,N,Apparently Normal,No Misuse,N,No Injury,bb399601-fe5b-4119-851e-a36bbc8d5a82,D,BK0271000V,Shoulder/Lap Belt(s),M,b1542437-b8bf-4070-8973-8b9a968b129e,Same Direction Rear End,N,Non Intersection,Right Turn Lane,Dark Lights On,No Defects,"Two-way, Divided, Positive Median Barrier",Dry,Clear,Six o'clock,Passenger Car,Superficial,N,Moving Constant Speed,2015-03-28 1:33,37,39.60577084,-75.78806877,2,3,기타,등속 주행 중 측면 추돌 사고
4960,N,Had Been Drinking,No Misuse,Y,No Injury,4b641735-71c2-4d14-be00-40b8d240947a,D,BW0101000F,Shoulder/Lap Belt(s),F,25d980e6-a3e6-449d-8ff9-b72a14c4afa1,Head On,N,Non Intersection,Right Turn Lane,Dark Lights On,No Defects,"Two-way, Divided, Positive Median Barrier",Dry,Clear,Twelve o'clock,Passenger Car,Superficial,N,Moving Constant Speed,2015-01-16 20:28,49,38.991343,-76.8765017,2,2,기타,기타
4961,N,Apparently Normal,No Misuse,N,No Injury,3afb315d-e120-4772-a678-9168aeed5332,D,BW0101000F,Shoulder/Lap Belt(s),M,38b2ff52-cdc8-4086-b0ce-95f18d19439c,Head On,N,Non Intersection,Right Turn Lane,Dark Lights On,No Defects,"Two-way, Divided, Positive Median Barrier",Dry,Clear,Twelve o'clock,Passenger Car,Superficial,N,Moving Constant Speed,2015-01-16 20:28,58,38.991343,-76.8765017,2,2,기타,기타
4962,N,Had Been Drinking,No Misuse,Y,No Injury,37175207-43c2-4cb5-849e-ea3568c8b0da,D,CB46080001,Shoulder/Lap Belt(s),F,5ab90f15-945c-4fc3-afb3-d87bd57ebe3e,Same Direction Rear End,N,Non Intersection,Right Turn Lane,Dark Lights On,No Defects,"Two-way, Not Divided",Dry,Clear,One o'clock,Passenger Car,Disabling,N,Moving Constant Speed,2015-02-28 0:13,26,39.2620148,-76.80997968,2,3,기타,등속 주행 중 측면 추돌 사고
4963,N,Had Been Drinking,No Misuse,Y,No Injury,ab8e70a9-1b5c-4c06-b5aa-78858b6cf2aa,D,DA35220002,Shoulder/Lap Belt(s),F,09106efe-e950-4068-ac20-5f80f64fdf10,Single Vehicle ,N,Intersection,Left Turn Lane,Dark Lights On,No Defects,"Two-way, Divided, Unprotected (painted >4 feet) Median",Snow,Snow,Roof Top,Passenger Car,Disabling,N,Moving Constant Speed,2015-01-27 3:55,20,38.99850731,-76.93146765,0,0,눈길사고,감속 중 사고
4964,N,Apparently Normal,No Misuse,N,No Injury,ee4339e8-83f4-4b4c-85f2-e7caf30462ff,D,DA3566000F,Shoulder/Lap Belt(s),M,088c661c-fe37-4903-9c40-da951b6ca1fe,Same Direction Sideswipe,N,Non Intersection,Left Turn Lane,Dark Lights On,No Defects,"Two-way, Divided, Positive Median Barrier",Dry,Clear,Seven o'clock,Passenger Car,Superficial,N,Moving Constant Speed,2015-03-02 18:34,49,38.94772812,-76.88902974,1,0,좌회전 차선 사고,등속 주행 중 측면 추돌 사고
4965,Y,Had Been Drinking,No Misuse,Y,No Injury,fbc985bc-ad17-43ce-a1ac-6192b349f031,D,DA3566000G,Shoulder/Lap Belt(s),F,7dcdf0c5-9294-45f2-88ca-77d9e1015522,Head On Left Turn,N,Intersection,Right Turn Lane,Dark Lights On,No Defects,"Two-way, Divided, Positive Median Barrier",Dry,Clear,Twelve o'clock,Passenger Car,Superficial,N,Accelerating,2015-03-02 18:42,44,38.94818704,-76.88824654,3,1,우회전 차선 사고,등속 주행 중 측면 추돌 사고
4966,N,Had Been Drinking,No Misuse,Y,No Injury,5463f916-d90d-4c01-abf1-1a1d2339c4da,D,DA3625000F,Shoulder/Lap Belt(s),F,e96e38bc-47c2-4b4c-b3dc-ea495eff17c5,Same Movement Angle,N,Intersection,Left Turn Lane,Dark Lights On,No Defects,"Two-way, Not Divided",Wet,Clear,Twelve o'clock,Passenger Car,Functional,N,Accelerating,2015-03-06 21:14,37,38.96122747,-76.90431833,4,1,빗길사고,자차 사고
4967,N,Apparently Normal,No Misuse,N,No Injury,e94afb5c-f4d5-488a-a6a8-111cb3908f67,D,DA3625000F,Shoulder/Lap Belt(s),M,1c9a7c49-42f4-4c6e-84f9-633cae667c21,Same Movement Angle,N,Intersection,Left Turn Lane,Dark Lights On,No Defects,"Two-way, Not Divided",Wet,Clear,Ten o'clock,Passenger Car,Functional,N,Making Left Turn,2015-03-06 21:14,32,38.96122747,-76.90431833,4,1,빗길사고,자차 사고
4968,N,Apparently Normal,No Misuse,N,No Injury,f521bfb4-10d8-409a-8036-8e81473e5dbf,D,DA3730000M,Shoulder/Lap Belt(s),M,84bc9765-af0b-4be3-a3d9-8ea0817de9dd,Head On Left Turn,N,Intersection,Left Turn Lane,Dark Lights On,No Defects,"Two-way, Not Divided with a Continuous Left Turn Lane",Wet,Raining,Twelve o'clock,Passenger Car,Functional,N,Moving Constant Speed,2015-02-01 23:33,19,38.80335492,-76.98976278,4,2,빗길사고,동일 방향 운행 중 추돌 사고
4969,N,Had Been Drinking,No Misuse,Y,No Injury,b928ffaa-3e32-4c14-9016-0289ff001994,D,DA3888000L,Shoulder/Lap Belt(s),F,b9080aa9-c433-47b2-b373-ea0c7a440c78,Head On,N,Non Intersection,Right Turn Lane,Dark Lights On,No Defects,"Two-way, Not Divided",Dry,Clear,Twelve o'clock,Passenger Car,Disabling,N,Moving Constant Speed,2015-02-07 1:46,42,38.75799045,-76.99647903,2,2,기타,기타
4970,N,Apparently Normal,No Misuse,N,No Injury,4b09c2df-a5c4-42fe-9909-b54f4b8cb782,D,DA3888000L,Shoulder/Lap Belt(s),M,295e446d-5713-4702-980f-43b2b1916f7a,Head On,N,Non Intersection,Right Turn Lane,Dark Lights On,No Defects,"Two-way, Not Divided",Dry,Clear,Twelve o'clock,(Sport) Utility Vehicle,Functional,N,Moving Constant Speed,2015-02-07 1:46,46,38.75799045,-76.99647903,2,2,기타,기타
4971,N,Had Been Drinking,No Misuse,Y,No Injury,bcee2a52-3541-497e-aa5d-634bfe7549c4,D,DA39420009,Shoulder/Lap Belt(s),F,2f199bf6-10e8-46a0-a324-06c0740b36a8,Same Direction Rear End,N,Non Intersection,Acceleration Lane,Dark Lights On,No Defects,"Two-way, Divided, Positive Median Barrier",Wet,Raining,Twelve o'clock,Passenger Car,Disabling,N,Moving Constant Speed,2015-03-14 0:48,27,38.7806512,-76.99732661,4,2,빗길사고,동일 방향 운행 중 추돌 사고
4972,N,Had Been Drinking,No Misuse,Y,No Injury,fa2ece92-267e-45a1-a382-decc6b42b800,D,DE1193000R,Shoulder/Lap Belt(s),F,cca2d135-2100-410c-a677-37216886364b,Single Vehicle ,N,Non Intersection,Right Turn Lane,Dark Lights On,No Defects,"Two-way, Not Divided",Dry,Clear,Twelve o'clock,Pickup Truck,Functional,Y,Moving Constant Speed,2015-03-23 20:00,29,38.35838308,-75.60100079,2,2,기타,기타
4973,N,Apparently Normal,No Misuse,N,No Injury,1a815eb9-4750-4ff6-ac0f-d6b9f0150861,D,MCP11600004,Shoulder/Lap Belt(s),M,de0d5c58-6f57-4bf7-8729-82374a10fa7e,Same Direction Rear End,N,Non Intersection,Left Turn Lane,Dark Lights On,No Defects,"Two-way, Divided, Positive Median Barrier",Dry,Clear,Six o'clock,(Sport) Utility Vehicle,Disabling,N,Accelerating,2015-01-29 22:20,66,38.98961667,-77.07713333,1,3,좌회전 차선 사고,감속 중 사고
4974,N,Had Been Drinking,No Misuse,Y,No Injury,0756d0f9-2417-4c15-969b-86d4bc02cf79,D,MCP24610003,Shoulder/Lap Belt(s),F,aa9354d5-e57b-4840-9bc7-196706e0bac1,Same Direction Sideswipe,N,Intersection,Right Turn Lane,Dark Lights On,No Defects,"Two-way, Divided, Positive Median Barrier",Dry,Clear,One o'clock,Passenger Car,Disabling,Y,Moving Constant Speed,2015-01-02 21:59,71,39.06151175,-77.11641669,3,2,우회전 차선 사고,기타
4975,N,Apparently Normal,No Misuse,N,Possible Incapacitating Injury,ad916782-524f-4f52-ac80-cfc5dcd5ce6a,D,MCP24610003,Shoulder/Lap Belt(s),M,d6bc32e0-7f89-4b7e-bea8-59221aafc058,Same Direction Sideswipe,N,Intersection,Right Turn Lane,Dark Lights On,No Defects,"Two-way, Divided, Positive Median Barrier",Dry,Clear,Eleven o'clock,Passenger Car,Disabling,N,Moving Constant Speed,2015-01-02 21:59,51,39.06151175,-77.11641669,3,2,우회전 차선 사고,기타
4976,N,Had Been Drinking,No Misuse,Y,No Injury,8664865d-2bda-4053-ad2e-dcd4d3d23bc4,D,MCP2736001Z,Shoulder/Lap Belt(s),F,1229caf5-3dfd-4f6d-afc9-300b339f81e3,Same Direction Sideswipe,N,Non Intersection,Right Turn Lane,Dark Lights On,No Defects,"Two-way, Not Divided",Dry,Clear,Eleven o'clock,Passenger Car,Functional,Y,Moving Constant Speed,2015-03-01 0:15,24,38.99374717,-77.10831642,2,2,기타,기타
4977,N,Apparently Normal,No Misuse,N,No Injury,e9183e6c-bdb3-44a2-baef-42d1f2644106,D,MCP2736001Z,Shoulder/Lap Belt(s),M,b7bbd93b-0dd8-4ba1-b52d-3275cd97fabe,Same Direction Sideswipe,N,Non Intersection,Right Turn Lane,Dark Lights On,No Defects,"Two-way, Not Divided",Dry,Clear,One o'clock,Passenger Car,Functional,N,Moving Constant Speed,2015-03-01 0:15,48,38.99374717,-77.10831642,2,2,기타,기타
4978,N,Had Been Drinking,No Misuse,Y,No Injury,a0517b2b-4d3d-4814-8ad6-3d85e8c18568,D,MCP28180010,Shoulder/Lap Belt(s),F,b7db774b-5dd2-4c55-a9b1-b4fce28213a4,Same Direction Rear End Left Turn,N,Non Intersection,Right Turn Lane,Daylight,No Defects,One-way Trafficway,Dry,Clear,Eleven o'clock,Passenger Car,Functional,N,Slowing or Stopping,2015-03-23 15:15,49,39.021,-77.01420667,2,1,기타,등속 주행 사고
4979,N,Apparently Normal,No Misuse,N,No Injury,183ce04a-c13a-45f5-b2b5-d67abbba6f6f,D,MCP28180010,Shoulder/Lap Belt(s),M,8750fef0-7c7e-4fb4-9e56-3509416df9bd,Same Direction Rear End Left Turn,N,Non Intersection,Right Turn Lane,Daylight,No Defects,One-way Trafficway,Dry,Clear,Five o'clock,Passenger Car,Functional,N,Slowing or Stopping,2015-03-23 15:15,58,39.021,-77.01420667,2,1,기타,등속 주행 사고
4980,N,Had Been Drinking,No Misuse,Y,No Injury,1a7e67c6-7f09-4f9f-9bd5-c37f803241d8,D,MDTA14730005,Shoulder/Lap Belt(s),F,55ffbfbe-14fe-4527-9189-fca47b942284,Single Vehicle ,N,Non Intersection,Deceleration Lane,Dark Lights On,No Defects,"Two-way, Divided, Positive Median Barrier",Dry,Clear,Twelve o'clock,(Sport) Utility Vehicle,Disabling,N,Changing Lanes,2015-01-01 5:50,29,39.306409,-76.530676,1,1,좌회전 차선 사고,등속 주행 사고
4981,N,Had Been Drinking,No Misuse,Y,No Injury,afd66f03-bb00-4533-9d3a-304e1916387b,D,MDTA15750001,Shoulder/Lap Belt(s),F,ae957c68-5229-4640-9de9-a5f1c5295c0c,Single Vehicle ,N,Non Intersection,Left Turn Lane,Dark Lights On,No Defects,"Two-way, Not Divided",Dry,Clear,Two o'clock,(Sport) Utility Vehicle,Disabling,N,Accelerating,2015-01-09 22:41,40,39.17827483,-76.69285297,1,1,좌회전 차선 사고,등속 주행 사고
4982,N,Had Been Drinking,No Misuse,Y,No Injury,ff399b0d-c413-4264-8e11-438c5f68c8d6,D,MSP2705000S,Shoulder/Lap Belt(s),F,a7e83570-7f72-40d2-a923-dde6b294bd1e,Single Vehicle ,N,Intersection,Left Turn Lane,Dark No Lights,No Defects,"Two-way, Divided, Positive Median Barrier",Dry,Clear,One o'clock,Passenger Car,Superficial,Y,Moving Constant Speed,2015-03-01 1:05,36,38.68768718,-76.05892897,1,0,좌회전 차선 사고,등속 주행 중 측면 추돌 사고
4983,N,Had Been Drinking,No Misuse,Y,No Injury,7be16980-ad4c-46d6-b716-057648f6b36e,D,MSP5334002M,Shoulder/Lap Belt(s),F,dcae4ded-160c-48fa-93ca-e5d03dffd2b0,Single Vehicle ,N,Non Intersection,Right Turn Lane,Dark No Lights,No Defects,"Two-way, Not Divided",Ice,Wintry Mix,Twelve o'clock,(Sport) Utility Vehicle,Disabling,N,Moving Constant Speed,2015-01-23 22:26,26,39.512642,-77.0401,0,0,눈길사고,감속 중 사고
4984,N,Had Been Drinking,No Misuse,Y,No Injury,6c096b2b-fc29-4a0f-a684-5ac5cc2bec0a,D,MSP5638001F,Shoulder/Lap Belt(s),F,4679eb63-1f2a-41fc-b6e5-a36810acc885,Same Movement Angle,N,Intersection,Left Turn Lane,Dark Lights On,No Defects,"Two-way, Not Divided with a Continuous Left Turn Lane",Wet,Sleet,One o'clock,Passenger Car,Disabling,N,Making Left Turn,2015-01-23 18:09,29,38.58770904,-76.94498062,4,1,빗길사고,자차 사고
4985,N,Apparently Normal,No Misuse,N,Non-incapacitating Injury,c0f76cb7-383e-4057-a078-5035d2ef8435,D,MSP5638001F,Shoulder/Lap Belt(s),M,40f0525b-5f2a-4b3d-bf03-edc1e0ecfd36,Same Movement Angle,N,Intersection,Left Turn Lane,Dark Lights On,No Defects,"Two-way, Not Divided with a Continuous Left Turn Lane",Wet,Sleet,Twelve o'clock,Passenger Car,Disabling,N,Moving Constant Speed,2015-01-23 18:09,38,38.58770904,-76.94498062,4,1,빗길사고,자차 사고
4986,N,Had Been Drinking,No Misuse,Y,No Injury,175959e2-c112-4f94-b1af-80154ebd403e,D,MSP5796002G,Shoulder/Lap Belt(s),F,bdaa2254-bfea-4e75-830b-697d37ae2793,Same Direction Sideswipe,N,Non Intersection,Left Turn Lane,Dark No Lights,No Defects,"Two-way, Divided, Positive Median Barrier",Dry,Clear,Two o'clock,Passenger Car,Disabling,N,Changing Lanes,2015-02-20 3:05,24,39.1842525,-76.74916717,1,1,좌회전 차선 사고,등속 주행 사고
4987,N,Apparently Normal,No Misuse,N,No Injury,3f7b932c-5430-4621-b86c-7564ca76e311,D,MSP5796002G,Shoulder/Lap Belt(s),M,4d37222d-c136-4baa-bfb0-1d6147c6cfca,Same Direction Sideswipe,N,Non Intersection,Left Turn Lane,Dark No Lights,No Defects,"Two-way, Divided, Positive Median Barrier",Dry,Clear,Seven o'clock,Passenger Car,Functional,N,Moving Constant Speed,2015-02-20 3:05,48,39.1842525,-76.74916717,1,0,좌회전 차선 사고,등속 주행 중 측면 추돌 사고
4988,N,Had Been Drinking,No Misuse,Y,No Injury,f36471ba-ff92-4eb7-b63e-4b5dfdeef8fd,D,MSP5853000X,Shoulder/Lap Belt(s),F,18f47394-c9b6-4a8b-b536-9d2d5701e3fd,Same Direction Sideswipe,N,Intersection,Left Turn Lane,Daylight,No Defects,"Two-way, Not Divided",Ice,Sleet,One o'clock,Pickup Truck,Functional,N,Moving Constant Speed,2015-03-05 14:30,37,38.2486105,-75.67622117,0,0,눈길사고,감속 중 사고
4989,N,Apparently Normal,No Misuse,N,No Injury,29296966-c811-4929-9054-d9ae2834a9d7,D,MSP5853000X,Shoulder/Lap Belt(s),M,8ddfaa47-6015-4790-b8c6-8fbbf931993b,Same Direction Sideswipe,N,Intersection,Left Turn Lane,Daylight,No Defects,"Two-way, Not Divided",Ice,Sleet,Eleven o'clock,Pickup Truck,Superficial,N,Moving Constant Speed,2015-03-05 14:30,27,38.2486105,-75.67622117,0,0,눈길사고,감속 중 사고
4990,N,Had Been Drinking,No Misuse,Y,No Injury,29d9ad03-7a1f-4bcd-bd3a-72ef1362cc68,D,MSP61500014,Shoulder/Lap Belt(s),F,b653f1f7-6da6-40de-af44-fc9ed498ecfd,Single Vehicle ,N,Non Intersection,Right Turn Lane,Dark No Lights,No Defects,"Two-way, Divided, Unprotected (painted >4 feet) Median",Dry,Clear,Underside,Passenger Car,Disabling,N,Moving Constant Speed,2015-01-17 19:24,35,38.981484,-75.78603,2,2,기타,기타
4991,N,Had Been Drinking,No Misuse,Y,No Injury,b17b619b-e2af-465b-9587-d2befc21fe2c,D,MSP61970018,Shoulder/Lap Belt(s),F,7ffac478-e7bf-4566-aa7a-a3aed5d3ec3c,Single Vehicle ,N,Non Intersection,Right Turn Lane,Dusk,No Defects,"Two-way, Not Divided",Dry,Clear,Twelve o'clock,Passenger Car,Functional,N,Moving Constant Speed,2015-01-06 17:01,42,39.309827,-75.777057,2,2,기타,기타
4992,N,Had Been Drinking,No Misuse,Y,No Injury,f051f1ac-eeb5-4072-9745-a02ca0d15acc,D,MSP64150006,Shoulder/Lap Belt(s),F,175cf104-964f-498d-ae16-c6b8c3c42d02,Single Vehicle ,N,Non Intersection,Left Turn Lane,Dark Lights On,No Defects,"Two-way, Divided, Positive Median Barrier",Dry,Cloudy,One o'clock,Passenger Car,Functional,N,Moving Constant Speed,2015-02-18 20:40,49,38.64526588,-76.0586071,1,0,좌회전 차선 사고,등속 주행 중 측면 추돌 사고
4993,N,Had Been Drinking,No Misuse,Y,No Injury,7aeafbc1-fa4a-4ccb-8847-51bd0f6e60cd,D,MSP6461000X,Shoulder/Lap Belt(s),F,91bb7f17-8cde-4138-9112-5921806762e1,Single Vehicle ,N,Non Intersection,Right Turn Lane,Dark Lights On,No Defects,"Two-way, Divided, Positive Median Barrier",Dry,Clear,Twelve o'clock,Passenger Car,Disabling,N,Moving Constant Speed,2015-03-12 22:40,28,39.558548,-76.364341,2,2,기타,기타
4994,N,Had Been Drinking,No Misuse,Y,No Injury,ffb55e2b-6c8c-4419-8290-012797a9afb4,D,MSP64630004,Shoulder/Lap Belt(s),F,6c27bfbe-3a88-4a41-98ab-fd51ebb3a53c,Single Vehicle ,N,Interchange Related,Right Turn Lane,Dark Lights On,No Defects,One-way Trafficway,Dry,Clear,Twelve o'clock,(Sport) Utility Vehicle,Destroyed,N,Moving Constant Speed,2015-02-06 1:29,23,38.947233,-76.858704,3,2,우회전 차선 사고,기타
4995,N,Had Been Drinking,No Misuse,Y,No Injury,544cc751-fc51-46e1-95db-abdbf44dcbc1,D,ZD3725000B,Shoulder/Lap Belt(s),F,3144d0ea-9422-43df-90c2-528497803819,Same Direction Rear End,N,Non Intersection,Right Turn Lane,Dark No Lights,No Defects,"Two-way, Not Divided",Dry,Clear,Eleven o'clock,(Sport) Utility Vehicle,Disabling,Y,Moving Constant Speed,2015-02-17 19:48,49,38.359046,-76.451189,2,3,기타,등속 주행 중 측면 추돌 사고
4996,N,Apparently Normal,No Misuse,N,No Injury,1fc1e75a-fc2b-49bc-aa92-a8700697ecab,D,ZD3725000B,Shoulder/Lap Belt(s),M,2a7c1a1e-0402-41ae-9c5f-7e7687428ed6,Same Direction Rear End,N,Non Intersection,Right Turn Lane,Dark No Lights,No Defects,"Two-way, Not Divided",Dry,Clear,Seven o'clock,Police Vehicle/Emergency,Disabling,N,Making U Turn,2015-02-17 19:48,29,38.359046,-76.451189,2,0,기타,자차 사고
4997,N,Apparently Normal,No Misuse,N,No Injury,8ea06ba9-ccdd-4f92-88fb-4a3cd209d56e,D,ZD3725000B,Shoulder/Lap Belt(s),M,6b6a529c-05ea-41ae-b868-b8611d50103b,Same Direction Rear End,N,Non Intersection,Right Turn Lane,Dark No Lights,No Defects,"Two-way, Not Divided",Dry,Clear,Six o'clock,(Sport) Utility Vehicle,Superficial,N,Slowing or Stopping,2015-02-17 19:48,26,38.359046,-76.451189,2,1,기타,등속 주행 사고
4998,N,Had Been Drinking,No Misuse,Y,No Injury,27b0c2d2-a672-4454-9e0f-61bfa1c151ef,D,ZH0488000F,Shoulder/Lap Belt(s),F,27dc8837-809d-4df1-9ba8-f9479d3e3000,Single Vehicle ,N,Non Intersection,Right Turn Lane,Dark No Lights,No Defects,"Two-way, Not Divided",Dry,Clear,Twelve o'clock,Passenger Car,Destroyed,N,Moving Constant Speed,2015-02-08 4:58,37,38.60079877,-76.87830091,2,2,기타,기타
4999,N,Had Been Drinking,No Misuse,Y,No Injury,4f9bf9a6-cccc-4dc0-820e-2bbef77c11a0,D,ZH05830007,Shoulder/Lap Belt(s),F,cbe74fe5-02ee-4148-a166-bcb73a64f27d,Single Vehicle ,N,Non Intersection,Right Turn Lane,Dark - Unknown Lighting,No Defects,"Two-way, Divided, Positive Median Barrier",Dry,Clear,Roof Top,Passenger Car,Destroyed,N,Moving Constant Speed,2015-03-13 1:50,33,38.57452466,-76.88406229,2,2,기타,기타
5000,N,Had Been Drinking,No Misuse,Y,No Injury,bc90c586-3dbb-47c0-837e-5b092fd4290f,D,ZH05970009,Shoulder/Lap Belt(s),F,fa504596-a02a-488d-9ccc-f72bb8e3d002,Single Vehicle ,N,Non Intersection,Right Turn Lane,Dark Lights On,No Defects,"Two-way, Not Divided",Dry,Clear,Two o'clock,Passenger Car,Functional,N,Moving Constant Speed,2015-01-20 0:28,56,38.58995652,-76.81728601,2,2,기타,기타
5001,N,Had Been Drinking,No Misuse,Y,No Injury,15d1ede1-bcda-40af-9134-e11fddc5ed4f,D,ZL08750001,Shoulder Belt Only,F,b86eb100-0ea0-49e0-ba27-72748de661a9,Single Vehicle ,N,Non Intersection,Deceleration Lane,Dark Lights On,No Defects,"Two-way, Divided, Positive Median Barrier",Dry,Clear,Eleven o'clock,Passenger Car,Functional,N,Moving Constant Speed,2015-02-08 2:15,34,39.45439427,-76.31465145,1,0,좌회전 차선 사고,등속 주행 중 측면 추돌 사고
5002,N,Had Been Drinking,No Misuse,Y,No Injury,69726692-68c6-4e25-be57-79b55f817d63,D,ZL0953000G,Shoulder/Lap Belt(s),F,42446efe-291d-4274-a83d-fa646307e83a,Single Vehicle ,N,Non Intersection,Right Turn Lane,Dark No Lights,No Defects,"Two-way, Not Divided",Dry,Clear,Two o'clock,Passenger Car,Superficial,N,Moving Constant Speed,2015-03-27 23:50,50,39.50501752,-76.26966476,2,2,기타,기타
5003,N,Had Been Drinking,No Misuse,Y,No Injury,a600b702-5427-4a00-b3c4-0a29f41763ae,D,ZR02170006,Shoulder/Lap Belt(s),F,3261d24c-2828-4932-b23a-6d505c38eab3,Single Vehicle ,N,Non Intersection,Acceleration Lane,Daylight,No Defects,"Two-way, Divided, Positive Median Barrier",Dry,Clear,Twelve o'clock,(Sport) Utility Vehicle,Disabling,N,Moving Constant Speed,2015-03-17 18:34,47,38.27433941,-76.46317542,1,0,좌회전 차선 사고,등속 주행 중 측면 추돌 사고
5004,N,Had Been Drinking,No Misuse,Y,No Injury,448ca83a-9a60-4767-96ad-9882f0d0bb93,D,ZR0297000F,Shoulder/Lap Belt(s),F,9debedca-de04-4435-aa29-abcff0ea7e0a,Single Vehicle ,N,Non Intersection,Acceleration Lane,Dark Lights On,No Defects,"Two-way, Divided, Unprotected (painted >4 feet) Median",Wet,Foggy,Twelve o'clock,Passenger Car,Disabling,Y,Moving Constant Speed,2015-01-03 22:43,39,38.30522735,-76.52329445,4,2,빗길사고,동일 방향 운행 중 추돌 사고
5005,N,Had Been Drinking,No Misuse,Y,No Injury,4e4b1c5c-8be7-46b7-b799-a3e652fa61f4,D,ZU76010002,Shoulder/Lap Belt(s),F,27cf9e01-02c5-4001-9a2e-155a34568e2e,Single Vehicle ,N,Non Intersection,Right Turn Lane,Daylight,No Defects,"Two-way, Not Divided",Dry,Clear,Nine o'clock,(Sport) Utility Vehicle,Disabling,N,Moving Constant Speed,2015-01-17 16:53,59,39.60671729,-77.68006682,2,2,기타,기타
5006,N,Had Been Drinking,No Misuse,Y,Non-incapacitating Injury,65609404-678a-42b7-90e4-40cffd5c710f,D,ADE8360004,Shoulder/Lap Belt(s),F,293f97be-dba3-4e8f-b546-d728835069bb,Same Direction Sideswipe,N,Non Intersection,Right Turn Lane,Dark Lights On,No Defects,"Two-way, Divided, Unprotected (painted >4 feet) Median",Dry,Clear,Twelve o'clock,Passenger Car,Destroyed,N,Moving Constant Speed,2015-02-07 2:45,33,39.3303971,-76.70096397,2,2,기타,기타
5007,N,Had Been Drinking,No Misuse,Y,Non-incapacitating Injury,3e1e4f7d-8386-4a38-8618-55c457aee653,D,MCP2899000F,Shoulder/Lap Belt(s),F,a7527204-ef97-47ec-8e67-eeaa749876e6,Opposite Direction Sideswipe,N,Intersection,Acceleration Lane,Dark Lights On,No Defects,"Two-way, Divided, Unprotected (painted >4 feet) Median",Wet,Cloudy,Four o'clock,(Sport) Utility Vehicle,Destroyed,N,Starting From Lane,2015-01-22 0:09,26,38.995805,-77.02794333,4,0,빗길사고,등속 주행 중 사고
5008,N,Apparently Normal,No Misuse,N,Non-incapacitating Injury,91ad419d-0547-413a-89be-d6fe54ebb963,D,MCP2899000F,Shoulder/Lap Belt(s),M,881be727-0543-44d2-aca9-2d6c6c4c1bf7,Opposite Direction Sideswipe,N,Intersection,Acceleration Lane,Dark Lights On,No Defects,"Two-way, Divided, Unprotected (painted >4 feet) Median",Wet,Cloudy,Twelve o'clock,(Sport) Utility Vehicle,Disabling,N,Accelerating,2015-01-22 0:09,59,38.995805,-77.02794333,4,0,빗길사고,등속 주행 중 사고
5009,N,Had Been Drinking,No Misuse,Y,Non-incapacitating Injury,e741bb7c-f5a8-485d-82a8-a7aa9ef81d4d,D,MSP64610014,Shoulder/Lap Belt(s),F,8330c5ac-a4ed-4a46-9dcf-ab7b5370db1c,Single Vehicle ,N,Non Intersection,Right Turn Lane,Dark Lights On,No Defects,"Two-way, Not Divided",Dry,Clear,Twelve o'clock,Passenger Car,Disabling,N,Moving Constant Speed,2015-03-28 22:12,24,39.51943683,-76.28220017,2,2,기타,기타
5010,N,Had Been Drinking,No Misuse,Y,Non-incapacitating Injury,ab6b9aee-a412-48a4-9f68-bce5e7dab29b,D,ZU69310003,Shoulder/Lap Belt(s),F,eb6d7d6d-6414-4f29-8d1c-94e911263fe4,Single Vehicle ,N,Interchange Related,Right Turn Lane,Daylight,No Defects,One-way Trafficway,Dry,Clear,Roof Top,Passenger Car,Destroyed,N,Moving Constant Speed,2015-01-01 9:31,25,39.60271751,-77.68389836,3,2,우회전 차선 사고,기타