KEY_INDEX,CDL_FLAG,CONDITION_CODE,EQUIP_PROB_CODE,FAULT_FLAG,INJ_SEVER_CODE,PERSON_ID,PERSON_TYPE,REPORT_NO,SAF_EQUIP_CODE,SEX_CODE,VEHICLE_ID,COLLISION_TYPE_CODE,C_M_ZONE_FLAG,JUNCTION_CODE,LANE_CODE,LIGHT_CODE,RD_COND_CODE,RD_DIV_CODE,SURF_COND_CODE,WEATHER_CODE,AREA_DAMAGED_CODE_MAIN,BODY_TYPE_CODE,DAMAGE_CODE,HIT_AND_RUN_FLAG,MOVEMENT_CODE,TIME,AGE,LATITUDE,LONGITUDE,CLUSTER,SECOND_LABEL,FIRST_LABEL,SECOND_LABELING
5011,N,Apparently Normal,No Misuse,Y,No Injury,8bf65462-496e-4aa7-9135-143d4e634692,D,ADH5320003,Shoulder/Lap Belt(s),M,4c0a0df0-cf43-4fec-91e6-2d307a4c9aac,Single Vehicle ,N,Intersection Related,Left Turn Lane,Daylight,No Defects,"Two-way, Divided, Positive Median Barrier",Wet,Clear,One o'clock,Passenger Car,No Damage,N,Making Right Turn,2015-02-22 13:20,72,39.32623565,-76.67884648,1,1,좌회전 차선 사고,등속 주행 사고
5012,N,Had Been Drinking,No Misuse,Y,Possible Incapacitating Injury,d1785f45-c008-4916-acd3-5617214a48bb,D,ADJ6090002,Shoulder/Lap Belt(s),F,b685a7d0-8148-43df-81f8-c9f7825b005d,Head On,N,Non Intersection,Right Turn Lane,Dark Lights On,No Defects,"Two-way, Not Divided",Dry,Clear,Twelve o'clock,Passenger Car,Disabling,N,Moving Constant Speed,2015-02-24 1:21,47,39.27131792,-76.62954211,2,2,기타,기타
5013,N,Apparently Normal,No Misuse,N,No Injury,bc274090-a08f-478a-b661-d09c7133981c,D,ADJ6090002,Shoulder/Lap Belt(s),M,1f2a041b-78e4-452e-974a-dd6353d6055a,Head On,N,Non Intersection,Right Turn Lane,Dark Lights On,No Defects,"Two-way, Not Divided",Dry,Clear,Twelve o'clock,Truck Tractor,Superficial,N,Parked  ,2015-02-24 1:21,61,39.27131792,-76.62954211,2,0,기타,자차 사고
5014,N,Had Been Drinking,No Misuse,Y,Possible Incapacitating Injury,5c42cf1c-533a-434a-afbd-0512bcafca2c,D,CB54250002,Shoulder/Lap Belt(s),F,e97b796a-f671-4fe2-8762-1de337fae4d9,Single Vehicle ,N,Intersection,Right Turn Lane,Dark - Unknown Lighting,No Defects,"Two-way, Divided, Unprotected (painted >4 feet) Median",Dry,Clear,Twelve o'clock,Passenger Car,Destroyed,Y,Moving Constant Speed,2015-02-07 22:51,31,39.11552762,-76.85882807,3,2,우회전 차선 사고,기타
5015,N,Had Been Drinking,No Misuse,Y,Possible Incapacitating Injury,effc3154-12e3-488f-bb1c-1c797ab271e3,D,CE42340006,Shoulder/Lap Belt(s),F,32c4f95e-4ccd-405c-bea5-abf65b0a6162,Same Movement Angle,N,Intersection,Acceleration Lane,Dark Lights On,No Defects,"Two-way, Divided, Positive Median Barrier",Dry,Clear,Twelve o'clock,Passenger Car,Disabling,N,Making Left Turn,2015-01-17 19:13,60,39.0889433,-76.84644699,1,1,좌회전 차선 사고,등속 주행 사고
5016,N,Apparently Normal,No Misuse,N,Possible Incapacitating Injury,7ef12c11-a435-495e-b306-4aecfc2fa463,D,CE42340006,Shoulder/Lap Belt(s),M,63b36aad-5403-4d6f-8ea9-08f72e344259,Same Movement Angle,N,Intersection,Acceleration Lane,Dark Lights On,No Defects,"Two-way, Divided, Positive Median Barrier",Dry,Clear,Twelve o'clock,Passenger Car,Disabling,N,Moving Constant Speed,2015-01-17 19:13,26,39.0889433,-76.84644699,1,0,좌회전 차선 사고,등속 주행 중 측면 추돌 사고
5017,N,Apparently Normal,No Misuse,N,No Injury,1bd8aacd-db60-4327-a629-f30d634a3dee,D,DA37560006,Shoulder/Lap Belt(s),M,9c2fc933-ee55-4f81-86fc-4bdfded9225d,Head On Left Turn,N,Intersection,Right Turn Lane,Dark Lights On,No Defects,"Two-way, Not Divided",Wet,Snow,Twelve o'clock,(Sport) Utility Vehicle,Disabling,N,Moving Constant Speed,2015-01-26 18:20,32,39.00870505,-76.76300883,4,2,빗길사고,동일 방향 운행 중 추돌 사고
5018,N,Had Been Drinking,No Misuse,Y,Possible Incapacitating Injury,0a8d6537-e752-44b9-b649-8f9d3ba8d3b6,D,MSP5146000C,Shoulder/Lap Belt(s),F,2d7798a4-ff61-4ff8-bffd-f44c355ca5b9,Single Vehicle ,N,Non Intersection,Right Turn Lane,Dark Lights On,No Defects,"Two-way, Not Divided",Dry,Cloudy,One o'clock,Passenger Car,Superficial,N,Moving Constant Speed,2015-02-24 21:41,35,39.54811616,-79.35220957,2,2,기타,기타
5019,N,Had Been Drinking,No Misuse,Y,Possible Incapacitating Injury,a73735c2-eca6-4ea5-881c-d0640c2c6c49,D,MSP64900005,Shoulder/Lap Belt(s),F,943ae1cc-98e6-4257-8930-fedf546e81e0,Single Vehicle ,N,Non Intersection,Right Turn Lane,Dark Lights On,No Defects,"Two-way, Not Divided",Dry,Clear,Twelve o'clock,Pickup Truck,Disabling,N,Moving Constant Speed,2015-01-19 23:00,35,39.02493086,-76.91749871,2,2,기타,기타
5020,N,Apparently Normal,No Misuse,N,No Injury,29b89bc2-0e2a-4a7a-b749-ed7104e690ef,D,MTA0291000K,Shoulder/Lap Belt(s),M,d1e31a41-c289-4a3f-94c3-d4158a73bd0c,Same Direction Sideswipe,N,Non Intersection,Right Turn Lane,Daylight,No Defects,One-way Trafficway,Dry,Clear,Five o'clock,Transit Bus,No Damage,N,Moving Constant Speed,2015-03-31 16:34,33,39.298647,-76.58706665,2,2,기타,기타
5021,N,Apparently Normal,No Misuse,Y,No Injury,ea21a31e-2a10-43ab-b6b6-bd7e345b9c80,D,MSP1205000X,Shoulder/Lap Belt(s),M,7e6d784c-d66b-4a0f-9eb4-c1d91cdd0baa,Single Vehicle ,N,Non Intersection,Right Turn Lane,Dark No Lights,No Defects,"Two-way, Divided, Unprotected (painted >4 feet) Median",Dry,Clear,Non-collision,Pickup Truck,No Damage,N,Starting From Parked,2015-01-18 3:07,29,38.48258267,-77.10011683,2,0,기타,자차 사고
5022,N,Using Drugs,No Misuse,Y,No Injury,64a54d22-0a3d-4012-b120-5b5de90aaef0,D,AE5580000C,Shoulder/Lap Belt(s),F,d6ff42dd-f90f-4180-8b7f-5c18bd4425c4,Single Vehicle ,N,Non Intersection,Right Turn Lane,Dark Lights On,No Defects,"Two-way, Not Divided",Wet,Raining,Twelve o'clock,Passenger Car,Disabling,N,Moving Constant Speed,2015-01-04 18:56,60,39.30454987,-76.640625,4,2,빗길사고,동일 방향 운행 중 추돌 사고
5023,N,Using Drugs,No Misuse,Y,No Injury,14b96ed4-0829-4017-ad5e-16152ff531de,D,DA37550004,Lap Belt Only,F,8a6fa1ca-f88a-4d1b-880f-42bfe5794dca,Same Direction Rear End,N,Intersection Related,Left Turn Lane,Daylight,No Defects,"Two-way, Divided, Positive Median Barrier",Wet,Sleet,Twelve o'clock,Passenger Car,Superficial,N,Accelerating,2015-03-07 8:45,41,38.80544514,-76.97437763,4,3,빗길사고,기타
5024,N,Apparently Normal,No Misuse,N,No Injury,5a229b89-14ae-4aea-b240-2175b34c375c,D,DA37550004,Lap Belt Only,M,a3d57801-c86a-44de-b750-845123e6d656,Same Direction Rear End,N,Intersection Related,Left Turn Lane,Daylight,No Defects,"Two-way, Divided, Positive Median Barrier",Wet,Sleet,Six o'clock,Passenger Car,Superficial,N,Slowing or Stopping,2015-03-07 8:45,24,38.80544514,-76.97437763,4,3,빗길사고,기타
5025,N,Using Drugs,No Misuse,Y,Non-incapacitating Injury,a463217c-b3e3-4b49-b5cb-f053fce70949,D,MSP62070005,Shoulder/Lap Belt(s),F,526f6e67-8727-487b-a65e-e0fa6c67affb,Single Vehicle ,N,Non Intersection,Right Turn Lane,Daylight,No Defects,"Two-way, Not Divided",Wet,Foggy,One o'clock,Passenger Car,Disabling,Y,Moving Constant Speed,2015-02-09 9:09,34,39.67247853,-77.03121901,4,2,빗길사고,동일 방향 운행 중 추돌 사고
5026,N,Using Drugs,No Misuse,Y,Possible Incapacitating Injury,f2057b10-5e2b-4838-8274-d0074d2cfc3f,D,AE4546000X,Shoulder/Lap Belt(s),F,82b418bb-d1f3-4b36-859d-724bfba1a6fe,Head On,N,Non Intersection,Right Turn Lane,Daylight,No Defects,"Two-way, Not Divided",Dry,Clear,Twelve o'clock,(Sport) Utility Vehicle,Disabling,N,Moving Constant Speed,2015-03-16 12:28,56,39.43629243,-76.70961142,2,2,기타,기타
5027,N,Apparently Normal,No Misuse,N,No Injury,71bba547-fc67-482f-a071-c1013a9b5dbf,D,AE4546000X,Shoulder/Lap Belt(s),M,543be174-e1dd-4a3f-965b-66c501f005f5,Head On,N,Non Intersection,Right Turn Lane,Daylight,No Defects,"Two-way, Not Divided",Dry,Clear,Twelve o'clock,(Sport) Utility Vehicle,Disabling,N,Moving Constant Speed,2015-03-16 12:28,20,39.43629243,-76.70961142,2,2,기타,기타
5028,N,Physical Defects,No Misuse,Y,No Injury,a9cfedf3-3c4f-4c23-a2c6-38842518e685,D,MSP61910023,Shoulder/Lap Belt(s),F,ba22ad77-5e67-471f-ac52-651d7dc7be54,Single Vehicle ,N,Non Intersection,Right Turn Lane,Dusk,No Defects,"Two-way, Divided, Positive Median Barrier",Dry,Clear,Ten o'clock,Passenger Car,Functional,N,Skidding,2015-01-20 17:22,40,39.0643605,-76.6409475,2,0,기타,자차 사고
5029,N,Physical Defects,No Misuse,Y,Possible Incapacitating Injury,86c42810-7855-4cae-8378-1a2381d57c31,D,MSP61110007,Shoulder/Lap Belt(s),F,a402d6c9-7cb6-44e3-91dc-69bef00be7be,Single Vehicle ,N,Non Intersection,Right Turn Lane,Daylight,No Defects,"Two-way, Not Divided",Ice,Cloudy,Twelve o'clock,(Sport) Utility Vehicle,Disabling,N,Moving Constant Speed,2015-03-02 6:46,37,39.68968633,-77.04922767,0,0,눈길사고,감속 중 사고
5030,N,Physical Defects,No Misuse,Y,Incapacitating/Disabled Injury,d2e2bf66-7dbf-43fc-bd1f-15659899aa5b,D,ZD4688000K,Shoulder/Lap Belt(s),F,1e11e05c-1b24-4533-931f-d9d642a11011,Single Vehicle ,N,Intersection,Right Turn Lane,Daylight,No Defects,"Two-way, Not Divided",Dry,Clear,Twelve o'clock,Passenger Car,Destroyed,N,Moving Constant Speed,2015-02-03 14:15,84,38.62467865,-76.54525906,3,2,우회전 차선 사고,기타
5031,N,Other Handicaps,No Misuse,Y,No Injury,6693f358-1f4c-4942-86f1-af642944772c,D,AC1717000J,Shoulder/Lap Belt(s),F,df0af419-8e1f-4aee-92b2-a81d63fc38c5,Single Vehicle ,N,Non Intersection,Right Turn Lane,Dark Lights On,No Defects,"Two-way, Not Divided",Dry,Clear,One o'clock,Pickup Truck,Functional,N,Moving Constant Speed,2015-01-18 5:54,65,39.1239346,-76.79262042,2,2,기타,기타
5032,N,Apparently Normal,No Misuse,N,No Injury,14622d95-8770-4f4c-ad08-5cf7d7ea04d5,D,CE45180002,Shoulder/Lap Belt(s),M,5fc42e99-2676-4522-a7aa-a2afb2391237,Head On,N,Intersection,Right Turn Lane,Daylight,No Defects,"Two-way, Not Divided",Dry,Clear,Twelve o'clock,Passenger Car,Functional,N,Slowing or Stopping,2015-01-07 15:01,48,39.10627045,-76.85506225,3,1,우회전 차선 사고,등속 주행 중 측면 추돌 사고
5033,N,Other Handicaps,No Misuse,Y,No Injury,ea5f94cd-f3c4-4544-b838-a52a6a5e800c,D,DE1185000G,Shoulder/Lap Belt(s),F,f1f6d770-1dfe-463f-8194-276eb3d47a4b,Same Direction Sideswipe,N,Non Intersection,Right Turn Lane,Daylight,No Defects,"Two-way, Divided, Positive Median Barrier",Dry,Clear,Ten o'clock,Passenger Car,Functional,N,Changing Lanes,2015-03-30 15:30,90,38.37333978,-75.61642885,2,0,기타,자차 사고
5034,N,Apparently Normal,No Misuse,N,No Injury,3f7c13f4-0a8a-4964-a82c-1371c437ccf2,D,DE1185000G,Shoulder/Lap Belt(s),M,6b08b0e9-eff3-45df-8aac-8ff4a8e588fe,Same Direction Sideswipe,N,Non Intersection,Right Turn Lane,Daylight,No Defects,"Two-way, Divided, Positive Median Barrier",Dry,Clear,Two o'clock,Passenger Car,Disabling,N,Moving Constant Speed,2015-03-30 15:30,81,38.37333978,-75.61642885,2,2,기타,기타
5035,N,Other Handicaps,No Misuse,Y,No Injury,f3c60b01-0e91-4cc3-b58e-9a0188d8dd78,D,ZD5855000F,Shoulder/Lap Belt(s),F,e0d8217a-10d9-42dc-a593-926148423677,Single Vehicle ,N,Non Intersection,Right Turn Lane,Dusk,No Defects,"Two-way, Divided, Positive Median Barrier",Dry,Clear,Twelve o'clock,Passenger Car,Disabling,N,Moving Constant Speed,2015-02-06 17:51,51,38.640657,-76.60547733,2,2,기타,기타
5036,N,Ill,No Misuse,Y,Non-incapacitating Injury,844b41a3-cdaa-4689-8e5a-fffb6f4c5ad0,D,CBPD0032000K,Shoulder/Lap Belt(s),F,c6aa99ae-eab8-4ac8-972a-499b3d4b84d3,Single Vehicle ,N,Non Intersection,Right Turn Lane,Daylight,No Defects,"Two-way, Not Divided",Dry,Clear,Twelve o'clock,Passenger Car,Functional,N,Moving Constant Speed,2015-01-31 15:24,76,38.93874937,-76.73913717,2,2,기타,기타
5037,N,Apparently Normal,No Misuse,N,No Injury,c7716b27-c206-42f4-ac10-5173119c2d9c,D,ADX0070007,Shoulder/Lap Belt(s),M,a4ce3755-f632-4a2c-9859-9e693824012d,Same Movement Angle,N,Intersection,Acceleration Lane,Dark Lights On,No Defects,"Two-way, Not Divided with a Continuous Left Turn Lane",Dry,Clear,Ten o'clock,Pickup Truck,No Damage,N,Moving Constant Speed,2015-03-21 20:15,67,39.2734774,-76.62871599,1,0,좌회전 차선 사고,등속 주행 중 측면 추돌 사고
5038,N,Ill,No Misuse,Y,Possible Incapacitating Injury,fc74bc29-6b37-4db3-9dcd-2501c17b8f33,D,AE48160009,Shoulder/Lap Belt(s),F,d559936a-ca00-4812-acc3-52280e5b974c,Single Vehicle ,N,Non Intersection,Right Turn Lane,Daylight,No Defects,"Two-way, Divided, Unprotected (painted >4 feet) Median",Dry,Clear,Twelve o'clock,Passenger Car,Disabling,N,Moving Constant Speed,2015-03-29 16:20,67,39.4739017,-76.53895855,2,2,기타,기타
5039,N,Ill,No Misuse,Y,Possible Incapacitating Injury,c0734151-2358-4c6e-ad5f-edb359107250,D,ZA05140006,Shoulder/Lap Belt(s),F,d0d974be-80f3-4720-9dee-e8a0c2449f58,Single Vehicle ,N,Intersection Related,Right Turn Lane,Dark No Lights,No Defects,"Two-way, Not Divided",Dry,Clear,Twelve o'clock,Passenger Car,Disabling,N,Moving Constant Speed,2015-03-23 19:39,21,39.69886622,-78.87084961,3,2,우회전 차선 사고,기타
5040,N,Fatigued Fainted,No Misuse,Y,No Injury,c91a04c5-c1a2-4c2e-b5a3-bf8789595daf,D,AC19870010,Shoulder/Lap Belt(s),F,d906d5b7-3fac-4ad3-b2b9-05f6c8468dbb,Single Vehicle ,N,Non Intersection,Right Turn Lane,Dark No Lights,No Defects,One-way Trafficway,Wet,Raining,Nine o'clock,Passenger Car,Disabling,N,Moving Constant Speed,2015-01-18 17:49,51,39.09545085,-76.71365619,4,2,빗길사고,동일 방향 운행 중 추돌 사고
5041,N,Fatigued Fainted,No Misuse,Y,No Injury,c201e7f4-9013-46eb-9f36-bd0177e978b7,D,ZL08460004,Shoulder/Lap Belt(s),F,bafa39cb-4425-4744-af29-2372a5c0564b,Single Vehicle ,N,Residential Driveway,Right Turn Lane,Dark No Lights,Obstruction Not Lighted,"Two-way, Not Divided",Dry,Clear,Twelve o'clock,Passenger Car,Disabling,N,Moving Constant Speed,2015-03-23 4:49,24,39.52985822,-76.32032325,3,2,우회전 차선 사고,기타
5042,N,Apparently Normal,No Misuse,N,No Injury,a14315f4-2d90-4214-9fd7-705ce1d77051,D,ZH05860008,Shoulder/Lap Belt(s),M,bb5ea959-5d4d-4b54-be9a-339e300db0bd,Same Movement Angle,N,Crossover Related,Right Turn Lane,Daylight,No Defects,"Two-way, Divided, Positive Median Barrier",Dry,Clear,Twelve o'clock,Pickup Truck,Superficial,N,Moving Constant Speed,2015-01-07 11:28,57,38.62598833,-77.07575333,3,0,우회전 차선 사고,기타
5043,N,Fatigued Fainted,No Misuse,Y,Possible Incapacitating Injury,70f7c49a-7598-4b2c-8a88-df7c441ecffd,D,AE5780000G,Shoulder/Lap Belt(s),F,05d4c69f-d2a2-4f93-ab0e-8feaf82f2f34,Single Vehicle ,N,Intersection,Right Turn Lane,Dark Lights On,No Defects,"Two-way, Not Divided",Dry,Clear,Twelve o'clock,Passenger Car,Functional,N,Accelerating,2015-02-28 18:47,27,39.35544669,-76.75750494,3,1,우회전 차선 사고,등속 주행 중 측면 추돌 사고
5044,N,Fatigued Fainted,No Misuse,Y,Possible Incapacitating Injury,5f4346ea-3004-40f8-8b40-e983b3f3190f,D,MSP6085002N,Shoulder/Lap Belt(s),F,b7cbbbc9-51e8-451e-9cb7-1503fe5f6e35,Single Vehicle ,N,Non Intersection,Right Turn Lane,Daylight,No Defects,"Two-way, Not Divided",Dry,Cloudy,Roof Top,Passenger Car,Disabling,N,Moving Constant Speed,2015-01-25 12:00,56,39.47765622,-76.25885305,2,2,기타,기타
5045,N,Apparently Asleep,No Misuse,Y,No Injury,4b69423c-d5e9-4819-ac74-00bd4082fcd5,D,AC2010000H,Shoulder/Lap Belt(s),F,f6ead39c-1d36-4998-a5a5-e7f482c0e22d,Single Vehicle ,N,Intersection,Right Turn Lane,Dark Lights On,Foreign Material,"Two-way, Not Divided",Slush,Clear,Eight o'clock,Passenger Car,Destroyed,N,Moving Constant Speed,2015-03-07 1:55,20,39.1207697,-76.6903876,3,2,우회전 차선 사고,기타
5046,N,Apparently Asleep,No Misuse,N,No Injury,f266e9bb-30a1-472c-b132-92482c6c852f,D,ADG7720001,Shoulder/Lap Belt(s),F,52409be8-c9c5-48cc-bb28-5a689453377f,Same Direction Rear End,N,Intersection Related,Acceleration Lane,Daylight,No Defects,"Two-way, Divided, Positive Median Barrier",Dry,Clear,Six o'clock,Passenger Car,Functional,N,Slowing or Stopping,2015-01-27 13:10,22,39.29287647,-76.62791133,1,3,좌회전 차선 사고,감속 중 사고
5047,N,Apparently Normal,No Misuse,Y,Possible Incapacitating Injury,f5b67b98-2599-4e06-b45e-3f00d9d2f8e8,D,ADG7720001,Shoulder/Lap Belt(s),M,ea1c4314-8245-46cc-9248-9a111268f4ca,Same Direction Rear End,N,Intersection Related,Acceleration Lane,Daylight,No Defects,"Two-way, Divided, Positive Median Barrier",Dry,Clear,Twelve o'clock,Passenger Car,Functional,N,Slowing or Stopping,2015-01-27 13:10,38,39.29287647,-76.62791133,1,3,좌회전 차선 사고,감속 중 사고
5048,N,Apparently Asleep,No Misuse,Y,No Injury,3b1b6a9d-5c4a-4498-b879-e8e438651aa9,D,AE5507000C,Shoulder/Lap Belt(s),F,6d72e99d-cd53-4e19-99cd-20537b5d0d89,Same Direction Sideswipe,N,Non Intersection,Acceleration Lane,Daylight,No Defects,"Two-way, Divided, Positive Median Barrier",Dry,Clear,Eleven o'clock,Passenger Car,Functional,N,Moving Constant Speed,2015-02-24 10:03,24,39.25582588,-76.69139385,1,0,좌회전 차선 사고,등속 주행 중 측면 추돌 사고
5049,N,Apparently Asleep,No Misuse,Y,No Injury,d3507a3a-1708-490a-8647-1794bf5cbd23,D,MCP2776000S,Shoulder/Lap Belt(s),F,7b160dca-e460-4af2-92e3-fc393bc7c99f,Single Vehicle ,N,Non Intersection,Right Turn Lane,Dark No Lights,No Defects,"Two-way, Not Divided",Dry,Clear,One o'clock,Passenger Car,Disabling,N,Moving Constant Speed,2015-02-17 23:52,22,39.177555,-77.10107333,2,2,기타,기타
5050,N,Apparently Asleep,No Misuse,Y,No Injury,770b1961-3698-43dd-b3ba-699ec4d7f86c,D,ZR02580009,Shoulder/Lap Belt(s),F,974c4e17-337f-41c5-b361-dcd5fdcc4682,Single Vehicle ,N,Non Intersection,Acceleration Lane,Dark No Lights,No Defects,"Two-way, Divided, Unprotected (painted >4 feet) Median",Dry,Clear,One o'clock,(Sport) Utility Vehicle,Destroyed,N,Moving Constant Speed,2015-01-06 1:18,32,38.27233477,-76.46079898,1,0,좌회전 차선 사고,등속 주행 중 측면 추돌 사고
5051,N,Emotional Depressed Angry Disturbed,No Misuse,Y,No Injury,99d4c1a1-0e60-431b-a250-dd4b0b6fc13b,D,DA38680002,Shoulder/Lap Belt(s),F,3b0e07f2-0424-49bd-9f46-30445c582358,Same Direction Sideswipe,N,Non Intersection,Right Turn Lane,Daylight,No Defects,"Two-way, Not Divided",Dry,Clear,One o'clock,Passenger Car,Functional,Y,Moving Constant Speed,2015-02-23 13:41,39,38.99700749,-76.83398008,2,2,기타,기타
5052,N,Apparently Normal,No Misuse,N,No Injury,d43e449b-d0b0-4259-9e20-4e64e26bb447,D,DA38680002,Shoulder/Lap Belt(s),M,5c3013c1-7d26-4287-b513-10c057a39aac,Same Direction Sideswipe,N,Non Intersection,Right Turn Lane,Daylight,No Defects,"Two-way, Not Divided",Dry,Clear,Nine o'clock,(Sport) Utility Vehicle,Functional,N,Moving Constant Speed,2015-02-23 13:41,32,38.99700749,-76.83398008,2,2,기타,기타
5053,N,Emotional Depressed Angry Disturbed,No Misuse,Y,No Injury,cc3da351-3945-41ca-a46a-6e81bc6dc8c7,D,MSP6185001D,Shoulder/Lap Belt(s),F,638195fa-308d-49d0-9dbb-fbc228d04965,Same Direction Rear End,N,Non Intersection,Left Turn Lane,Dark No Lights,No Defects,"Two-way, Divided, Positive Median Barrier",Dry,Clear,Twelve o'clock,Passenger Car,Disabling,N,Moving Constant Speed,2015-03-06 22:49,32,38.6853225,-76.05882083,1,0,좌회전 차선 사고,등속 주행 중 측면 추돌 사고
5054,N,Emotional Depressed Angry Disturbed,No Misuse,Y,No Injury,d13ef86e-5cbb-47d8-8551-08e5ce61c9f0,D,MTA0116000B,Shoulder/Lap Belt(s),F,f2e236c9-50c0-43d8-b4bd-c9804e1c83be,Same Movement Angle,N,Intersection,Right Turn Lane,Daylight,No Defects,"Two-way, Not Divided",Dry,Clear,Four o'clock,Passenger Car,Destroyed,N,Making Left Turn,2015-02-05 15:00,80,39.28674841,-76.56234741,3,0,우회전 차선 사고,기타
5055,Y,Apparently Normal,No Misuse,N,No Injury,df250a33-16a9-4708-91c2-9dcfb00f4f17,D,MTA0116000B,Shoulder/Lap Belt(s),M,08a706f8-653f-425c-9e48-f140fe7e3de0,Same Movement Angle,N,Intersection,Right Turn Lane,Daylight,No Defects,"Two-way, Not Divided",Dry,Clear,Twelve o'clock,Transit Bus,No Damage,N,Moving Constant Speed,2015-02-05 15:00,35,39.28674841,-76.56234741,3,0,우회전 차선 사고,기타
5056,N,Influenced by Medications and/or Drugs and/or Alcohol,No Misuse,Y,No Injury,2b60c682-0bdb-4ae6-a850-66175537c9f3,D,MSP53970037,Shoulder/Lap Belt(s),F,43900be1-586d-4d97-903c-b6336abd1969,Same Direction Rear End,N,Intersection,Left Turn Lane,Dark Lights On,No Defects,"Two-way, Divided, Positive Median Barrier",Wet,Raining,Twelve o'clock,Passenger Car,No Damage,N,Slowing or Stopping,2015-01-18 18:46,51,39.19374,-76.610574,4,3,빗길사고,기타
5057,N,Apparently Normal,No Misuse,N,No Injury,905cec63-a687-49ac-82ee-562c3996e195,D,MSP53970037,Shoulder/Lap Belt(s),M,18468744-d89d-4c13-ae57-676c6ba35df4,Same Direction Rear End,N,Intersection,Left Turn Lane,Dark Lights On,No Defects,"Two-way, Divided, Positive Median Barrier",Wet,Raining,Six o'clock,Passenger Car,Superficial,N,Stopped in Traffic Lane,2015-01-18 18:46,43,39.19374,-76.610574,4,3,빗길사고,기타
5058,N,Influenced by Medications and/or Drugs and/or Alcohol,No Misuse,Y,Possible Incapacitating Injury,5aac43e5-4741-401c-9e5d-20657b656539,D,DA3794000C,Shoulder/Lap Belt(s),F,1dcec2ef-f2aa-4b51-b197-85f706ddf82e,Single Vehicle ,N,Intersection,Right Turn Lane,Daylight,No Defects,"Two-way, Not Divided",Dry,Clear,Twelve o'clock,(Sport) Utility Vehicle,Destroyed,N,Accelerating,2015-03-25 11:09,44,38.80964211,-76.99139357,3,1,우회전 차선 사고,등속 주행 중 측면 추돌 사고
5059,N,Influenced by Medications and/or Drugs and/or Alcohol,No Misuse,Y,Possible Incapacitating Injury,d3931ae5-880b-49c4-bd7c-fd1038e377e4,D,MCP2667000M,Shoulder/Lap Belt(s),F,5a75fe62-b6d5-48b7-bc20-38a787bb33e6,Single Vehicle ,N,Non Intersection,Right Turn Lane,Daylight,No Defects,"Two-way, Divided, Positive Median Barrier",Dry,Cloudy,Twelve o'clock,Passenger Car,Disabling,N,Moving Constant Speed,2015-03-03 11:45,68,39.18955333,-77.18445833,2,2,기타,기타
5060,Y,Apparently Normal,No Misuse,N,No Injury,d54a37f0-a983-4720-873b-902f0f3524eb,D,MSP62530009,Shoulder/Lap Belt(s),M,fb61539c-9abe-4d1f-a719-9e7a3c4d2ca7,Same Direction Rear End,N,Railway Grade Crossing,Left Turn Lane,Daylight,No Defects,"Two-way, Divided, Positive Median Barrier",Dry,Clear,Six o'clock,Other Bus,Destroyed,N,Slowing or Stopping,2015-03-29 16:50,49,39.03749483,-76.016974,1,3,좌회전 차선 사고,감속 중 사고
5061,N,Apparently Normal,No Misuse,N,No Injury,76a6d8c6-14d6-488b-8167-8f152fb3365b,D,ADH1410003,Shoulder/Lap Belt(s),M,638b53ec-d84b-4f69-9057-54be99e2667e,Same Direction Sideswipe,N,Non Intersection,Right Turn Lane,Dark Lights On,No Defects,One-way Trafficway,Dry,Clear,Four o'clock,Passenger Car,Functional,N,Parked  ,2015-03-08 3:40,37,39.29396731,-76.61822051,2,0,기타,자차 사고
5062,N,Apparently Normal,No Misuse,N,No Injury,1ff0ee82-212f-460f-9409-599d4806354d,D,ADJ4740009,Shoulder/Lap Belt(s),M,36f51a13-cfc6-41f2-9b4b-c34e6f425652,Same Direction Rear End,N,Intersection Related,Left Turn Lane,Dark Lights On,No Defects,"Two-way, Not Divided",Wet,Wintry Mix,Six o'clock,Passenger Car,Superficial,N,Stopped in Traffic Lane,2015-03-05 20:05,29,39.27724802,-76.5665102,4,3,빗길사고,기타
5063,N,Apparently Normal,No Misuse,N,No Injury,05905514-250a-4969-a8a6-7518445cbb55,D,AE4431000B,Shoulder/Lap Belt(s),M,0c49c976-a3b9-489c-935a-476ca87aeaa3,Same Direction Right Turn,N,Intersection Related,Left Turn Lane,Dark Lights On,No Defects,"Two-way, Not Divided",Dry,Clear,Twelve o'clock,Passenger Car,Functional,N,Moving Constant Speed,2015-01-07 20:00,77,39.44729566,-76.62912369,1,0,좌회전 차선 사고,등속 주행 중 측면 추돌 사고
5064,N,Apparently Normal,No Misuse,N,Non-incapacitating Injury,4435cc9b-62f3-4c6d-9ff5-093508d36cfd,D,MCP14530019,Shoulder/Lap Belt(s),M,e7fb60bc-4a67-4cbd-bc22-27a0ff460359,Same Direction Rear End,N,Intersection Related,Right Turn Lane,Daylight,No Defects,"Two-way, Not Divided",Dry,Clear,Six o'clock,Passenger Car,No Damage,N,Stopped in Traffic Lane,2015-03-12 15:14,30,39.186475,-77.18750833,3,3,우회전 차선 사고,동일 방향 운행 중 추돌 사고