KEY_INDEX,CDL_FLAG,CONDITION_CODE,EQUIP_PROB_CODE,FAULT_FLAG,INJ_SEVER_CODE,PERSON_ID,PERSON_TYPE,REPORT_NO,SAF_EQUIP_CODE,SEX_CODE,VEHICLE_ID,COLLISION_TYPE_CODE,C_M_ZONE_FLAG,JUNCTION_CODE,LANE_CODE,LIGHT_CODE,RD_COND_CODE,RD_DIV_CODE,SURF_COND_CODE,WEATHER_CODE,AREA_DAMAGED_CODE_MAIN,BODY_TYPE_CODE,DAMAGE_CODE,HIT_AND_RUN_FLAG,MOVEMENT_CODE,TIME,AGE,LATITUDE,LONGITUDE,CLUSTER,SECOND_LABEL,FIRST_LABEL,SECOND_LABELING
5065,N,Apparently Normal,No Misuse,N,No Injury,d188b066-56c5-42a0-9a1e-fd19588ababe,D,MCP2559000D,Shoulder/Lap Belt(s),M,e63dfbd3-3aa2-4797-a578-02f4db84d778,Same Direction Sideswipe,N,Non Intersection,Right Turn Lane,Daylight,No Defects,"Two-way, Not Divided",Dry,Cloudy,Two o'clock,Passenger Car,Functional,N,Moving Constant Speed,2015-01-19 14:22,20,39.12227667,-77.23871167,2,2,기타,기타
5066,N,Apparently Normal,No Misuse,N,No Injury,217565bc-73e1-48f0-8f81-232ae26bc354,D,MCP2667000P,Shoulder/Lap Belt(s),M,e1def9d5-ffc2-4834-adae-5d7dd7afc699,Same Movement Angle,N,Commercial Driveway,Left Turn Lane,Daylight,No Defects,"Two-way, Not Divided",Wet,Cloudy,Eight o'clock,Passenger Car,Functional,N,Making Left Turn,2015-03-14 13:12,31,39.144225,-77.20663,4,1,빗길사고,자차 사고
5067,N,Apparently Normal,No Misuse,N,No Injury,03a9ead8-124c-4969-aaae-ab02398593d2,D,MSP63750028,Shoulder/Lap Belt(s),M,93393154-fcae-46ba-93a7-0a88d26f0639,Same Direction Sideswipe,N,Non Intersection,Right Turn Lane,Daylight,No Defects,"Two-way, Divided, Positive Median Barrier",Ice,Clear,Two o'clock,Passenger Car,Disabling,N,Moving Constant Speed,2015-02-22 10:02,26,39.368063,-77.199419,2,2,기타,기타
5068,N,Apparently Normal,No Misuse,N,Non-incapacitating Injury,a24a8dc3-96e3-4476-9958-076895a5347d,D,ZR0309000B,Shoulder/Lap Belt(s),M,84c79f4b-df13-443c-b45d-91a9d3f5d12c,Same Movement Angle,N,Intersection,Left Turn Lane,Dark Lights On,No Defects,"Two-way, Not Divided with a Continuous Left Turn Lane",Ice,Clear,Twelve o'clock,Passenger Car,Functional,N,Moving Constant Speed,2015-02-17 20:26,26,38.238098,-76.495729,1,0,좌회전 차선 사고,등속 주행 중 측면 추돌 사고
5069,N,Apparently Normal,No Misuse,Y,No Injury,1cf84dff-fe63-4ff4-bc36-6c87b939fb28,D,ADI9490001,Shoulder/Lap Belt(s),M,9d3ac8dc-cd71-4785-a0d8-fce6eab42776,Same Movement Angle,N,Intersection,Right Turn Lane,Daylight,No Defects,"Two-way, Not Divided",Dry,Clear,Eleven o'clock,Van,Disabling,N,Slowing or Stopping,2015-01-09 11:30,37,39.29320653,-76.66246086,3,0,우회전 차선 사고,기타
5070,N,Apparently Normal,No Misuse,N,No Injury,5e7cf0e8-61a6-43d6-bab2-f76cb355b5c4,D,MSP6187001C,Shoulder/Lap Belt(s),M,c49a332b-ddd6-4bcb-8893-6c62e64609a4,Same Movement Angle,N,Intersection,Right Turn Lane,Dark No Lights,No Defects,"Two-way, Not Divided",Dry,Clear,Four o'clock,Pickup Truck,Disabling,N,Moving Constant Speed,2015-03-17 20:55,46,38.58370383,-77.120474,3,0,우회전 차선 사고,기타
5071,N,Apparently Normal,No Misuse,N,No Injury,3fa98770-14dd-4a34-95da-23ab60d7c543,D,DA31980009,Shoulder/Lap Belt(s),M,5e3cc818-1b19-4955-a217-aeb622fc9571,Same Movement Angle,N,Intersection Related,Acceleration Lane,Dark No Lights,No Defects,"Two-way, Divided, Positive Median Barrier",Dry,Clear,Twelve o'clock,Passenger Car,Functional,N,Moving Constant Speed,2015-01-23 5:58,27,38.92451905,-76.87053122,1,0,좌회전 차선 사고,등속 주행 중 측면 추돌 사고
5072,N,Apparently Normal,No Misuse,N,No Injury,a3f0900d-c615-4bf5-8b6a-2f48b6c6fd0d,D,AA01140001,Shoulder/Lap Belt(s),M,883cb6f6-aa45-4bb7-85fb-a9d55e9b3836,Same Movement Angle,N,Intersection,Left Turn Lane,Daylight,No Defects,"Two-way, Divided, Positive Median Barrier",Dry,Clear,Twelve o'clock,Passenger Car,Superficial,N,Accelerating,2015-01-15 11:20,57,39.51953568,-76.16409302,1,1,좌회전 차선 사고,등속 주행 사고
5073,N,Apparently Normal,No Misuse,Y,Possible Incapacitating Injury,210529c4-2965-4ce7-833d-0ba990f719ef,D,AA01140001,Shoulder/Lap Belt(s),M,0d490166-5e4a-4e6a-86f5-91a4d2aab44c,Same Movement Angle,N,Intersection,Left Turn Lane,Daylight,No Defects,"Two-way, Divided, Positive Median Barrier",Dry,Clear,Nine o'clock,Van,Superficial,N,Accelerating,2015-01-15 11:20,65,39.51953568,-76.16409302,1,1,좌회전 차선 사고,등속 주행 사고
5074,N,Apparently Normal,No Misuse,N,No Injury,46c88887-a384-4e7b-82e3-976d9ef1c20d,D,AB26960033,Shoulder/Lap Belt(s),M,48ef91a6-f40e-473b-b5fc-0d40773b261c,Same Movement Angle,N,Intersection,Left Turn Lane,Daylight,No Defects,"Two-way, Not Divided",Dry,Clear,Four o'clock,Passenger Car,Disabling,N,Accelerating,2015-03-17 15:06,60,38.99735769,-76.39605045,1,1,좌회전 차선 사고,등속 주행 사고
5075,N,Apparently Normal,No Misuse,Y,No Injury,ff7c2e66-753c-4ee6-a201-9f52651dbc26,D,AB4518001Y,Shoulder/Lap Belt(s),M,f47d13a7-f1c8-4997-98f9-43aa19dac883,Opposite Direction Sideswipe,N,Non Intersection,Right Turn Lane,Daylight,No Defects,"Two-way, Not Divided",Snow,Snow,Twelve o'clock,Pickup Truck,Functional,N,Skidding,2015-01-06 8:41,23,38.97122935,-76.52606785,0,2,눈길사고,미끌어짐에 의한 사고
5076,N,Apparently Normal,No Misuse,N,Possible Incapacitating Injury,fd322cde-5335-409e-81d7-6e44192d706b,D,AB4518001Y,Shoulder/Lap Belt(s),M,d871a873-9c49-4d89-947e-5da08b3c76d3,Opposite Direction Sideswipe,N,Non Intersection,Right Turn Lane,Daylight,No Defects,"Two-way, Not Divided",Snow,Snow,Eleven o'clock,Passenger Car,Disabling,N,Slowing or Stopping,2015-01-06 8:41,40,38.97122935,-76.52606785,0,1,눈길사고,등속 주행 사고
5077,Y,Apparently Normal,No Misuse,N,No Injury,05ea69e3-776f-40d8-a5a4-33dd0523d77c,D,AB4518002F,Shoulder/Lap Belt(s),M,4a7d0443-1720-470f-b410-ba24a8f99077,Same Direction Right Turn,N,Non Intersection,Right Turn Lane,Daylight,No Defects,One-way Trafficway,Ice,Clear,Eleven o'clock,Transit Bus,Superficial,N,Accelerating,2015-03-07 7:39,66,38.97851089,-76.49226531,2,0,기타,자차 사고
5078,N,Apparently Normal,No Misuse,N,No Injury,54b05bac-fc08-4596-ba70-4ba1d6c563a9,D,AB53190003,Shoulder/Lap Belt(s),M,09c04334-584e-42cb-81af-1de50f3a31cf,Head On Left Turn,N,Intersection,Right Turn Lane,Dark Lights On,No Defects,"Two-way, Not Divided",Wet,Clear,Twelve o'clock,"Other Light Trucks (10,000 lbs (4,536 kg))",Superficial,N,Moving Constant Speed,2015-01-06 0:00,39,38.98781609,-76.50212109,3,2,우회전 차선 사고,기타
5079,N,Apparently Normal,No Misuse,Y,No Injury,4588e884-0993-4c8a-ad50-d63971f17518,D,AB53190003,Shoulder/Lap Belt(s),M,de579c66-4d92-4df2-9b97-145f195451ec,Head On Left Turn,N,Intersection,Right Turn Lane,Dark Lights On,No Defects,"Two-way, Not Divided",Wet,Clear,Two o'clock,(Sport) Utility Vehicle,Disabling,N,Making Left Turn,2015-01-06 0:00,48,38.98781609,-76.50212109,3,1,우회전 차선 사고,등속 주행 중 측면 추돌 사고
5080,N,Apparently Normal,No Misuse,N,No Injury,41d98762-f3ea-4d31-90aa-fcd3ee09c139,D,AC09240018,Shoulder/Lap Belt(s),M,53f91bb0-5f97-4315-9cae-f54113097670,Same Direction Rear End,N,Non Intersection,Right Turn Lane,Dark Lights On,No Defects,"Two-way, Not Divided",Dry,Clear,Six o'clock,(Sport) Utility Vehicle,Functional,N,Moving Constant Speed,2015-01-10 20:52,41,39.14633722,-76.52436733,2,3,기타,등속 주행 중 측면 추돌 사고
5081,N,Apparently Normal,No Misuse,Y,No Injury,8d5f9368-d6c4-4eda-ba72-67d4a79661fd,D,AC0985000L,Shoulder/Lap Belt(s),M,5be84f9d-9f01-49e8-9ddf-17aef551354f,Single Vehicle ,N,Non Intersection,Left Turn Lane,Dark Lights On,No Defects,"Two-way, Not Divided",Ice,Foggy,Roof Top,Passenger Car,Disabling,N,Moving Constant Speed,2015-01-18 22:18,59,39.13607667,-76.70555833,0,0,눈길사고,감속 중 사고
5082,N,Apparently Normal,No Misuse,N,Incapacitating/Disabled Injury,abac8ecb-c677-42e7-bc5c-f63aa4d19204,D,AC1012000D,Shoulder/Lap Belt(s),M,20077a08-6089-4567-bed6-1398b9ffc138,Same Movement Angle,N,Intersection,Right Turn Lane,Dark Lights On,No Defects,"Two-way, Divided, Positive Median Barrier",Wet,Raining,Eight o'clock,Pickup Truck,Disabling,N,Making Left Turn,2015-01-03 20:09,36,38.98124918,-76.53709552,4,1,빗길사고,자차 사고
5083,N,Apparently Normal,No Misuse,N,No Injury,69cc74e7-5a97-413d-8c72-0ebab58cc613,D,AC1028000M,Shoulder/Lap Belt(s),M,41af4d64-0c08-4598-9afe-acb6ea7b6982,Head On Left Turn,N,Intersection,Right Turn Lane,Daylight,No Defects,"Two-way, Not Divided",Dry,Clear,One o'clock,Pickup Truck,Disabling,N,Moving Constant Speed,2015-02-28 17:27,58,39.11093249,-76.69228435,3,2,우회전 차선 사고,기타
5084,N,Apparently Normal,No Misuse,Y,No Injury,bd924e48-f72e-4da7-884e-73cf47286090,D,AC1028000M,Shoulder/Lap Belt(s),M,426a8108-bbe6-46d4-9e03-42da7ca2ff08,Head On Left Turn,N,Intersection,Right Turn Lane,Daylight,No Defects,"Two-way, Not Divided",Dry,Clear,Twelve o'clock,Passenger Car,Disabling,N,Making Right Turn,2015-02-28 17:27,48,39.11093249,-76.69228435,3,1,우회전 차선 사고,등속 주행 중 측면 추돌 사고
5085,N,Apparently Normal,No Misuse,N,No Injury,6e2c494a-5984-4e1b-a145-8c5c0c411352,D,AC1187000D,Shoulder/Lap Belt(s),M,ec66713c-f177-41dd-8bfa-59fa6597a855,Same Movement Angle,N,Intersection,Right Turn Lane,Dark No Lights,No Defects,"Two-way, Not Divided",Snow,Snow,Eleven o'clock,Passenger Car,Disabling,N,Skidding,2015-02-16 23:16,76,39.03721965,-76.47945642,0,2,눈길사고,미끌어짐에 의한 사고
5086,N,Apparently Normal,No Misuse,N,No Injury,2f69e89a-c8ad-4b98-8c30-60817936eb9b,D,AC1187000D,Shoulder/Lap Belt(s),M,82a8a0c4-7b31-441b-98e7-bcc740f2e96b,Same Movement Angle,N,Intersection,Right Turn Lane,Dark No Lights,No Defects,"Two-way, Not Divided",Snow,Snow,One o'clock,Pickup Truck,Disabling,N,Moving Constant Speed,2015-02-16 23:16,20,39.03721965,-76.47945642,0,0,눈길사고,감속 중 사고
5087,N,Apparently Normal,No Misuse,N,No Injury,597f455f-cdd5-4847-9c8e-e3e41c122613,D,AC1222001T,Shoulder/Lap Belt(s),M,ec7c79b2-324e-4739-b7cd-26f6b242897d,Same Direction Rear End,N,Non Intersection,Left Turn Lane,Daylight,No Defects,"Two-way, Divided, Positive Median Barrier",Dry,Cloudy,Six o'clock,Pickup Truck,Superficial,N,Stopped in Traffic Lane,2015-02-16 13:05,33,39.15251083,-76.72776461,1,2,좌회전 차선 사고,기타
5088,N,Apparently Normal,No Misuse,Y,No Injury,1309d1f6-2f6e-478e-a010-c73dc0e0352b,D,AC1222001T,Shoulder/Lap Belt(s),M,e265ca6b-0d76-4d69-adfd-be3a6da6f667,Same Direction Rear End,N,Non Intersection,Left Turn Lane,Daylight,No Defects,"Two-way, Divided, Positive Median Barrier",Dry,Cloudy,Twelve o'clock,Passenger Car,Disabling,N,Moving Constant Speed,2015-02-16 13:05,84,39.15251083,-76.72776461,1,0,좌회전 차선 사고,등속 주행 중 측면 추돌 사고
5089,Y,Apparently Normal,No Misuse,Y,No Injury,1b27453d-f138-4b5b-a717-c1e265e44f40,D,AC1326000D,Shoulder/Lap Belt(s),M,931da794-3640-4725-96b5-9ea9c56f03e3,Single Vehicle ,N,Intersection,Right Turn Lane,Dark Lights On,No Defects,"Two-way, Not Divided",Wet,Snow,Eleven o'clock,Passenger Car,Disabling,N,Moving Constant Speed,2015-01-26 6:33,61,39.10761914,-76.58339739,4,2,빗길사고,동일 방향 운행 중 추돌 사고
5090,N,Apparently Normal,No Misuse,N,No Injury,f245f831-f75a-4ca7-95f6-edc35fa530b6,D,AC13380017,Shoulder/Lap Belt(s),M,07862fae-1bf3-4fbc-b723-a10dffc2eed7,Same Movement Angle,N,Intersection,Acceleration Lane,Daylight,No Defects,"Two-way, Divided, Positive Median Barrier",Dry,Clear,Twelve o'clock,Passenger Car,Disabling,N,Accelerating,2015-03-26 18:18,26,39.01016293,-76.69877798,1,1,좌회전 차선 사고,등속 주행 사고
5091,N,Apparently Normal,No Misuse,Y,No Injury,c84a9e09-9e2d-48aa-8024-d23aefb51cac,D,AC13380017,Shoulder/Lap Belt(s),M,b84fff76-efc7-471b-901c-73120ab3a0ca,Same Movement Angle,N,Intersection,Acceleration Lane,Daylight,No Defects,"Two-way, Divided, Positive Median Barrier",Dry,Clear,Twelve o'clock,(Sport) Utility Vehicle,Disabling,N,Accelerating,2015-03-26 18:18,67,39.01016293,-76.69877798,1,1,좌회전 차선 사고,등속 주행 사고
5092,N,Apparently Normal,No Misuse,N,No Injury,997a80eb-fa6d-4bf7-a3a3-8e25baf0222e,D,AC13640019,Shoulder/Lap Belt(s),M,b3ec1b8d-c602-4431-8972-29ed946bd485,Single Vehicle ,N,Non Intersection,Right Turn Lane,Dark No Lights,No Defects,"Two-way, Divided, Positive Median Barrier",Dry,Clear,Twelve o'clock,(Sport) Utility Vehicle,Disabling,N,Moving Constant Speed,2015-02-28 18:32,70,39.12119578,-76.57413658,2,2,기타,기타
5093,N,Apparently Normal,No Misuse,N,No Injury,b594d4dc-399a-4eed-a18a-a4d02193a973,D,AC1403000X,Shoulder/Lap Belt(s),M,1c094822-4d4f-4ca1-9285-11db841a94e9,Same Direction Sideswipe,N,Intersection Related,Left Turn Lane,Dark Lights On,No Defects,"Two-way, Not Divided",Dry,Cloudy,Five o'clock,(Sport) Utility Vehicle,Functional,N,Stopped in Traffic Lane,2015-01-09 19:09,35,39.19387837,-76.6083717,1,2,좌회전 차선 사고,기타
5094,N,Apparently Normal,No Misuse,N,No Injury,7672eb05-4e26-4e0b-8ce6-0e50dc945341,D,AC1414000L,Shoulder/Lap Belt(s),M,6c706d41-333c-41c1-8081-a96862d8dfcf,Angle Meets Left Turn,N,Intersection,Right Turn Lane,Daylight,No Defects,"Two-way, Not Divided",Dry,Clear,Ten o'clock,Passenger Car,Disabling,N,Moving Constant Speed,2015-02-25 8:04,55,39.12739698,-76.53121233,3,2,우회전 차선 사고,기타
5095,N,Apparently Normal,No Misuse,Y,Non-incapacitating Injury,0ad04f56-4d85-4224-807c-eae7d70537b2,D,AC1414000L,Shoulder/Lap Belt(s),M,c3ab45ca-8436-456b-8ee2-bb98c849b4ea,Angle Meets Left Turn,N,Intersection,Right Turn Lane,Daylight,No Defects,"Two-way, Not Divided",Dry,Clear,One o'clock,Passenger Car,Disabling,N,Making Left Turn,2015-02-25 8:04,23,39.12739698,-76.53121233,3,1,우회전 차선 사고,등속 주행 중 측면 추돌 사고
5096,N,Apparently Normal,No Misuse,N,No Injury,1a57112d-f561-4703-8151-15a527cfc13c,D,AC1490000K,Shoulder/Lap Belt(s),M,6fc2e069-94c6-47dc-b32c-4f8cd3aeb6a1,Head On Left Turn,N,Intersection,Acceleration Lane,Dark No Lights,No Defects,"Two-way, Divided, Positive Median Barrier",Dry,Clear,One o'clock,Passenger Car,Disabling,N,Starting From Lane,2015-02-07 18:38,30,39.010173,-76.69768722,1,1,좌회전 차선 사고,등속 주행 사고
5097,N,Apparently Normal,No Misuse,Y,Possible Incapacitating Injury,1e1dc1fb-d603-4b1b-8116-4e3db1308079,D,AC1490000K,Shoulder/Lap Belt(s),M,1d5ba5da-0f72-46ce-96b9-7894470b2850,Head On Left Turn,N,Intersection,Acceleration Lane,Dark No Lights,No Defects,"Two-way, Divided, Positive Median Barrier",Dry,Clear,Three o'clock,Passenger Car,Disabling,N,Making Left Turn,2015-02-07 18:38,27,39.010173,-76.69768722,1,1,좌회전 차선 사고,등속 주행 사고
5098,N,Apparently Normal,No Misuse,Y,No Injury,59947b01-1930-44a5-be28-fc3f4584e8d1,D,AC15370007,Shoulder/Lap Belt(s),M,ece0627f-5a2c-426b-a59a-54f7335d6913,Same Direction Rear End Right Turn,N,Non Intersection,Right Turn Lane,Dark Lights On,No Defects,"Two-way, Not Divided",Dry,Clear,One o'clock,(Sport) Utility Vehicle,Disabling,N,Moving Constant Speed,2015-01-25 0:57,31,39.14815928,-76.60665607,2,2,기타,기타
5099,N,Apparently Normal,No Misuse,Y,No Injury,d5fa1cdf-a2c7-4653-a409-2b592ab9187a,D,AC15370008,Shoulder/Lap Belt(s),M,47e7a23a-6707-494e-96fd-c7a0927d37fa,Same Direction Sideswipe,N,Intersection Related,Left Turn Lane,Dark Lights On,No Defects,"Two-way, Divided, Positive Median Barrier",Snow,Snow,One o'clock,(Sport) Utility Vehicle,Superficial,N,Changing Lanes,2015-02-01 23:20,68,39.13576308,-76.59533352,0,2,눈길사고,미끌어짐에 의한 사고
5100,Y,Apparently Normal,No Misuse,N,No Injury,e93ec1e8-7886-452c-a5ce-087df4ab7d44,D,AC1538000G,Shoulder/Lap Belt(s),M,0b000e4e-56f8-4e1b-b0ec-75a0cbf27161,Head On Left Turn,N,Intersection,Right Turn Lane,Daylight,No Defects,"Two-way, Not Divided",Dry,Clear,Twelve o'clock,Pickup Truck,Disabling,N,Moving Constant Speed,2015-01-07 14:58,47,38.8224238,-76.61043406,3,2,우회전 차선 사고,기타
5101,N,Apparently Normal,No Misuse,Y,No Injury,66787ee8-9ee4-4b26-8c82-4d684b890566,D,AC1538000G,Shoulder/Lap Belt(s),M,a5804780-cc7c-4aaf-a7d5-32ab850da4e8,Head On Left Turn,N,Intersection,Right Turn Lane,Daylight,No Defects,"Two-way, Not Divided",Dry,Clear,Eleven o'clock,Passenger Car,Disabling,N,Making Left Turn,2015-01-07 14:58,17,38.8224238,-76.61043406,3,1,우회전 차선 사고,등속 주행 중 측면 추돌 사고
5102,N,Apparently Normal,No Misuse,N,No Injury,ea8538ee-116d-4066-b17b-4c93d12b7e10,D,AC1550000B,Shoulder/Lap Belt(s),M,1d21472e-eefa-4e50-b5ae-e417d4fa00a1,Same Direction Rear End,N,Non Intersection,Left Turn Lane,Dark Lights On,No Defects,"Two-way, Divided, Positive Median Barrier",Dry,Clear,Six o'clock,(Sport) Utility Vehicle,Functional,N,Moving Constant Speed,2015-01-05 23:04,50,39.10018437,-76.81644917,1,0,좌회전 차선 사고,등속 주행 중 측면 추돌 사고
5103,N,Had Been Drinking,No Misuse,Y,No Injury,2d804416-7ca1-483e-b582-f29c29192ad7,D,AC1550000B,Shoulder/Lap Belt(s),M,d768b28e-d8ad-472a-a039-72e51e7066bc,Same Direction Rear End,N,Non Intersection,Left Turn Lane,Dark Lights On,No Defects,"Two-way, Divided, Positive Median Barrier",Dry,Clear,Twelve o'clock,Passenger Car,Disabling,N,Moving Constant Speed,2015-01-05 23:04,34,39.10018437,-76.81644917,1,0,좌회전 차선 사고,등속 주행 중 측면 추돌 사고
5104,N,Apparently Normal,No Misuse,N,No Injury,09479b8e-3bcd-4066-8a80-13cd29a1325f,D,AC1641000Y,Shoulder/Lap Belt(s),M,14685083-e080-458d-a5ca-b5b545a641da,Same Direction Sideswipe,N,Non Intersection,Right Turn Lane,Dark Lights On,No Defects,One-way Trafficway,Dry,Clear,Five o'clock,Passenger Car,Superficial,N,Moving Constant Speed,2015-02-01 18:04,45,39.05651736,-76.65555954,2,2,기타,기타
5105,N,Apparently Normal,No Misuse,N,No Injury,c90b577d-c06f-4b8c-bd39-c1be3bd8677c,D,AC1736000P,Shoulder/Lap Belt(s),M,36e77306-28b8-432f-a1f2-47c80b1992a9,Same Direction Right Turn,N,Intersection Related,Right Turn Lane,Dark Lights On,No Defects,"Two-way, Not Divided",Dry,Clear,Ten o'clock,Passenger Car,Functional,N,Moving Constant Speed,2015-01-19 20:09,27,39.07038663,-76.67324443,3,2,우회전 차선 사고,기타
5106,N,Apparently Normal,No Misuse,N,No Injury,e22ccc66-f6cc-415b-b9e0-ef11f4c288ec,D,AC1736000Q,Shoulder/Lap Belt(s),M,86f3e39e-d0d9-46c3-9c7c-466e1a5ef133,Same Movement Angle,N,Intersection,Left Turn Lane,Daylight,No Defects,"Two-way, Divided, Positive Median Barrier",Dry,Clear,Twelve o'clock,Passenger Car,Functional,N,Moving Constant Speed,2015-02-11 14:29,44,39.07539336,-76.70883894,1,0,좌회전 차선 사고,등속 주행 중 측면 추돌 사고
5107,N,Apparently Normal,No Misuse,Y,No Injury,0c4d8f9c-e97d-4e83-8227-ee0fd7714c29,D,AC1736000Q,Shoulder/Lap Belt(s),M,857d6124-a755-4443-829d-ae5b9ffd45d0,Same Movement Angle,N,Intersection,Left Turn Lane,Daylight,No Defects,"Two-way, Divided, Positive Median Barrier",Dry,Clear,Three o'clock,Passenger Car,Functional,N,Making U Turn,2015-02-11 14:29,22,39.07539336,-76.70883894,1,1,좌회전 차선 사고,등속 주행 사고
5108,N,Apparently Normal,No Misuse,N,No Injury,06825298-5621-4838-abb7-814927651d5d,D,AC1886001N,Shoulder/Lap Belt(s),M,ab535101-6b5e-41d2-b41a-c65e9d2802ac,Same Direction Rear End,N,Intersection Related,Left Turn Lane,Daylight,No Defects,"Two-way, Divided, Unprotected (painted >4 feet) Median",Dry,Clear,Six o'clock,(Sport) Utility Vehicle,Superficial,N,Stopped in Traffic Lane,2015-03-31 14:21,22,39.12595296,-76.58975422,1,2,좌회전 차선 사고,기타
5109,N,Apparently Normal,No Misuse,N,No Injury,17a3b575-4815-4cc7-b33f-3d6ac9a8f5a5,D,AC1910000K,Shoulder Belt Only,M,d7e2d5a9-2254-4d6a-80ba-e91b2815b7fc,Same Direction Rear End,N,Intersection Related,Acceleration Lane,Dark Lights On,No Defects,"Two-way, Divided, Positive Median Barrier",Dry,Clear,Six o'clock,Pickup Truck,Functional,N,Slowing or Stopping,2015-03-15 2:14,20,39.07608167,-76.544775,1,3,좌회전 차선 사고,감속 중 사고
5110,N,Apparently Normal,No Misuse,Y,No Injury,a8c9526b-9923-4c93-a30f-f4c63d8ae9c0,D,AC1929000J,Shoulder/Lap Belt(s),M,2bda3ef7-a3ba-4b2f-9675-01531542fbe7,Single Vehicle ,N,Intersection,Acceleration Lane,Dusk,No Defects,"Two-way, Divided, Positive Median Barrier",Wet,Raining,Twelve o'clock,Passenger Car,Disabling,N,Moving Constant Speed,2015-03-27 6:03,57,39.20389221,-76.68137312,4,2,빗길사고,동일 방향 운행 중 추돌 사고
5111,N,Apparently Normal,No Misuse,N,No Injury,49f6a0e5-867d-48ac-9028-1277daba4371,D,AC1930001Q,Shoulder/Lap Belt(s),M,76d6ae5e-11e8-4f81-bdb1-ef57138161cc,Same Movement Angle,N,Intersection,Right Turn Lane,Dark Lights On,No Defects,"Two-way, Not Divided",Dry,Clear,Five o'clock,Passenger Car,Superficial,N,Accelerating,2015-03-07 19:36,47,39.07632619,-76.68979526,3,0,우회전 차선 사고,기타
5112,N,Apparently Normal,No Misuse,Y,No Injury,b6785520-c632-4643-bc0e-7c4b96224e0f,D,AC19900018,Shoulder/Lap Belt(s),M,fe828607-0637-4d18-b3d1-e92ef299b9b0,Same Movement Angle,N,Non Intersection,Right Turn Lane,Daylight,No Defects,"Two-way, Divided, Unprotected (painted >4 feet) Median",Dry,Clear,One o'clock,Passenger Car,Disabling,N,Moving Constant Speed,2015-02-25 16:10,74,39.13596612,-76.7047925,2,2,기타,기타
5113,N,Apparently Normal,No Misuse,N,No Injury,3971cdc4-701b-4357-b707-7687c5336f4d,D,AC19910012,Shoulder/Lap Belt(s),M,9207509c-9a32-4a60-bd3d-479f252c509e,Same Direction Rear End,N,Intersection Related,Right Turn Lane,Daylight,No Defects,"Two-way, Not Divided",Snow,Snow,Six o'clock,Van,Superficial,N,Slowing or Stopping,2015-01-06 8:43,40,39.16391645,-76.74062848,0,1,눈길사고,등속 주행 사고
5114,N,Apparently Normal,No Misuse,Y,No Injury,29dd5314-c308-4e8c-aebb-02ff5f2a68b6,D,AC19910012,Shoulder/Lap Belt(s),M,d1014172-253e-4a6d-9c53-a01befb2b6f5,Same Direction Rear End,N,Intersection Related,Right Turn Lane,Daylight,No Defects,"Two-way, Not Divided",Snow,Snow,Twelve o'clock,Passenger Car,Superficial,N,Slowing or Stopping,2015-01-06 8:43,39,39.16391645,-76.74062848,0,1,눈길사고,등속 주행 사고
5115,N,Apparently Normal,No Misuse,Y,No Injury,62ad67ba-bc31-4b6d-b5ce-3c8e42fabf2c,D,AC2015000F,Shoulder/Lap Belt(s),M,7f4e6b5c-c879-4ebf-8b22-51d3fd387abb,Single Vehicle ,N,Non Intersection,Right Turn Lane,Daylight,No Defects,"Two-way, Divided, Positive Median Barrier",Wet,Raining,Twelve o'clock,Passenger Car,Disabling,N,Moving Constant Speed,2015-01-03 11:49,24,39.15261899,-76.64543152,4,2,빗길사고,동일 방향 운행 중 추돌 사고
5116,N,Apparently Normal,Air Bag Failed,Y,Possible Incapacitating Injury,78f5418f-3345-405b-b554-c54c97c2382b,D,AC2028000F,Shoulder/Lap Belt(s),M,52ad2437-9aaf-43d6-86f9-5c0136e098e7,Single Vehicle ,N,Non Intersection,Right Turn Lane,Dark No Lights,No Defects,"Two-way, Divided, Positive Median Barrier",Dry,Clear,Six o'clock,Passenger Car,Disabling,N,Moving Constant Speed,2015-01-17 21:30,31,38.92616387,-76.56416059,2,2,기타,기타
5117,N,Apparently Normal,No Misuse,N,No Injury,8b772137-e832-4ce0-9fee-e995fb9db567,D,AC2033000D,Shoulder/Lap Belt(s),M,acaf9417-57e3-4637-b04c-45a804618c56,Same Direction Rear End,N,Intersection,Left Turn Lane,Daylight,No Defects,"Two-way, Divided, Positive Median Barrier",Dry,Clear,Six o'clock,Passenger Car,Superficial,N,Stopped in Traffic Lane,2015-02-27 15:59,59,39.1257324,-76.58912659,1,2,좌회전 차선 사고,기타
5118,N,Had Been Drinking,No Misuse,Y,No Injury,fb5ff9a8-b9aa-47c4-b2eb-29a7a01c8c43,D,AC2033000D,Shoulder/Lap Belt(s),M,aaa63000-3f8e-4a4f-a27e-93757eb52115,Same Direction Rear End,N,Intersection,Left Turn Lane,Daylight,No Defects,"Two-way, Divided, Positive Median Barrier",Dry,Clear,Twelve o'clock,"Other Light Trucks (10,000 lbs (4,536 kg))",Superficial,N,Slowing or Stopping,2015-02-27 15:59,28,39.1257324,-76.58912659,1,3,좌회전 차선 사고,감속 중 사고
5119,N,Apparently Normal,No Misuse,N,No Injury,57f8e757-850c-4713-ab80-e7bea4823dae,D,ADE3350006,Shoulder/Lap Belt(s),M,031899f0-6164-421e-8423-33de7f27e55e,Same Direction Right Turn,N,Non Intersection,Right Turn Lane,Dark Lights On,No Defects,"Two-way, Divided, Unprotected (painted >4 feet) Median",Dry,Clear,Eight o'clock,Passenger Car,Superficial,N,Stopped in Traffic Lane,2015-03-22 6:20,38,39.33975752,-76.66605234,2,0,기타,자차 사고