KEY_INDEX,CDL_FLAG,CONDITION_CODE,EQUIP_PROB_CODE,FAULT_FLAG,INJ_SEVER_CODE,PERSON_ID,PERSON_TYPE,REPORT_NO,SAF_EQUIP_CODE,SEX_CODE,VEHICLE_ID,COLLISION_TYPE_CODE,C_M_ZONE_FLAG,JUNCTION_CODE,LANE_CODE,LIGHT_CODE,RD_COND_CODE,RD_DIV_CODE,SURF_COND_CODE,WEATHER_CODE,AREA_DAMAGED_CODE_MAIN,BODY_TYPE_CODE,DAMAGE_CODE,HIT_AND_RUN_FLAG,MOVEMENT_CODE,TIME,AGE,LATITUDE,LONGITUDE,CLUSTER,SECOND_LABEL,FIRST_LABEL,SECOND_LABELING
5120,N,Apparently Normal,No Misuse,N,No Injury,f6eb6d6e-f44d-4ed9-91f8-8622e34c2c2b,D,ADE5430003,Shoulder/Lap Belt(s),M,4185486d-f598-4b40-93d3-31baedf6430c,Same Movement Angle,N,Intersection,Right Turn Lane,Dark Lights On,No Defects,"Two-way, Not Divided",Dry,Clear,Two o'clock,Passenger Car,Disabling,N,Moving Constant Speed,2015-03-18 1:15,35,39.3431263,-76.6729939,3,0,우회전 차선 사고,기타
5121,N,Apparently Normal,No Misuse,N,No Injury,29b7beb6-3cfd-4c89-8fc0-50f46735d75a,D,ADF819000H,Shoulder/Lap Belt(s),M,cbc263ff-3035-490f-8a62-ec4c68c6f7ba,Same Direction Rear End,N,Intersection,Right Turn Lane,Daylight,No Defects,"Two-way, Not Divided",Dry,Clear,Six o'clock,Police Vehicle/Non Emergency,Superficial,N,Stopped in Traffic Lane,2015-02-23 17:00,30,39.27250564,-76.63853288,3,3,우회전 차선 사고,동일 방향 운행 중 추돌 사고
5122,N,Apparently Normal,No Misuse,Y,No Injury,3687800d-d7ef-418f-888f-92af96b4089a,D,ADF819000H,Shoulder/Lap Belt(s),M,2f6c4111-0e42-41d3-a77c-5085a76e2e3d,Same Direction Rear End,N,Intersection,Right Turn Lane,Daylight,No Defects,"Two-way, Not Divided",Dry,Clear,Twelve o'clock,Passenger Car,No Damage,N,Slowing or Stopping,2015-02-23 17:00,22,39.27250564,-76.63853288,3,3,우회전 차선 사고,동일 방향 운행 중 추돌 사고
5123,N,Apparently Normal,No Misuse,Y,No Injury,945fb9b8-343f-4751-b3c1-9557e3aea1be,D,ADF9550012,Shoulder/Lap Belt(s),M,8261028b-de92-40e4-862c-eb6be74842ae,Same Direction Rear End,N,Non Intersection,Right Turn Lane,Daylight,No Defects,"Two-way, Not Divided",Dry,Clear,Twelve o'clock,Police Vehicle/Non Emergency,Superficial,N,Slowing or Stopping,2015-03-12 16:35,29,39.34900053,-76.58422351,2,1,기타,등속 주행 사고
5124,N,Apparently Normal,No Misuse,Y,No Injury,ad0e551a-942f-408b-89d9-befafee5eb20,D,ADG2930004,Shoulder/Lap Belt(s),M,6b053e11-c37c-4906-8e59-394b885eb2e6,Same Direction Sideswipe,N,Non Intersection,Right Turn Lane,Daylight,No Defects,"Two-way, Not Divided",Dry,Clear,Two o'clock,Passenger Car,Superficial,N,Passing,2015-03-30 14:30,36,39.32186542,-76.57425642,2,0,기타,자차 사고
5125,N,Apparently Normal,No Misuse,N,No Injury,00c07bc2-b7fe-4084-a37c-b672a9e36ec6,D,ADG3680002,Shoulder/Lap Belt(s),M,87067f2c-c6ef-453b-88bc-d80409e4660a,Same Direction Rear End,N,Intersection,Right Turn Lane,Dark Lights On,No Defects,"Two-way, Divided, Positive Median Barrier",Dry,Clear,Six o'clock,Van,Superficial,N,Stopped in Traffic Lane,2015-01-20 6:07,32,39.34269484,-76.68952703,3,3,우회전 차선 사고,동일 방향 운행 중 추돌 사고
5126,N,Apparently Normal,No Misuse,N,No Injury,5778e40e-759c-4cfd-9978-e02f46b38b0d,D,ADG4110005,Shoulder/Lap Belt(s),M,567c86a9-4e49-4a9b-890f-62e3d63874e7,Same Direction Both Left Turn,N,Non Intersection,Right Turn Lane,Daylight,No Defects,"Two-way, Divided, Positive Median Barrier",Wet,Raining,One o'clock,Passenger Car,Disabling,N,Moving Constant Speed,2015-03-01 15:52,43,39.28721343,-76.56043768,4,2,빗길사고,동일 방향 운행 중 추돌 사고
5127,N,Apparently Normal,No Misuse,Y,No Injury,3f502001-bce3-42a5-bab7-ab7d328958f6,D,ADG4110005,Shoulder/Lap Belt(s),M,4fed58e4-d248-472a-847b-ebde249201da,Same Direction Both Left Turn,N,Non Intersection,Right Turn Lane,Daylight,No Defects,"Two-way, Divided, Positive Median Barrier",Wet,Raining,Twelve o'clock,Passenger Car,Functional,N,Moving Constant Speed,2015-03-01 15:52,19,39.28721343,-76.56043768,4,2,빗길사고,동일 방향 운행 중 추돌 사고
5128,N,Apparently Normal,No Misuse,Y,No Injury,8f3be009-d10f-4355-89cb-26ae38b3cc36,D,ADG4380007,Shoulder/Lap Belt(s),M,afc6cc27-ef20-4cc2-927c-179a7b86b249,Same Direction Rear End,N,Non Intersection,Right Turn Lane,Daylight,No Defects,"Two-way, Divided, Unprotected (painted >4 feet) Median",Dry,Clear,Twelve o'clock,(Sport) Utility Vehicle,No Damage,N,Changing Lanes,2015-03-31 15:14,32,39.32848317,-76.68617427,2,0,기타,자차 사고
5129,N,Apparently Normal,No Misuse,N,Possible Incapacitating Injury,30bcf9d6-7028-4f44-a1a7-60fbde9de959,D,ADG4380007,Shoulder/Lap Belt(s),M,748e9f48-ba45-467b-93da-be3100a4bd86,Same Direction Rear End,N,Non Intersection,Right Turn Lane,Daylight,No Defects,"Two-way, Divided, Unprotected (painted >4 feet) Median",Dry,Clear,Six o'clock,Passenger Car,Functional,N,Slowing or Stopping,2015-03-31 15:14,57,39.32848317,-76.68617427,2,1,기타,등속 주행 사고
5130,N,Apparently Normal,No Misuse,Y,No Injury,644a5b3e-70c4-4807-863c-d293a2d3fa18,D,ADG5840003,Shoulder/Lap Belt(s),M,baa24f1b-2629-46ad-b72f-379f13990d3e,Single Vehicle ,N,Non Intersection,Acceleration Lane,Dusk,No Defects,One-way Trafficway,Wet,Raining,One o'clock,Passenger Car,Disabling,N,Moving Constant Speed,2015-03-10 18:30,21,39.2937234,-76.62236989,4,2,빗길사고,동일 방향 운행 중 추돌 사고
5131,N,Apparently Normal,No Misuse,N,No Injury,623fea6d-5ba1-4486-82ec-069691ff4583,D,ADG6470002,Shoulder/Lap Belt(s),M,acd88c73-4338-49f5-9ced-fedd21bcb2a3,Same Direction Rear End,N,Non Intersection,Right Turn Lane,Daylight,No Defects,"Two-way, Not Divided",Dry,Clear,Ten o'clock,Passenger Car,Superficial,N,Moving Constant Speed,2015-02-21 9:05,41,39.34864378,-76.67519331,2,3,기타,등속 주행 중 측면 추돌 사고
5132,N,Apparently Normal,No Misuse,N,No Injury,432d2916-ce5e-4cd3-85f3-5afebd6503e7,D,ADG9310002,Shoulder/Lap Belt(s),M,18d63972-7b49-4273-aa9e-3291e8326136,Same Direction Rear End,N,Intersection Related,Left Turn Lane,Daylight,No Defects,One-way Trafficway,Dry,Clear,Six o'clock,Van,Functional,N,Stopped in Traffic Lane,2015-03-12 10:05,68,39.31932563,-76.62543297,1,2,좌회전 차선 사고,기타
5133,N,Apparently Normal,No Misuse,N,No Injury,5acbd03e-745f-40ba-83a8-3311a4a12fd5,D,ADG9470002,Shoulder/Lap Belt(s),M,92683f42-c9e4-442d-a7e7-6e57df210dce,Same Movement Angle,N,Intersection Related,Right Turn Lane,Dark Lights On,No Defects,"Two-way, Not Divided",Dry,Cloudy,Twelve o'clock,Passenger Car,Destroyed,N,Moving Constant Speed,2015-01-10 18:50,36,39.2960389,-76.56964704,3,0,우회전 차선 사고,기타
5134,N,Apparently Normal,No Misuse,Y,No Injury,560f388b-e2ef-4c15-ae98-cccfa44c9015,D,ADH0020007,Shoulder/Lap Belt(s),M,3a0a2f7e-9f27-4d51-9211-23d0f1bdd86e,Single Vehicle ,N,Intersection,Right Turn Lane,Daylight,No Defects,"Two-way, Not Divided",Wet,Clear,Twelve o'clock,Passenger Car,Disabling,N,Slowing or Stopping,2015-03-06 9:45,24,39.32018054,-76.57513618,3,1,우회전 차선 사고,등속 주행 중 측면 추돌 사고
5135,N,Apparently Normal,No Misuse,N,No Injury,fc0606cc-529e-473e-ab6b-4022d9206196,D,ADH5040004,Shoulder/Lap Belt(s),M,59b7abfa-9527-4436-bc94-92b4061aa989,Same Movement Angle,N,Intersection,Right Turn Lane,Dark Lights On,No Defects,One-way Trafficway,Dry,Clear,Two o'clock,Passenger Car,Disabling,N,Moving Constant Speed,2015-03-03 0:42,21,39.30430081,-76.5937829,3,0,우회전 차선 사고,기타
5136,N,Apparently Normal,No Misuse,Y,No Injury,3b822ea3-f773-456d-8441-d994f3fcdb58,D,ADH5040004,Shoulder/Lap Belt(s),M,53f0a79b-bd31-4bb9-8d75-10a786044980,Same Movement Angle,N,Intersection,Right Turn Lane,Dark Lights On,No Defects,One-way Trafficway,Dry,Clear,Eleven o'clock,Passenger Car,Disabling,N,Moving Constant Speed,2015-03-03 0:42,27,39.30430081,-76.5937829,3,0,우회전 차선 사고,기타
5137,N,Apparently Normal,No Misuse,Y,No Injury,24ae1f3e-9bb1-481a-95f0-3e5ad7d3249c,D,ADH5650003,Shoulder/Lap Belt(s),M,d0e7ea1a-668d-48ba-980f-6bc0566e2c11,Same Movement Angle,N,Intersection Related,Right Turn Lane,Dawn,No Defects,"Two-way, Not Divided",Dry,Clear,Twelve o'clock,Passenger Car,Disabling,N,Starting From Lane,2015-02-06 7:00,30,39.28327726,-76.59816027,3,0,우회전 차선 사고,기타
5138,N,Apparently Normal,No Misuse,Y,No Injury,911e6594-d5c4-4a8a-9606-9fbf931dc90c,D,ADH6910007,Shoulder/Lap Belt(s),M,e1283e6e-c2e1-47f5-8bc4-18ae54d71f94,Single Vehicle ,N,Non Intersection,Right Turn Lane,Dark Lights On,No Defects,One-way Trafficway,Snow,Snow,Eight o'clock,(Sport) Utility Vehicle,Disabling,N,Moving Constant Speed,2015-02-16 20:00,39,39.26827793,-76.63531423,0,0,눈길사고,감속 중 사고
5139,N,Apparently Normal,No Misuse,N,No Injury,0a2c5f37-c180-4ded-af4f-57744764dabd,D,ADH7610002,Shoulder/Lap Belt(s),M,6be938e7-f489-45fb-ac29-37f5fcb1ff38,Same Direction Both Left Turn,N,Intersection Related,Right Turn Lane,Dark Lights On,No Defects,One-way Trafficway,Wet,Raining,One o'clock,Passenger Car,Superficial,Y,Making Left Turn,2015-02-10 2:55,29,39.21897181,-76.58633709,4,0,빗길사고,등속 주행 중 사고
5140,N,Apparently Normal,No Misuse,Y,No Injury,d7af2989-cd74-407a-94a1-c499448f41f8,D,ADH9910019,Shoulder/Lap Belt(s),M,4eb63746-a354-4d6d-9476-0f14b451124e,Same Direction Sideswipe,N,Non Intersection,Right Turn Lane,Dark Lights On,No Defects,"Two-way, Not Divided",Snow,Clear,One o'clock,(Sport) Utility Vehicle,Superficial,N,Moving Constant Speed,2015-03-07 2:30,34,39.35345981,-76.57290995,2,2,기타,기타
5141,N,Apparently Normal,No Misuse,N,No Injury,73684acb-f657-42b0-966b-62428151ae8f,D,ADI1100001,Shoulder/Lap Belt(s),M,8e1866ff-8552-4016-9ef9-76061be38872,Same Direction Rear End,N,Non Intersection,Right Turn Lane,Daylight,No Defects,"Two-way, Divided, Positive Median Barrier",Wet,Raining,Six o'clock,Passenger Car,Superficial,N,Stopped in Traffic Lane,2015-01-18 14:26,41,39.29288478,-76.69815302,4,3,빗길사고,기타
5142,N,Had Been Drinking,No Misuse,Y,No Injury,69ec2aac-e93d-4642-83a4-4d906467d3a3,D,ADI1100001,Shoulder/Lap Belt(s),M,a444ef62-2d3b-45c5-a597-eb20589237eb,Same Direction Rear End,N,Non Intersection,Right Turn Lane,Daylight,No Defects,"Two-way, Divided, Positive Median Barrier",Wet,Raining,Twelve o'clock,Pickup Truck,Superficial,N,Slowing or Stopping,2015-01-18 14:26,50,39.29288478,-76.69815302,4,3,빗길사고,기타
5143,N,Apparently Normal,No Misuse,N,No Injury,bfe0c8ec-3bb2-49bd-9216-f39803b7ffe7,D,ADI1850001,Shoulder/Lap Belt(s),M,698f8d58-7f8e-4f8a-8f63-696655ee440d,Opposite Direction Sideswipe,N,Intersection,Right Turn Lane,Dark Lights On,No Defects,"Two-way, Divided, Unprotected (painted >4 feet) Median",Dry,Clear,Twelve o'clock,Passenger Car,Functional,N,Moving Constant Speed,2015-02-04 23:23,54,39.31316668,-76.67262107,3,2,우회전 차선 사고,기타
5144,N,Apparently Normal,No Misuse,Y,No Injury,931c0831-aa95-4ad3-af65-b2fdc2db087c,D,ADI1850001,Shoulder/Lap Belt(s),M,a38a8cce-8b29-4803-8efe-58f8a6deacef,Opposite Direction Sideswipe,N,Intersection,Right Turn Lane,Dark Lights On,No Defects,"Two-way, Divided, Unprotected (painted >4 feet) Median",Dry,Clear,Ten o'clock,Passenger Car,Functional,N,Accelerating,2015-02-04 23:23,47,39.31316668,-76.67262107,3,1,우회전 차선 사고,등속 주행 중 측면 추돌 사고
5145,N,Apparently Normal,No Misuse,N,No Injury,a0f8080e-6d01-4d40-b55c-de0c8b2da02d,D,ADI2210002,Shoulder/Lap Belt(s),M,244aad41-af25-4fb7-9009-a52d8346649e,Same Direction Right Turn,N,Non Intersection,Right Turn Lane,Daylight,No Defects,"Two-way, Divided, Positive Median Barrier",Wet,Cloudy,One o'clock,Passenger Car,Superficial,N,Moving Constant Speed,2015-02-02 13:20,43,39.31643713,-76.65026486,4,2,빗길사고,동일 방향 운행 중 추돌 사고
5146,N,Apparently Normal,No Misuse,Y,No Injury,8f02b2d7-46a7-46bb-9ba6-858591ab4d72,D,ADI3060004,Shoulder Belt Only,M,90533060-062b-48b7-ad01-7e0683df3c05,Single Vehicle ,N,Intersection,Right Turn Lane,Daylight,No Defects,"Two-way, Not Divided",Dry,Clear,Twelve o'clock,Passenger Car,Superficial,N,Moving Constant Speed,2015-03-29 10:40,22,39.28301152,-76.62816882,3,2,우회전 차선 사고,기타
5147,Y,Apparently Normal,No Misuse,Y,No Injury,0f29d19a-932c-441b-af70-d7445a6e0faf,D,ADI5190002,Lap Belt Only,M,a67aee35-5db1-49a2-aeb6-443da8df632c,Same Direction Sideswipe,N,Intersection,Right Turn Lane,Daylight,No Defects,One-way Trafficway,Dry,Clear,Five o'clock,School Bus,Superficial,N,Making Left Turn,2015-02-05 15:30,59,39.31528543,-76.61606401,3,1,우회전 차선 사고,등속 주행 중 측면 추돌 사고
5148,N,Apparently Normal,No Misuse,N,No Injury,5e3bd68a-3321-4d0e-8bac-59a4c5ecbeac,D,ADI5260002,Shoulder/Lap Belt(s),M,815d1664-5b15-4805-ad2a-d0df56c23e53,Same Direction Rear End,N,Non Intersection,Right Turn Lane,Dark Lights On,No Defects,"Two-way, Divided, Unprotected (painted >4 feet) Median",Dry,Clear,Six o'clock,Van,Superficial,N,Slowing or Stopping,2015-01-18 2:00,20,39.31169741,-76.58504426,2,1,기타,등속 주행 사고
5149,N,Apparently Normal,No Misuse,N,No Injury,c5a43845-1182-42c8-8645-c079d1ecf293,D,ADI668000C,Shoulder/Lap Belt(s),M,e988b12d-0d12-4565-bb57-107e6633b2df,Same Direction Rear End,N,Non Intersection,Right Turn Lane,Daylight,No Defects,"Two-way, Divided, Unprotected (painted >4 feet) Median",Dry,Clear,Five o'clock,Passenger Car,Superficial,N,Moving Constant Speed,2015-02-18 14:30,77,39.315258,-76.596896,2,3,기타,등속 주행 중 측면 추돌 사고
5150,N,Apparently Normal,No Misuse,N,No Injury,d43c857c-a102-4c02-a2d8-fd9097665783,D,ADI703000F,Shoulder/Lap Belt(s),M,20d20394-f10a-418c-8929-d06df2af1425,Same Direction Left Turn,N,Non Intersection,Right Turn Lane,Daylight,No Defects,One-way Trafficway,Dry,Clear,Eleven o'clock,Passenger Car,Superficial,N,Changing Lanes,2015-03-31 11:50,72,39.29877984,-76.58526421,2,0,기타,자차 사고
5151,N,Apparently Normal,No Misuse,Y,No Injury,ea207755-ada0-451d-a76c-47171983e404,D,ADI703000F,Shoulder/Lap Belt(s),M,5026bbb7-3508-4252-abe6-44e8b97e66bf,Same Direction Left Turn,N,Non Intersection,Right Turn Lane,Daylight,No Defects,One-way Trafficway,Dry,Clear,One o'clock,Passenger Car,Superficial,Y,Starting From Lane,2015-03-31 11:50,28,39.29877984,-76.58526421,2,0,기타,자차 사고
5152,Y,Apparently Normal,No Misuse,N,No Injury,67027638-8b01-46d1-8175-88c19a409e52,D,ADI9160003,Shoulder/Lap Belt(s),M,8e0569a6-60e4-4abd-82f3-06c93bf77deb,Same Movement Angle,N,Intersection,Left Turn Lane,Daylight,No Defects,One-way Trafficway,Dry,Clear,Twelve o'clock,"Medium/Heavy Truck 2 axles (10,000 lbs (4,536 kg) or less)",Disabling,N,Moving Constant Speed,2015-01-05 13:24,48,39.22449077,-76.5883863,1,0,좌회전 차선 사고,등속 주행 중 측면 추돌 사고
5153,N,Apparently Normal,No Misuse,Y,No Injury,aa6d8572-0404-47ae-8a9e-5b5c7260b623,D,ADI9160003,Shoulder/Lap Belt(s),M,e1d67673-7035-4586-b676-cccd737135b3,Same Movement Angle,N,Intersection,Left Turn Lane,Daylight,No Defects,One-way Trafficway,Dry,Clear,Eleven o'clock,Passenger Car,Disabling,N,Starting From Parked,2015-01-05 13:24,27,39.22449077,-76.5883863,1,1,좌회전 차선 사고,등속 주행 사고
5154,N,Apparently Normal,No Misuse,N,No Injury,28927d70-7b8e-4e5e-8be1-42140bf748ca,D,ADI917000C,Shoulder/Lap Belt(s),M,9fd9cd1f-cd09-4dad-80e4-0647b1df2b3a,Single Vehicle ,N,Non Intersection,Right Turn Lane,Daylight,No Defects,One-way Trafficway,Dry,Clear,Twelve o'clock,Passenger Car,Destroyed,N,Moving Constant Speed,2015-03-18 13:00,27,39.31564755,-76.65055521,2,2,기타,기타
5155,N,Apparently Normal,No Misuse,Y,No Injury,9a3427fb-1992-4187-83af-c6635c3dfa61,D,ADI938000B,Shoulder/Lap Belt(s),M,52b87a83-b8ed-4f7c-900c-374a94950e22,Single Vehicle ,N,Non Intersection,Right Turn Lane,Daylight,No Defects,One-way Trafficway,Wet,Raining,Twelve o'clock,Passenger Car,Destroyed,N,Moving Constant Speed,2015-03-25 10:00,24,39.32894169,-76.66619182,4,2,빗길사고,동일 방향 운행 중 추돌 사고
5156,N,Apparently Normal,No Misuse,Y,No Injury,073fe4ba-b918-417f-89e8-4c1a047decad,D,ADI9490006,Shoulder/Lap Belt(s),M,850a4b08-2321-4659-bb53-3ec77964d7c2,Head On Left Turn,N,Intersection,Left Turn Lane,Dark Lights On,No Defects,"Two-way, Not Divided",Wet,Snow,Eleven o'clock,Pickup Truck,Functional,N,Moving Constant Speed,2015-01-29 19:25,51,39.30896632,-76.66927099,4,2,빗길사고,동일 방향 운행 중 추돌 사고
5157,N,Apparently Normal,No Misuse,Y,No Injury,bd94a314-c2c7-4e19-ad51-d2b0e46649fb,D,ADI9490006,Shoulder/Lap Belt(s),M,b2b61a7f-c460-4dd5-985e-08aaa3f0f71f,Head On Left Turn,N,Intersection,Left Turn Lane,Dark Lights On,No Defects,"Two-way, Not Divided",Wet,Snow,Twelve o'clock,Passenger Car,Disabling,N,Accelerating,2015-01-29 19:25,30,39.30896632,-76.66927099,4,0,빗길사고,등속 주행 중 사고
5158,N,Apparently Normal,No Misuse,N,No Injury,e6061a3f-495c-475b-9529-4666fc74b0f7,D,ADI9650008,Shoulder/Lap Belt(s),M,696ba8df-7764-4cab-bd7e-f9562c772cab,Same Movement Angle,N,Intersection Related,Left Turn Lane,Daylight,No Defects,"Two-way, Not Divided",Dry,Clear,Twelve o'clock,Passenger Car,No Damage,N,Moving Constant Speed,2015-02-28 14:00,28,39.2367988,-76.60384655,1,0,좌회전 차선 사고,등속 주행 중 측면 추돌 사고
5159,N,Apparently Normal,No Misuse,Y,No Injury,164b32a0-1803-47f1-a43e-199d529644dd,D,ADI9650008,Shoulder/Lap Belt(s),M,236e065a-3428-421c-8977-beed09a76e4a,Same Movement Angle,N,Intersection Related,Left Turn Lane,Daylight,No Defects,"Two-way, Not Divided",Dry,Clear,Eleven o'clock,Passenger Car,Functional,N,Making Right Turn,2015-02-28 14:00,20,39.2367988,-76.60384655,1,1,좌회전 차선 사고,등속 주행 사고
5160,N,Apparently Normal,No Misuse,N,No Injury,da81153e-e4bd-4acf-9c8e-2ae7f80e4b36,D,ADI9740007,Shoulder/Lap Belt(s),M,6dfd7600-a976-4adb-8fd0-656dbdf09b25,Same Direction Sideswipe,N,Non Intersection,Left Turn Lane,Daylight,No Defects,"Two-way, Divided, Unprotected (painted >4 feet) Median",Dry,Clear,Nine o'clock,Passenger Car,Functional,N,Moving Constant Speed,2015-03-29 11:50,47,39.34537276,-76.60246253,1,0,좌회전 차선 사고,등속 주행 중 측면 추돌 사고
5161,N,Apparently Normal,No Misuse,Y,No Injury,98994abf-cd50-4ada-984c-dbbcf5bd93f3,D,ADI9740007,Shoulder/Lap Belt(s),M,c21e5141-6f8f-438d-bd13-852082bd2ce1,Same Direction Sideswipe,N,Non Intersection,Left Turn Lane,Daylight,No Defects,"Two-way, Divided, Unprotected (painted >4 feet) Median",Dry,Clear,One o'clock,Passenger Car,Functional,N,Moving Constant Speed,2015-03-29 11:50,32,39.34537276,-76.60246253,1,0,좌회전 차선 사고,등속 주행 중 측면 추돌 사고
5162,N,Apparently Normal,No Misuse,N,Non-incapacitating Injury,5c528826-6142-4cf4-befc-22c52ff22df1,D,ADJ025000C,Shoulder/Lap Belt(s),M,b7acac75-fcef-4128-a2d1-b14becbccccd,Same Movement Angle,N,Intersection,Right Turn Lane,Dark Lights On,No Defects,One-way Trafficway,Snow,Clear,Eleven o'clock,Passenger Car,Disabling,N,Moving Constant Speed,2015-02-15 18:15,64,39.32202726,-76.61449492,3,0,우회전 차선 사고,기타
5163,N,Apparently Normal,No Misuse,Y,Possible Incapacitating Injury,e37ec0a0-68e6-4420-a3ac-d4a008cdc1a3,D,ADJ025000C,Shoulder/Lap Belt(s),M,1aeab914-190a-488c-96c1-4c97652e5387,Same Movement Angle,N,Intersection,Right Turn Lane,Dark Lights On,No Defects,One-way Trafficway,Snow,Clear,Twelve o'clock,Passenger Car,Disabling,N,Slowing or Stopping,2015-02-15 18:15,33,39.32202726,-76.61449492,3,0,우회전 차선 사고,기타
5164,N,Apparently Normal,No Misuse,N,No Injury,bc5f01cb-9845-43f1-9e38-3d416dc5edde,D,ADJ1240004,Shoulder/Lap Belt(s),M,b09c2af3-0579-47e9-9010-f71a397e7c32,Same Movement Angle,N,Intersection,Left Turn Lane,Daylight,No Defects,One-way Trafficway,Dry,Clear,Eleven o'clock,Passenger Car,Functional,N,Moving Constant Speed,2015-02-18 11:30,28,39.2871667,-76.646877,1,0,좌회전 차선 사고,등속 주행 중 측면 추돌 사고
5165,N,Apparently Normal,No Misuse,Y,No Injury,544a4468-c437-4c70-a622-60a2e9d3db47,D,ADJ1240004,Shoulder/Lap Belt(s),M,f8829c4d-5a74-45fa-83a5-3ec1f8821c6e,Same Movement Angle,N,Intersection,Left Turn Lane,Daylight,No Defects,One-way Trafficway,Dry,Clear,Twelve o'clock,Passenger Car,Functional,N,Accelerating,2015-02-18 11:30,56,39.2871667,-76.646877,1,1,좌회전 차선 사고,등속 주행 사고
5166,N,Apparently Normal,No Misuse,N,No Injury,a0a14d95-689f-4877-a07b-a65fe920dd57,D,ADJ1790006,Shoulder/Lap Belt(s),M,be9ab186-38a6-443c-b94a-7848ac4f8e8f,Same Direction Rear End,N,Intersection,Right Turn Lane,Daylight,No Defects,"Two-way, Divided, Unprotected (painted >4 feet) Median",Wet,Severe Winds,Nine o'clock,Passenger Car,Disabling,N,Making Left Turn,2015-02-15 11:00,37,39.35590607,-76.64428085,4,3,빗길사고,기타
5167,N,Apparently Normal,No Misuse,N,No Injury,6c395e3b-bbc1-4b2b-a2d2-711854610062,D,ADJ1790006,Shoulder/Lap Belt(s),M,7880920d-3846-421d-9f6e-f7fc45bfe605,Same Direction Rear End,N,Intersection,Right Turn Lane,Daylight,No Defects,"Two-way, Divided, Unprotected (painted >4 feet) Median",Wet,Severe Winds,Six o'clock,Passenger Car,Functional,N,Stopped in Traffic Lane,2015-02-15 11:00,31,39.35590607,-76.64428085,4,3,빗길사고,기타
5168,N,Apparently Normal,No Misuse,N,No Injury,bc5bc41e-b2c8-4842-93ee-863565556a3e,D,ADJ2410005,Shoulder/Lap Belt(s),M,2cabc439-a841-4c07-b549-754f674fb8fd,Same Direction Rear End,N,Intersection,Right Turn Lane,Daylight,No Defects,One-way Trafficway,Dry,Clear,Twelve o'clock,Passenger Car,Disabling,N,Stopped in Traffic Lane,2015-02-08 14:50,56,39.28426288,-76.64670758,3,3,우회전 차선 사고,동일 방향 운행 중 추돌 사고
5169,N,Apparently Normal,No Misuse,Y,No Injury,91134d1e-ea14-4960-b3e7-f01701e4d2dc,D,ADJ2420006,Shoulder/Lap Belt(s),M,afdbe050-58d7-4baf-a3f6-b4607c3356a0,Same Movement Angle,N,Intersection,Right Turn Lane,Daylight,No Defects,"Two-way, Not Divided",Dry,Clear,Two o'clock,Passenger Car,Disabling,N,Moving Constant Speed,2015-01-02 16:00,21,39.29980934,-76.64434791,3,0,우회전 차선 사고,기타
5170,N,Apparently Normal,No Misuse,N,No Injury,961cb6af-fbd5-4478-9c91-4f08bd7ab7a3,D,ADJ2560004,Shoulder/Lap Belt(s),M,289c3c71-3bee-4330-a0ab-43d0564278a5,Same Movement Angle,N,Intersection Related,Right Turn Lane,Daylight,No Defects,"Two-way, Not Divided",Dry,Clear,One o'clock,Passenger Car,Functional,N,Accelerating,2015-01-10 10:33,25,39.28486753,-76.6289413,3,0,우회전 차선 사고,기타
5171,N,Apparently Normal,No Misuse,Y,No Injury,17be32c8-ae94-4ac9-b7b5-e2048dc38b22,D,ADJ2650001,Shoulder/Lap Belt(s),M,b80b17b8-d1f5-4ac4-bafd-eb4c15dfe5e0,Single Vehicle ,N,Intersection,Right Turn Lane,Daylight,No Defects,One-way Trafficway,Snow,Snow,Twelve o'clock,Passenger Car,Disabling,N,Making Left Turn,2015-01-06 11:59,28,39.29364245,-76.64898545,0,2,눈길사고,미끌어짐에 의한 사고
5172,Y,Apparently Normal,No Misuse,N,No Injury,1944c171-24f4-499c-bc8f-4e8c806b9176,D,ADJ2740007,Shoulder/Lap Belt(s),M,03908ca6-682a-4ec5-adf1-2197a656b347,Same Movement Angle,N,Non Intersection,Right Turn Lane,Dark Lights On,No Defects,"Two-way, Not Divided",Dry,Clear,Two o'clock,Van,Disabling,N,Moving Constant Speed,2015-03-23 2:15,32,39.28516233,-76.69497728,2,2,기타,기타
5173,N,Apparently Normal,No Misuse,N,No Injury,27a80463-e342-4e64-9cf1-6a3ec7af027d,D,ADJ3140001,Shoulder/Lap Belt(s),M,ba3aa1b7-ba50-4ce2-a963-8fe9f0afb546,Same Movement Angle,N,Intersection Related,Right Turn Lane,Dark Lights On,No Defects,"Two-way, Not Divided",Dry,Clear,Nine o'clock,Passenger Car,Disabling,N,Making Right Turn,2015-01-02 2:00,22,39.298894,-76.6429317,3,0,우회전 차선 사고,기타
5174,N,Apparently Normal,No Misuse,N,Possible Incapacitating Injury,f95bbcc7-999c-4a06-8e53-3c0d37b3bae2,D,ADJ3700004,Shoulder/Lap Belt(s),M,b209a186-41d8-4750-9e01-318a021de95f,Same Movement Angle,N,Non Intersection,Acceleration Lane,Daylight,No Defects,One-way Trafficway,Dry,Cloudy,Twelve o'clock,Passenger Car,Disabling,N,Moving Constant Speed,2015-03-25 9:20,50,39.3072326,-76.60066947,1,0,좌회전 차선 사고,등속 주행 중 측면 추돌 사고