KEY_INDEX,CDL_FLAG,CONDITION_CODE,EQUIP_PROB_CODE,FAULT_FLAG,INJ_SEVER_CODE,PERSON_ID,PERSON_TYPE,REPORT_NO,SAF_EQUIP_CODE,SEX_CODE,VEHICLE_ID,COLLISION_TYPE_CODE,C_M_ZONE_FLAG,JUNCTION_CODE,LANE_CODE,LIGHT_CODE,RD_COND_CODE,RD_DIV_CODE,SURF_COND_CODE,WEATHER_CODE,AREA_DAMAGED_CODE_MAIN,BODY_TYPE_CODE,DAMAGE_CODE,HIT_AND_RUN_FLAG,MOVEMENT_CODE,TIME,AGE,LATITUDE,LONGITUDE,CLUSTER,SECOND_LABEL,FIRST_LABEL,SECOND_LABELING
5175,N,Apparently Normal,No Misuse,Y,Possible Incapacitating Injury,30e0d100-408c-4734-ade1-2ba2e379a8c7,D,ADJ3700004,Shoulder/Lap Belt(s),M,44704d57-5191-4002-ab3e-295e35973896,Same Movement Angle,N,Non Intersection,Acceleration Lane,Daylight,No Defects,One-way Trafficway,Dry,Cloudy,Eleven o'clock,Van,Disabling,N,Accelerating,2015-03-25 9:20,27,39.3072326,-76.60066947,1,1,좌회전 차선 사고,등속 주행 사고
5176,N,Apparently Normal,No Misuse,Y,Possible Incapacitating Injury,648d96bd-4251-4bc1-9a43-57b00d6491b1,D,ADJ3760003,Shoulder/Lap Belt(s),M,3c76b02c-d194-4fc6-9dc6-70eb0f811ad9,Same Movement Angle,N,Intersection,Left Turn Lane,Daylight,No Defects,"Two-way, Not Divided",Dry,Clear,Twelve o'clock,Passenger Car,Disabling,N,Making Left Turn,2015-01-25 13:08,21,39.29392268,-76.59384727,1,1,좌회전 차선 사고,등속 주행 사고
5177,N,Emotional Depressed Angry Disturbed,No Misuse,N,Possible Incapacitating Injury,12bdfbee-10ac-4028-ab3b-27a05ebfe925,D,ADJ3760003,Shoulder/Lap Belt(s),M,84e658a7-c14f-4bad-9294-aaddaf78c2b1,Same Movement Angle,N,Intersection,Left Turn Lane,Daylight,No Defects,"Two-way, Not Divided",Dry,Clear,Eleven o'clock,Passenger Car,Functional,N,Moving Constant Speed,2015-01-25 13:08,33,39.29392268,-76.59384727,1,0,좌회전 차선 사고,등속 주행 중 측면 추돌 사고
5178,N,Apparently Normal,No Misuse,N,Possible Incapacitating Injury,29cc1d8f-511f-4d53-91fb-271dcd04022d,D,ADJ3760004,Shoulder/Lap Belt(s),M,c4a98215-cec0-4722-bbb9-625d0cd66a59,Same Movement Angle,N,Intersection,Right Turn Lane,Daylight,No Defects,"Two-way, Divided, Positive Median Barrier",Dry,Clear,Nine o'clock,Passenger Car,Functional,N,Moving Constant Speed,2015-03-18 11:15,30,39.29392268,-76.5941155,3,0,우회전 차선 사고,기타
5179,N,Apparently Normal,No Misuse,Y,No Injury,f76bd32f-3721-465c-ae37-57d88e10473b,D,ADJ3900008,Shoulder/Lap Belt(s),M,646d7099-cb19-4005-924f-3d3005856753,Same Movement Angle,N,Intersection,Left Turn Lane,Dark Lights On,No Defects,"Two-way, Divided, Positive Median Barrier",Dry,Clear,One o'clock,Passenger Car,Disabling,N,Making Left Turn,2015-01-27 19:35,57,39.31436438,-76.6678454,1,1,좌회전 차선 사고,등속 주행 사고
5180,N,Apparently Normal,No Misuse,N,Possible Incapacitating Injury,963db73d-83ab-41c0-abea-82bdc8b5d8a8,D,ADJ3900008,Shoulder/Lap Belt(s),M,60b64c79-4fe1-4b87-b171-8972215c665c,Same Movement Angle,N,Intersection,Left Turn Lane,Dark Lights On,No Defects,"Two-way, Divided, Positive Median Barrier",Dry,Clear,Eleven o'clock,Passenger Car,Disabling,N,Slowing or Stopping,2015-01-27 19:35,24,39.31436438,-76.6678454,1,1,좌회전 차선 사고,등속 주행 사고
5181,N,Apparently Normal,No Misuse,N,No Injury,f459a745-d10b-4130-b0d0-d4e8b2125b03,D,ADJ390000Q,Shoulder/Lap Belt(s),M,a567594a-3bc1-475a-b6fd-3c6b7427b8aa,Same Direction Rear End,N,Non Intersection,Right Turn Lane,Daylight,No Defects,"Two-way, Divided, Unprotected (painted >4 feet) Median",Dry,Clear,Six o'clock,Passenger Car,Disabling,N,Slowing or Stopping,2015-03-28 12:00,26,39.26131793,-76.65844157,2,1,기타,등속 주행 사고
5182,N,Apparently Normal,No Misuse,Y,No Injury,5a3ec769-66cd-4abe-b655-5d9775582c07,D,ADJ390000Q,Shoulder/Lap Belt(s),M,d32bec19-731c-4139-9ca9-693e04f14d21,Same Direction Rear End,N,Non Intersection,Right Turn Lane,Daylight,No Defects,"Two-way, Divided, Unprotected (painted >4 feet) Median",Dry,Clear,Twelve o'clock,Passenger Car,Disabling,N,Slowing or Stopping,2015-03-28 12:00,54,39.26131793,-76.65844157,2,1,기타,등속 주행 사고
5183,N,Apparently Normal,No Misuse,N,No Injury,62c874a5-01c0-4379-9b8d-93dea01826dc,D,ADJ4190004,Shoulder/Lap Belt(s),M,7e44fade-d113-43c0-92ce-524c5c869dda,Same Direction Rear End,N,Non Intersection,Right Turn Lane,Daylight,No Defects,One-way Trafficway,Dry,Clear,Six o'clock,Station Wagon,Superficial,N,Slowing or Stopping,2015-01-31 15:30,26,39.36618066,-76.59855723,2,1,기타,등속 주행 사고
5184,N,Apparently Normal,No Misuse,N,No Injury,05e54cfa-2387-481f-b38e-f5af20c1709e,D,ADJ4190008,Shoulder/Lap Belt(s),M,1b7cbd3b-035b-4884-bb2c-d94a2e4fcd18,Same Movement Angle,N,Intersection,Right Turn Lane,Daylight,No Defects,"Two-way, Not Divided",Wet,Clear,Nine o'clock,(Sport) Utility Vehicle,Functional,N,Moving Constant Speed,2015-02-25 17:20,32,39.34613815,-76.60959721,3,0,우회전 차선 사고,기타
5185,N,Apparently Normal,No Misuse,Y,No Injury,bec61778-e81d-4671-a5f1-6bb458b5c6e8,D,ADJ4190008,Shoulder/Lap Belt(s),M,36f3689e-2303-46be-b947-e5a070eb3ca9,Same Movement Angle,N,Intersection,Right Turn Lane,Daylight,No Defects,"Two-way, Not Divided",Wet,Clear,Twelve o'clock,(Sport) Utility Vehicle,Functional,N,Making Left Turn,2015-02-25 17:20,39,39.34613815,-76.60959721,3,0,우회전 차선 사고,기타
5186,N,Apparently Normal,No Misuse,N,No Injury,8a8e9b6c-28ae-4214-b101-4d430536fc8c,D,ADJ4470002,Shoulder/Lap Belt(s),M,8f3b0e25-ea02-4027-a288-9c7092f4a563,Head On Left Turn,N,Intersection,Right Turn Lane,Dark Lights On,No Defects,"Two-way, Divided, Positive Median Barrier",Dry,Clear,Twelve o'clock,"Cargo Van/Light Truck 2 axles (10,000 lbs (4,536 kg) or less)",Disabling,N,Moving Constant Speed,2015-01-15 23:30,28,39.32527863,-76.65753365,3,2,우회전 차선 사고,기타
5187,N,Apparently Normal,No Misuse,Y,No Injury,3e196ee3-d9e8-4082-94e3-1ee73c64c02b,D,ADJ4470002,Shoulder/Lap Belt(s),M,e99f6f82-9cf7-4961-871e-c14090898dee,Head On Left Turn,N,Intersection,Right Turn Lane,Dark Lights On,No Defects,"Two-way, Divided, Positive Median Barrier",Dry,Clear,Twelve o'clock,Pickup Truck,Disabling,N,Making Left Turn,2015-01-15 23:30,51,39.32527863,-76.65753365,3,1,우회전 차선 사고,등속 주행 중 측면 추돌 사고
5188,Y,Apparently Normal,No Misuse,N,No Injury,f34c5941-9a8f-46c9-b411-da30af492136,D,ADJ447000G,Shoulder/Lap Belt(s),M,d85547e1-15c9-467b-9ce3-7acabccb6fa9,Same Direction Rear End,N,Non Intersection,Right Turn Lane,Daylight,No Defects,"Two-way, Divided, Positive Median Barrier",Snow,Snow,Twelve o'clock,"Medium/Heavy Truck 2 axles (10,000 lbs (4,536 kg) or less)",No Damage,N,Moving Constant Speed,2015-03-15 15:00,34,39.32486366,-76.65737271,0,3,눈길사고,자차 사고
5189,N,Apparently Normal,No Misuse,N,No Injury,40d1505b-e0fe-4381-ba8f-f011ade2c923,D,ADJ447000G,Shoulder/Lap Belt(s),M,f42205ad-b517-4e08-9d4b-7f5894a5a2ff,Same Direction Rear End,N,Non Intersection,Right Turn Lane,Daylight,No Defects,"Two-way, Divided, Positive Median Barrier",Snow,Snow,Six o'clock,Passenger Car,Functional,N,Making Right Turn,2015-03-15 15:00,29,39.32486366,-76.65737271,0,1,눈길사고,등속 주행 사고
5190,N,Apparently Normal,No Misuse,Y,No Injury,2a3e92ec-ad77-4ea2-b080-f827a3a14c42,D,ADJ4870007,Shoulder/Lap Belt(s),M,8d1e33ca-6970-4cbf-bc30-2221609011b8,Single Vehicle ,N,Intersection Related,Left Turn Lane,Dark Lights On,No Defects,"Two-way, Divided, Unprotected (painted >4 feet) Median",Dry,Clear,One o'clock,Passenger Car,Disabling,N,Making Left Turn,2015-03-21 3:25,29,39.31812809,-76.60197437,1,1,좌회전 차선 사고,등속 주행 사고
5191,N,Apparently Normal,No Misuse,N,No Injury,1cc8fb0a-916d-4edc-85c0-0351b0242b16,D,ADJ4890008,Shoulder/Lap Belt(s),M,a2aafc0b-9cb0-4935-9ada-586679dfc33e,Head On Left Turn,N,Non Intersection,Right Turn Lane,Daylight,No Defects,"Two-way, Not Divided",Snow,Snow,One o'clock,Passenger Car,Functional,N,Moving Constant Speed,2015-01-21 12:30,34,39.30814449,-76.66637421,0,0,눈길사고,감속 중 사고
5192,Y,Apparently Normal,No Misuse,N,No Injury,a54eac10-bc09-4c94-a3af-8fd9826d473c,D,ADJ4980007,Shoulder/Lap Belt(s),M,ddc2a8f1-0e5e-4dd1-8e31-2ba611f0e9f3,Same Movement Angle,N,Intersection,Right Turn Lane,Dark Lights On,No Defects,"Two-way, Not Divided",Dry,Clear,Twelve o'clock,Passenger Car,Disabling,N,Moving Constant Speed,2015-03-17 21:45,42,39.28428001,-76.59911513,3,0,우회전 차선 사고,기타
5193,N,Apparently Normal,No Misuse,N,No Injury,ca944e3e-c94e-4c71-9869-98d4740ba7f0,D,ADJ508000D,Shoulder/Lap Belt(s),M,64206635-ac5b-4f81-a21d-4222fb735799,Same Movement Angle,N,Intersection,Right Turn Lane,Daylight,No Defects,"Two-way, Not Divided",Dry,Clear,Nine o'clock,Passenger Car,Disabling,N,Moving Constant Speed,2015-03-18 12:45,25,39.28738366,-76.5993458,3,0,우회전 차선 사고,기타
5194,N,Apparently Normal,No Misuse,Y,No Injury,43a4d64f-b3ca-4c05-b52b-ce1f207e147e,D,ADJ508000D,Shoulder/Lap Belt(s),M,9d22e156-6695-4f08-b417-baebaf3da94c,Same Movement Angle,N,Intersection,Right Turn Lane,Daylight,No Defects,"Two-way, Not Divided",Dry,Clear,Twelve o'clock,"Other Light Trucks (10,000 lbs (4,536 kg))",Functional,N,Moving Constant Speed,2015-03-18 12:45,35,39.28738366,-76.5993458,3,0,우회전 차선 사고,기타
5195,N,Apparently Normal,No Misuse,N,No Injury,9a76ed8e-7281-4c57-97be-533532092003,D,ADJ5170008,Shoulder/Lap Belt(s),M,60e037ea-68f3-40bb-8728-834a9908d515,Same Direction Sideswipe,N,Non Intersection,Right Turn Lane,Dark Lights On,No Defects,"Two-way, Not Divided",Snow,Snow,One o'clock,Passenger Car,Functional,N,Moving Constant Speed,2015-02-14 19:35,25,39.31384734,-76.67643785,0,0,눈길사고,감속 중 사고
5196,N,Apparently Normal,No Misuse,N,No Injury,bd97484f-5b45-494c-931f-8b9e82b79016,D,ADJ5260003,Shoulder/Lap Belt(s),M,5e6ded1a-1317-46d9-9652-b3d4243acb84,Same Direction Both Left Turn,N,Intersection Related,Deceleration Lane,Daylight,No Defects,"Two-way, Divided, Positive Median Barrier",Dry,Clear,One o'clock,Passenger Car,Disabling,N,Making Left Turn,2015-01-13 12:30,27,39.26727703,-76.66769117,1,1,좌회전 차선 사고,등속 주행 사고
5197,N,Apparently Normal,No Misuse,N,No Injury,3e8351de-0479-4ece-b7d2-177ff23548c4,D,ADJ5380005,Shoulder/Lap Belt(s),M,30896cfb-8a0f-496d-a265-2a5e993595ce,Same Movement Angle,N,Intersection,Right Turn Lane,Dark Lights On,No Defects,One-way Trafficway,Dry,Clear,Two o'clock,(Sport) Utility Vehicle,Functional,N,Moving Constant Speed,2015-02-26 22:00,38,39.36355953,-76.59675077,3,0,우회전 차선 사고,기타
5198,N,Apparently Normal,No Misuse,Y,Non-incapacitating Injury,e195751e-f353-4574-abdd-6c4a485e83b9,D,ADJ5380005,Shoulder/Lap Belt(s),M,877f13cb-f22e-4056-ac9a-3d637fa81786,Same Movement Angle,N,Intersection,Right Turn Lane,Dark Lights On,No Defects,One-way Trafficway,Dry,Clear,Twelve o'clock,Passenger Car,Disabling,N,Accelerating,2015-02-26 22:00,30,39.36355953,-76.59675077,3,0,우회전 차선 사고,기타
5199,N,Apparently Normal,No Misuse,Y,No Injury,367812d8-c99d-40dd-a43b-bb31b02e6af1,D,ADJ5440007,Shoulder/Lap Belt(s),M,920e282e-6297-4aa3-a2de-0de89b7e49cd,Single Vehicle ,N,Non Intersection,Left Turn Lane,Dark Lights On,No Defects,"Two-way, Divided, Positive Median Barrier",Dry,Clear,Twelve o'clock,Passenger Car,Destroyed,N,Skidding,2015-03-18 20:32,28,39.33132241,-76.64189637,1,1,좌회전 차선 사고,등속 주행 사고
5200,N,Apparently Normal,No Misuse,N,No Injury,98ad6fbe-91c1-49e0-8f5f-46ef1626de9e,D,ADJ5600001,Shoulder/Lap Belt(s),M,bf700323-6da9-448e-aa86-9fca8b7ea71e,Same Direction Rear End,N,Intersection,Acceleration Lane,Daylight,No Defects,One-way Trafficway,Dry,Clear,Six o'clock,Passenger Car,Superficial,N,Stopped in Traffic Lane,2015-02-03 12:38,68,39.28520385,-76.64674044,1,2,좌회전 차선 사고,기타
5201,N,Apparently Normal,No Misuse,N,No Injury,6c1c5814-a3e0-42e5-9213-85edcfe885c8,D,ADJ5790009,Shoulder/Lap Belt(s),M,3dd6aa7a-81dd-470e-9953-cad686f60232,Same Movement Angle,N,Intersection,Right Turn Lane,Dark Lights On,No Defects,"Two-way, Divided, Positive Median Barrier",Wet,Raining,Eleven o'clock,Passenger Car,Functional,N,Starting From Lane,2015-03-10 17:15,65,39.32012244,-76.65052772,4,1,빗길사고,자차 사고
5202,N,Apparently Normal,No Misuse,Y,No Injury,5a8caf82-33c5-43b6-8484-6053ecb31d7e,D,ADJ6490001,Shoulder/Lap Belt(s),M,6373026c-eaf2-463b-a6cd-9040601bd90b,Head On Left Turn,N,Intersection Related,Right Turn Lane,Daylight,No Defects,"Two-way, Not Divided",Dry,Clear,Twelve o'clock,Passenger Car,Disabling,N,Moving Constant Speed,2015-02-12 16:22,32,39.27668327,-76.66242599,3,2,우회전 차선 사고,기타
5203,Y,Apparently Normal,No Misuse,N,Possible Incapacitating Injury,923c3d43-9000-4d34-9b08-830a6a298dd4,D,ADJ6490001,Shoulder/Lap Belt(s),M,8fbc7608-d716-4153-9909-21cb70500432,Head On Left Turn,N,Intersection Related,Right Turn Lane,Daylight,No Defects,"Two-way, Not Divided",Dry,Clear,Twelve o'clock,Passenger Car,Disabling,N,Moving Constant Speed,2015-02-12 16:22,33,39.27668327,-76.66242599,3,2,우회전 차선 사고,기타
5204,N,Apparently Normal,No Misuse,Y,No Injury,512f05fb-475f-4627-aca9-781fbbf1e2da,D,ADJ7160001,Shoulder/Lap Belt(s),M,2e3e90f6-13b8-4992-bd4d-09d8e22ab3fe,Single Vehicle ,N,Non Intersection,Right Turn Lane,Dark Lights On,No Defects,"Two-way, Not Divided",Snow,Snow,Twelve o'clock,Passenger Car,Functional,N,Moving Constant Speed,2015-02-14 19:58,61,39.34201446,-76.67761803,0,0,눈길사고,감속 중 사고
5205,N,Apparently Normal,No Misuse,N,No Injury,52eeed31-7cbe-4987-a93a-2145ecc21d6a,D,ADJ7230007,Shoulder/Lap Belt(s),M,994f6144-19ba-4f25-a2d6-432f9988fafe,Same Direction Rear End,N,Non Intersection,Acceleration Lane,Daylight,No Defects,"Two-way, Divided, Positive Median Barrier",Snow,Snow,Six o'clock,Passenger Car,Destroyed,N,Slowing or Stopping,2015-03-05 9:40,29,39.35736507,-76.65470794,0,1,눈길사고,등속 주행 사고
5206,N,Apparently Normal,No Misuse,Y,No Injury,d05fc30f-f4b1-4abf-8fbb-3ad65461d5a9,D,ADJ7230007,Shoulder/Lap Belt(s),M,392e79e8-7193-4614-95b8-cd1d383b8201,Same Direction Rear End,N,Non Intersection,Acceleration Lane,Daylight,No Defects,"Two-way, Divided, Positive Median Barrier",Snow,Snow,Twelve o'clock,Passenger Car,Functional,N,Moving Constant Speed,2015-03-05 9:40,33,39.35736507,-76.65470794,0,3,눈길사고,자차 사고
5207,N,Had Been Drinking,No Misuse,Y,No Injury,58a533ce-7453-4639-abe9-1af3c11d336b,D,AE32510008,Shoulder/Lap Belt(s),M,ebca5c88-b887-4b2e-9a0f-df3305a700ae,Same Direction Rear End,N,Non Intersection,Right Turn Lane,Dark Lights On,No Defects,"Two-way, Not Divided",Dry,Clear,Twelve o'clock,Pickup Truck,Disabling,N,Moving Constant Speed,2015-03-12 5:30,20,39.4163861,-76.53274655,2,3,기타,등속 주행 중 측면 추돌 사고
5208,N,Apparently Normal,No Misuse,N,No Injury,040ecc9f-3ef6-41f0-acb2-eae164ff87f8,D,AE3788001Z,Shoulder/Lap Belt(s),M,308ad16c-c7a3-4b2b-8dce-3639ff270068,Head On Left Turn,N,Intersection,Left Turn Lane,Daylight,No Defects,"Two-way, Not Divided",Wet,Cloudy,Eleven o'clock,Passenger Car,Disabling,N,Moving Constant Speed,2015-03-25 12:30,25,39.33337385,-76.75262417,4,2,빗길사고,동일 방향 운행 중 추돌 사고
5209,N,Apparently Normal,No Misuse,Y,No Injury,95350d7d-a0fe-4955-a408-ffdfad39a282,D,AE3788001Z,Shoulder/Lap Belt(s),M,d60123e0-402e-442e-b246-c9cc8b3f6c42,Head On Left Turn,N,Intersection,Left Turn Lane,Daylight,No Defects,"Two-way, Not Divided",Wet,Cloudy,Twelve o'clock,Passenger Car,Disabling,N,Making Left Turn,2015-03-25 12:30,20,39.33337385,-76.75262417,4,0,빗길사고,등속 주행 중 사고
5210,N,Apparently Normal,No Misuse,N,No Injury,01354fb4-bb7c-4f0d-9245-7915641718f6,D,AE3877000G,Shoulder/Lap Belt(s),M,16c7883d-d863-464b-b8ba-780504475b66,Opposite Direction Sideswipe,N,Non Intersection,Right Turn Lane,Daylight,No Defects,"Two-way, Divided, Unprotected (painted >4 feet) Median",Wet,Cloudy,Ten o'clock,Pickup Truck,Superficial,N,Moving Constant Speed,2015-01-22 7:43,49,39.42618252,-76.41497612,4,2,빗길사고,동일 방향 운행 중 추돌 사고
5211,N,Apparently Normal,No Misuse,N,No Injury,e5b6e45e-abc7-44b6-8b95-ab4993a3b0d8,D,AE40520005,Shoulder/Lap Belt(s),M,01d1a921-9aed-4146-a199-05f4bf3e528a,Same Direction Rear End,N,Intersection,Left Turn Lane,Daylight,No Defects,"Two-way, Not Divided",Dry,Clear,Six o'clock,Passenger Car,Disabling,N,Stopped in Traffic Lane,2015-01-05 9:26,38,39.455597,-76.642637,1,2,좌회전 차선 사고,기타
5212,N,Apparently Normal,No Misuse,N,No Injury,6fdefe57-27aa-4b15-a257-03f44661cd56,D,AE40670005,Shoulder/Lap Belt(s),M,4a8cd9cc-a727-4437-9ec7-ffee5efecdd7,Same Movement Angle,N,Intersection Related,Right Turn Lane,Dark Lights On,No Defects,"Two-way, Not Divided",Dry,Clear,One o'clock,Passenger Car,Functional,N,Moving Constant Speed,2015-01-20 23:45,25,39.37232665,-76.59846067,3,0,우회전 차선 사고,기타
5213,N,Apparently Normal,No Misuse,N,No Injury,ce8d2fac-3397-4607-a844-24695cea50d4,D,AE41940008,Shoulder/Lap Belt(s),M,6465c326-66fb-4827-ba3d-ef7e37ae4e55,Opposite Direction Sideswipe,N,Non Intersection,Right Turn Lane,Daylight,No Defects,"Two-way, Not Divided",Ice,Raining,Eleven o'clock,Passenger Car,Disabling,N,Moving Constant Speed,2015-01-03 15:35,61,39.54012821,-76.64061427,0,0,눈길사고,감속 중 사고
5214,N,Apparently Normal,No Misuse,Y,No Injury,32b9f3e1-adb5-42ba-8772-01978b3ca841,D,AE41940008,Shoulder/Lap Belt(s),M,b6324e43-82f2-4887-a737-4adc3320115f,Opposite Direction Sideswipe,N,Non Intersection,Right Turn Lane,Daylight,No Defects,"Two-way, Not Divided",Ice,Raining,Eleven o'clock,Van,Disabling,N,Skidding,2015-01-03 15:35,45,39.54012821,-76.64061427,0,2,눈길사고,미끌어짐에 의한 사고
5215,N,Apparently Normal,No Misuse,N,No Injury,61ace9ad-71c5-45a7-a90c-e0fc6fa66ee5,D,AE42480006,Shoulder/Lap Belt(s),M,e880c22d-6ac0-4ecc-88c1-0b64ca6382fa,Same Direction Rear End,N,Non Intersection,Right Turn Lane,Daylight,No Defects,"Two-way, Not Divided",Snow,Snow,Six o'clock,(Sport) Utility Vehicle,Functional,N,Stopped in Traffic Lane,2015-03-01 10:31,54,39.34179043,-76.72883749,0,1,눈길사고,등속 주행 사고
5216,N,Apparently Normal,No Misuse,Y,No Injury,120292cb-dd4d-4165-9bd2-7733255ff956,D,AE4279000Y,Shoulder/Lap Belt(s),M,3fe043dd-218b-46ca-ac62-3eaef0442ff4,Single Vehicle ,N,Commercial Driveway,Right Turn Lane,Daylight,No Defects,One-way Trafficway,Wet,Raining,Five o'clock,School Bus,Superficial,N,Starting From Lane,2015-01-12 14:59,54,39.43195,-76.614339,4,0,빗길사고,등속 주행 중 사고
5217,N,Apparently Normal,No Misuse,N,No Injury,44ab80a5-4b1f-45c9-bf8a-6ed411474ca6,D,AE42790018,Shoulder/Lap Belt(s),M,f1258c96-3c0c-4701-a652-dd6a27da0258,Head On Left Turn,N,Intersection,Acceleration Lane,Daylight,No Defects,"Two-way, Divided, Positive Median Barrier",Wet,Clear,Twelve o'clock,Passenger Car,Disabling,N,Moving Constant Speed,2015-02-23 15:25,43,39.455744,-76.63534,4,2,빗길사고,동일 방향 운행 중 추돌 사고
5218,N,Apparently Normal,No Misuse,Y,No Injury,e33340d7-a6ed-4d0f-862a-69df5204fd3a,D,AE43260007,Shoulder/Lap Belt(s),M,982c77a9-a7a8-4a83-99f2-8f4812835fdd,Single Vehicle ,N,Non Intersection,Right Turn Lane,Dark No Lights,No Defects,"Two-way, Not Divided",Ice,Clear,Twelve o'clock,Pickup Truck,Destroyed,N,Moving Constant Speed,2015-03-07 23:16,23,39.51262876,-76.65988863,2,2,기타,기타
5219,N,Apparently Normal,No Misuse,N,No Injury,7f534e93-4f78-4406-994f-939f1543add7,D,AE4424000V,Shoulder/Lap Belt(s),M,8e29f4a8-c6ca-4700-bad3-6ef3f1b1756c,Same Direction Rear End,N,Non Intersection,Right Turn Lane,Daylight,No Defects,"Two-way, Not Divided",Dry,Clear,Seven o'clock,School Bus,Superficial,N,Stopped in Traffic Lane,2015-03-19 9:04,31,39.34246252,-76.74628258,2,0,기타,자차 사고
5220,N,Apparently Normal,No Misuse,N,No Injury,cc42346c-66be-4dca-bc41-e3eacf4f8c41,D,AE4424000X,Shoulder/Lap Belt(s),M,48d5b7ef-a690-4dd0-8fe3-9e0d8ff0d57f,Same Direction Rear End,N,Non Intersection,Right Turn Lane,Daylight,No Defects,"Two-way, Not Divided",Dry,Cloudy,Five o'clock,School Bus,Superficial,N,Slowing or Stopping,2015-03-25 9:12,43,39.33708561,-76.76016569,2,1,기타,등속 주행 사고
5221,N,Apparently Normal,No Misuse,Y,No Injury,fd7c18b7-a48b-4ea4-9d29-94b5ce619c3d,D,AE4424000X,Shoulder/Lap Belt(s),M,ef869d0c-c1d9-4ebd-9fd5-4e8879a020d4,Same Direction Rear End,N,Non Intersection,Right Turn Lane,Daylight,No Defects,"Two-way, Not Divided",Dry,Cloudy,Ten o'clock,"Other Light Trucks (10,000 lbs (4,536 kg))",Superficial,N,Moving Constant Speed,2015-03-25 9:12,30,39.33708561,-76.76016569,2,3,기타,등속 주행 중 측면 추돌 사고
5222,N,Apparently Normal,No Misuse,Y,No Injury,ca6cf384-1eb5-4344-9578-fab6ca27d140,D,AE4455000G,Shoulder/Lap Belt(s),M,00be1827-a427-4a39-bec6-1bd5d877f1a1,Single Vehicle ,N,Non Intersection,Right Turn Lane,Dark No Lights,No Defects,"Two-way, Not Divided",Dry,Clear,Twelve o'clock,Passenger Car,Functional,N,Moving Constant Speed,2015-01-17 21:15,19,39.50639166,-76.57273293,2,2,기타,기타
5223,Y,Apparently Normal,No Misuse,Y,No Injury,e9458333-b497-41c9-adb0-3d0d7cdc0727,D,AE4827000B,Shoulder/Lap Belt(s),M,74e5ab0a-770e-41b3-b182-1dbdc851b5d3,Same Direction Sideswipe,N,Non Intersection,Left Turn Lane,Daylight,No Defects,"Two-way, Divided, Positive Median Barrier",Ice,Raining,Four o'clock,Transit Bus,Superficial,N,Slowing or Stopping,2015-01-18 8:30,67,39.38887915,-76.62592649,0,1,눈길사고,등속 주행 사고
5224,N,Apparently Normal,No Misuse,N,No Injury,61c5cc7c-26af-40e4-acd1-26e51b472ea8,D,AE4879000B,Shoulder/Lap Belt(s),M,ff1904a5-f585-4432-840a-46ba14f6c402,Head On Left Turn,N,Commercial Driveway,Right Turn Lane,Dusk,No Defects,"Two-way, Not Divided",Dry,Clear,Twelve o'clock,Passenger Car,Functional,N,Moving Constant Speed,2015-02-04 17:27,41,39.33223941,-76.43978119,3,2,우회전 차선 사고,기타
5225,N,Apparently Normal,No Misuse,Y,No Injury,58de0ca4-486e-468e-8531-ad88a46faf2e,D,AE4879000B,Shoulder/Lap Belt(s),M,9bd17287-51c7-4c39-9dd8-3e8bcb77bb96,Head On Left Turn,N,Commercial Driveway,Right Turn Lane,Dusk,No Defects,"Two-way, Not Divided",Dry,Clear,Five o'clock,Passenger Car,Superficial,N,Making Left Turn,2015-02-04 17:27,25,39.33223941,-76.43978119,3,1,우회전 차선 사고,등속 주행 중 측면 추돌 사고
5226,N,Apparently Normal,No Misuse,N,No Injury,cda7cbf0-9f03-468a-b5aa-1c32c214ce9d,D,AE4880004F,Shoulder/Lap Belt(s),M,2cc2a401-1c62-409b-babf-4fc4e315089a,Head On Left Turn,N,Intersection,Right Turn Lane,Dusk,No Defects,"Two-way, Not Divided",Wet,Clear,Eleven o'clock,(Sport) Utility Vehicle,Disabling,N,Moving Constant Speed,2015-01-20 16:58,39,39.392846,-76.459485,3,2,우회전 차선 사고,기타
5227,N,Apparently Normal,No Misuse,Y,No Injury,853f84f4-592c-45a8-97e4-93c1bd82b985,D,AE4880004F,Shoulder/Lap Belt(s),M,60190066-9ad9-403a-894a-97bb59556585,Head On Left Turn,N,Intersection,Right Turn Lane,Dusk,No Defects,"Two-way, Not Divided",Wet,Clear,Twelve o'clock,Passenger Car,Disabling,N,Making Left Turn,2015-01-20 16:58,82,39.392846,-76.459485,3,1,우회전 차선 사고,등속 주행 중 측면 추돌 사고
5228,N,Apparently Normal,No Misuse,N,No Injury,785c5c64-3bb2-413f-9e63-77ecaa47a8ff,D,AE48800052,Shoulder/Lap Belt(s),M,7aeeac1a-d50a-48ec-93eb-66a008a98245,Same Direction Rear End,N,Intersection Related,Left Turn Lane,Daylight,No Defects,"Two-way, Not Divided",Dry,Clear,Six o'clock,Pickup Truck,Superficial,N,Stopped in Traffic Lane,2015-02-13 15:46,42,39.366454,-76.517459,1,2,좌회전 차선 사고,기타
5229,N,Had Been Drinking,No Misuse,Y,No Injury,af7b16ae-cb33-4744-b103-5f054b512789,D,AE48800052,Shoulder/Lap Belt(s),M,d06eb6af-7bc3-4a4e-894a-545b23c41654,Same Direction Rear End,N,Intersection Related,Left Turn Lane,Daylight,No Defects,"Two-way, Not Divided",Dry,Clear,Twelve o'clock,Passenger Car,Superficial,N,Slowing or Stopping,2015-02-13 15:46,55,39.366454,-76.517459,1,3,좌회전 차선 사고,감속 중 사고