KEY_INDEX,CDL_FLAG,CONDITION_CODE,EQUIP_PROB_CODE,FAULT_FLAG,INJ_SEVER_CODE,PERSON_ID,PERSON_TYPE,REPORT_NO,SAF_EQUIP_CODE,SEX_CODE,VEHICLE_ID,COLLISION_TYPE_CODE,C_M_ZONE_FLAG,JUNCTION_CODE,LANE_CODE,LIGHT_CODE,RD_COND_CODE,RD_DIV_CODE,SURF_COND_CODE,WEATHER_CODE,AREA_DAMAGED_CODE_MAIN,BODY_TYPE_CODE,DAMAGE_CODE,HIT_AND_RUN_FLAG,MOVEMENT_CODE,TIME,AGE,LATITUDE,LONGITUDE,CLUSTER,SECOND_LABEL,FIRST_LABEL,SECOND_LABELING
5230,N,Apparently Normal,No Misuse,N,No Injury,d315b9da-9be4-484e-80c5-17c103fabc36,D,AE48800067,Shoulder/Lap Belt(s),M,30511416-1b91-4264-96f0-7890fe80af97,Same Direction Rear End,N,Intersection Related,Left Turn Lane,Daylight,No Defects,"Two-way, Divided, Positive Median Barrier",Dry,Clear,Six o'clock,(Sport) Utility Vehicle,Functional,N,Stopped in Traffic Lane,2015-03-19 8:41,45,39.379333,-76.462907,1,2,좌회전 차선 사고,기타
5231,N,Apparently Normal,No Misuse,Y,No Injury,78c7cfc4-f9d6-42a9-9742-395714e0295c,D,AE48800067,Shoulder/Lap Belt(s),M,262445ff-7d74-49b9-8b79-73045b0d5e80,Same Direction Rear End,N,Intersection Related,Left Turn Lane,Daylight,No Defects,"Two-way, Divided, Positive Median Barrier",Dry,Clear,Twelve o'clock,Passenger Car,Functional,N,Moving Constant Speed,2015-03-19 8:41,52,39.379333,-76.462907,1,0,좌회전 차선 사고,등속 주행 중 측면 추돌 사고
5232,N,Apparently Normal,No Misuse,N,No Injury,82801325-c70c-4caa-be4c-6103e971d12f,D,AE4897000B,Shoulder/Lap Belt(s),M,ed1fc6d7-0b09-4200-98dd-31bad89f5e71,Same Movement Angle,N,Intersection,Right Turn Lane,Daylight,No Defects,"Two-way, Divided, Positive Median Barrier",Dry,Clear,Twelve o'clock,Station Wagon,Functional,N,Starting From Lane,2015-02-28 8:31,62,39.40212828,-76.60830975,3,0,우회전 차선 사고,기타
5233,N,Apparently Normal,No Misuse,N,No Injury,66df2cf9-2285-4113-9892-876a3cb01138,D,AE5025000K,Shoulder/Lap Belt(s),M,6f1f1ed5-7992-4d2d-8fb6-7fdbc4c2efec,Same Direction Rear End,N,Intersection Related,Right Turn Lane,Dark Lights On,No Defects,"Two-way, Not Divided",Dry,Clear,Six o'clock,Passenger Car,Functional,N,Stopped in Traffic Lane,2015-01-30 20:50,22,39.33112739,-76.52923822,3,3,우회전 차선 사고,동일 방향 운행 중 추돌 사고
5234,N,Apparently Normal,No Misuse,N,No Injury,2a92f9e6-4145-4560-8436-13dae9f1d78c,D,AE50700009,Shoulder/Lap Belt(s),M,ec252f86-0b6b-4d76-9fd3-97083e458cd9,Head On Left Turn,N,Non Intersection,Right Turn Lane,Daylight,No Defects,"Two-way, Not Divided",Dry,Clear,Eleven o'clock,Passenger Car,Functional,N,Moving Constant Speed,2015-01-10 17:00,22,39.34613815,-76.48625851,2,2,기타,기타
5235,N,Apparently Normal,No Misuse,N,No Injury,1290038d-daaa-4c77-9fae-24eeb32632e2,D,AE5070000B,Shoulder/Lap Belt(s),M,cd88e113-1498-44f8-b948-b0f6b04be693,Same Direction Left Turn,N,Non Intersection,Left Turn Lane,Dark Lights On,No Defects,"Two-way, Not Divided",Dry,Clear,Twelve o'clock,Passenger Car,Disabling,N,Accelerating,2015-01-15 19:54,26,39.29935271,-76.55544877,1,1,좌회전 차선 사고,등속 주행 사고
5236,N,Apparently Normal,No Misuse,Y,No Injury,3d22753d-9943-4edd-958d-379ea0e92f6d,D,AE5138000S,Shoulder/Lap Belt(s),M,fe1681b7-010c-409f-b6a9-b366147faafd,Same Movement Angle,N,Intersection,Left Turn Lane,Dawn,No Defects,"Two-way, Not Divided",Wet,Clear,Twelve o'clock,(Sport) Utility Vehicle,Disabling,N,Moving Constant Speed,2015-03-07 7:42,60,39.38744465,-76.46924257,4,1,빗길사고,자차 사고
5237,N,Apparently Normal,No Misuse,N,Possible Incapacitating Injury,de164bcb-c683-4eb3-80ef-a5d7ac591c23,D,AE5138000S,Shoulder/Lap Belt(s),M,8fbffb6f-4abf-41b4-9fbf-f355f6479b83,Same Movement Angle,N,Intersection,Left Turn Lane,Dawn,No Defects,"Two-way, Not Divided",Wet,Clear,Nine o'clock,(Sport) Utility Vehicle,Disabling,N,Making Left Turn,2015-03-07 7:42,63,39.38744465,-76.46924257,4,1,빗길사고,자차 사고
5238,N,Apparently Normal,No Misuse,N,No Injury,03206531-fe28-4bbe-a3cf-9af564068b6d,D,AE5148000D,Shoulder/Lap Belt(s),M,7285274b-0a79-48a8-a457-823ab6ab6aac,Same Direction Rear End,N,Non Intersection,Right Turn Lane,Daylight,No Defects,"Two-way, Not Divided",Snow,Snow,Six o'clock,Passenger Car,Superficial,N,Slowing or Stopping,2015-03-05 13:33,26,39.40239771,-76.8035692,0,1,눈길사고,등속 주행 사고
5239,N,Apparently Normal,No Misuse,Y,No Injury,18cd3a1e-3622-41d1-a2cd-2c673d813b15,D,AE51640005,Shoulder/Lap Belt(s),M,d8c48379-7579-4786-bbd4-f4522f71e4cb,Same Direction Right Turn,N,Non Intersection,Left Turn Lane,Dark Lights On,No Defects,"Two-way, Not Divided",Dry,Clear,Four o'clock,Passenger Car,Functional,N,Moving Constant Speed,2015-02-07 18:46,23,39.47474643,-76.82898045,1,0,좌회전 차선 사고,등속 주행 중 측면 추돌 사고
5240,N,Apparently Normal,No Misuse,N,No Injury,f7225570-546b-4af7-b069-c53993e26d7c,D,AE5254000H,Shoulder/Lap Belt(s),M,668890d3-89bf-4e83-bd14-4c62359ff660,Head On Left Turn,N,Intersection,Right Turn Lane,Dark Lights On,No Defects,"Two-way, Divided, Positive Median Barrier",Dry,Clear,Twelve o'clock,Pickup Truck,Disabling,N,Moving Constant Speed,2015-02-08 18:31,18,39.49557992,-76.6614604,3,2,우회전 차선 사고,기타
5241,N,Apparently Normal,No Misuse,Y,Possible Incapacitating Injury,c97c5196-4156-4ca3-98ca-1605ab16c71a,D,AE5254000H,Shoulder/Lap Belt(s),M,9bdf7b4a-ca2c-43e7-bbfe-46750acb52f0,Head On Left Turn,N,Intersection,Right Turn Lane,Dark Lights On,No Defects,"Two-way, Divided, Positive Median Barrier",Dry,Clear,Twelve o'clock,Passenger Car,Disabling,N,Making Left Turn,2015-02-08 18:31,52,39.49557992,-76.6614604,3,1,우회전 차선 사고,등속 주행 중 측면 추돌 사고
5242,N,Apparently Normal,No Misuse,Y,No Injury,044ba9aa-666a-4197-a811-56fdd1b704c2,D,AE5340000Y,Shoulder/Lap Belt(s),M,55ad7b91-d50f-4e2a-9411-82f6f43dfe8a,Single Vehicle ,N,Non Intersection,Left Turn Lane,Dark No Lights,No Defects,"Two-way, Divided, Positive Median Barrier",Dry,Clear,Twelve o'clock,Passenger Car,Destroyed,N,Moving Constant Speed,2015-02-03 21:12,23,39.34562374,-76.46387815,1,0,좌회전 차선 사고,등속 주행 중 측면 추돌 사고
5243,N,Apparently Normal,No Misuse,N,No Injury,ed0b2984-fb34-4cf5-aa72-fa70ed230acd,D,AE5405000B,Shoulder/Lap Belt(s),M,a35c2ff0-f628-4161-b5bf-56f514457ecc,Single Vehicle ,N,Non Intersection,Acceleration Lane,Daylight,No Defects,"Two-way, Divided, Positive Median Barrier",Dry,Clear,One o'clock,Passenger Car,Disabling,N,Moving Constant Speed,2015-02-02 14:50,23,39.29655472,-76.5062356,1,0,좌회전 차선 사고,등속 주행 중 측면 추돌 사고
5244,N,Apparently Normal,No Misuse,N,No Injury,28883724-4365-4735-9f56-662be5201658,D,AE54660015,Shoulder/Lap Belt(s),M,7efcf523-6f0e-4bc5-ad01-8ff9fbd3323a,Same Movement Angle,N,Intersection,Right Turn Lane,Dark Lights On,No Defects,"Two-way, Not Divided",Wet,Raining,Twelve o'clock,Passenger Car,Disabling,N,Moving Constant Speed,2015-02-09 21:40,81,39.29095009,-76.7355752,4,1,빗길사고,자차 사고
5245,N,Apparently Normal,No Misuse,Y,No Injury,7e4f96e3-ee7f-4900-aa92-be003f224987,D,AE54660015,Shoulder/Lap Belt(s),M,6a5badc7-10df-4ad3-a0ff-41b7c33cc243,Same Movement Angle,N,Intersection,Right Turn Lane,Dark Lights On,No Defects,"Two-way, Not Divided",Wet,Raining,Twelve o'clock,Passenger Car,Functional,N,Accelerating,2015-02-09 21:40,38,39.29095009,-76.7355752,4,1,빗길사고,자차 사고
5246,N,Apparently Normal,No Misuse,Y,No Injury,3a5d58c6-3567-46d0-9c45-a7f26eb21118,D,AE54660018,Shoulder/Lap Belt(s),M,a11f0504-f60e-4b5c-9352-1210114534c2,Single Vehicle ,N,Non Intersection,Right Turn Lane,Daylight,No Defects,"Two-way, Not Divided",Dry,Clear,Twelve o'clock,Passenger Car,Disabling,N,Moving Constant Speed,2015-02-19 7:03,27,39.39036752,-76.81396008,2,2,기타,기타
5247,N,Apparently Normal,No Misuse,N,No Injury,a22f2fe0-193e-482d-9f64-dddc831a11d2,D,AE5466001M,Shoulder/Lap Belt(s),M,65a44474-640c-4aa5-b160-b356df96ca70,Same Direction Rear End,N,Non Intersection,Right Turn Lane,Daylight,No Defects,"Two-way, Not Divided",Ice,Clear,Six o'clock,School Bus,No Damage,N,Slowing or Stopping,2015-03-10 7:56,65,39.36366737,-76.80943251,2,1,기타,등속 주행 사고
5248,N,Apparently Normal,No Misuse,Y,No Injury,9a6bfc79-e557-4856-92ae-a632ad15b502,D,AE5466001M,Shoulder/Lap Belt(s),M,c806f40f-e62b-4761-a6f0-8a299be34e93,Same Direction Rear End,N,Non Intersection,Right Turn Lane,Daylight,No Defects,"Two-way, Not Divided",Ice,Clear,Twelve o'clock,Van,Disabling,N,Slowing or Stopping,2015-03-10 7:56,45,39.36366737,-76.80943251,2,1,기타,등속 주행 사고
5249,N,Apparently Normal,No Misuse,N,No Injury,d8a8a3cb-d6c6-4d03-b68a-372e7e51224b,D,AE5562000B,Shoulder/Lap Belt(s),M,6e6a4728-0ac8-44f7-9d6d-7ce4dcdea117,Same Direction Sideswipe,N,Intersection,Right Turn Lane,Dark Lights On,No Defects,"Two-way, Not Divided",Dry,Clear,Four o'clock,Passenger Car,Superficial,N,Moving Constant Speed,2015-03-31 0:55,73,39.33149254,-76.76604509,3,2,우회전 차선 사고,기타
5250,N,Apparently Normal,No Misuse,N,No Injury,b44139aa-32b8-479c-9f7b-dfa811f1ad67,D,AE55900006,Shoulder/Lap Belt(s),M,ba1e7236-2c99-49d7-a6b5-9de89efa1a25,Same Movement Angle,N,Intersection,Right Turn Lane,Daylight,No Defects,"Two-way, Not Divided",Wet,Snow,Twelve o'clock,Passenger Car,Disabling,N,Moving Constant Speed,2015-01-24 13:01,39,39.46146141,-76.78151608,4,1,빗길사고,자차 사고
5251,N,Apparently Normal,No Misuse,Y,No Injury,b81f2b96-4f5f-4100-98d7-6cb48e45ee1a,D,AE55900006,Shoulder/Lap Belt(s),M,6a386547-0c35-447a-b937-becab83b70c4,Same Movement Angle,N,Intersection,Right Turn Lane,Daylight,No Defects,"Two-way, Not Divided",Wet,Snow,One o'clock,Passenger Car,Functional,N,Starting From Lane,2015-01-24 13:01,53,39.46146141,-76.78151608,4,1,빗길사고,자차 사고
5252,N,Apparently Normal,No Misuse,N,No Injury,f086761e-455a-455b-8892-4ae88bc4dd54,D,AE56580005,Shoulder/Lap Belt(s),M,4155cdef-e488-4901-a57b-aa94fa33d322,Head On Left Turn,N,Non Intersection,Right Turn Lane,Dark Lights On,No Defects,"Two-way, Not Divided",Wet,Snow,Twelve o'clock,Passenger Car,Disabling,N,Moving Constant Speed,2015-02-21 20:20,46,39.53074917,-76.64568901,0,0,눈길사고,감속 중 사고
5253,N,Apparently Normal,No Misuse,Y,No Injury,aabac0db-5fcf-49a5-8bbf-2a34be9e0a3b,D,AE56580005,Shoulder/Lap Belt(s),M,ed75ef3e-7624-437d-b646-423805b31aa1,Head On Left Turn,N,Non Intersection,Right Turn Lane,Dark Lights On,No Defects,"Two-way, Not Divided",Wet,Snow,One o'clock,Pickup Truck,Disabling,N,Making Right Turn,2015-02-21 20:20,34,39.53074917,-76.64568901,0,2,눈길사고,미끌어짐에 의한 사고
5254,N,Apparently Normal,No Misuse,N,No Injury,e1bc11b8-0027-451f-874a-0f3b46c2f58b,D,AE5723000H,Shoulder/Lap Belt(s),M,32f94bca-97a3-48c6-af04-c6ade80c1c7a,Same Direction Rear End,N,Intersection Related,Right Turn Lane,Daylight,No Defects,"Two-way, Not Divided",Dry,Clear,Six o'clock,Pickup Truck,Functional,N,Slowing or Stopping,2015-03-30 12:50,35,39.38025509,-76.72888041,3,3,우회전 차선 사고,동일 방향 운행 중 추돌 사고
5255,N,Apparently Normal,No Misuse,Y,No Injury,5f50f36a-6d16-44e5-8170-2b524904c2af,D,AE5723000H,Shoulder/Lap Belt(s),M,8f464e65-a027-4279-80de-0bfc51493379,Same Direction Rear End,N,Intersection Related,Right Turn Lane,Daylight,No Defects,"Two-way, Not Divided",Dry,Clear,Twelve o'clock,Passenger Car,Disabling,N,Moving Constant Speed,2015-03-30 12:50,47,39.38025509,-76.72888041,3,2,우회전 차선 사고,기타
5256,N,Apparently Normal,No Misuse,Y,No Injury,776df768-ddc1-4128-b128-34ec0a6a56ba,D,AK00600002,Shoulder/Lap Belt(s),M,b06889b1-f186-4a46-8278-4909d9d455ff,Single Vehicle ,N,Non Intersection,Left Turn Lane,Daylight,No Defects,"Two-way, Divided, Positive Median Barrier",Slush,Sleet,Two o'clock,Passenger Car,Disabling,N,Moving Constant Speed,2015-03-05 15:00,35,38.31637342,-75.21642298,1,0,좌회전 차선 사고,등속 주행 중 측면 추돌 사고
5257,N,Apparently Normal,No Misuse,N,No Injury,a92c27b2-40dc-41d8-a36a-bbd8727946ef,D,AM03210003,Shoulder/Lap Belt(s),M,065d81df-f53a-42df-9fd5-ebab32088114,Same Direction Right Turn,N,Intersection Related,Right Turn Lane,Dark Lights On,No Defects,"Two-way, Divided, Unprotected (painted >4 feet) Median",Slush,Wintry Mix,Eleven o'clock,Passenger Car,Superficial,N,Moving Constant Speed,2015-01-06 18:44,23,38.9393231,-76.93613201,0,0,눈길사고,감속 중 사고
5258,N,Apparently Normal,No Misuse,Y,No Injury,cfe5de80-14b0-4b34-9e45-a88edb74d6d0,D,AM03210003,Shoulder/Lap Belt(s),M,d371427c-2b6f-4ebb-9a58-2b0286fbd207,Same Direction Right Turn,N,Intersection Related,Right Turn Lane,Dark Lights On,No Defects,"Two-way, Divided, Unprotected (painted >4 feet) Median",Slush,Wintry Mix,One o'clock,(Sport) Utility Vehicle,Superficial,N,Accelerating,2015-01-06 18:44,51,38.9393231,-76.93613201,0,2,눈길사고,미끌어짐에 의한 사고
5259,N,Apparently Normal,No Misuse,N,No Injury,b19e68da-841e-464d-9939-09ecf06d2cab,D,AZ1687000M,Shoulder/Lap Belt(s),M,3328658a-7577-4928-9c08-4f3ade93b390,Head On Left Turn,N,Intersection,Right Turn Lane,Daylight,No Defects,"Two-way, Not Divided",Wet,Clear,Twelve o'clock,Passenger Car,Functional,N,Moving Constant Speed,2015-02-22 13:42,18,38.91801715,-76.91562653,3,2,우회전 차선 사고,기타
5260,N,Apparently Normal,No Misuse,Y,No Injury,27b43608-54b7-4905-b63b-7c7f101e06a1,D,AZ1687000M,Shoulder/Lap Belt(s),M,e31f801b-24cc-4803-a34e-bce325a9a48d,Head On Left Turn,N,Intersection,Right Turn Lane,Daylight,No Defects,"Two-way, Not Divided",Wet,Clear,Twelve o'clock,Passenger Car,Functional,N,Making Left Turn,2015-02-22 13:42,21,38.91801715,-76.91562653,3,1,우회전 차선 사고,등속 주행 중 측면 추돌 사고
5261,N,Apparently Normal,No Misuse,N,No Injury,06b98f7b-979c-46ce-bd65-6feb7526fc6a,D,BJ0165000K,Shoulder/Lap Belt(s),M,668fb477-1ad3-4042-bc4d-0cd5460b55f5,Same Direction Rear End,N,Non Intersection,Right Turn Lane,Daylight,No Defects,"Two-way, Not Divided",Dry,Clear,Six o'clock,"Other Light Trucks (10,000 lbs (4,536 kg))",Superficial,N,Parked  ,2015-01-27 13:05,42,38.79567075,-76.05862856,2,0,기타,자차 사고
5262,N,Apparently Normal,No Misuse,N,No Injury,ff0e6ca4-1133-4064-bbef-56c32ed8a4bb,D,BS02940003,Shoulder/Lap Belt(s),M,30255d51-fafa-4cb7-9501-74fc16b4286d,Head On Left Turn,N,Intersection,Acceleration Lane,Daylight,No Defects,"Two-way, Divided, Positive Median Barrier",Dry,Clear,Three o'clock,Passenger Car,Disabling,N,Making Left Turn,2015-02-23 15:47,25,39.41875659,-77.45345235,1,1,좌회전 차선 사고,등속 주행 사고
5263,N,Apparently Normal,No Misuse,Y,No Injury,85a78d8c-8c8d-4043-8235-5602539d18d3,D,BS02940003,Shoulder/Lap Belt(s),M,256f831b-ef48-47ef-ac9d-e6c73c733a44,Head On Left Turn,N,Intersection,Acceleration Lane,Daylight,No Defects,"Two-way, Divided, Positive Median Barrier",Dry,Clear,Twelve o'clock,Passenger Car,Disabling,N,Moving Constant Speed,2015-02-23 15:47,36,39.41875659,-77.45345235,1,0,좌회전 차선 사고,등속 주행 중 측면 추돌 사고
5264,N,Apparently Normal,No Misuse,Y,No Injury,4984df0c-9219-4b0b-9451-1b7e6abeaa23,D,BSPDA1800002,Lap Belt Only,M,d605aa5e-39ac-4a4c-a468-a18e80430925,Same Direction Rear End,N,Non Intersection,Right Turn Lane,Daylight,No Defects,"Two-way, Divided, Positive Median Barrier",Snow,Snow,One o'clock,"Other Light Trucks (10,000 lbs (4,536 kg))",Superficial,N,Passing,2015-01-26 10:00,26,39.2948028,-76.68390512,0,1,눈길사고,등속 주행 사고
5265,Y,Apparently Normal,No Misuse,N,No Injury,d02d552a-ce74-4382-9336-6dbdbd167dd6,D,BW0116001C,Shoulder/Lap Belt(s),M,d6eb787c-0b1b-40f3-b13a-992df2192a3d,Head On Left Turn,N,Non Intersection,Right Turn Lane,Daylight,No Defects,"Two-way, Not Divided",Snow,Clear,Eleven o'clock,"Medium/Heavy Truck 2 axles (10,000 lbs (4,536 kg) or less)",Functional,N,Moving Constant Speed,2015-03-06 7:47,35,39.005709,-76.880425,2,2,기타,기타
5266,N,Apparently Normal,No Misuse,Y,No Injury,fd6b3cf6-6dc0-441b-a73e-4ed3568af637,D,BW0116001C,Shoulder/Lap Belt(s),M,ce2dc4ec-0e37-480e-a755-331faf1efd37,Head On Left Turn,N,Non Intersection,Right Turn Lane,Daylight,No Defects,"Two-way, Not Divided",Snow,Clear,Twelve o'clock,Passenger Car,Destroyed,N,Making Left Turn,2015-03-06 7:47,66,39.005709,-76.880425,2,0,기타,자차 사고
5267,N,Apparently Normal,No Misuse,N,No Injury,64005703-bd02-4b4e-95f0-e0b4990c4acc,D,CB46070008,Shoulder/Lap Belt(s),M,ce6beb94-e25b-4166-b02f-948b69af9af7,Same Movement Angle,N,Commercial Driveway,Left Turn Lane,Daylight,No Defects,"Two-way, Divided, Unprotected (painted >4 feet) Median",Wet,Cloudy,Twelve o'clock,Passenger Car,Disabling,N,Moving Constant Speed,2015-01-04 13:52,65,39.15084684,-76.80290937,4,1,빗길사고,자차 사고
5268,N,Apparently Normal,No Misuse,N,Possible Incapacitating Injury,7500c8a5-c336-4b34-895f-0c065d02ee77,D,CB47180005,Shoulder/Lap Belt(s),M,f6b2556d-cec0-4aca-8988-4f8d0cfe80a3,Same Movement Angle,N,Commercial Driveway,Right Turn Lane,Dark Lights On,No Defects,"Two-way, Not Divided with a Continuous Left Turn Lane",Dry,Clear,Eleven o'clock,Police Vehicle/Non Emergency,Disabling,N,Moving Constant Speed,2015-03-06 22:37,32,39.11319679,-76.83475256,3,0,우회전 차선 사고,기타
5269,N,Had Been Drinking,No Misuse,Y,No Injury,cfdca7e9-d09f-418b-8651-4e121de269cb,D,CB47180005,Shoulder Belt Only,M,fcd0148e-d3c9-4228-a645-f86e7869419c,Same Movement Angle,N,Commercial Driveway,Right Turn Lane,Dark Lights On,No Defects,"Two-way, Not Divided with a Continuous Left Turn Lane",Dry,Clear,Eleven o'clock,Passenger Car,Functional,Y,Making Left Turn,2015-03-06 22:37,32,39.11319679,-76.83475256,3,0,우회전 차선 사고,기타
5270,N,Apparently Normal,No Misuse,Y,Possible Incapacitating Injury,dc36ca33-95d0-4bcf-9ba6-b9f7faf10ed1,D,CB5096000K,Shoulder/Lap Belt(s),M,f44f8195-5cb7-41c1-9f5e-bf9d857e3a92,Single Vehicle ,N,Non Intersection,Right Turn Lane,Daylight,No Defects,"Two-way, Not Divided",Slush,Wintry Mix,Twelve o'clock,Passenger Car,Disabling,N,Moving Constant Speed,2015-03-01 14:59,22,39.13561531,-76.80463135,0,0,눈길사고,감속 중 사고
5271,N,Apparently Normal,No Misuse,N,No Injury,59ec7ce4-ce5e-4097-acdf-f25a5280c4eb,D,CB55110008,Shoulder/Lap Belt(s),M,3bd1b578-9f30-4872-9f94-731421fb5216,Same Direction Rear End,N,Intersection,Right Turn Lane,Dark No Lights,No Defects,"Two-way, Not Divided",Dry,Clear,Six o'clock,Passenger Car,Disabling,N,Stopped in Traffic Lane,2015-02-20 21:51,53,39.15039755,-76.86106771,3,3,우회전 차선 사고,동일 방향 운행 중 추돌 사고
5272,N,Apparently Normal,Facing Wrong Way,Y,No Injury,c2878f90-47d5-4765-9ff8-3635486915f1,D,CB55110008,Shoulder/Lap Belt(s),M,aceb4ddd-af59-4765-866c-c163f09ae0bc,Same Direction Rear End,N,Intersection,Right Turn Lane,Dark No Lights,No Defects,"Two-way, Not Divided",Dry,Clear,Twelve o'clock,(Sport) Utility Vehicle,Functional,N,Moving Constant Speed,2015-02-20 21:51,59,39.15039755,-76.86106771,3,2,우회전 차선 사고,기타
5273,N,Apparently Normal,No Misuse,Y,No Injury,b78c1e28-e3ce-46e0-b103-837c270c3961,D,CB55120007,Shoulder/Lap Belt(s),M,96f33112-c54a-44fd-a536-53e80ca0f023,Single Vehicle ,N,Non Intersection,Left Turn Lane,Dark Lights On,No Defects,"Two-way, Not Divided with a Continuous Left Turn Lane",Snow,Snow,Ten o'clock,Passenger Car,Disabling,N,Moving Constant Speed,2015-02-15 4:18,53,39.18613171,-76.76095963,0,0,눈길사고,감속 중 사고
5274,N,Apparently Normal,No Misuse,N,No Injury,dfb5ce2f-adfe-48b6-8cac-dbf8668af4c1,D,CBPD00540007,Shoulder/Lap Belt(s),M,5c0193ab-665c-4773-bbf1-342d8daf1ccc,Same Movement Angle,N,Intersection,Right Turn Lane,Dark Lights On,No Defects,"Two-way, Not Divided",Wet,Clear,Twelve o'clock,Passenger Car,Superficial,N,Moving Constant Speed,2015-02-09 21:45,39,38.97395689,-76.75595999,3,0,우회전 차선 사고,기타
5275,N,Apparently Normal,No Misuse,N,Possible Incapacitating Injury,5e93d324-5111-4d2b-9bfa-a00347706a57,D,CBPD00540007,Shoulder/Lap Belt(s),M,59843fca-3cec-46e3-9cff-10cbcdd4e802,Same Movement Angle,N,Intersection,Right Turn Lane,Dark Lights On,No Defects,"Two-way, Not Divided",Wet,Clear,Six o'clock,(Sport) Utility Vehicle,Disabling,N,Moving Constant Speed,2015-02-09 21:45,25,38.97395689,-76.75595999,3,0,우회전 차선 사고,기타
5276,N,Apparently Normal,No Misuse,Y,Possible Incapacitating Injury,d89e167d-c2a0-4451-809b-16120fa85f53,D,CBPD00540007,Shoulder/Lap Belt(s),M,b6b63c10-3574-4874-8517-db1a503dfee7,Same Movement Angle,N,Intersection,Right Turn Lane,Dark Lights On,No Defects,"Two-way, Not Divided",Wet,Clear,Twelve o'clock,(Sport) Utility Vehicle,Disabling,N,Moving Constant Speed,2015-02-09 21:45,25,38.97395689,-76.75595999,3,0,우회전 차선 사고,기타
5277,N,Apparently Normal,No Misuse,N,No Injury,2af16f11-7342-4302-ab85-063aeef76613,D,CC02430006,Shoulder/Lap Belt(s),M,d73f5258-ca8d-4fae-b373-a57ca520a431,Same Direction Rear End,N,Intersection Related,Right Turn Lane,Dawn,No Defects,"Two-way, Not Divided",Snow,Wintry Mix,Six o'clock,Passenger Car,No Damage,N,Slowing or Stopping,2015-02-16 16:59,25,38.95505379,-76.96064472,0,1,눈길사고,등속 주행 사고
5278,N,Apparently Normal,No Misuse,N,No Injury,62d080b7-b65d-403b-9787-d3128de17530,D,CD0616000S,Shoulder/Lap Belt(s),M,3084377c-d161-41b8-a5a3-2a30fd11748c,Same Direction Rear End,N,Intersection Related,Left Turn Lane,Daylight,No Defects,"Two-way, Divided, Positive Median Barrier",Wet,Raining,Six o'clock,Passenger Car,Functional,N,Slowing or Stopping,2015-03-20 8:19,80,38.5431643,-76.98441982,4,3,빗길사고,기타
5279,N,Apparently Normal,No Misuse,N,No Injury,0c36cdd7-8a94-47e2-88f7-0c2564dc0bb0,D,CD0630000B,Shoulder/Lap Belt(s),M,0b9f91c2-7cd9-4480-ae55-e35c011a1794,Same Direction Rear End,N,Intersection,Right Turn Lane,Daylight,No Defects,"Two-way, Not Divided",Dry,Cloudy,Six o'clock,Passenger Car,Superficial,N,Stopped in Traffic Lane,2015-03-03 10:59,65,38.52967799,-76.97865844,3,3,우회전 차선 사고,동일 방향 운행 중 추돌 사고
5280,N,Apparently Normal,No Misuse,N,No Injury,5e83f93f-90dc-424a-85a9-6b0235626bbf,D,CE42610005,Shoulder/Lap Belt(s),M,e4e29eb0-9c34-4090-bb4d-4074c7830d72,Same Direction Rear End,N,Intersection,Left Turn Lane,Daylight,No Defects,"Two-way, Not Divided",Dry,Clear,Six o'clock,Passenger Car,Functional,N,Stopped in Traffic Lane,2015-03-19 12:10,33,39.08233938,-76.86354876,1,2,좌회전 차선 사고,기타
5281,N,Apparently Normal,No Misuse,Y,No Injury,571b7801-0d4a-4ee1-8ef5-85832ec0bff7,D,CE42610005,Shoulder/Lap Belt(s),M,541caae9-c0a9-4807-b0c8-19a9749e8767,Same Direction Rear End,N,Intersection,Left Turn Lane,Daylight,No Defects,"Two-way, Not Divided",Dry,Clear,Twelve o'clock,Passenger Car,Functional,N,Slowing or Stopping,2015-03-19 12:10,37,39.08233938,-76.86354876,1,3,좌회전 차선 사고,감속 중 사고
5282,N,Apparently Normal,No Misuse,N,No Injury,acb71c33-0fe3-4e30-a2de-89569a90b7ba,D,DA26600004,Shoulder/Lap Belt(s),M,3141870c-0cf5-4429-800e-99feaf207a6f,Same Direction Sideswipe,N,Non Intersection,Left Turn Lane,Daylight,No Defects,"Two-way, Divided, Unprotected (painted >4 feet) Median",Dry,Cloudy,Ten o'clock,(Sport) Utility Vehicle,Superficial,N,Moving Constant Speed,2015-03-03 16:00,47,39.00403626,-76.93044841,1,0,좌회전 차선 사고,등속 주행 중 측면 추돌 사고
5283,N,Apparently Normal,No Misuse,Y,No Injury,785f6667-213d-448d-98fd-6594aabcefb0,D,DA26600004,Shoulder/Lap Belt(s),M,fc0d7ec8-df7e-4a67-ab48-cc08386b8171,Same Direction Sideswipe,N,Non Intersection,Left Turn Lane,Daylight,No Defects,"Two-way, Divided, Unprotected (painted >4 feet) Median",Dry,Cloudy,Two o'clock,Passenger Car,Superficial,N,Moving Constant Speed,2015-03-03 16:00,25,39.00403626,-76.93044841,1,0,좌회전 차선 사고,등속 주행 중 측면 추돌 사고