KEY_INDEX,CDL_FLAG,CONDITION_CODE,EQUIP_PROB_CODE,FAULT_FLAG,INJ_SEVER_CODE,PERSON_ID,PERSON_TYPE,REPORT_NO,SAF_EQUIP_CODE,SEX_CODE,VEHICLE_ID,COLLISION_TYPE_CODE,C_M_ZONE_FLAG,JUNCTION_CODE,LANE_CODE,LIGHT_CODE,RD_COND_CODE,RD_DIV_CODE,SURF_COND_CODE,WEATHER_CODE,AREA_DAMAGED_CODE_MAIN,BODY_TYPE_CODE,DAMAGE_CODE,HIT_AND_RUN_FLAG,MOVEMENT_CODE,TIME,AGE,LATITUDE,LONGITUDE,CLUSTER,SECOND_LABEL,FIRST_LABEL,SECOND_LABELING
5337,N,Apparently Normal,No Misuse,N,Possible Incapacitating Injury,b544994a-6421-4996-976b-b78aa371fbed,D,DA3930000C,Shoulder/Lap Belt(s),M,288636d3-78ad-499e-88ad-ab16cce54b16,Opposite Direction Sideswipe,N,Non Intersection,Right Turn Lane,Dark Lights On,No Defects,"Two-way, Divided, Unprotected (painted >4 feet) Median",Dry,Clear,Eight o'clock,Passenger Car,Disabling,N,Moving Constant Speed,2015-03-01 1:45,39,38.91038711,-76.92348003,2,2,기타,기타
5338,N,Apparently Normal,No Misuse,N,No Injury,c887e8e6-420e-4df4-bb1a-97c09ae80b8e,D,DA3934000J,Shoulder/Lap Belt(s),M,a5b28391-f20c-482f-9734-1e433f0c8939,Same Direction Right Turn,N,Intersection Related,Right Turn Lane,Dark Lights On,No Defects,"Two-way, Not Divided",Wet,Raining,Eleven o'clock,(Sport) Utility Vehicle,Superficial,N,Moving Constant Speed,2015-02-09 20:28,61,38.95143277,-76.83378696,4,2,빗길사고,동일 방향 운행 중 추돌 사고
5339,N,Apparently Normal,No Misuse,Y,No Injury,b71c0f2d-abf5-4d2c-98af-e646cef0c3fd,D,DA3934000J,Shoulder/Lap Belt(s),M,feda7e22-90ae-43e3-90fe-90f710443cbf,Same Direction Right Turn,N,Intersection Related,Right Turn Lane,Dark Lights On,No Defects,"Two-way, Not Divided",Wet,Raining,Five o'clock,(Sport) Utility Vehicle,Superficial,N,Moving Constant Speed,2015-02-09 20:28,36,38.95143277,-76.83378696,4,2,빗길사고,동일 방향 운행 중 추돌 사고
5340,N,Apparently Normal,No Misuse,N,No Injury,522cb656-bd11-4163-aec9-fa179e9b8a6e,D,DA39350005,Shoulder/Lap Belt(s),M,cc65febb-94c8-4c3d-b610-5671a74b36f5,Opposite Direction Sideswipe,N,Non Intersection,Right Turn Lane,Dark Lights On,No Defects,"Two-way, Not Divided",Wet,Raining,Ten o'clock,(Sport) Utility Vehicle,Disabling,N,Moving Constant Speed,2015-01-26 16:46,46,38.74178306,-76.86852694,4,2,빗길사고,동일 방향 운행 중 추돌 사고
5341,N,Apparently Normal,No Misuse,Y,No Injury,733d9492-a8a5-434b-b325-c9108fb30849,D,DA39350005,Shoulder/Lap Belt(s),M,45cea9fb-24b6-4023-bef8-1f0371533d18,Opposite Direction Sideswipe,N,Non Intersection,Right Turn Lane,Dark Lights On,No Defects,"Two-way, Not Divided",Wet,Raining,Eleven o'clock,Passenger Car,Disabling,N,Moving Constant Speed,2015-01-26 16:46,33,38.74178306,-76.86852694,4,2,빗길사고,동일 방향 운행 중 추돌 사고
5342,N,Apparently Normal,No Misuse,N,Possible Incapacitating Injury,3426c030-b6b6-4951-9cda-8906b4334227,D,DA39390007,Shoulder/Lap Belt(s),M,be14773c-357f-4594-ba49-2dbf97c49fd9,Head On Left Turn,N,Intersection,Acceleration Lane,Dark Lights On,No Defects,"Two-way, Divided, Positive Median Barrier",Dry,Clear,Twelve o'clock,Passenger Car,Destroyed,N,Moving Constant Speed,2015-03-21 20:25,19,38.89099942,-76.85118914,1,0,좌회전 차선 사고,등속 주행 중 측면 추돌 사고
5343,N,Apparently Normal,No Misuse,N,No Injury,5d144624-2406-4762-95f5-9754c05c5dcd,D,DA3949000C,Shoulder/Lap Belt(s),M,9b882193-b97f-4c36-9e25-e9669b320cc6,Same Direction Rear End,N,Non Intersection,Left Turn Lane,Daylight,No Defects,"Two-way, Divided, Positive Median Barrier",Dry,Clear,Six o'clock,Passenger Car,Superficial,N,Stopped in Traffic Lane,2015-03-18 17:08,67,38.88984702,-76.86242223,1,2,좌회전 차선 사고,기타
5344,N,Apparently Normal,No Misuse,Y,No Injury,89071870-196f-497f-9017-6d6773005704,D,DA3949000C,Shoulder/Lap Belt(s),M,d6f60d0d-37e7-4192-a1a5-ce3f3d9f63ad,Same Direction Rear End,N,Non Intersection,Left Turn Lane,Daylight,No Defects,"Two-way, Divided, Positive Median Barrier",Dry,Clear,Twelve o'clock,School Bus,Superficial,N,Starting From Lane,2015-03-18 17:08,58,38.88984702,-76.86242223,1,3,좌회전 차선 사고,감속 중 사고
5345,N,Apparently Normal,No Misuse,N,No Injury,1cca3818-2ef2-441d-ba38-ce3036b33656,D,DA39520004,Shoulder/Lap Belt(s),M,4f32131d-f3d1-4d68-a58c-43fd99ac0607,Same Direction Left Turn,N,Non Intersection,Left Turn Lane,Daylight,No Defects,"Two-way, Not Divided",Wet,Wintry Mix,Two o'clock,Passenger Car,Superficial,N,Moving Constant Speed,2015-01-12 11:46,71,38.92011235,-76.87194943,4,2,빗길사고,동일 방향 운행 중 추돌 사고
5346,N,Apparently Normal,No Misuse,Y,No Injury,1b0e3959-c496-4ccf-9631-411bb4f17e5e,D,DA39520004,Shoulder/Lap Belt(s),M,55f8ec44-a135-4fcb-a2fe-5b82af1ddc69,Same Direction Left Turn,N,Non Intersection,Left Turn Lane,Daylight,No Defects,"Two-way, Not Divided",Wet,Wintry Mix,Ten o'clock,Van,Superficial,N,Changing Lanes,2015-01-12 11:46,29,38.92011235,-76.87194943,4,0,빗길사고,등속 주행 중 사고
5347,N,Apparently Normal,No Misuse,N,No Injury,1842c0b7-02b8-4e05-9a9a-ceef1e7a8cb5,D,DD55270008,Shoulder/Lap Belt(s),M,2760ede5-a32b-46e5-9869-867a1d82f23b,Same Movement Angle,N,Intersection,Right Turn Lane,Daylight,No Defects,"Two-way, Not Divided",Dry,Clear,Ten o'clock,(Sport) Utility Vehicle,Disabling,N,Moving Constant Speed,2015-01-22 12:14,64,39.07052167,-77.13125667,3,0,우회전 차선 사고,기타
5348,N,Apparently Normal,No Misuse,Y,No Injury,bd72dd62-7e71-45eb-8b41-aca032932bf7,D,DD55270008,Shoulder/Lap Belt(s),M,1be13eee-e430-4e7f-b16c-37d39ed22f46,Same Movement Angle,N,Intersection,Right Turn Lane,Daylight,No Defects,"Two-way, Not Divided",Dry,Clear,Two o'clock,(Sport) Utility Vehicle,Disabling,N,Starting From Parked,2015-01-22 12:14,24,39.07052167,-77.13125667,3,0,우회전 차선 사고,기타
5349,N,Apparently Normal,No Misuse,N,No Injury,a6cec29b-b879-409d-b6d6-008af52d3ddb,D,DD5594000V,Shoulder/Lap Belt(s),M,28c2fc6f-be52-4096-9d7b-9d83bfef800b,Angle Meets Left Turn,N,Intersection,Right Turn Lane,Daylight,No Defects,"Two-way, Divided, Positive Median Barrier",Wet,Raining,Eleven o'clock,Passenger Car,Disabling,N,Accelerating,2015-03-10 15:52,46,39.11026333,-77.174885,4,0,빗길사고,등속 주행 중 사고
5350,N,Apparently Normal,No Misuse,Y,No Injury,e221c192-e876-4a71-8f2a-4bc079620090,D,DD5594000V,Shoulder/Lap Belt(s),M,b11c6947-ef43-476d-905d-de77b974fab8,Angle Meets Left Turn,N,Intersection,Right Turn Lane,Daylight,No Defects,"Two-way, Divided, Positive Median Barrier",Wet,Raining,One o'clock,Passenger Car,Disabling,N,Accelerating,2015-03-10 15:52,38,39.11026333,-77.174885,4,0,빗길사고,등속 주행 중 사고
5351,N,Apparently Normal,No Misuse,Y,No Injury,9261e21d-0eb9-40a6-b45b-adbbc2f01410,D,DE0164000R,Shoulder/Lap Belt(s),M,138bc82f-1e97-4560-9430-32a72779b8de,Single Vehicle ,N,Non Intersection,Right Turn Lane,Dark Lights On,No Defects,"Two-way, Divided, Positive Median Barrier",Snow,Snow,Twelve o'clock,Passenger Car,Disabling,N,Skidding,2015-02-09 23:46,51,38.37300333,-75.61625719,0,2,눈길사고,미끌어짐에 의한 사고
5352,N,Apparently Normal,No Misuse,N,No Injury,33d7d9c7-c666-4e77-af1a-76931ff24bcd,D,DE0196001X,Shoulder/Lap Belt(s),M,ddadf22e-360c-4ab4-85f3-ddf7cb9ae36f,Same Direction Sideswipe,N,Non Intersection,Left Turn Lane,Daylight,No Defects,"Two-way, Not Divided",Dry,Cloudy,Eight o'clock,(Sport) Utility Vehicle,Functional,N,Moving Constant Speed,2015-03-11 16:33,67,38.36316148,-75.59619427,1,0,좌회전 차선 사고,등속 주행 중 측면 추돌 사고
5353,N,Apparently Normal,No Misuse,Y,No Injury,bc94596d-4e05-4de9-aebb-f958b670ec99,D,DE0196001X,Shoulder/Lap Belt(s),M,d9cd5a6c-2edd-413e-a65c-39baae0f2306,Same Direction Sideswipe,N,Non Intersection,Left Turn Lane,Daylight,No Defects,"Two-way, Not Divided",Dry,Cloudy,Three o'clock,Van,Functional,Y,Moving Constant Speed,2015-03-11 16:33,77,38.36316148,-75.59619427,1,0,좌회전 차선 사고,등속 주행 중 측면 추돌 사고
5354,N,Apparently Normal,No Misuse,N,No Injury,020bd141-5318-48c2-a912-618fb39c6fa2,D,DE3104000C,Shoulder/Lap Belt(s),M,ddde7035-59a3-461a-84ce-f7564df4236c,Same Direction Rear End,N,Intersection Related,Right Turn Lane,Daylight,No Defects,"Two-way, Not Divided with a Continuous Left Turn Lane",Dry,Clear,Six o'clock,Passenger Car,Superficial,N,Slowing or Stopping,2015-03-16 14:55,38,38.36317831,-75.59617281,3,3,우회전 차선 사고,동일 방향 운행 중 추돌 사고
5355,N,Apparently Normal,No Misuse,Y,No Injury,e1b146a0-3942-4241-b962-c938537238c1,D,DE3104000C,Shoulder/Lap Belt(s),M,0f806c12-c537-4fea-b63b-916524c4a964,Same Direction Rear End,N,Intersection Related,Right Turn Lane,Daylight,No Defects,"Two-way, Not Divided with a Continuous Left Turn Lane",Dry,Clear,Twelve o'clock,Passenger Car,Superficial,N,Moving Constant Speed,2015-03-16 14:55,36,38.36317831,-75.59617281,3,2,우회전 차선 사고,기타
5356,N,Apparently Normal,No Misuse,N,No Injury,2a6eda95-10be-4254-bfbd-d8d3bfea2372,D,DE41270008,Shoulder/Lap Belt(s),M,8037da28-9fa9-41c7-b6aa-4bcbcb8cffb7,Same Direction Rear End,N,Intersection,Right Turn Lane,Dark Lights On,No Defects,"Two-way, Not Divided",Dry,Clear,Six o'clock,Passenger Car,Functional,N,Stopped in Traffic Lane,2015-02-27 2:10,22,38.36528348,-75.60371786,3,3,우회전 차선 사고,동일 방향 운행 중 추돌 사고
5357,N,Had Been Drinking,No Misuse,Y,No Injury,a15baf75-4176-4b0b-bb64-fca9bdfb4330,D,DE41270008,Shoulder/Lap Belt(s),M,4d310237-eed8-4df7-b3ca-8fae23965e5d,Same Direction Rear End,N,Intersection,Right Turn Lane,Dark Lights On,No Defects,"Two-way, Not Divided",Dry,Clear,Twelve o'clock,Passenger Car,Functional,N,Moving Constant Speed,2015-02-27 2:10,22,38.36528348,-75.60371786,3,2,우회전 차선 사고,기타
5358,N,Had Been Drinking,No Misuse,Y,No Injury,4dfeb536-3f7f-442e-985f-51e444a775c6,D,DE4197000L,Shoulder/Lap Belt(s),M,89beb7e8-85cf-4247-a31c-0f25bcc91b01,Single Vehicle ,N,Intersection,Right Turn Lane,Dark Lights On,No Defects,"Two-way, Divided, Positive Median Barrier",Dry,Clear,Twelve o'clock,Passenger Car,Functional,Y,Accelerating,2015-03-15 0:30,36,38.42085176,-75.5651021,3,1,우회전 차선 사고,등속 주행 중 측면 추돌 사고
5359,N,Apparently Normal,No Misuse,N,No Injury,18f2f4c1-facc-4de0-91ca-fee4f2c5de3b,D,DM83390002,Shoulder/Lap Belt(s),M,bb2eb7d4-76ba-4e85-b73f-540c3041393d,Same Direction Rear End,N,Intersection Related,Right Turn Lane,Daylight,No Defects,"Two-way, Not Divided",Dry,Clear,Six o'clock,Passenger Car,Superficial,N,Stopped in Traffic Lane,2015-03-26 17:31,63,38.98569995,-76.98625445,3,3,우회전 차선 사고,동일 방향 운행 중 추돌 사고
5360,N,Apparently Normal,No Misuse,Y,No Injury,4226d642-50aa-4a24-8d58-31f49af9dc32,D,DM83390002,Shoulder/Lap Belt(s),M,61388b02-2290-4810-9a0d-253e9fd144a2,Same Direction Rear End,N,Intersection Related,Right Turn Lane,Daylight,No Defects,"Two-way, Not Divided",Dry,Clear,Twelve o'clock,"Cargo Van/Light Truck 2 axles (10,000 lbs (4,536 kg) or less)",Superficial,N,Accelerating,2015-03-26 17:31,34,38.98569995,-76.98625445,3,3,우회전 차선 사고,동일 방향 운행 중 추돌 사고
5361,N,Apparently Normal,No Misuse,N,No Injury,c78a82f9-90b7-44bf-8b80-dbff2191d332,D,DV0105000C,Shoulder/Lap Belt(s),M,c2f70c4c-f45f-4cc8-8d8c-cb8b8e373119,Same Direction Rear End,N,Intersection,Left Turn Lane,Daylight,No Defects,"Two-way, Not Divided",Dry,Clear,One o'clock,Pickup Truck,Disabling,N,Moving Constant Speed,2015-03-10 11:57,32,39.58443295,-76.99017048,1,0,좌회전 차선 사고,등속 주행 중 측면 추돌 사고
5362,N,Apparently Normal,No Misuse,Y,No Injury,7e05faa7-59ea-498f-99c7-f2a1ce3a77b0,D,DV0105000C,Shoulder/Lap Belt(s),M,5063587e-53a8-41cb-84fb-7f561ade3787,Same Direction Rear End,N,Intersection,Left Turn Lane,Daylight,No Defects,"Two-way, Not Divided",Dry,Clear,Eleven o'clock,Pickup Truck,Disabling,N,Accelerating,2015-03-10 11:57,76,39.58443295,-76.99017048,1,3,좌회전 차선 사고,감속 중 사고
5363,N,Apparently Normal,No Misuse,N,No Injury,4701f23b-7249-4075-af09-3b3c97eddbc7,D,EE0104000C,Shoulder/Lap Belt(s),M,62bf1805-a07d-4962-aeb7-09e11d1ff267,Same Direction Rear End,N,Intersection,Right Turn Lane,Dark Lights On,No Defects,"Two-way, Not Divided",Dry,Clear,Six o'clock,Passenger Car,Superficial,N,Stopped in Traffic Lane,2015-02-25 20:00,23,38.21372112,-75.69887996,3,3,우회전 차선 사고,동일 방향 운행 중 추돌 사고
5364,N,Apparently Normal,No Misuse,Y,No Injury,3e22b4e0-fa1c-4665-b5b0-7f7304946048,D,EJ78430005,Shoulder/Lap Belt(s),M,a83ca444-0f47-42cb-a09b-af140e899efa,Single Vehicle ,N,Intersection,Right Turn Lane,Dark Lights On,No Defects,"Two-way, Divided, Positive Median Barrier",Snow,Snow,Twelve o'clock,Passenger Car,Disabling,N,Skidding,2015-02-14 20:57,44,39.15782,-77.19179333,0,2,눈길사고,미끌어짐에 의한 사고
5365,N,Apparently Normal,No Misuse,N,No Injury,d418d285-dff6-4dde-9ea4-f1b3b63ec13b,D,EJ7846000R,Shoulder/Lap Belt(s),M,11c2cb80-9d2c-4edf-87f1-ba9ee066f15f,Angle Meets Left Turn,N,Residential Driveway,Right Turn Lane,Daylight,No Defects,"Two-way, Divided, Positive Median Barrier",Dry,Clear,Twelve o'clock,Passenger Car,Superficial,N,Moving Constant Speed,2015-03-13 17:52,49,39.14542167,-77.22151167,3,2,우회전 차선 사고,기타
5366,N,Apparently Normal,No Misuse,Y,No Injury,cf758bdf-ebb5-49f4-857a-e70af672b078,D,EJ7846000R,Shoulder/Lap Belt(s),M,dc8f57c9-ff28-4483-b1af-3e920be33d35,Angle Meets Left Turn,N,Residential Driveway,Right Turn Lane,Daylight,No Defects,"Two-way, Divided, Positive Median Barrier",Dry,Clear,Seven o'clock,Passenger Car,Disabling,N,Making Left Turn,2015-03-13 17:52,31,39.14542167,-77.22151167,3,1,우회전 차선 사고,등속 주행 중 측면 추돌 사고
5367,N,Apparently Normal,No Misuse,N,No Injury,3312be5b-3f32-4126-b2d4-974d54ec1efd,D,EJ7847000T,Shoulder/Lap Belt(s),M,ce55e63c-619f-4b4b-b7fa-4335dc96e054,Same Direction Rear End,N,Intersection Related,Right Turn Lane,Dark Lights On,No Defects,"Two-way, Divided, Positive Median Barrier",Dry,Cloudy,Six o'clock,Passenger Car,Superficial,N,Stopped in Traffic Lane,2015-02-10 18:15,37,39.14192,-77.21799667,3,3,우회전 차선 사고,동일 방향 운행 중 추돌 사고
5368,N,Apparently Normal,No Misuse,Y,No Injury,ffae4153-666b-4a57-9fb1-90b61a891ea4,D,EJ7853000J,Shoulder/Lap Belt(s),M,b0136e71-26bc-4ed0-8c0d-595fa2d6fdfd,Same Movement Angle,N,Intersection,Acceleration Lane,Daylight,No Defects,"Two-way, Divided, Positive Median Barrier",Ice,Raining,Twelve o'clock,Passenger Car,Disabling,N,Moving Constant Speed,2015-03-01 17:22,23,39.13295333,-77.24496167,4,1,빗길사고,자차 사고
5369,N,Apparently Normal,No Misuse,N,Possible Incapacitating Injury,e5afb957-2dd6-4978-a699-1e24d97afb8f,D,EJ7853000J,Shoulder/Lap Belt(s),M,35dc4ae8-d5d8-46ca-829a-8a062922cebf,Same Movement Angle,N,Intersection,Acceleration Lane,Daylight,No Defects,"Two-way, Divided, Positive Median Barrier",Ice,Raining,Twelve o'clock,Passenger Car,Disabling,N,Making Left Turn,2015-03-01 17:22,46,39.13295333,-77.24496167,4,1,빗길사고,자차 사고
5370,N,Apparently Normal,No Misuse,Y,No Injury,3752d40c-065f-437f-aa90-efdb230475a7,D,EP01820004,Shoulder/Lap Belt(s),M,dbd1be56-478e-49ce-9e8d-8f6a79772f4a,Same Direction Rear End,N,Non Intersection,Right Turn Lane,Dark Lights On,No Defects,"Two-way, Not Divided",Dry,Clear,Twelve o'clock,Passenger Car,Superficial,N,Slowing or Stopping,2015-02-06 18:03,53,38.87546542,-75.82538366,2,1,기타,등속 주행 사고
5371,Y,Apparently Normal,No Misuse,N,No Injury,09dbd824-cc4a-4b17-ab37-d718561801ac,D,HV01300001,Shoulder/Lap Belt(s),M,5d121ce9-d907-4b2f-af1f-3bef0f0de428,Same Direction Right Turn,N,Non Intersection,Acceleration Lane,Dusk,No Defects,"Two-way, Divided, Positive Median Barrier",Dry,Clear,Eleven o'clock,Transit Bus,Functional,N,Moving Constant Speed,2015-02-03 6:30,44,38.96621607,-76.94635391,1,0,좌회전 차선 사고,등속 주행 중 측면 추돌 사고
5372,N,Apparently Normal,No Misuse,Y,No Injury,4e4aabc2-3331-4d65-9a10-519d11c39f79,D,HV01300001,Shoulder/Lap Belt(s),M,795af42a-636f-4721-b99d-861d8143d4ce,Same Direction Right Turn,N,Non Intersection,Acceleration Lane,Dusk,No Defects,"Two-way, Divided, Positive Median Barrier",Dry,Clear,One o'clock,Passenger Car,Disabling,N,Moving Constant Speed,2015-02-03 6:30,34,38.96621607,-76.94635391,1,0,좌회전 차선 사고,등속 주행 중 측면 추돌 사고
5373,N,Apparently Normal,No Misuse,N,No Injury,85d75880-597c-4c70-85e5-e87359483a55,D,MCP0730000J,Shoulder/Lap Belt(s),M,40f13345-2f5d-415c-9f05-f52d0ee6800c,Single Vehicle ,N,Non Intersection,Right Turn Lane,Dark No Lights,No Defects,"Two-way, Not Divided",Dry,Clear,Twelve o'clock,Police Vehicle/Non Emergency,Superficial,N,Moving Constant Speed,2015-01-18 17:32,50,39.22031834,-77.17507124,2,2,기타,기타
5374,N,Apparently Normal,No Misuse,Y,No Injury,2b434040-0755-48a6-acae-9a277f494bf6,D,MCP1020000R,Shoulder/Lap Belt(s),M,5120daa9-0660-45f6-8317-f486daabbac2,Single Vehicle ,N,Non Intersection,Right Turn Lane,Daylight,No Defects,"Two-way, Not Divided",Ice,Clear,One o'clock,(Sport) Utility Vehicle,Disabling,N,Moving Constant Speed,2015-03-02 7:14,41,39.34040333,-77.183245,2,2,기타,기타
5375,Y,Apparently Normal,No Misuse,Y,No Injury,395310fd-7aa1-40df-8445-695f2c3a00af,D,MCP1022001W,Shoulder/Lap Belt(s),M,78f3007d-087c-4b49-bb1e-e7281beea4d1,Same Direction Rear End,N,Non Intersection,Right Turn Lane,Daylight,No Defects,"Two-way, Not Divided",Snow,Snow,Six o'clock,Transit Bus,Superficial,N,Stopped in Traffic Lane,2015-01-06 12:05,33,39.24408667,-77.27867,0,1,눈길사고,등속 주행 사고
5376,N,Apparently Normal,No Misuse,N,No Injury,e9e6bc54-a940-48dd-85b9-16b3fdbf7e9c,D,MCP1564000G,Shoulder/Lap Belt(s),M,10594846-4adf-494c-afc2-7ca40cfb8d2c,Same Direction Rear End Left Turn,N,Non Intersection,Right Turn Lane,Daylight,No Defects,"Two-way, Not Divided with a Continuous Left Turn Lane",Ice,Wintry Mix,Eleven o'clock,Passenger Car,Functional,N,Moving Constant Speed,2015-01-03 8:16,53,39.17473667,-77.02249167,0,0,눈길사고,감속 중 사고
5377,N,Apparently Normal,No Misuse,N,No Injury,dd1fbff6-1f12-46e8-b6f4-8522025b9e60,D,MCP1564000G,Shoulder/Lap Belt(s),M,c43d64d0-1343-422f-9de3-b595076463a1,Same Direction Rear End Left Turn,N,Non Intersection,Right Turn Lane,Daylight,No Defects,"Two-way, Not Divided with a Continuous Left Turn Lane",Ice,Wintry Mix,Twelve o'clock,Passenger Car,Destroyed,N,Moving Constant Speed,2015-01-03 8:16,49,39.17473667,-77.02249167,0,0,눈길사고,감속 중 사고
5378,N,Apparently Normal,No Misuse,N,No Injury,77d72e05-7285-4ad7-aa67-a21b939fdf00,D,MCP16040007,Shoulder/Lap Belt(s),M,41fdb1e5-1aa6-4a26-9f18-35ff07f2e814,Same Movement Angle,N,Intersection,Right Turn Lane,Daylight,No Defects,"Two-way, Divided, Unprotected (painted >4 feet) Median",Dry,Clear,One o'clock,Passenger Car,Disabling,N,Moving Constant Speed,2015-01-11 10:26,51,39.167185,-77.17268333,3,0,우회전 차선 사고,기타
5379,N,Apparently Normal,No Misuse,Y,No Injury,0d8303e7-e126-46eb-aa41-abfacce0bfdb,D,MCP16040007,Shoulder/Lap Belt(s),M,e8f37579-5897-425c-bb76-858700d01b89,Same Movement Angle,N,Intersection,Right Turn Lane,Daylight,No Defects,"Two-way, Divided, Unprotected (painted >4 feet) Median",Dry,Clear,Eleven o'clock,Passenger Car,Disabling,N,Moving Constant Speed,2015-01-11 10:26,36,39.167185,-77.17268333,3,0,우회전 차선 사고,기타
5380,N,Apparently Normal,No Misuse,N,No Injury,1769bd8e-375d-4d4b-8353-972b96121f7c,D,MCP2116001D,Shoulder/Lap Belt(s),M,d8f3d9c5-8efa-4238-87bb-7bda47bed7fc,Same Direction Rear End,N,Residential Driveway,Right Turn Lane,Daylight,No Defects,"Two-way, Not Divided",Wet,Clear,Six o'clock,Passenger Car,Superficial,N,Slowing or Stopping,2015-01-23 8:11,32,39.072175,-77.28535167,4,3,빗길사고,기타
5381,N,Apparently Normal,No Misuse,Y,No Injury,8d6b4404-06f2-4185-8fb4-27d0251f9b6e,D,MCP2116001D,Shoulder/Lap Belt(s),M,1317c951-320d-4a2a-b1f0-e00602b4de0a,Same Direction Rear End,N,Residential Driveway,Right Turn Lane,Daylight,No Defects,"Two-way, Not Divided",Wet,Clear,Twelve o'clock,Passenger Car,Disabling,N,Moving Constant Speed,2015-01-23 8:11,50,39.072175,-77.28535167,4,2,빗길사고,동일 방향 운행 중 추돌 사고
5382,N,Apparently Normal,No Misuse,Y,No Injury,6e2799fd-75c8-4580-9314-5662563406f5,D,MCP2683000H,Shoulder/Lap Belt(s),M,8e1fa224-1d93-429d-b828-420561284edb,Head On Left Turn,N,Intersection,Right Turn Lane,Daylight,No Defects,"Two-way, Divided, Unprotected (painted >4 feet) Median",Wet,Raining,Twelve o'clock,Passenger Car,Disabling,N,Making Left Turn,2015-01-18 11:49,37,39.13811,-77.19427,4,0,빗길사고,등속 주행 중 사고
5383,N,Apparently Normal,No Misuse,N,Possible Incapacitating Injury,efd7a7d2-8059-42ba-b5db-a61848b45c31,D,MCP2683000H,Shoulder/Lap Belt(s),M,f8c096a9-792f-48cc-91ab-02a76e12a167,Head On Left Turn,N,Intersection,Right Turn Lane,Daylight,No Defects,"Two-way, Divided, Unprotected (painted >4 feet) Median",Wet,Raining,Eleven o'clock,Passenger Car,Disabling,N,Moving Constant Speed,2015-01-18 11:49,60,39.13811,-77.19427,4,2,빗길사고,동일 방향 운행 중 추돌 사고
5384,N,Apparently Normal,No Misuse,Y,No Injury,00a82331-6654-49cb-b3e8-06b47817af8a,D,MCP2693000J,Shoulder/Lap Belt(s),M,ce9f740f-b03c-4d9c-b32b-6e6494521040,Same Direction Sideswipe,N,Intersection,Left Turn Lane,Dark Lights On,No Defects,"Two-way, Divided, Positive Median Barrier",Dry,Clear,Eleven o'clock,Passenger Car,Superficial,N,Slowing or Stopping,2015-01-05 18:57,59,39.06146333,-77.09179,1,3,좌회전 차선 사고,감속 중 사고
5385,N,Apparently Normal,No Misuse,N,No Injury,82e403aa-e408-43ff-985d-5247c2d43f82,D,MCP2698000L,Shoulder/Lap Belt(s),M,2fbc8a54-f982-4271-8d42-c621b5545a10,Single Vehicle ,N,Non Intersection,Right Turn Lane,Daylight,No Defects,"Two-way, Not Divided",Ice,Raining,Twelve o'clock,Passenger Car,Disabling,N,Moving Constant Speed,2015-01-12 11:20,29,39.11969667,-77.04256333,0,0,눈길사고,감속 중 사고
5386,N,Apparently Normal,No Misuse,N,No Injury,bb972d07-b166-417b-b7fc-a5d4c95ed353,D,MCP2728000Z,Shoulder/Lap Belt(s),M,3a58a6de-1c94-4b28-b85c-a86f8c3a5e50,Head On Left Turn,N,Intersection,Right Turn Lane,Dark Lights On,No Defects,"Two-way, Divided, Positive Median Barrier",Wet,Raining,Twelve o'clock,Passenger Car,Disabling,N,Moving Constant Speed,2015-03-04 18:52,20,39.03374167,-77.00238,4,2,빗길사고,동일 방향 운행 중 추돌 사고
5387,N,Apparently Normal,No Misuse,Y,No Injury,36608a24-11e0-4187-8a2e-93c9d8ece9fc,D,MCP2728000Z,Shoulder/Lap Belt(s),M,2cca3e96-3cc3-4f8a-b796-db878894e59d,Head On Left Turn,N,Intersection,Right Turn Lane,Dark Lights On,No Defects,"Two-way, Divided, Positive Median Barrier",Wet,Raining,Three o'clock,Passenger Car,Disabling,N,Making Left Turn,2015-03-04 18:52,31,39.03374167,-77.00238,4,0,빗길사고,등속 주행 중 사고
5388,N,Apparently Normal,No Misuse,N,No Injury,12398e30-cb29-43e8-b485-db182ac7a86e,D,MCP2772000Q,Shoulder/Lap Belt(s),M,79201861-9ac6-4124-a3e3-011ce2b9cd43,Same Movement Angle,N,Intersection,Right Turn Lane,Dark Lights On,No Defects,"Two-way, Not Divided",Wet,Clear,One o'clock,Van,Disabling,N,Moving Constant Speed,2015-01-07 3:17,59,39.02705167,-77.13238,3,0,우회전 차선 사고,기타
5389,N,Had Been Drinking,No Misuse,Y,No Injury,49b314ab-c6e9-4451-8ef3-a137dcdd25fd,D,MCP2798000T,Shoulder/Lap Belt(s),M,e452e9a9-0bb3-4ef5-9aa1-d3882931b411,Single Vehicle ,N,Non Intersection,Acceleration Lane,Dark Lights On,No Defects,"Two-way, Divided, Positive Median Barrier",Dry,Clear,Twelve o'clock,Passenger Car,Destroyed,N,Moving Constant Speed,2015-03-08 4:50,29,39.02237667,-77.016135,1,0,좌회전 차선 사고,등속 주행 중 측면 추돌 사고
5390,N,Apparently Normal,No Misuse,N,No Injury,8745be11-b34a-47a0-a5b2-99e1425d7f3e,D,MCP29100017,Shoulder/Lap Belt(s),M,fddce5fc-57bd-455a-9507-9135d4cf7070,Same Direction Rear End,N,Non Intersection,Deceleration Lane,Daylight,No Defects,"Two-way, Divided, Positive Median Barrier",Dry,Clear,Twelve o'clock,Pickup Truck,Disabling,N,Moving Constant Speed,2015-03-29 10:36,33,39.014055,-77.04238,1,0,좌회전 차선 사고,등속 주행 중 측면 추돌 사고