KEY_INDEX,CDL_FLAG,CONDITION_CODE,EQUIP_PROB_CODE,FAULT_FLAG,INJ_SEVER_CODE,PERSON_ID,PERSON_TYPE,REPORT_NO,SAF_EQUIP_CODE,SEX_CODE,VEHICLE_ID,COLLISION_TYPE_CODE,C_M_ZONE_FLAG,JUNCTION_CODE,LANE_CODE,LIGHT_CODE,RD_COND_CODE,RD_DIV_CODE,SURF_COND_CODE,WEATHER_CODE,AREA_DAMAGED_CODE_MAIN,BODY_TYPE_CODE,DAMAGE_CODE,HIT_AND_RUN_FLAG,MOVEMENT_CODE,TIME,AGE,LATITUDE,LONGITUDE,CLUSTER,SECOND_LABEL,FIRST_LABEL,SECOND_LABELING
5607,N,Apparently Normal,No Misuse,N,No Injury,fcda5090-923c-403a-9df2-894164936a0a,D,AE52960008,Shoulder/Lap Belt(s),M,ce990866-3d3d-46f5-839e-9cb83cffa5ba,Opposite Direction Sideswipe,N,Non Intersection,Right Turn Lane,Dusk,No Defects,"Two-way, Not Divided",Wet,Raining,Eight o'clock,Passenger Car,Disabling,N,Moving Constant Speed,2015-01-04 17:05,29,39.42534548,-76.78741962,4,2,빗길사고,동일 방향 운행 중 추돌 사고
5608,N,Apparently Normal,No Misuse,N,Possible Incapacitating Injury,c07799a8-610d-464a-869a-ec0dbef39db1,D,AE54890008,Shoulder/Lap Belt(s),M,86a1098e-0b19-4feb-af52-ed64feba2fbe,Head On Left Turn,N,Intersection,Right Turn Lane,Daylight,No Defects,"Two-way, Not Divided",Wet,Clear,Twelve o'clock,Passenger Car,Disabling,N,Moving Constant Speed,2015-01-07 15:42,69,39.33665412,-76.75188303,3,2,우회전 차선 사고,기타
5609,N,Apparently Normal,No Misuse,N,Possible Incapacitating Injury,65ece268-ccbe-4d03-8c3b-784660ce1720,D,AE56400009,Shoulder/Lap Belt(s),M,2ea85af7-729e-4584-ad73-7fa56e10f234,Same Movement Angle,N,Intersection,Right Turn Lane,Daylight,No Defects,"Two-way, Divided, Unprotected (painted >4 feet) Median",Dry,Clear,Twelve o'clock,(Sport) Utility Vehicle,Disabling,N,Moving Constant Speed,2015-01-25 16:50,35,39.28171602,-76.52843356,3,0,우회전 차선 사고,기타
5610,N,Apparently Normal,No Misuse,Y,Possible Incapacitating Injury,216b772e-7380-4ff3-ac14-4d866ac6134f,D,AE56400009,Shoulder/Lap Belt(s),M,dae92df0-03e6-436a-9582-fb81fc07423b,Same Movement Angle,N,Intersection,Right Turn Lane,Daylight,No Defects,"Two-way, Divided, Unprotected (painted >4 feet) Median",Dry,Clear,Two o'clock,Van,Disabling,N,Moving Constant Speed,2015-01-25 16:50,44,39.28171602,-76.52843356,3,0,우회전 차선 사고,기타
5611,N,Apparently Normal,No Misuse,Y,No Injury,387e0924-69e9-49cc-aa66-241b03b6eda7,D,AJ0122000C,Shoulder/Lap Belt(s),M,d2444413-41c5-4b15-aa30-e1a6c70e895c,Head On Left Turn,N,Intersection,Left Turn Lane,Daylight,No Defects,"Two-way, Divided, Positive Median Barrier",Dry,Clear,Twelve o'clock,Passenger Car,Disabling,N,Making Left Turn,2015-02-04 14:44,81,39.52172059,-76.34629011,1,1,좌회전 차선 사고,등속 주행 사고
5612,N,Apparently Normal,No Misuse,Y,No Injury,6fe663ad-af0a-4fc1-b15d-07c81a5bc012,D,BS04900009,Shoulder/Lap Belt(s),M,af4cb9c1-67c5-4597-b360-08ab2f38974a,Same Movement Angle,N,Intersection,Right Turn Lane,Daylight,No Defects,"Two-way, Not Divided",Dry,Clear,Three o'clock,Passenger Car,Superficial,N,Moving Constant Speed,2015-02-14 13:40,63,39.42549466,-77.40381002,3,0,우회전 차선 사고,기타
5613,N,Apparently Normal,No Misuse,N,Possible Incapacitating Injury,f6cbcfb1-2244-49f5-9a87-b3b4a09bd259,D,BS04900009,Shoulder/Lap Belt(s),M,6169789b-1782-4bf4-9bc3-4cc4f2d70314,Same Movement Angle,N,Intersection,Right Turn Lane,Daylight,No Defects,"Two-way, Not Divided",Dry,Clear,Twelve o'clock,Passenger Car,Superficial,N,Moving Constant Speed,2015-02-14 13:40,67,39.42549466,-77.40381002,3,0,우회전 차선 사고,기타
5614,N,Apparently Normal,No Misuse,Y,No Injury,82bc9715-ff66-4d56-bd2e-815446bbe192,D,BX38760001,Shoulder/Lap Belt(s),M,4b6f351e-5e5a-4b9c-a6b0-098b474ac89b,Angle Meets Right Turn,N,Intersection,Left Turn Lane,Dark Lights On,No Defects,"Two-way, Not Divided",Dry,Cloudy,Twelve o'clock,Passenger Car,Disabling,N,Moving Constant Speed,2015-01-30 20:52,24,39.65128511,-77.73839951,1,0,좌회전 차선 사고,등속 주행 중 측면 추돌 사고
5615,N,Apparently Normal,No Misuse,N,Possible Incapacitating Injury,661ac52b-9b57-46c8-b368-5eb7c97a9779,D,BX38760001,Shoulder/Lap Belt(s),M,f0a4210e-6bed-4abd-9e30-716376c1a911,Angle Meets Right Turn,N,Intersection,Left Turn Lane,Dark Lights On,No Defects,"Two-way, Not Divided",Dry,Cloudy,Eleven o'clock,Passenger Car,Disabling,N,Making Right Turn,2015-01-30 20:52,60,39.65128511,-77.73839951,1,1,좌회전 차선 사고,등속 주행 사고
5616,N,Apparently Normal,No Misuse,N,No Injury,49c96e92-d78d-42ee-9fd6-aa691934aeeb,D,CB53570007,Shoulder/Lap Belt(s),M,45fef6ee-8404-447b-a219-9bf76f8f0cdb,Head On,N,Non Intersection,Right Turn Lane,Dark Lights On,No Defects,"Two-way, Divided, Positive Median Barrier",Dry,Cloudy,Eight o'clock,Passenger Car,Superficial,N,Moving Constant Speed,2015-03-13 20:18,57,39.20548013,-76.865834,2,2,기타,기타
5617,N,Apparently Normal,No Misuse,Y,No Injury,93518ab9-2944-4bfd-9bb5-69caadc6453c,D,CB5843000D,Shoulder/Lap Belt(s),M,b5cbf41d-e276-4c97-94f3-2edfd1bf16ec,Single Vehicle ,N,Intersection,Right Turn Lane,Dark Lights On,No Defects,"Two-way, Not Divided",Slush,Wintry Mix,Twelve o'clock,(Sport) Utility Vehicle,Disabling,N,Skidding,2015-03-01 21:58,20,39.19205238,-76.74887896,0,2,눈길사고,미끌어짐에 의한 사고
5618,N,Apparently Normal,No Misuse,Y,No Injury,ed2ecdf8-e4ac-40ae-b1e6-ba87975107bb,D,DA36800008,Shoulder/Lap Belt(s),M,13bc60e2-3fb9-490a-adcb-33a831b97b6e,Head On,N,Non Intersection,Right Turn Lane,Dark Lights On,No Defects,"Two-way, Not Divided",Dry,Clear,Twelve o'clock,Passenger Car,Destroyed,N,Moving Constant Speed,2015-02-01 18:15,23,39.03347782,-76.78838253,2,2,기타,기타
5619,N,Apparently Normal,No Misuse,N,Possible Incapacitating Injury,13b92c07-a3e6-4ee8-bddd-a079781ec9b4,D,DA36800008,Shoulder/Lap Belt(s),M,62e5fcc9-670a-42b8-a937-98da16b578e2,Head On,N,Non Intersection,Right Turn Lane,Dark Lights On,No Defects,"Two-way, Not Divided",Dry,Clear,Twelve o'clock,Passenger Car,Destroyed,N,Moving Constant Speed,2015-02-01 18:15,41,39.03347782,-76.78838253,2,2,기타,기타
5620,Y,Apparently Normal,No Misuse,Y,No Injury,1f7b6f6f-9d59-4a70-b64e-2e0a2f06e917,D,DA38320003,Shoulder/Lap Belt(s),M,515d531e-7ea5-4a0d-968f-9173bc05662b,Same Movement Angle,N,Intersection,Left Turn Lane,Dark No Lights,No Defects,"Two-way, Divided, Unprotected (painted >4 feet) Median",Dry,Clear,Twelve o'clock,(Sport) Utility Vehicle,Disabling,N,Accelerating,2015-03-01 0:15,49,38.63827703,-77.05083132,1,1,좌회전 차선 사고,등속 주행 사고
5621,N,Had Been Drinking,No Misuse,Y,No Injury,ebae9449-8b8a-4f01-96be-2710faf5f225,D,DA38320003,Shoulder/Lap Belt(s),M,7d8aeabe-eafe-44e0-87b5-f23be1155237,Same Movement Angle,N,Intersection,Left Turn Lane,Dark No Lights,No Defects,"Two-way, Divided, Unprotected (painted >4 feet) Median",Dry,Clear,Twelve o'clock,Passenger Car,Destroyed,N,Moving Constant Speed,2015-03-01 0:15,42,38.63827703,-77.05083132,1,0,좌회전 차선 사고,등속 주행 중 측면 추돌 사고
5622,N,Apparently Normal,No Misuse,Y,No Injury,56298319-23c3-4aa6-b313-e2dae86f91b2,D,DA38480002,Shoulder/Lap Belt(s),M,a26dc786-4845-44c3-b368-d64efd75e413,Same Direction Rear End,N,Intersection,Left Turn Lane,Daylight,No Defects,"Two-way, Divided, Positive Median Barrier",Dry,Clear,Twelve o'clock,Passenger Car,Superficial,N,Slowing or Stopping,2015-01-05 12:47,20,38.84719485,-76.9523406,1,3,좌회전 차선 사고,감속 중 사고
5623,N,Apparently Normal,No Misuse,Y,No Injury,c6b07e1f-9602-4856-a7d5-8d9290267311,D,DA38510007,Shoulder/Lap Belt(s),M,aeb9b7c4-f7cd-49f6-bdec-5e2ea9187372,Same Direction Rear End,N,Intersection,Right Turn Lane,Daylight,No Defects,"Two-way, Not Divided",Dry,Clear,Six o'clock,Pickup Truck,Superficial,N,Slowing or Stopping,2015-01-01 15:29,34,38.98834354,-76.97496772,3,3,우회전 차선 사고,동일 방향 운행 중 추돌 사고
5624,N,Apparently Normal,No Misuse,Y,No Injury,2f45ad2c-8a44-49f1-bfd7-5fadf1e07d94,D,DA38510007,Shoulder/Lap Belt(s),M,af2393e0-85c2-46c1-b9dd-da82cb75d19b,Same Direction Rear End,N,Intersection,Right Turn Lane,Daylight,No Defects,"Two-way, Not Divided",Dry,Clear,Twelve o'clock,(Sport) Utility Vehicle,Superficial,N,Moving Constant Speed,2015-01-01 15:29,21,38.98834354,-76.97496772,3,2,우회전 차선 사고,기타
5625,N,Apparently Normal,No Misuse,N,No Injury,410a4c73-fc49-48d1-825c-16aec08537b2,D,DA3855000H,Shoulder/Lap Belt(s),M,886040fd-2f50-45f1-8397-9809b936110d,Same Direction Rear End,N,Non Intersection,Acceleration Lane,Daylight,No Defects,"Two-way, Divided, Positive Median Barrier",Dry,Clear,Six o'clock,Passenger Car,Superficial,N,Stopped in Traffic Lane,2015-03-12 17:43,19,39.00135991,-76.93588257,1,2,좌회전 차선 사고,기타
5626,N,Apparently Normal,No Misuse,Y,No Injury,9fb1fe0d-84ca-48d6-8f19-302890768275,D,DA3855000H,Shoulder/Lap Belt(s),M,374caf1a-7d81-4fdb-8115-615c85c47d87,Same Direction Rear End,N,Non Intersection,Acceleration Lane,Daylight,No Defects,"Two-way, Divided, Positive Median Barrier",Dry,Clear,Twelve o'clock,Passenger Car,Functional,N,Moving Constant Speed,2015-03-12 17:43,20,39.00135991,-76.93588257,1,0,좌회전 차선 사고,등속 주행 중 측면 추돌 사고
5627,N,Apparently Normal,No Misuse,Y,Possible Incapacitating Injury,43094bff-149a-4fe5-af05-ec2c2b07b6be,D,DA38770006,Shoulder/Lap Belt(s),M,2db35023-5540-49ac-ad18-a811287cfecc,Head On,N,Non Intersection,Left Turn Lane,Dusk,No Defects,"Two-way, Not Divided",Wet,Clear,Eleven o'clock,Passenger Car,Disabling,N,Moving Constant Speed,2015-01-04 17:44,19,38.86942629,-76.85613513,4,2,빗길사고,동일 방향 운행 중 추돌 사고
5628,N,Apparently Normal,No Misuse,Y,No Injury,9688984d-f4cb-4ae8-8d0f-032bd0634830,D,DA39430009,Shoulder/Lap Belt(s),M,92b16e71-ef81-49e3-a736-b51eeb23710d,Single Vehicle ,N,Non Intersection,Left Turn Lane,Dark No Lights,No Defects,"Two-way, Divided, Unprotected (painted >4 feet) Median",Ice,Sleet,Twelve o'clock,Passenger Car,Disabling,N,Moving Constant Speed,2015-03-01 19:51,33,38.90453462,-76.79684758,0,0,눈길사고,감속 중 사고
5629,N,Apparently Normal,No Misuse,N,No Injury,602006b8-bc9a-464d-8330-72e5872560ea,D,EJ7846000N,Shoulder/Lap Belt(s),M,2025e383-1098-401d-8716-dc79530cc3cf,Head On Left Turn,N,Intersection,Right Turn Lane,Dusk,No Defects,"Two-way, Divided, Positive Median Barrier",Dry,Clear,Twelve o'clock,Passenger Car,Disabling,N,Moving Constant Speed,2015-02-06 17:54,24,39.11492,-77.21622,3,2,우회전 차선 사고,기타
5630,N,Apparently Normal,No Misuse,Y,No Injury,a9b12acb-008a-409a-af2e-e9ffe4c3cf70,D,EJ7846000N,Shoulder/Lap Belt(s),M,ddc6c09e-7fb6-4143-892e-26208225e132,Head On Left Turn,N,Intersection,Right Turn Lane,Dusk,No Defects,"Two-way, Divided, Positive Median Barrier",Dry,Clear,Three o'clock,Passenger Car,Disabling,N,Making Left Turn,2015-02-06 17:54,36,39.11492,-77.21622,3,1,우회전 차선 사고,등속 주행 중 측면 추돌 사고
5631,N,Apparently Normal,No Misuse,N,Possible Incapacitating Injury,58dfcd38-094a-41bc-965c-8fef4e343936,D,MCP13890008,Shoulder/Lap Belt(s),M,e279ab6e-a84d-4775-887f-09e2135600d4,Same Direction Rear End,N,Intersection,Left Turn Lane,Dark Lights On,No Defects,"Two-way, Divided, Positive Median Barrier",Wet,Raining,Six o'clock,Passenger Car,Disabling,N,Stopped in Traffic Lane,2015-01-29 22:19,41,39.159455,-77.219435,4,3,빗길사고,기타
5632,N,Had Been Drinking,No Misuse,Y,No Injury,7c24219a-8ada-48e5-97a5-fb696ddb869f,D,MCP13890008,Shoulder/Lap Belt(s),M,42d84bea-eccf-42f6-89de-819a22597e30,Same Direction Rear End,N,Intersection,Left Turn Lane,Dark Lights On,No Defects,"Two-way, Divided, Positive Median Barrier",Wet,Raining,Twelve o'clock,Passenger Car,Disabling,N,Slowing or Stopping,2015-01-29 22:19,23,39.159455,-77.219435,4,3,빗길사고,기타
5633,N,Apparently Normal,No Misuse,N,No Injury,9f423ac7-c4cd-4f5f-9287-d7f8746ca75a,D,MCP2116001M,Shoulder/Lap Belt(s),M,35b11fdc-1e07-4f72-9404-51e06b168b68,Same Movement Angle,N,Intersection,Left Turn Lane,Daylight,No Defects,"Two-way, Divided, Positive Median Barrier",Dry,Clear,Eleven o'clock,Passenger Car,Superficial,N,Stopped in Traffic Lane,2015-02-18 16:06,53,39.10305667,-77.22397667,1,1,좌회전 차선 사고,등속 주행 사고
5634,N,Apparently Normal,No Misuse,N,No Injury,06fdbbd4-67d6-4a70-ad6d-0b3c6ead8f7e,D,MCP2116001M,Shoulder/Lap Belt(s),M,7c2ca4fe-9127-4d6d-aa18-65adc1d90dc1,Same Movement Angle,N,Intersection,Left Turn Lane,Daylight,No Defects,"Two-way, Divided, Positive Median Barrier",Dry,Clear,Twelve o'clock,Passenger Car,Disabling,N,Moving Constant Speed,2015-02-18 16:06,18,39.10305667,-77.22397667,1,0,좌회전 차선 사고,등속 주행 중 측면 추돌 사고
5635,N,Apparently Normal,No Misuse,Y,No Injury,de2186ad-2c39-465a-bfec-b2d7e29d4f41,D,MCP2116001M,Shoulder/Lap Belt(s),M,d9dd58f9-d4fe-4da3-a348-15f686ce5781,Same Movement Angle,N,Intersection,Left Turn Lane,Daylight,No Defects,"Two-way, Divided, Positive Median Barrier",Dry,Clear,Three o'clock,Passenger Car,Disabling,N,Making Left Turn,2015-02-18 16:06,56,39.10305667,-77.22397667,1,1,좌회전 차선 사고,등속 주행 사고
5636,N,Apparently Normal,No Misuse,N,No Injury,a4e59f1e-e547-4594-b784-a7e7136e8ebf,D,MCP23800005,Shoulder/Lap Belt(s),M,2dd00f2e-97f6-4a76-9edd-ea993ff4a6ad,Head On Left Turn,N,Intersection,Right Turn Lane,Dark Lights On,No Defects,"Two-way, Not Divided",Dry,Clear,Twelve o'clock,Passenger Car,Disabling,N,Moving Constant Speed,2015-02-09 18:39,31,39.009035,-77.04393167,3,2,우회전 차선 사고,기타
5637,N,Apparently Normal,No Misuse,N,No Injury,817de9e8-ba63-4bde-8ef8-6136b027d08f,D,MCP2437000W,Shoulder/Lap Belt(s),M,a44e8e88-05ea-4f4c-a3f9-fff257101914,Same Movement Angle,N,Intersection,Right Turn Lane,Daylight,No Defects,"Two-way, Not Divided",Dry,Clear,Eight o'clock,Passenger Car,Functional,N,Moving Constant Speed,2015-02-25 7:37,50,39.06246667,-77.07536667,3,0,우회전 차선 사고,기타
5638,N,Apparently Normal,No Misuse,Y,No Injury,1a7351e1-3d51-4736-8e6c-57aaf61bf224,D,MCP2437000W,Shoulder/Lap Belt(s),M,b57ffee8-997a-4866-8bdb-df2f4804ac9c,Same Movement Angle,N,Intersection,Right Turn Lane,Daylight,No Defects,"Two-way, Not Divided",Dry,Clear,Twelve o'clock,Van,Functional,N,Accelerating,2015-02-25 7:37,39,39.06246667,-77.07536667,3,0,우회전 차선 사고,기타
5639,N,Apparently Normal,No Misuse,N,Possible Incapacitating Injury,b1fc5330-d43f-401a-af1e-1e9989f93bde,D,MCP2664000W,Shoulder/Lap Belt(s),M,4dcadd30-d000-4596-909c-bdecde74b7f2,Same Movement Angle,N,Intersection,Acceleration Lane,Daylight,No Defects,"Two-way, Divided, Positive Median Barrier",Dry,Clear,Twelve o'clock,Passenger Car,Disabling,N,Moving Constant Speed,2015-01-22 13:00,38,39.053,-77.07701,1,0,좌회전 차선 사고,등속 주행 중 측면 추돌 사고
5640,N,Apparently Normal,No Misuse,Y,Possible Incapacitating Injury,04ac6caf-31fd-4336-b0bb-d9c08a737594,D,MCP2664000W,Shoulder/Lap Belt(s),M,d6482f8b-a26c-4b10-ae6e-032f7977f45e,Same Movement Angle,N,Intersection,Acceleration Lane,Daylight,No Defects,"Two-way, Divided, Positive Median Barrier",Dry,Clear,Three o'clock,Passenger Car,Disabling,N,Making Left Turn,2015-01-22 13:00,77,39.053,-77.07701,1,1,좌회전 차선 사고,등속 주행 사고
5641,N,Apparently Normal,No Misuse,N,No Injury,d7ee6326-ac7e-4520-99c5-e0ac8da55f02,D,MCP27500011,Shoulder/Lap Belt(s),M,cbe3b322-60b9-4b4d-88fd-1038da7a3cad,Same Movement Angle,N,Non Intersection,Left Turn Lane,Dark No Lights,No Defects,"Two-way, Not Divided",Snow,Snow,Twelve o'clock,Passenger Car,Disabling,N,Moving Constant Speed,2015-02-14 21:57,33,39.04002167,-77.04866,0,0,눈길사고,감속 중 사고
5642,N,Apparently Normal,No Misuse,Y,No Injury,b3289b96-c855-4a57-8dde-95cdc3617d6a,D,MCP27500011,Shoulder/Lap Belt(s),M,ca4b5ba3-27ae-4a84-a936-50f14f5decaf,Same Movement Angle,N,Non Intersection,Left Turn Lane,Dark No Lights,No Defects,"Two-way, Not Divided",Snow,Snow,Four o'clock,Passenger Car,Disabling,N,Skidding,2015-02-14 21:57,56,39.04002167,-77.04866,0,2,눈길사고,미끌어짐에 의한 사고
5643,N,Apparently Normal,No Misuse,N,Non-incapacitating Injury,f4ac69ba-e29b-4f98-8c83-a09ef9e76856,D,MCP91300010,Shoulder/Lap Belt(s),M,bde99362-7d7c-4860-9450-0e0da9768abd,Same Direction Rear End,N,Intersection,Right Turn Lane,Daylight,No Defects,"Two-way, Not Divided",Dry,Clear,Six o'clock,Passenger Car,Disabling,N,Making Right Turn,2015-02-04 10:54,32,38.99812667,-77.00377167,3,3,우회전 차선 사고,동일 방향 운행 중 추돌 사고
5644,N,Apparently Normal,No Misuse,Y,Possible Incapacitating Injury,92a3d069-ee54-4ea8-b448-8eb27a5801bc,D,MCP91300010,Shoulder/Lap Belt(s),M,668d1ab1-20f2-4d59-af73-ceb99152318c,Same Direction Rear End,N,Intersection,Right Turn Lane,Daylight,No Defects,"Two-way, Not Divided",Dry,Clear,Twelve o'clock,Passenger Car,Functional,N,Moving Constant Speed,2015-02-04 10:54,63,38.99812667,-77.00377167,3,2,우회전 차선 사고,기타
5645,N,Apparently Normal,No Misuse,N,No Injury,e1946036-4eae-4627-b0f6-24a0b96d57b6,D,MCP9432000L,Shoulder/Lap Belt(s),M,2f005d3a-e0f5-4144-9b76-cb621d4a6603,Head On,N,Non Intersection,Right Turn Lane,Daylight,No Defects,"Two-way, Not Divided",Wet,Cloudy,Twelve o'clock,Passenger Car,Disabling,N,Moving Constant Speed,2015-01-04 15:43,28,39.18988,-77.22025167,4,2,빗길사고,동일 방향 운행 중 추돌 사고
5646,N,Apparently Normal,No Misuse,Y,No Injury,3d0beedc-be2c-4b0b-8756-c61d0858a049,D,MCP9432000L,Shoulder/Lap Belt(s),M,ce74b6c6-4ff4-41f6-96b0-3057419527c4,Head On,N,Non Intersection,Right Turn Lane,Daylight,No Defects,"Two-way, Not Divided",Wet,Cloudy,Twelve o'clock,Pickup Truck,Functional,N,Moving Constant Speed,2015-01-04 15:43,41,39.18988,-77.22025167,4,2,빗길사고,동일 방향 운행 중 추돌 사고
5647,N,Apparently Normal,No Misuse,Y,No Injury,493687ef-20a1-4312-94f3-e2ad65b13acd,D,MSP12930008,Shoulder/Lap Belt(s),M,cc2b9dd8-d7a2-42c7-8f0f-7196f3e35746,Same Direction Rear End Left Turn,N,Non Intersection,Right Turn Lane,Daylight,Loose Surface Material,"Two-way, Divided, Positive Median Barrier",Snow,Snow,Nine o'clock,"Medium/Heavy Truck 2 axles (10,000 lbs (4,536 kg) or less)",Disabling,N,Making U Turn,2015-01-09 10:39,58,39.69203083,-79.15070057,0,2,눈길사고,미끌어짐에 의한 사고
5648,N,Apparently Normal,No Misuse,N,Non-incapacitating Injury,3da7ef13-467b-496b-9ea3-56e2532c257d,D,MSP12930008,Shoulder/Lap Belt(s),M,ef38ded5-70cb-4c01-b873-168408240f85,Same Direction Rear End Left Turn,N,Non Intersection,Right Turn Lane,Daylight,Loose Surface Material,"Two-way, Divided, Positive Median Barrier",Snow,Snow,Twelve o'clock,Passenger Car,Disabling,N,Moving Constant Speed,2015-01-09 10:39,60,39.69203083,-79.15070057,0,0,눈길사고,감속 중 사고
5649,N,Apparently Normal,No Misuse,N,No Injury,d69942af-8e7f-4ea2-9e6a-4a3510ff6749,D,MSP5397003L,Shoulder/Lap Belt(s),M,abb20f22-7ced-43a1-a288-4a9084ac45b4,Same Direction Rear End,N,Non Intersection,Right Turn Lane,Dusk,No Defects,"Two-way, Divided, Positive Median Barrier",Dry,Clear,Six o'clock,Pickup Truck,Functional,N,Slowing or Stopping,2015-03-13 19:08,28,39.055016,-76.630214,2,1,기타,등속 주행 사고
5650,N,Apparently Normal,No Misuse,Y,No Injury,e16d5e0e-9cf4-4dfc-ae74-09cd51efcba9,D,MSP5397003L,Shoulder/Lap Belt(s),M,e149f496-fc6c-4fac-be0e-f72226bf9643,Same Direction Rear End,N,Non Intersection,Right Turn Lane,Dusk,No Defects,"Two-way, Divided, Positive Median Barrier",Dry,Clear,Twelve o'clock,Passenger Car,Disabling,N,Slowing or Stopping,2015-03-13 19:08,68,39.055016,-76.630214,2,1,기타,등속 주행 사고
5651,N,Apparently Normal,No Misuse,N,Possible Incapacitating Injury,b47c905f-33f9-4cee-be6e-4297ef2e7009,D,MSP5397003L,Shoulder/Lap Belt(s),M,eb42278c-8a48-4876-bc15-41d265b501c4,Same Direction Rear End,N,Non Intersection,Right Turn Lane,Dusk,No Defects,"Two-way, Divided, Positive Median Barrier",Dry,Clear,Six o'clock,Passenger Car,Disabling,N,Slowing or Stopping,2015-03-13 19:08,66,39.055016,-76.630214,2,1,기타,등속 주행 사고
5652,N,Apparently Normal,No Misuse,N,No Injury,b0107ffa-c8f5-4608-b3f1-4e487f1b9151,D,MSP5516002S,Shoulder/Lap Belt(s),M,a704bedf-f42e-44fb-8abd-de26ee26b1f1,Same Direction Rear End,N,Non Intersection,Acceleration Lane,Daylight,No Defects,"Two-way, Divided, Positive Median Barrier",Dry,Clear,Six o'clock,Truck Tractor,Superficial,N,Moving Constant Speed,2015-03-11 15:06,39,39.440015,-77.49139133,1,0,좌회전 차선 사고,등속 주행 중 측면 추돌 사고
5653,N,Apparently Normal,No Misuse,Y,No Injury,49ef2719-b3ee-48ca-90d0-5023a5687034,D,MSP5516002S,Shoulder/Lap Belt(s),M,ea884745-5782-4bac-a747-5ae88583b6d4,Same Direction Rear End,N,Non Intersection,Acceleration Lane,Daylight,No Defects,"Two-way, Divided, Positive Median Barrier",Dry,Clear,Twelve o'clock,Van,Functional,N,Skidding,2015-03-11 15:06,86,39.440015,-77.49139133,1,3,좌회전 차선 사고,감속 중 사고
5654,N,Apparently Normal,No Misuse,Y,No Injury,68501d80-5c17-4454-a5a2-269a02872b4d,D,MSP5549000D,Shoulder/Lap Belt(s),M,afc0a20b-d520-4d1b-a6c7-6ca559f00e9f,Same Direction Rear End,N,Intersection Related,Right Turn Lane,Daylight,No Defects,"Two-way, Not Divided",Dry,Clear,Twelve o'clock,(Sport) Utility Vehicle,Functional,N,Slowing or Stopping,2015-02-04 15:41,21,39.46399603,-77.36449957,3,3,우회전 차선 사고,동일 방향 운행 중 추돌 사고
5655,N,Apparently Normal,No Misuse,Y,No Injury,bf7fad35-582f-4f47-b4a5-9ba480151cfd,D,MSP5741000Y,Shoulder/Lap Belt(s),M,29f11f81-654e-48df-bd5c-fa035051b620,Same Movement Angle,N,Intersection,Right Turn Lane,Daylight,No Defects,"Two-way, Divided, Positive Median Barrier",Dry,Clear,Four o'clock,Passenger Car,Disabling,N,Moving Constant Speed,2015-01-13 9:50,49,39.5827755,-76.02147767,3,0,우회전 차선 사고,기타
5656,N,Apparently Normal,No Misuse,N,Possible Incapacitating Injury,76172dde-2131-454a-ad15-6007899609ce,D,MSP5741000Y,Shoulder/Lap Belt(s),M,6b4c9cd0-9927-4a41-9ad9-0677a176acb0,Same Movement Angle,N,Intersection,Right Turn Lane,Daylight,No Defects,"Two-way, Divided, Positive Median Barrier",Dry,Clear,Twelve o'clock,Passenger Car,Disabling,N,Accelerating,2015-01-13 9:50,57,39.5827755,-76.02147767,3,0,우회전 차선 사고,기타
5657,N,Apparently Normal,No Misuse,Y,Possible Incapacitating Injury,120f1449-1abe-42fd-b945-c0d1c43253b4,D,MSP5932001Z,Shoulder/Lap Belt(s),M,3d80e6c9-c15f-4abb-9d7d-65779484c5c9,Single Vehicle ,N,Non Intersection,Right Turn Lane,Daylight,No Defects,"Two-way, Divided, Positive Median Barrier",Wet,Wintry Mix,One o'clock,Van,Disabling,N,Moving Constant Speed,2015-03-01 14:50,30,39.39424183,-76.4336395,4,2,빗길사고,동일 방향 운행 중 추돌 사고
5658,N,Apparently Normal,No Misuse,Y,Possible Incapacitating Injury,faab466c-66d7-4c1b-a0c5-431778190ebe,D,MSP5957003S,Shoulder/Lap Belt(s),M,1b8ea1a7-6443-4d92-aa19-ea4813835b1d,Single Vehicle ,N,Interchange Related,Right Turn Lane,Daylight,Loose Surface Material,One-way Trafficway,Wet,Cloudy,Twelve o'clock,Passenger Car,Disabling,N,Skidding,2015-01-04 14:14,34,39.050255,-76.927879,4,0,빗길사고,등속 주행 중 사고
5659,N,Apparently Normal,Air Bag Failed,Y,Possible Incapacitating Injury,36fa67b1-e5ff-4654-8a80-a6fa93e40a0d,D,MSP60920076,Shoulder/Lap Belt(s),M,b614ebe8-ae80-404d-802a-3999d7395992,Same Direction Rear End,N,Non Intersection,Right Turn Lane,Dark No Lights,No Defects,"Two-way, Divided, Positive Median Barrier",Dry,Clear,Twelve o'clock,Passenger Car,Disabling,N,Skidding,2015-01-08 19:12,33,39.261585,-76.67311833,2,0,기타,자차 사고
5660,N,Had Been Drinking,No Misuse,Y,Possible Incapacitating Injury,cf3af3e3-c150-48e1-9252-73ccff1bc216,D,MSP6111000F,Shoulder/Lap Belt(s),M,986ee351-d943-4ac0-8798-7297277d368c,Single Vehicle ,N,Non Intersection,Right Turn Lane,Dark No Lights,No Defects,"Two-way, Not Divided",Dry,Clear,Twelve o'clock,(Sport) Utility Vehicle,Disabling,N,Moving Constant Speed,2015-03-18 1:05,21,39.48185172,-76.9978416,2,2,기타,기타