KEY_INDEX,CDL_FLAG,CONDITION_CODE,EQUIP_PROB_CODE,FAULT_FLAG,INJ_SEVER_CODE,PERSON_ID,PERSON_TYPE,REPORT_NO,SAF_EQUIP_CODE,SEX_CODE,VEHICLE_ID,COLLISION_TYPE_CODE,C_M_ZONE_FLAG,JUNCTION_CODE,LANE_CODE,LIGHT_CODE,RD_COND_CODE,RD_DIV_CODE,SURF_COND_CODE,WEATHER_CODE,AREA_DAMAGED_CODE_MAIN,BODY_TYPE_CODE,DAMAGE_CODE,HIT_AND_RUN_FLAG,MOVEMENT_CODE,TIME,AGE,LATITUDE,LONGITUDE,CLUSTER,SECOND_LABEL,FIRST_LABEL,SECOND_LABELING
5715,N,Apparently Normal,No Misuse,Y,No Injury,de11bc23-02ef-4287-9476-8c0b814540f1,D,DA3566000D,Shoulder/Lap Belt(s),M,c78d759a-7d4d-4298-b800-1271a170d6b0,Same Direction Rear End,N,Intersection Related,Left Turn Lane,Dark Lights On,No Defects,"Two-way, Divided, Unprotected (painted >4 feet) Median",Dry,Clear,Twelve o'clock,Passenger Car,Functional,N,Accelerating,2015-02-27 20:30,28,38.96110233,-76.90523028,1,3,좌회전 차선 사고,감속 중 사고
5716,N,Apparently Normal,No Misuse,Y,Possible Incapacitating Injury,bad4fa12-21ba-41eb-bfc0-83d0149f28c3,D,DA36600007,Shoulder/Lap Belt(s),M,c83c945d-556d-41ff-87b8-c69f55a64e34,Same Direction Sideswipe,N,Non Intersection,Left Turn Lane,Dark Lights On,No Defects,"Two-way, Divided, Positive Median Barrier",Ice,Wintry Mix,Eleven o'clock,(Sport) Utility Vehicle,Superficial,N,Moving Constant Speed,2015-02-10 6:00,52,38.99813314,-76.92054033,0,0,눈길사고,감속 중 사고
5717,N,Apparently Normal,No Misuse,Y,No Injury,7718826c-089b-4e12-ab17-1d826cb47ac2,D,DA37090005,Shoulder/Lap Belt(s),M,b1ed1219-61ca-41d2-8d65-9a764acdab9a,Same Direction Rear End,N,Non Intersection,Right Turn Lane,Dark Lights On,No Defects,"Two-way, Not Divided",Wet,Raining,Six o'clock,(Sport) Utility Vehicle,Superficial,N,Backing,2015-01-12 16:11,57,38.80147367,-76.90886736,4,3,빗길사고,기타
5718,N,Apparently Normal,No Misuse,Y,No Injury,5604e9d0-da5e-4b31-b542-16af218677ad,D,DA38320004,Shoulder/Lap Belt(s),M,e8d15590-6db1-43df-adde-d87a70e34da1,Same Direction Left Turn,N,Non Intersection,Right Turn Lane,Daylight,No Defects,"Two-way, Not Divided",Dry,Clear,Ten o'clock,Passenger Car,Superficial,N,Starting From Parked,2015-02-23 14:15,51,38.81728298,-76.99283123,2,0,기타,자차 사고
5719,N,Apparently Normal,No Misuse,Y,No Injury,fccada5c-948a-4d03-a654-c570e9632449,D,DA3871000C,Shoulder/Lap Belt(s),M,c669640f-2ce3-4a71-af40-6f585d16ae68,Same Direction Rear End,N,Intersection Related,Right Turn Lane,Dark Lights On,No Defects,"Two-way, Divided, Unprotected (painted >4 feet) Median",Dry,Clear,Twelve o'clock,Passenger Car,Superficial,N,Slowing or Stopping,2015-03-30 20:57,20,38.9802707,-76.86666012,3,3,우회전 차선 사고,동일 방향 운행 중 추돌 사고
5720,N,Apparently Normal,No Misuse,N,No Injury,14c07b06-5289-4639-93ac-623946cd5269,D,EA99370002,Shoulder/Lap Belt(s),M,df9142e9-2bd3-42c8-80cf-d076d0b99613,Same Direction Sideswipe,N,Non Intersection,Left Turn Lane,Daylight,No Defects,"Two-way, Divided, Positive Median Barrier",Dry,Clear,Five o'clock,Pickup Truck,Superficial,N,Moving Constant Speed,2015-02-03 10:27,58,38.96926912,-77.07754612,1,0,좌회전 차선 사고,등속 주행 중 측면 추돌 사고
5721,N,Apparently Normal,No Misuse,Y,No Injury,02b62058-062d-4ad2-8c93-a9eb62733499,D,HM01370004,Shoulder/Lap Belt(s),M,8fe10597-b3db-4017-82f5-24c946313780,Same Direction Rear End,N,Intersection Related,Right Turn Lane,Daylight,No Defects,"Two-way, Divided, Positive Median Barrier",Wet,Raining,Twelve o'clock,Passenger Car,Superficial,N,Slowing or Stopping,2015-02-22 14:00,22,38.38420625,-75.17695427,4,3,빗길사고,기타
5722,N,Had Been Drinking,No Misuse,Y,No Injury,559204d0-89f5-435b-a133-38617e883b03,D,MCP1555000K,Shoulder/Lap Belt(s),M,ed5e88e9-a6c6-4057-a5bd-592d14056ba6,Same Movement Angle,N,Intersection,Left Turn Lane,Daylight,No Defects,"Two-way, Divided, Positive Median Barrier",Dry,Cloudy,Twelve o'clock,Passenger Car,Functional,N,Making Right Turn,2015-02-25 13:09,37,39.10555863,-76.91062689,1,1,좌회전 차선 사고,등속 주행 사고
5723,N,Apparently Normal,No Misuse,Y,No Injury,c2b160f6-2b0a-4d4c-a4fb-d6901b69b18e,D,MCP2582000M,Shoulder/Lap Belt(s),M,6367c3ff-1d2c-42a6-aa93-6e4031211cbf,Same Direction Rear End,N,Non Intersection,Right Turn Lane,Dark Lights On,No Defects,"Two-way, Divided, Unprotected (painted >4 feet) Median",Dry,Clear,Twelve o'clock,Passenger Car,Disabling,N,Slowing or Stopping,2015-01-11 3:27,34,39.06075,-77.09064833,2,1,기타,등속 주행 사고
5724,N,Apparently Normal,No Misuse,Y,No Injury,004b4a7a-de9f-4107-a329-3b5e4ba285d3,D,MCP2914000T,Shoulder/Lap Belt(s),M,853adcd7-7f89-4d93-9dd6-a2a776099ce1,Same Movement Angle,N,Intersection,Right Turn Lane,Dark Lights On,No Defects,"Two-way, Divided, Positive Median Barrier",Wet,Raining,Two o'clock,Passenger Car,Disabling,N,Accelerating,2015-01-23 20:27,25,39.00617061,-76.98458076,4,1,빗길사고,자차 사고
5725,N,Apparently Normal,No Misuse,N,Possible Incapacitating Injury,f5927364-3d61-4a18-b02b-a5c9d5c2ea5c,D,MCP2914000W,Shoulder/Lap Belt(s),M,890c3c65-97ed-4b85-9fe0-d5420c5ab2dc,Same Direction Rear End Left Turn,N,Intersection,Right Turn Lane,Dark Lights On,No Defects,"Two-way, Divided, Positive Median Barrier",Dry,Clear,Six o'clock,Passenger Car,Superficial,N,Stopped in Traffic Lane,2015-02-09 18:44,44,39.01114771,-76.97767138,3,1,우회전 차선 사고,등속 주행 중 측면 추돌 사고
5726,N,Apparently Normal,No Misuse,Y,No Injury,a7bc066d-7f3a-4608-9b88-095da70d2f59,D,MDTA15330005,Shoulder/Lap Belt(s),M,b920e74b-6357-4eee-a542-2a3bb910eca8,Same Direction Sideswipe,N,Non Intersection,Deceleration Lane,Dawn,No Defects,"Two-way, Divided, Positive Median Barrier",Ice,Clear,Eleven o'clock,Passenger Car,Disabling,N,Moving Constant Speed,2015-03-06 6:15,26,39.28432361,-76.53844357,1,0,좌회전 차선 사고,등속 주행 중 측면 추돌 사고
5727,N,Apparently Normal,No Misuse,Y,No Injury,8a77a7df-2b7d-4b6e-b45f-dcd9d9ff24e7,D,MSP5954005F,Shoulder/Lap Belt(s),M,0668d21d-e680-4b41-b121-e33a5b482af4,Same Direction Sideswipe,N,Non Intersection,Left Turn Lane,Daylight,No Defects,"Two-way, Divided, Positive Median Barrier",Wet,Snow,Twelve o'clock,Pickup Truck,Disabling,N,Moving Constant Speed,2015-03-01 11:33,29,39.38900317,-76.43855633,4,2,빗길사고,동일 방향 운행 중 추돌 사고
5728,Y,Apparently Normal,No Misuse,N,No Injury,4fb6f2f0-2732-4478-90f7-4e1f0b935d90,D,MSP6226000C,Shoulder/Lap Belt(s),M,9273fb16-9d3c-4fdb-baaf-5c823474660c,Same Direction Sideswipe,N,Non Intersection,Left Turn Lane,Daylight,No Defects,"Two-way, Divided, Positive Median Barrier",Dry,Clear,Two o'clock,Truck Tractor,Functional,N,Moving Constant Speed,2015-02-18 11:14,35,39.03360283,-76.94323182,1,0,좌회전 차선 사고,등속 주행 중 측면 추돌 사고
5729,N,Apparently Normal,No Misuse,N,No Injury,8397a63e-9d7d-4108-94e6-834f50d80016,D,MSP6307003C,Shoulder/Lap Belt(s),M,838a5aa2-268c-43c0-acbc-8ceeab7512ba,Same Movement Angle,N,Intersection,Acceleration Lane,Dark No Lights,No Defects,"Two-way, Divided, Unprotected (painted >4 feet) Median",Dry,Clear,Ten o'clock,Passenger Car,Disabling,N,Moving Constant Speed,2015-02-23 22:06,49,38.82069017,-76.84866433,1,0,좌회전 차선 사고,등속 주행 중 측면 추돌 사고
5730,N,Apparently Normal,No Misuse,N,No Injury,560a991e-9a01-49f8-ac06-0773ad3269fb,D,ZH0453002K,Shoulder/Lap Belt(s),M,3f8d22aa-c227-4731-a2c9-cf5b42f12413,Angle Meets Left Turn Head On,N,Commercial Driveway,Right Turn Lane,Dark No Lights,No Defects,"Two-way, Not Divided",Dry,Clear,Twelve o'clock,Pickup Truck,Functional,N,Moving Constant Speed,2015-02-06 5:45,51,38.590455,-76.79333667,3,2,우회전 차선 사고,기타
5731,N,Apparently Normal,No Misuse,Y,No Injury,6bd53d17-25d9-4ca1-bca9-a8bada67dab8,D,ZL09380008,Shoulder/Lap Belt(s),M,996c55ce-7270-4baa-84a6-939f12bbaa14,Same Direction Rear End,N,Non Intersection,Right Turn Lane,Dark No Lights,No Defects,"Two-way, Not Divided",Wet,Sleet,Twelve o'clock,Pickup Truck,Functional,N,Skidding,2015-01-23 23:10,67,39.52006508,-76.3268307,4,3,빗길사고,기타
5732,N,Apparently Normal,No Misuse,Y,No Injury,1547ae08-5e18-42ff-a3eb-95e6dafe109f,D,ZR02600005,Shoulder/Lap Belt(s),M,5a1238e9-37de-4f01-946f-b20023fd22b9,Same Direction Rear End,N,Intersection Related,Right Turn Lane,Daylight,No Defects,"Two-way, Divided, Positive Median Barrier",Wet,Raining,Twelve o'clock,Passenger Car,Superficial,Y,Slowing or Stopping,2015-03-27 15:02,31,38.42749615,-76.71693921,4,3,빗길사고,기타
5733,N,Apparently Normal,No Misuse,Y,Possible Incapacitating Injury,14a12ff8-d537-4055-9a0a-d4546c3328c3,D,AC1902000L,Shoulder/Lap Belt(s),M,04cf906a-3178-464c-bce7-496f9953388d,Same Movement Angle,N,Intersection,Right Turn Lane,Daylight,No Defects,"Two-way, Not Divided",Dry,Clear,Twelve o'clock,Passenger Car,Disabling,N,Slowing or Stopping,2015-01-20 9:39,39,39.13755333,-76.63326167,3,0,우회전 차선 사고,기타
5734,N,Apparently Normal,No Misuse,Y,No Injury,1da73920-9b51-425e-8123-533b6356ecd3,D,ADJ6260005,Shoulder/Lap Belt(s),M,e12bdfdc-f6cb-437e-ba5b-4418840848e7,Same Direction Rear End,N,Intersection Related,Right Turn Lane,Daylight,No Defects,"Two-way, Divided, Positive Median Barrier",Dry,Clear,Twelve o'clock,"Other Light Trucks (10,000 lbs (4,536 kg))",Superficial,N,Moving Constant Speed,2015-02-07 12:50,30,39.32031334,-76.59168005,3,2,우회전 차선 사고,기타
5735,N,Apparently Normal,No Misuse,Y,No Injury,a28bbcaa-3087-4aca-bb9c-d5c39ac63fa7,D,DA27280004,Shoulder/Lap Belt(s),M,3656d4f0-ce71-4a35-a0a4-8ee4d22da2b3,Same Movement Angle,N,Non Intersection,Left Turn Lane,Daylight,No Defects,"Two-way, Divided, Positive Median Barrier",Dry,Clear,Twelve o'clock,Passenger Car,Functional,N,Entering Traffic Lane,2015-02-16 12:13,44,38.88829374,-76.8334651,1,1,좌회전 차선 사고,등속 주행 사고
5736,N,Apparently Normal,No Misuse,Y,No Injury,24624600-b491-4b06-8d20-96f7a4fac9da,D,DA34220003,Shoulder/Lap Belt(s),M,158143c8-179f-4875-97c9-90540d003acd,Same Direction Rear End,N,Non Intersection,Right Turn Lane,Daylight,No Defects,"Two-way, Divided, Positive Median Barrier",Wet,Clear,Twelve o'clock,Van,Functional,N,Slowing or Stopping,2015-02-18 15:19,57,38.8308155,-76.94117188,4,3,빗길사고,기타
5737,N,Apparently Normal,No Misuse,Y,No Injury,8e5db714-7fc4-4472-a657-eb244ebc9968,D,DM8439000F,Shoulder/Lap Belt(s),M,5f4c2a91-5188-4ad6-be04-34d388957319,Same Direction Rear End,N,Non Intersection,Acceleration Lane,Daylight,No Defects,"Two-way, Divided, Positive Median Barrier",Dry,Cloudy,Twelve o'clock,Passenger Car,Superficial,N,Starting From Parked,2015-01-19 9:49,36,38.98844667,-76.98742833,1,3,좌회전 차선 사고,감속 중 사고
5738,N,Apparently Normal,No Misuse,N,No Injury,f9a39f9c-d280-4fe9-b4e8-eeab641756b1,D,AA00330004,Shoulder/Lap Belt(s),M,464f3432-6496-4c3a-b672-e83a304bf465,Single Vehicle ,N,Non Intersection,Right Turn Lane,Dark No Lights,No Defects,"Two-way, Not Divided",Snow,Snow,One o'clock,(Sport) Utility Vehicle,Superficial,N,Moving Constant Speed,2015-02-22 20:51,38,39.55256684,-76.01101398,0,0,눈길사고,감속 중 사고
5739,N,Apparently Normal,No Misuse,Y,No Injury,a7491aa5-c89a-4793-be8d-50146b2e6b79,D,AA0034000H,Shoulder/Lap Belt(s),M,576cc4a3-30e7-4995-aed7-f0c0e2171fc7,Single Vehicle ,N,Non Intersection,Right Turn Lane,Dark - Unknown Lighting,No Defects,"Two-way, Not Divided",Dry,Clear,Twelve o'clock,Passenger Car,Disabling,Y,Accelerating,2015-02-11 3:05,24,39.50198769,-76.17022991,2,0,기타,자차 사고
5740,Y,Apparently Normal,No Misuse,Y,No Injury,573da37f-d780-42dc-be1c-04b73492332c,D,AA00400005,Shoulder/Lap Belt(s),M,bc40305c-9fd9-4489-a957-35d13f48f997,Single Vehicle ,N,Non Intersection,Right Turn Lane,Daylight,No Defects,"Two-way, Not Divided",Wet,Sleet,Twelve o'clock,Truck Tractor,Superficial,Y,Moving Constant Speed,2015-02-02 7:52,46,39.51526084,-76.18768036,4,2,빗길사고,동일 방향 운행 중 추돌 사고
5741,N,Apparently Normal,No Misuse,Y,No Injury,ddc77a44-5cbc-42df-88f7-653ad144ec2d,D,AB2696002C,Shoulder/Lap Belt(s),M,394222ed-b793-4a75-8cd6-25911d532d5c,Single Vehicle ,N,Intersection,Right Turn Lane,Daylight,No Defects,"Two-way, Not Divided",Dry,Cloudy,Eleven o'clock,Passenger Car,No Damage,N,Accelerating,2015-01-13 13:39,64,38.97756008,-76.49007797,3,1,우회전 차선 사고,등속 주행 중 측면 추돌 사고
5742,N,Apparently Normal,No Misuse,N,No Injury,364a6dfb-0835-430c-b7c3-6ed70dfe5ae1,D,AB2696002G,Shoulder/Lap Belt(s),M,1b543973-e780-4c8a-85d9-ae1374668829,Same Direction Left Turn,N,Intersection,Right Turn Lane,Daylight,No Defects,"Two-way, Divided, Positive Median Barrier",Dry,Cloudy,One o'clock,Pickup Truck,Functional,N,Moving Constant Speed,2015-01-22 16:10,63,38.97796042,-76.49368286,3,2,우회전 차선 사고,기타
5743,N,Apparently Normal,No Misuse,Y,No Injury,6f925ce0-66d4-4d5f-8be2-349d43ad97de,D,AB2696002G,Shoulder/Lap Belt(s),M,aa5d5e8f-c627-4854-bc5b-e3bdb882bdd5,Same Direction Left Turn,N,Intersection,Right Turn Lane,Daylight,No Defects,"Two-way, Divided, Positive Median Barrier",Dry,Cloudy,Eleven o'clock,Passenger Car,Disabling,N,Changing Lanes,2015-01-22 16:10,41,38.97796042,-76.49368286,3,1,우회전 차선 사고,등속 주행 중 측면 추돌 사고
5744,N,Apparently Normal,No Misuse,Y,No Injury,878b1e30-2110-4241-a9f9-66dc24bdcac5,D,AB2696002W,Shoulder/Lap Belt(s),M,9f61e176-cbb7-4b7a-8e67-927351c53f0b,Single Vehicle ,N,Intersection,Left Turn Lane,Daylight,No Defects,"Two-way, Not Divided with a Continuous Left Turn Lane",Snow,Blowing Snow,Twelve o'clock,Passenger Car,Disabling,N,Slowing or Stopping,2015-02-26 9:12,36,38.97756008,-76.49299622,0,1,눈길사고,등속 주행 사고
5745,N,Apparently Normal,No Misuse,N,No Injury,a4df68da-596d-4d88-a1d8-26095629494b,D,AB2696002X,Shoulder/Lap Belt(s),M,11647613-8c10-446c-861f-e4f9b84c6a79,Same Direction Rear End,N,Non Intersection,Right Turn Lane,Daylight,No Defects,"Two-way, Divided, Unprotected (painted >4 feet) Median",Snow,Snow,Six o'clock,Pickup Truck,No Damage,N,Moving Constant Speed,2015-02-26 9:28,35,38.97796042,-76.49145126,0,3,눈길사고,자차 사고
5746,N,Apparently Normal,No Misuse,Y,No Injury,88dc6340-b74b-4bd9-86bf-328f7a4d08af,D,AB2696002X,Shoulder/Lap Belt(s),M,50c026e4-5221-4bd0-adc4-806257ae8b8f,Same Direction Rear End,N,Non Intersection,Right Turn Lane,Daylight,No Defects,"Two-way, Divided, Unprotected (painted >4 feet) Median",Snow,Snow,Twelve o'clock,Passenger Car,Superficial,N,Slowing or Stopping,2015-02-26 9:28,27,38.97796042,-76.49145126,0,1,눈길사고,등속 주행 사고
5747,N,Apparently Normal,No Misuse,N,No Injury,1ef24385-3835-48e5-8432-dcebd8f5ca16,D,AB2696002Y,Shoulder/Lap Belt(s),M,3a55d55b-a8e9-4600-a58e-98b933c8999b,Same Direction Rear End,N,Intersection,Right Turn Lane,Daylight,No Defects,"Two-way, Not Divided",Snow,Snow,Six o'clock,Passenger Car,Superficial,N,Stopped in Traffic Lane,2015-02-26 9:12,61,38.97809387,-76.49230957,0,1,눈길사고,등속 주행 사고
5748,N,Apparently Normal,No Misuse,Y,No Injury,0fc477f9-7cd4-46f7-b8aa-4525a1ce3a8e,D,AB2696002Y,Shoulder/Lap Belt(s),M,2db24e04-ef7c-4228-ade8-8cb8d7a93307,Same Direction Rear End,N,Intersection,Right Turn Lane,Daylight,No Defects,"Two-way, Not Divided",Snow,Snow,Twelve o'clock,Pickup Truck,Functional,N,Slowing or Stopping,2015-02-26 9:12,21,38.97809387,-76.49230957,0,1,눈길사고,등속 주행 사고
5749,N,Apparently Normal,No Misuse,Y,No Injury,6d46302e-3599-475c-985b-af06bb516f6f,D,AB2696002Z,Shoulder/Lap Belt(s),M,21a16106-50e0-4001-837e-496252ca4d40,Same Direction Rear End,N,Non Intersection,Right Turn Lane,Daylight,No Defects,"Two-way, Divided, Positive Median Barrier",Snow,Snow,Twelve o'clock,Passenger Car,Superficial,N,Slowing or Stopping,2015-02-26 8:01,28,38.97729318,-76.49213791,0,1,눈길사고,등속 주행 사고
5750,N,Apparently Normal,No Misuse,Y,No Injury,9a3dd964-26aa-4c14-9d1f-34de2a288871,D,AB2696002Z,Shoulder/Lap Belt(s),M,7b4eeee8-3ea0-46ab-b013-a92af723ee20,Same Direction Rear End,N,Non Intersection,Right Turn Lane,Daylight,No Defects,"Two-way, Divided, Positive Median Barrier",Snow,Snow,Three o'clock,Passenger Car,Disabling,N,Slowing or Stopping,2015-02-26 8:01,28,38.97729318,-76.49213791,0,1,눈길사고,등속 주행 사고
5751,N,Apparently Normal,No Misuse,Y,No Injury,7008ae6b-7eca-4556-9b64-002f9baef0f7,D,AB26960030,Shoulder/Lap Belt(s),M,3c80ebdc-901e-4b9c-a593-e5d8e0ae85eb,Same Direction Rear End Right Turn,N,Non Intersection,Left Turn Lane,Daylight,No Defects,"Two-way, Not Divided",Snow,Blowing Snow,Twelve o'clock,Passenger Car,Functional,N,Slowing or Stopping,2015-02-26 8:37,48,38.97836076,-76.48990631,0,1,눈길사고,등속 주행 사고
5752,N,Apparently Normal,No Misuse,Y,No Injury,07813f68-ba8c-420b-b873-eab43c91546f,D,AB26960034,Shoulder/Lap Belt(s),M,1debdf9c-fe81-475f-8cf4-c198d3006a14,Single Vehicle ,N,Intersection,Right Turn Lane,Daylight,No Defects,"Two-way, Not Divided",Snow,Raining,Ten o'clock,Pickup Truck,Disabling,N,Slowing or Stopping,2015-03-20 10:20,54,38.98022899,-76.49711609,0,1,눈길사고,등속 주행 사고
5753,N,Apparently Normal,No Misuse,N,No Injury,1ef61e7e-9a1d-453e-999e-540d2f149a87,D,AB30880002,Shoulder/Lap Belt(s),M,ca26f933-9482-4569-87aa-6cde42e83803,Same Direction Rear End,N,Crossover Related,Right Turn Lane,Daylight,No Defects,"Two-way, Not Divided",Dry,Clear,Six o'clock,Passenger Car,Superficial,N,Slowing or Stopping,2015-03-19 15:22,80,38.96049333,-76.49417639,3,3,우회전 차선 사고,동일 방향 운행 중 추돌 사고
5754,N,Apparently Normal,No Misuse,Y,No Injury,80e3e374-06da-4676-8c40-f1cdfe2baf9d,D,AB30880002,Shoulder/Lap Belt(s),M,40877b1b-6dcc-4ec1-970e-bc39ba993846,Same Direction Rear End,N,Crossover Related,Right Turn Lane,Daylight,No Defects,"Two-way, Not Divided",Dry,Clear,Twelve o'clock,Passenger Car,Superficial,N,Moving Constant Speed,2015-03-19 15:22,34,38.96049333,-76.49417639,3,2,우회전 차선 사고,기타
5755,N,Apparently Normal,No Misuse,Y,No Injury,a627b41c-a4aa-4610-9c27-4eda7d82ac20,D,AB37840001,Shoulder/Lap Belt(s),M,099516c5-9f54-4bb0-ba32-b323933a9a4d,Same Direction Sideswipe,N,Non Intersection,Right Turn Lane,Dark Lights On,No Defects,"Two-way, Not Divided",Dry,Clear,Two o'clock,Police Vehicle/Emergency,Superficial,N,Moving Constant Speed,2015-01-05 21:16,29,38.96997815,-76.5246892,2,2,기타,기타
5756,N,Apparently Normal,No Misuse,N,No Injury,a480c046-ee12-45e4-b402-ab8c6033d7cb,D,AB3925000D,Shoulder/Lap Belt(s),M,de5b5455-27d6-4d35-9292-665352cd3006,Angle Meets Left Turn Head On,N,Intersection Related,Right Turn Lane,Daylight,No Defects,"Two-way, Not Divided",Dry,Clear,Ten o'clock,(Sport) Utility Vehicle,Superficial,N,Slowing or Stopping,2015-03-15 8:16,49,38.98198875,-76.48952007,3,1,우회전 차선 사고,등속 주행 중 측면 추돌 사고
5757,N,Apparently Normal,No Misuse,Y,No Injury,a2c036a9-15f9-4528-8b6c-845ea9fa68ce,D,AB43610005,Shoulder/Lap Belt(s),M,eed2916b-170e-4704-a046-0bfbe8635e52,Single Vehicle ,N,Non Intersection,Right Turn Lane,Dark Lights On,No Defects,"Two-way, Divided, Positive Median Barrier",Dry,Clear,Twelve o'clock,Passenger Car,Functional,N,Moving Constant Speed,2015-03-09 2:45,36,38.97230536,-76.52391672,2,2,기타,기타
5758,N,Apparently Normal,No Misuse,N,No Injury,3fc4d720-dfc0-4dee-a52c-5e2da6a17f3c,D,AB45180021,Shoulder/Lap Belt(s),M,26f8d593-95a3-4c5d-9122-574ead43b39f,Same Direction Sideswipe,N,Non Intersection,Right Turn Lane,Daylight,No Defects,"Two-way, Divided, Positive Median Barrier",Dry,Clear,Eleven o'clock,(Sport) Utility Vehicle,Superficial,N,Moving Constant Speed,2015-01-10 13:40,83,38.94854791,-76.48866713,2,2,기타,기타
5759,N,Apparently Normal,No Misuse,Y,No Injury,01dc645d-b11b-4ae5-a351-df7a478ff939,D,AB45180021,Shoulder/Lap Belt(s),M,aca2e9ff-67b2-4ce7-b95f-c0044d79b0a0,Same Direction Sideswipe,N,Non Intersection,Right Turn Lane,Daylight,No Defects,"Two-way, Divided, Positive Median Barrier",Dry,Clear,One o'clock,Passenger Car,Superficial,N,Moving Constant Speed,2015-01-10 13:40,28,38.94854791,-76.48866713,2,2,기타,기타
5760,N,Apparently Normal,No Misuse,Y,No Injury,dd3ecc5a-8c74-4fcf-95e3-673f4346136a,D,AB4518002J,Shoulder/Lap Belt(s),M,fd86c71c-43b1-420b-8e0d-d172aacb60bb,Same Direction Sideswipe,N,Non Intersection,Right Turn Lane,Daylight,No Defects,One-way Trafficway,Dry,Clear,Four o'clock,(Sport) Utility Vehicle,Superficial,N,Moving Constant Speed,2015-03-12 13:09,45,38.9794815,-76.49052188,2,2,기타,기타
5761,N,Apparently Normal,No Misuse,Y,No Injury,ce958687-737a-4559-a745-223e550cb188,D,AB47710002,Shoulder/Lap Belt(s),M,7c60a70e-3037-45a9-be56-d0211d0ecd8e,Same Direction Rear End,N,Non Intersection,Right Turn Lane,Dark Lights On,No Defects,One-way Trafficway,Dry,Clear,Twelve o'clock,Passenger Car,Superficial,Y,Parking  ,2015-01-13 18:18,34,38.97589821,-76.49013028,2,0,기타,자차 사고
5762,N,Apparently Normal,No Misuse,N,No Injury,26449b69-9c2a-42c1-8a02-860527ebf09d,D,AB50500003,Shoulder/Lap Belt(s),M,3191acab-5805-4ee0-8a3d-f7ca4d0c4f06,Same Direction Right Turn,N,Intersection,Right Turn Lane,Dark Lights On,No Defects,"Two-way, Not Divided",Dry,Clear,Two o'clock,Passenger Car,Functional,N,Making Left Turn,2015-01-10 21:57,34,38.97745165,-76.49925649,3,1,우회전 차선 사고,등속 주행 중 측면 추돌 사고
5763,N,Apparently Normal,No Misuse,Y,No Injury,86f8a4f5-a1e7-41f5-a4e5-53058752755a,D,AB54110009,Shoulder/Lap Belt(s),M,0374b510-7b83-4375-9ca8-a37535638637,Head On Left Turn,Y,Intersection,Right Turn Lane,Dark Lights On,No Defects,"Two-way, Divided, Positive Median Barrier",Dry,Clear,Four o'clock,Passenger Car,Disabling,N,Making Left Turn,2015-03-24 23:13,59,38.96721709,-76.51681423,3,1,우회전 차선 사고,등속 주행 중 측면 추돌 사고
5764,N,Apparently Normal,No Misuse,N,No Injury,723ab954-332d-45b4-817e-03cc4db5b612,D,AC0924001C,Shoulder/Lap Belt(s),M,4fae18bf-91e9-45b8-ae4c-bdeff227c742,Same Movement Angle,N,Non Intersection,Right Turn Lane,Dark Lights On,No Defects,"Two-way, Not Divided",Dry,Clear,Twelve o'clock,Passenger Car,Disabling,N,Moving Constant Speed,2015-03-29 1:42,26,39.15923296,-76.68379784,2,2,기타,기타
5765,N,Had Been Drinking,No Misuse,Y,No Injury,e8dcf0b1-a4f7-4ac2-a060-acf7776e446d,D,AC0924001C,Shoulder/Lap Belt(s),M,d99fe2db-ff3a-46b3-b2da-124749efcc99,Same Movement Angle,N,Non Intersection,Right Turn Lane,Dark Lights On,No Defects,"Two-way, Not Divided",Dry,Clear,Eleven o'clock,Passenger Car,Disabling,N,Moving Constant Speed,2015-03-29 1:42,30,39.15923296,-76.68379784,2,2,기타,기타
5766,N,Apparently Normal,No Misuse,Y,No Injury,9319ef29-fd26-4236-879a-06846b1bc9ce,D,AC0961000D,Shoulder/Lap Belt(s),M,d832f2b1-2382-45ee-b708-a1ea75f2d48d,Single Vehicle ,N,Non Intersection,Right Turn Lane,Dark Lights On,No Defects,"Two-way, Not Divided",Wet,Raining,Twelve o'clock,Passenger Car,Disabling,N,Moving Constant Speed,2015-01-24 4:52,21,38.99789759,-76.51973248,4,2,빗길사고,동일 방향 운행 중 추돌 사고
5767,N,Apparently Normal,No Misuse,N,No Injury,47e186ce-5350-4418-a205-03d2b6c4cb66,D,AC0985000M,Shoulder/Lap Belt(s),M,c1286204-a368-4860-bed9-8b23ed881ba7,Single Vehicle ,N,Intersection,Deceleration Lane,Daylight,No Defects,"Two-way, Not Divided",Wet,Cloudy,Two o'clock,Passenger Car,Disabling,N,Moving Constant Speed,2015-01-27 9:17,42,39.162545,-76.71199833,4,2,빗길사고,동일 방향 운행 중 추돌 사고
5768,Y,Apparently Normal,No Misuse,N,No Injury,7f20dfb6-7daf-4335-95b3-972018ab2156,D,AC0993000G,Shoulder/Lap Belt(s),M,e4f409e2-3eeb-4ae0-865d-153848d62c03,Single Vehicle ,N,Non Intersection,Left Turn Lane,Dark No Lights,No Defects,"Two-way, Divided, Positive Median Barrier",Dry,Clear,Two o'clock,Van,Superficial,N,Moving Constant Speed,2015-02-07 22:17,56,39.18979061,-76.55342102,1,0,좌회전 차선 사고,등속 주행 중 측면 추돌 사고