KEY_INDEX,CDL_FLAG,CONDITION_CODE,EQUIP_PROB_CODE,FAULT_FLAG,INJ_SEVER_CODE,PERSON_ID,PERSON_TYPE,REPORT_NO,SAF_EQUIP_CODE,SEX_CODE,VEHICLE_ID,COLLISION_TYPE_CODE,C_M_ZONE_FLAG,JUNCTION_CODE,LANE_CODE,LIGHT_CODE,RD_COND_CODE,RD_DIV_CODE,SURF_COND_CODE,WEATHER_CODE,AREA_DAMAGED_CODE_MAIN,BODY_TYPE_CODE,DAMAGE_CODE,HIT_AND_RUN_FLAG,MOVEMENT_CODE,TIME,AGE,LATITUDE,LONGITUDE,CLUSTER,SECOND_LABEL,FIRST_LABEL,SECOND_LABELING
5824,N,Apparently Normal,No Misuse,N,No Injury,db07e50b-0c68-4ab6-b09b-d3d59588279e,D,AC1668000H,Shoulder/Lap Belt(s),M,a9b2ee70-3462-409d-a403-235a008a8820,Same Direction Rear End,N,Non Intersection,Right Turn Lane,Dark - Unknown Lighting,No Defects,"Two-way, Not Divided",Dry,Clear,Six o'clock,Passenger Car,Functional,N,Slowing or Stopping,2015-01-09 17:30,21,39.14628937,-76.72642082,2,1,기타,등속 주행 사고
5825,N,Apparently Normal,No Misuse,N,No Injury,972f5e9c-eaba-4ba2-bc1e-846f15de23b0,D,AC1668000P,Shoulder/Lap Belt(s),M,de8f6aac-934b-472a-9724-f64d44dcd7bb,Same Direction Right Turn,N,Non Intersection,Left Turn Lane,Daylight,No Defects,"Two-way, Not Divided",Dry,Clear,Seven o'clock,Pickup Truck,Superficial,N,Moving Constant Speed,2015-02-27 15:06,61,39.14079548,-76.75675392,1,0,좌회전 차선 사고,등속 주행 중 측면 추돌 사고
5826,N,Apparently Normal,No Misuse,Y,No Injury,8654b68c-c287-4d4a-9e33-f0bd0bcb0a71,D,AC1669000B,Shoulder/Lap Belt(s),M,c148de6a-1bf7-47e9-b72d-57552128e357,Single Vehicle ,N,Non Intersection,Right Turn Lane,Dark No Lights,No Defects,"Two-way, Not Divided",Wet,Raining,Twelve o'clock,Passenger Car,Disabling,N,Moving Constant Speed,2015-03-14 1:56,37,38.93178833,-76.47432,4,2,빗길사고,동일 방향 운행 중 추돌 사고
5827,N,Apparently Normal,No Misuse,Y,No Injury,d50fc658-6944-48b7-b62c-ba1a5431eed5,D,AC1697000G,Shoulder/Lap Belt(s),M,b3369c07-56bc-4ae6-a5a0-309c9eeed14b,Single Vehicle ,N,Non Intersection,Right Turn Lane,Dark Lights On,No Defects,"Two-way, Not Divided",Snow,Snow,Underside,Passenger Car,Disabling,N,Skidding,2015-02-16 22:00,49,39.07762305,-76.6744562,0,2,눈길사고,미끌어짐에 의한 사고
5828,N,Apparently Normal,No Misuse,N,No Injury,6723de14-f74a-46b6-8762-15b9d22f4b06,D,AC1697000H,Shoulder/Lap Belt(s),M,9cadd213-2d85-41d8-bed5-8ba3a910d73d,Same Direction Sideswipe,N,Non Intersection,Left Turn Lane,Dark Lights On,No Defects,"Two-way, Divided, Positive Median Barrier",Slush,Snow,Seven o'clock,Passenger Car,Disabling,N,Moving Constant Speed,2015-02-16 20:08,54,39.07026493,-76.65326217,0,0,눈길사고,감속 중 사고
5829,N,Apparently Normal,No Misuse,Y,No Injury,6d2215f5-b1dd-4af9-861a-1556bb680a36,D,AC1701000W,Shoulder/Lap Belt(s),M,9f895de3-5a97-4a63-b90e-8c8914b46553,Single Vehicle ,N,Non Intersection,Left Turn Lane,Dark Lights On,No Defects,"Two-way, Not Divided",Snow,Snow,One o'clock,Police Vehicle/Non Emergency,Superficial,N,Moving Constant Speed,2015-02-14 21:26,24,39.1737732,-76.6342628,0,0,눈길사고,감속 중 사고
5830,N,Apparently Normal,No Misuse,Y,No Injury,20813c4b-3334-4629-9da2-693259d0ee0d,D,AC17360011,Shoulder/Lap Belt(s),M,f2c57ca7-0402-42c7-b505-0c8eed075ab0,Single Vehicle ,N,Intersection Related,Left Turn Lane,Daylight,No Defects,"Two-way, Divided, Unprotected (painted >4 feet) Median",Wet,Snow,Twelve o'clock,Passenger Car,Disabling,N,Making Right Turn,2015-03-20 10:38,23,39.02316288,-76.6925939,4,0,빗길사고,등속 주행 중 사고
5831,N,Apparently Normal,No Misuse,N,No Injury,eefe11e6-21d6-49e6-b70f-848ea32f7709,D,AC17480008,Shoulder/Lap Belt(s),M,e35bbe2f-7105-4a5e-a7f7-fb9c61e019d6,Head On Left Turn,N,Intersection Related,Right Turn Lane,Dawn,No Defects,"Two-way, Not Divided",Wet,Cloudy,Twelve o'clock,Pickup Truck,Disabling,N,Moving Constant Speed,2015-02-10 6:41,29,39.12224496,-76.54801369,4,2,빗길사고,동일 방향 운행 중 추돌 사고
5832,N,Apparently Normal,No Misuse,Y,No Injury,c0a00e95-061f-45b7-976e-a8d59b73bfeb,D,AC17480008,Shoulder/Lap Belt(s),M,2f43be3c-4911-4c0a-936c-56910718763b,Head On Left Turn,N,Intersection Related,Right Turn Lane,Dawn,No Defects,"Two-way, Not Divided",Wet,Cloudy,Twelve o'clock,Pickup Truck,Disabling,N,Making Left Turn,2015-02-10 6:41,51,39.12224496,-76.54801369,4,0,빗길사고,등속 주행 중 사고
5833,N,Apparently Normal,No Misuse,Y,No Injury,d72e0fec-a516-4181-9cb2-9f2b638b93f7,D,AC17790006,Shoulder/Lap Belt(s),M,0f4ae580-cca8-40b4-9e84-06cec3ed368b,Single Vehicle ,N,Non Intersection,Left Turn Lane,Dusk,No Defects,One-way Trafficway,Dry,Clear,Twelve o'clock,Passenger Car,Disabling,N,Moving Constant Speed,2015-03-07 6:26,30,39.20240892,-76.60070957,1,0,좌회전 차선 사고,등속 주행 중 측면 추돌 사고
5834,N,Apparently Normal,No Misuse,Y,No Injury,70c6d43b-ab5a-43b4-94d6-c7b528bf15b6,D,AC1786000N,Shoulder/Lap Belt(s),M,285528dc-367e-4ffc-b14d-62c5484c3c8c,Single Vehicle ,N,Non Intersection,Right Turn Lane,Dark No Lights,No Defects,"Two-way, Not Divided",Dry,Clear,Two o'clock,Fire Vehicle/Emergency,Superficial,N,Moving Constant Speed,2015-01-16 21:15,29,39.04595677,-76.57951891,2,2,기타,기타
5835,N,Apparently Normal,No Misuse,Y,Possible Incapacitating Injury,55a7e989-a11a-4399-99ff-8d12976ee87c,D,AC1800000F,Shoulder/Lap Belt(s),M,3b26d2cb-99ca-472e-a006-4448c5b2a878,Same Direction Rear End,N,Intersection Related,Right Turn Lane,Daylight,No Defects,"Two-way, Not Divided",Wet,Cloudy,Twelve o'clock,Passenger Car,Disabling,N,Slowing or Stopping,2015-01-14 9:06,32,38.82934452,-76.61566973,4,3,빗길사고,기타
5836,N,Apparently Normal,No Misuse,Y,No Injury,a82a0294-07c1-47c7-bc10-ac16fac24694,D,AC1807000H,Shoulder/Lap Belt(s),M,56b890b6-f71b-4588-ada7-37119f8291ba,Single Vehicle ,N,Intersection,Right Turn Lane,Daylight,No Defects,"Two-way, Divided, Positive Median Barrier",Dry,Clear,Twelve o'clock,Passenger Car,Superficial,Y,Accelerating,2015-01-17 10:56,23,39.17754918,-76.54264927,3,1,우회전 차선 사고,등속 주행 중 측면 추돌 사고
5837,N,Apparently Normal,No Misuse,N,No Injury,beee2a7b-4f4b-4437-8a35-a3b0ecbe8e0d,D,AC1816000R,Shoulder/Lap Belt(s),M,f109e455-de61-4b58-b651-ffe8263263bc,Opposite Direction Sideswipe,N,Intersection Related,Right Turn Lane,Dark Lights On,No Defects,"Two-way, Not Divided",Snow,Snow,Nine o'clock,"Cargo Van/Light Truck 2 axles (10,000 lbs (4,536 kg) or less)",Functional,N,Slowing or Stopping,2015-02-14 18:10,48,39.11780842,-76.62702084,0,1,눈길사고,등속 주행 사고
5838,N,Apparently Normal,No Misuse,Y,No Injury,661797cc-71fa-4ee1-9174-2fa304dfaeb9,D,AC1816000R,Shoulder/Lap Belt(s),M,05349ee3-2bac-4ed0-abfc-4ef059439fde,Opposite Direction Sideswipe,N,Intersection Related,Right Turn Lane,Dark Lights On,No Defects,"Two-way, Not Divided",Snow,Snow,Twelve o'clock,Passenger Car,Superficial,N,Moving Constant Speed,2015-02-14 18:10,18,39.11780842,-76.62702084,0,0,눈길사고,감속 중 사고
5839,N,Apparently Normal,No Misuse,Y,No Injury,1dcb85ec-012a-4da3-b2f9-98902db66cac,D,AC18580009,Shoulder/Lap Belt(s),M,98263861-de8d-49ae-a293-686e54b4e2f5,Single Vehicle ,N,Intersection,Right Turn Lane,Dark Lights On,No Defects,"Two-way, Not Divided",Dry,Clear,Twelve o'clock,Passenger Car,Superficial,N,Making Right Turn,2015-01-15 1:38,19,39.18182667,-76.629435,3,1,우회전 차선 사고,등속 주행 중 측면 추돌 사고
5840,N,Apparently Normal,No Misuse,Y,No Injury,cd474013-1c2a-44b2-8f9b-86f40c9b810d,D,AC1866000Z,Shoulder/Lap Belt(s),M,c6159190-ab15-4722-9070-80a6c46ed33f,Single Vehicle ,N,Non Intersection,Right Turn Lane,Daylight,No Defects,"Two-way, Not Divided",Snow,Cloudy,Twelve o'clock,Passenger Car,Disabling,N,Moving Constant Speed,2015-01-06 16:30,26,39.14054584,-76.46939278,0,0,눈길사고,감속 중 사고
5841,N,Apparently Normal,No Misuse,Y,No Injury,15313d64-3fa8-410c-8cea-c1298119a5b4,D,AC18660014,Shoulder/Lap Belt(s),M,12ce3a3c-83e1-4d54-8e3a-31226ef06160,Same Direction Rear End,N,Non Intersection,Left Turn Lane,Daylight,No Defects,"Two-way, Divided, Positive Median Barrier",Dry,Clear,Twelve o'clock,Passenger Car,Functional,N,Moving Constant Speed,2015-02-03 14:39,26,39.06932833,-76.53819667,1,0,좌회전 차선 사고,등속 주행 중 측면 추돌 사고
5842,N,Apparently Normal,No Misuse,N,No Injury,b698bdb0-1504-47e5-8d6f-2a04e8074a7e,D,AC18660014,Shoulder/Lap Belt(s),M,44af5541-d4ec-416b-9141-a20a904706c4,Same Direction Rear End,N,Non Intersection,Left Turn Lane,Daylight,No Defects,"Two-way, Divided, Positive Median Barrier",Dry,Clear,Six o'clock,Passenger Car,Functional,N,Slowing or Stopping,2015-02-03 14:39,52,39.06932833,-76.53819667,1,3,좌회전 차선 사고,감속 중 사고
5843,N,Apparently Normal,No Misuse,Y,No Injury,68d1b5e4-fe1e-450b-9e60-97d9a9b35c8a,D,AC18660019,Shoulder/Lap Belt(s),M,d4ba3c31-a69d-40d0-991c-8fd9c61f5d66,Head On,N,Intersection Related,Right Turn Lane,Daylight,No Defects,"Two-way, Not Divided",Dry,Clear,Twelve o'clock,Passenger Car,Functional,Y,Moving Constant Speed,2015-03-08 12:54,26,39.05428456,-76.50323153,3,2,우회전 차선 사고,기타
5844,N,Apparently Normal,No Misuse,Y,No Injury,368d9283-c13f-47c1-a42a-c6053237b049,D,AC1868001K,Shoulder/Lap Belt(s),M,f839b8c8-0fc4-40ae-93fb-295a13ebe575,Single Vehicle ,N,Non Intersection,Right Turn Lane,Daylight,No Defects,"Two-way, Divided, Unprotected (painted >4 feet) Median",Snow,Snow,Twelve o'clock,(Sport) Utility Vehicle,Disabling,N,Moving Constant Speed,2015-02-21 13:52,18,39.10561275,-76.47659183,0,0,눈길사고,감속 중 사고
5845,N,Apparently Normal,No Misuse,Y,No Injury,80af32c7-c101-452d-9d95-422d95366adf,D,AC1869000W,Shoulder/Lap Belt(s),M,52566d02-778e-4d9b-ad2a-5f062d4d3f34,Head On,N,Non Intersection,Right Turn Lane,Daylight,No Defects,"Two-way, Not Divided",Ice,Sleet,Twelve o'clock,Passenger Car,Disabling,N,Moving Constant Speed,2015-01-26 11:33,34,39.04581507,-76.72754483,0,0,눈길사고,감속 중 사고
5846,N,Apparently Normal,No Misuse,N,No Injury,52f95360-f4cc-4202-9d74-704f738c644d,D,AC18710009,Shoulder/Lap Belt(s),M,be91dba6-fd73-4765-bfca-d729b0c85fb3,Same Direction Sideswipe,N,Intersection,Left Turn Lane,Dark Lights On,No Defects,"Two-way, Divided, Positive Median Barrier",Dry,Clear,One o'clock,Passenger Car,Functional,N,Moving Constant Speed,2015-02-18 23:58,56,39.21805749,-76.6140604,1,0,좌회전 차선 사고,등속 주행 중 측면 추돌 사고
5847,N,Apparently Normal,No Misuse,Y,No Injury,7c6e79a2-1356-4b95-a50e-8def87b08457,D,AC1875000R,Shoulder/Lap Belt(s),M,999d37ee-788a-4a31-8e10-2245fa55cdcd,Single Vehicle ,N,Non Intersection,Right Turn Lane,Daylight,No Defects,"Two-way, Not Divided",Dry,Clear,Twelve o'clock,Passenger Car,Disabling,N,Moving Constant Speed,2015-01-01 9:47,22,39.11399652,-76.71487148,2,2,기타,기타
5848,N,Apparently Normal,No Misuse,Y,No Injury,22fe7f8a-21d9-43d3-b6c5-77cd341788b6,D,AC1876000J,Shoulder/Lap Belt(s),M,8b601efa-c7aa-4cdb-9c8e-280a566823a4,Single Vehicle ,N,Non Intersection,Right Turn Lane,Daylight,No Defects,"Two-way, Not Divided",Snow,Clear,Twelve o'clock,Passenger Car,Superficial,N,Moving Constant Speed,2015-02-16 16:27,17,38.9646311,-76.56232595,2,2,기타,기타
5849,N,Apparently Normal,No Misuse,Y,No Injury,6cc05919-2df7-4126-8181-ee3b53101241,D,AC1876000X,Shoulder/Lap Belt(s),M,321936d7-047c-466b-b50e-d519b30dcbfd,Single Vehicle ,N,Non Intersection,Left Turn Lane,Daylight,No Defects,"Two-way, Not Divided",Dry,Clear,Twelve o'clock,Passenger Car,Disabling,N,Moving Constant Speed,2015-02-26 15:00,35,38.98366507,-76.57284021,1,0,좌회전 차선 사고,등속 주행 중 측면 추돌 사고
5850,N,Apparently Normal,No Misuse,N,No Injury,20d035ef-0459-42e7-a512-b91d9ae82961,D,AC1879000M,Shoulder/Lap Belt(s),M,cbb7b198-2836-42ad-a25a-5e1ce076edc9,Opposite Direction Sideswipe,N,Intersection,Right Turn Lane,Daylight,No Defects,"Two-way, Divided, Positive Median Barrier",Dry,Clear,One o'clock,Passenger Car,Functional,N,Moving Constant Speed,2015-02-05 14:06,73,39.01151451,-76.48973465,3,2,우회전 차선 사고,기타
5851,N,Apparently Normal,No Misuse,Y,No Injury,5931878e-b165-42a0-b7b5-e42338141b6e,D,AC1879000M,Shoulder/Lap Belt(s),M,529246ca-0a57-4f7a-8a42-c5f2329c372b,Opposite Direction Sideswipe,N,Intersection,Right Turn Lane,Daylight,No Defects,"Two-way, Divided, Positive Median Barrier",Dry,Clear,Three o'clock,Passenger Car,Superficial,N,Changing Lanes,2015-02-05 14:06,73,39.01151451,-76.48973465,3,1,우회전 차선 사고,등속 주행 중 측면 추돌 사고
5852,N,Apparently Normal,No Misuse,N,No Injury,981c143f-fd81-4a5f-acf1-d37e1086c62c,D,AC18860019,Shoulder/Lap Belt(s),M,cf154776-e3c8-4534-a3c1-d6f1c042b3e7,Same Movement Angle,N,Intersection,Left Turn Lane,Dark No Lights,No Defects,"Two-way, Divided, Unprotected (painted >4 feet) Median",Dry,Clear,Four o'clock,Passenger Car,Disabling,N,Moving Constant Speed,2015-01-10 18:09,38,39.11494492,-76.5793848,1,0,좌회전 차선 사고,등속 주행 중 측면 추돌 사고
5853,N,Apparently Normal,No Misuse,Y,No Injury,77c61d75-2d66-4679-99fb-7a1bdf55be7e,D,AC1886001B,Shoulder/Lap Belt(s),M,7cde6b54-ba69-40f5-8ac6-908f16641c32,Single Vehicle ,N,Intersection Related,Right Turn Lane,Daylight,No Defects,"Two-way, Not Divided",Wet,Clear,Twelve o'clock,(Sport) Utility Vehicle,Functional,N,Making Left Turn,2015-01-23 7:52,18,39.14896648,-76.5692997,3,1,우회전 차선 사고,등속 주행 중 측면 추돌 사고
5854,N,Apparently Normal,No Misuse,Y,No Injury,6364fad2-22b0-4f58-9bf2-181b6a91d40a,D,AC1886001M,Shoulder/Lap Belt(s),M,b4ac69af-28e6-495b-980b-0c196f866ed2,Same Movement Angle,N,Non Intersection,Left Turn Lane,Daylight,No Defects,"Two-way, Divided, Unprotected (painted >4 feet) Median",Dry,Clear,Twelve o'clock,Passenger Car,Disabling,N,Making Left Turn,2015-02-28 8:09,25,39.10812698,-76.57359123,1,1,좌회전 차선 사고,등속 주행 사고
5855,N,Apparently Normal,No Misuse,Y,No Injury,35b778fd-1712-4673-ade7-96374d45dba3,D,AC18870007,Shoulder/Lap Belt(s),M,96fbbfc9-6fe7-49ad-9389-77ea3ad3f2e9,Single Vehicle ,N,Non Intersection,Right Turn Lane,Dawn,No Defects,"Two-way, Not Divided",Ice,Clear,One o'clock,Passenger Car,Disabling,N,Moving Constant Speed,2015-03-02 6:24,32,39.20021742,-76.63051844,2,2,기타,기타
5856,N,Apparently Normal,No Misuse,N,No Injury,78a6b566-eb83-4bfb-8318-1b1e1878aac6,D,AC18940010,Shoulder/Lap Belt(s),M,36a0e139-3ac5-4744-9b2a-bf44825920ab,Same Direction Rear End,N,Non Intersection,Right Turn Lane,Daylight,No Defects,One-way Trafficway,Snow,Snow,Ten o'clock,Passenger Car,Functional,N,Moving Constant Speed,2015-01-06 8:34,34,39.14941577,-76.70661807,0,3,눈길사고,자차 사고
5857,N,Apparently Normal,No Misuse,Y,No Injury,083586f4-bde2-4808-b046-0295364bbd19,D,AC1909000Z,Shoulder/Lap Belt(s),M,8acdab67-45b9-4c10-93f7-a300f2be4f50,Single Vehicle ,N,Non Intersection,Right Turn Lane,Daylight,No Defects,"Two-way, Not Divided",Ice,Clear,Twelve o'clock,Passenger Car,Disabling,N,Slowing or Stopping,2015-02-10 8:49,40,39.13293978,-76.58048987,2,1,기타,등속 주행 사고
5858,N,Apparently Normal,No Misuse,Y,No Injury,283ed480-a14a-4b5a-9b59-4557ddc0fef7,D,AC19090010,Shoulder/Lap Belt(s),M,1ec9d96c-8a6f-40d0-b109-70047c98bafe,Head On Left Turn,N,Non Intersection,Right Turn Lane,Daylight,No Defects,"Two-way, Divided, Unprotected (painted >4 feet) Median",Dry,Clear,Five o'clock,Passenger Car,Superficial,N,Making Left Turn,2015-02-28 13:42,76,39.13581919,-76.58565044,2,0,기타,자차 사고
5859,N,Apparently Normal,No Misuse,N,No Injury,79d10f6b-a691-4f05-bfbe-2fa112eb4408,D,AC1910000G,Shoulder/Lap Belt(s),M,d55b14cc-9899-4b81-a6b2-c5d07864543d,Same Direction Rear End,N,Intersection Related,Acceleration Lane,Dark Lights On,No Defects,"Two-way, Divided, Positive Median Barrier",Dry,Clear,Six o'clock,Passenger Car,Functional,N,Stopped in Traffic Lane,2015-02-07 6:12,31,39.12816216,-76.7358119,1,2,좌회전 차선 사고,기타
5860,N,Apparently Normal,No Misuse,N,No Injury,bc95083e-61d6-47c8-abb1-60706ce8e7fb,D,AC1911001L,Shoulder/Lap Belt(s),M,3b8d5ff9-a440-41ac-8f43-b715ba74ff7f,Same Direction Rear End,N,Intersection,Right Turn Lane,Daylight,No Defects,One-way Trafficway,Dry,Clear,Six o'clock,Passenger Car,Functional,N,Stopped in Traffic Lane,2015-01-28 12:02,45,38.98750962,-76.53548241,3,3,우회전 차선 사고,동일 방향 운행 중 추돌 사고
5861,N,Apparently Normal,No Misuse,Y,No Injury,9232f641-c839-431a-a984-b3e3ba99306b,D,AC1911001L,Shoulder/Lap Belt(s),M,419e5d6d-e0fb-4375-b868-2c365a150bc6,Same Direction Rear End,N,Intersection,Right Turn Lane,Daylight,No Defects,One-way Trafficway,Dry,Clear,Twelve o'clock,Passenger Car,Disabling,N,Slowing or Stopping,2015-01-28 12:02,58,38.98750962,-76.53548241,3,3,우회전 차선 사고,동일 방향 운행 중 추돌 사고
5862,N,Apparently Normal,No Misuse,Y,No Injury,dba83cbb-1bc7-4f26-958a-0f04eb188ab4,D,AC1922000G,Shoulder/Lap Belt(s),M,57af7755-0573-4b96-b19f-7fd94d451b4c,Same Direction Rear End,N,Commercial Driveway,Right Turn Lane,Dark Lights On,No Defects,"Two-way, Not Divided",Dry,Clear,Twelve o'clock,Pickup Truck,No Damage,Y,Moving Constant Speed,2015-02-21 0:07,23,39.12132105,-76.70802355,3,2,우회전 차선 사고,기타
5863,N,Apparently Normal,No Misuse,N,No Injury,c0375f1d-05b5-4709-a4ac-a6f70698fb40,D,AC1922000H,Shoulder/Lap Belt(s),M,323292a8-8098-4714-a65e-a5c55dbf420b,Same Direction Rear End,N,Non Intersection,Right Turn Lane,Dark Lights On,No Defects,"Two-way, Not Divided",Dry,Cloudy,Six o'clock,Pickup Truck,Disabling,N,Accelerating,2015-02-27 5:58,72,39.14457323,-76.76919937,2,0,기타,자차 사고
5864,N,Had Been Drinking,No Misuse,Y,No Injury,49fb54c4-e6f6-4dd5-a191-914f5d38602b,D,AC1922000H,Shoulder/Lap Belt(s),M,160497f9-4e7c-4421-a8d6-a32dce09f1dd,Same Direction Rear End,N,Non Intersection,Right Turn Lane,Dark Lights On,No Defects,"Two-way, Not Divided",Dry,Cloudy,Twelve o'clock,Passenger Car,Disabling,N,Moving Constant Speed,2015-02-27 5:58,30,39.14457323,-76.76919937,2,3,기타,등속 주행 중 측면 추돌 사고
5865,N,Apparently Normal,No Misuse,Y,No Injury,35ba8f68-34ec-4cfc-ba77-f52cea7a85c9,D,AC1925000J,Shoulder/Lap Belt(s),M,b93de251-202a-4d71-b588-987c3ebd3ad6,Single Vehicle ,N,Non Intersection,Right Turn Lane,Dark Lights On,No Defects,"Two-way, Not Divided",Snow,Snow,Three o'clock,Passenger Car,Functional,N,Moving Constant Speed,2015-02-15 4:49,20,39.13870315,-76.62816958,0,0,눈길사고,감속 중 사고
5866,N,Apparently Normal,No Misuse,N,No Injury,2d770754-2828-4b1a-94b2-cefc921ad8f8,D,AC1930001J,Shoulder/Lap Belt(s),M,cc73b223-b157-4316-9a16-1232eda6d390,Opposite Direction Sideswipe,N,Non Intersection,Right Turn Lane,Daylight,No Defects,"Two-way, Not Divided",Dry,Clear,Nine o'clock,Pickup Truck,Functional,N,Moving Constant Speed,2015-02-06 7:46,53,39.07884147,-76.68668389,2,2,기타,기타
5867,N,Apparently Normal,No Misuse,Y,No Injury,e1ba44f0-d14f-4eef-b803-74b03f16504c,D,AC1930001J,Shoulder/Lap Belt(s),M,9e6a9582-50bc-4059-be43-7fcfa26cbb61,Opposite Direction Sideswipe,N,Non Intersection,Right Turn Lane,Daylight,No Defects,"Two-way, Not Divided",Dry,Clear,Nine o'clock,Passenger Car,Disabling,N,Moving Constant Speed,2015-02-06 7:46,19,39.07884147,-76.68668389,2,2,기타,기타
5868,N,Apparently Normal,No Misuse,N,No Injury,58682520-3028-4bdb-9f7d-81833ee98159,D,AC1933000Y,Shoulder/Lap Belt(s),M,ac71f734-cd60-4175-99eb-5a0eac403b10,Single Vehicle ,N,Intersection Related,Right Turn Lane,Dark Lights On,No Defects,"Two-way, Not Divided",Dry,Clear,Twelve o'clock,Passenger Car,Functional,N,Moving Constant Speed,2015-02-04 17:35,55,39.2114241,-76.67830467,3,2,우회전 차선 사고,기타
5869,N,Apparently Normal,No Misuse,N,No Injury,7aaec510-05d1-4047-8011-ce6668c4ed75,D,AC1939000L,Shoulder/Lap Belt(s),M,a4a05812-d8a4-44d3-ae0d-eec4cf6ad91b,Head On Left Turn,N,Intersection,Right Turn Lane,Dark Lights On,No Defects,"Two-way, Divided, Positive Median Barrier",Dry,Clear,Twelve o'clock,Passenger Car,Disabling,N,Moving Constant Speed,2015-01-31 2:16,37,39.09505534,-76.62346959,3,2,우회전 차선 사고,기타
5870,N,Apparently Normal,No Misuse,Y,No Injury,e5abc5e3-2712-4f58-9abd-11c6014feba3,D,AC19500017,Shoulder/Lap Belt(s),M,2a38ef35-1e8b-4f14-ad0a-b2af4fde4bf9,Single Vehicle ,N,Non Intersection,Right Turn Lane,Dark Lights On,No Defects,"Two-way, Divided, Unprotected (painted >4 feet) Median",Wet,Raining,Twelve o'clock,Passenger Car,Disabling,N,Moving Constant Speed,2015-03-01 21:02,37,39.05086167,-76.69378,4,2,빗길사고,동일 방향 운행 중 추돌 사고
5871,N,Apparently Normal,No Misuse,N,No Injury,6a4778a9-2a8b-4240-9f73-44e817d6d9f4,D,AC1954000P,Shoulder/Lap Belt(s),M,20de10a2-c7f3-4f52-b2df-6862e2c34b98,Single Vehicle ,N,Intersection,Right Turn Lane,Dark Lights On,No Defects,"Two-way, Not Divided",Ice,Clear,Twelve o'clock,(Sport) Utility Vehicle,Disabling,N,Making Left Turn,2015-02-25 5:21,50,39.11769305,-76.63410727,3,1,우회전 차선 사고,등속 주행 중 측면 추돌 사고
5872,N,Apparently Normal,No Misuse,N,No Injury,c9ed4363-be2a-4d45-96ba-6b0285d18473,D,AC19620010,Shoulder/Lap Belt(s),M,96a0e811-bc94-416d-9fc9-df4c11804194,Same Direction Left Turn,N,Intersection Related,Right Turn Lane,Daylight,No Defects,"Two-way, Not Divided",Snow,Snow,Eleven o'clock,Passenger Car,Functional,N,Making Left Turn,2015-01-06 7:35,49,39.22204719,-76.62820101,0,2,눈길사고,미끌어짐에 의한 사고
5873,N,Apparently Normal,No Misuse,N,No Injury,0ec6bb40-4c2e-41c9-b9ee-65e3bf89153f,D,AC1968001G,Shoulder/Lap Belt(s),M,0a7f4e9b-55f6-44f0-bcf0-a53f0f4dd712,Single Vehicle ,N,Non Intersection,Left Turn Lane,Dark No Lights,No Defects,"Two-way, Not Divided",Dry,Severe Winds,Twelve o'clock,(Sport) Utility Vehicle,Disabling,N,Moving Constant Speed,2015-01-05 6:15,40,39.08861854,-76.56794786,1,0,좌회전 차선 사고,등속 주행 중 측면 추돌 사고
5874,N,Apparently Normal,No Misuse,Y,No Injury,cc9e6681-93da-4fd9-b4cb-41a00b54f35a,D,AC1968001K,Shoulder/Lap Belt(s),M,27566929-5124-4942-a61f-722b6b26a3da,Single Vehicle ,N,Interchange Related,Right Turn Lane,Dark No Lights,No Defects,One-way Trafficway,Ice,Wintry Mix,Eleven o'clock,Passenger Car,Disabling,N,Moving Constant Speed,2015-02-10 5:40,25,39.01401317,-76.48929932,0,0,눈길사고,감속 중 사고
5875,N,Apparently Normal,No Misuse,Y,No Injury,9f25be86-7fc8-479f-9ba1-45dcae8fcc1a,D,AC1982000J,Shoulder/Lap Belt(s),M,a7033b44-74b0-46df-98e2-a23a1c2996c5,Single Vehicle ,N,Non Intersection,Right Turn Lane,Dark No Lights,No Defects,"Two-way, Not Divided",Dry,Clear,Twelve o'clock,(Sport) Utility Vehicle,Disabling,N,Moving Constant Speed,2015-03-25 0:42,35,39.1400632,-76.71237946,2,2,기타,기타
5876,N,Apparently Normal,No Misuse,N,No Injury,e8356625-f496-4a76-a1bb-3435bb1bdbbc,D,AC1985000J,Shoulder/Lap Belt(s),M,9aa48cd0-846a-46df-b0d1-22e3f9b85dd9,Same Direction Rear End,N,Intersection,Acceleration Lane,Dark Lights On,No Defects,"Two-way, Divided, Unprotected (painted >4 feet) Median",Wet,Raining,Six o'clock,Passenger Car,Superficial,N,Stopped in Traffic Lane,2015-03-04 18:20,36,39.14212687,-76.72838688,4,3,빗길사고,기타
5877,N,Apparently Normal,No Misuse,N,No Injury,841ff452-c64d-40e3-a504-a6f844e95c5a,D,AC1985000L,Shoulder/Lap Belt(s),M,034a737a-cac6-40e8-ac6a-eaa3eb8678af,Same Direction Rear End,N,Non Intersection,Deceleration Lane,Daylight,No Defects,"Two-way, Divided, Unprotected (painted >4 feet) Median",Dry,Clear,Six o'clock,Passenger Car,Superficial,N,Stopped in Traffic Lane,2015-03-23 18:20,42,39.08920145,-76.70287371,1,2,좌회전 차선 사고,기타
5878,N,Apparently Normal,No Misuse,N,No Injury,29ca0b95-867b-42f1-92b8-ff11e854fa82,D,AC1985000L,Shoulder/Lap Belt(s),M,90730587-802e-43e8-af7e-a80bd0b96d80,Same Direction Rear End,N,Non Intersection,Deceleration Lane,Daylight,No Defects,"Two-way, Divided, Unprotected (painted >4 feet) Median",Dry,Clear,Six o'clock,Passenger Car,Destroyed,N,Stopped in Traffic Lane,2015-03-23 18:20,38,39.08920145,-76.70287371,1,2,좌회전 차선 사고,기타