KEY_INDEX,CDL_FLAG,CONDITION_CODE,EQUIP_PROB_CODE,FAULT_FLAG,INJ_SEVER_CODE,PERSON_ID,PERSON_TYPE,REPORT_NO,SAF_EQUIP_CODE,SEX_CODE,VEHICLE_ID,COLLISION_TYPE_CODE,C_M_ZONE_FLAG,JUNCTION_CODE,LANE_CODE,LIGHT_CODE,RD_COND_CODE,RD_DIV_CODE,SURF_COND_CODE,WEATHER_CODE,AREA_DAMAGED_CODE_MAIN,BODY_TYPE_CODE,DAMAGE_CODE,HIT_AND_RUN_FLAG,MOVEMENT_CODE,TIME,AGE,LATITUDE,LONGITUDE,CLUSTER,SECOND_LABEL,FIRST_LABEL,SECOND_LABELING
5933,N,Apparently Normal,No Misuse,Y,No Injury,0a9e3fe6-c351-4b23-aa35-5926497163ba,D,ADF7840022,Shoulder/Lap Belt(s),M,abaa1bb7-9bec-4183-9a93-27ee1740f8c0,Same Direction Rear End,N,Intersection Related,Right Turn Lane,Dark Lights On,No Defects,"Two-way, Not Divided",Dry,Clear,Twelve o'clock,Passenger Car,No Damage,N,Slowing or Stopping,2015-03-18 22:00,57,39.29160617,-76.56749591,3,3,우회전 차선 사고,동일 방향 운행 중 추돌 사고
5934,N,Apparently Normal,No Misuse,Y,No Injury,7a76718f-d0c6-4228-9438-5c2b56b65e52,D,ADF796001G,Shoulder/Lap Belt(s),M,fbd97215-aed4-4d22-a41d-bd2797f225c9,Same Direction Rear End,N,Non Intersection,Left Turn Lane,Dark Lights On,No Defects,"Two-way, Divided, Positive Median Barrier",Dry,Cloudy,Six o'clock,Passenger Car,Superficial,N,Backing,2015-02-07 19:05,38,39.31101283,-76.61991164,1,3,좌회전 차선 사고,감속 중 사고
5935,N,Apparently Normal,No Misuse,Y,No Injury,11730de2-6ed1-471a-8cac-768d373e70a8,D,ADF796001J,Shoulder/Lap Belt(s),M,fed75b11-4fa0-4547-8b72-9865d77953e3,Single Vehicle ,N,Non Intersection,Right Turn Lane,Daylight,No Defects,One-way Trafficway,Dry,Clear,Six o'clock,Police Vehicle/Non Emergency,Superficial,N,Backing,2015-03-10 14:10,28,39.28985403,-76.60775587,2,0,기타,자차 사고
5936,N,Apparently Normal,No Misuse,Y,No Injury,75d7efdb-6e45-4d9b-94ab-0d518273acb9,D,ADF796001K,Shoulder/Lap Belt(s),M,ae088de6-6dac-46ce-a23c-207109c38caf,Same Movement Angle,N,Intersection,Right Turn Lane,Daylight,No Defects,"Two-way, Not Divided",Dry,Clear,Ten o'clock,Passenger Car,Functional,N,Accelerating,2015-03-19 18:25,35,39.29066362,-76.64392143,3,0,우회전 차선 사고,기타
5937,N,Apparently Normal,No Misuse,Y,No Injury,0998213f-cf3d-45d9-95b7-51263b75daae,D,ADF796001L,Shoulder/Lap Belt(s),M,393383f1-b935-4ad3-81bc-e9c2dea16097,Same Direction Rear End,N,Non Intersection,Right Turn Lane,Daylight,No Defects,"Two-way, Divided, Unprotected (painted >4 feet) Median",Dry,Clear,Six o'clock,Passenger Car,Disabling,N,Making U Turn,2015-03-30 16:30,45,39.32064222,-76.57485053,2,0,기타,자차 사고
5938,N,Apparently Normal,No Misuse,N,No Injury,3222b643-6552-4a7e-aea4-cc258424de33,D,ADF8040006,Shoulder/Lap Belt(s),M,6ace2489-a2d2-41ab-b537-a097333362f4,Same Movement Angle,N,Intersection,Left Turn Lane,Daylight,No Defects,One-way Trafficway,Dry,Clear,Twelve o'clock,Passenger Car,Disabling,N,Moving Constant Speed,2015-02-03 10:41,35,39.29754275,-76.64747,1,0,좌회전 차선 사고,등속 주행 중 측면 추돌 사고
5939,N,Apparently Normal,No Misuse,Y,Possible Incapacitating Injury,714b5588-5ebc-4cc7-8152-b442ce00e025,D,ADF8040006,Shoulder/Lap Belt(s),M,4ffe1945-812a-4d09-aa98-7ff9112da7b4,Same Movement Angle,N,Intersection,Left Turn Lane,Daylight,No Defects,One-way Trafficway,Dry,Clear,Eight o'clock,Passenger Car,Disabling,N,Moving Constant Speed,2015-02-03 10:41,46,39.29754275,-76.64747,1,0,좌회전 차선 사고,등속 주행 중 측면 추돌 사고
5940,N,Apparently Normal,No Misuse,N,No Injury,37a8faae-299b-4ae7-b40e-339226efe05c,D,ADF8040008,Shoulder/Lap Belt(s),M,f4698b00-cf50-4158-96ba-0ea67adde39a,Same Movement Angle,N,Intersection Related,Right Turn Lane,Dark Lights On,No Defects,"Two-way, Not Divided",Wet,Cloudy,Twelve o'clock,Passenger Car,Disabling,N,Moving Constant Speed,2015-02-15 18:50,29,39.31200455,-76.63862944,4,1,빗길사고,자차 사고
5941,N,Had Been Drinking,No Misuse,Y,No Injury,4220fd3c-a9fe-4e7f-97cb-45a70d683cb6,D,ADF8040008,Shoulder/Lap Belt(s),M,ca01cc3c-21f6-42b4-a4e3-aa9d7f80f465,Same Movement Angle,N,Intersection Related,Right Turn Lane,Dark Lights On,No Defects,"Two-way, Not Divided",Wet,Cloudy,Three o'clock,(Sport) Utility Vehicle,Disabling,N,Accelerating,2015-02-15 18:50,48,39.31200455,-76.63862944,4,1,빗길사고,자차 사고
5942,N,Apparently Normal,No Misuse,N,No Injury,be2e18cc-0f2f-4a82-aa9d-e32ae752cc91,D,ADF804000C,Shoulder/Lap Belt(s),M,06b4da3a-d660-4043-b54b-6aae78aad0b2,Same Movement Angle,N,Intersection,Right Turn Lane,Dark Lights On,No Defects,"Two-way, Divided, Positive Median Barrier",Dry,Clear,Twelve o'clock,Passenger Car,Disabling,N,Moving Constant Speed,2015-02-27 22:25,29,39.30975598,-76.64989874,3,0,우회전 차선 사고,기타
5943,N,Apparently Normal,No Misuse,Y,No Injury,f6098143-0978-4edd-a4f2-a91d80f0647a,D,ADF8190009,Shoulder/Lap Belt(s),M,11b18fb3-fe7d-47af-8c65-e136992a8b57,Same Direction Left Turn,N,Non Intersection,Right Turn Lane,Daylight,No Defects,One-way Trafficway,Dry,Clear,Twelve o'clock,(Sport) Utility Vehicle,Superficial,N,Starting From Lane,2015-01-14 8:55,85,39.28597613,-76.62206411,2,0,기타,자차 사고
5944,N,Apparently Normal,No Misuse,N,Possible Incapacitating Injury,4264fd2b-09f5-4f7a-a0dc-ae37c8b5081d,D,ADF8190009,MC/Bike Helmet and Eye Protection,M,afb11f7b-749f-4a07-81a8-5aca25ab9989,Same Direction Left Turn,N,Non Intersection,Right Turn Lane,Daylight,No Defects,One-way Trafficway,Dry,Clear,Ten o'clock,Police Vehicle/Emergency,Superficial,N,Slowing or Stopping,2015-01-14 8:55,46,39.28597613,-76.62206411,2,1,기타,등속 주행 사고
5945,N,Apparently Normal,No Misuse,N,No Injury,d44339ac-e4b7-4fdb-82cd-0274c1981e71,D,ADF819000G,Shoulder/Lap Belt(s),M,b7fd629c-6154-4b1c-b96c-3dd568496bc7,Same Direction Rear End,N,Intersection Related,Left Turn Lane,Daylight,No Defects,One-way Trafficway,Wet,Clear,Six o'clock,Police Vehicle/Non Emergency,Superficial,N,Stopped in Traffic Lane,2015-02-22 15:31,25,39.32322657,-76.6167748,1,2,좌회전 차선 사고,기타
5946,N,Apparently Normal,No Misuse,Y,No Injury,679d4db9-7c43-4f86-8564-f8cfb6a41e2e,D,ADF819000G,Shoulder/Lap Belt(s),M,30ee767b-8c8d-4b84-9a83-f9b7fc506685,Same Direction Rear End,N,Intersection Related,Left Turn Lane,Daylight,No Defects,One-way Trafficway,Wet,Clear,Twelve o'clock,Passenger Car,Superficial,N,Slowing or Stopping,2015-02-22 15:31,29,39.32322657,-76.6167748,1,3,좌회전 차선 사고,감속 중 사고
5947,N,Apparently Normal,No Misuse,N,No Injury,4b2f1386-28ba-461e-969e-12c775e44890,D,ADF8600001,Shoulder/Lap Belt(s),M,c10b078e-f0c3-44f0-81ec-63da602ff9a6,Same Movement Angle,N,Intersection,Right Turn Lane,Dark Lights On,No Defects,"Two-way, Not Divided",Dry,Clear,Two o'clock,Van,Functional,N,Moving Constant Speed,2015-02-08 1:05,39,39.29075496,-76.6410917,3,0,우회전 차선 사고,기타
5948,N,Apparently Normal,No Misuse,N,No Injury,f239d91d-3d4f-4a39-a124-a0339f2a2175,D,ADF9440004,Shoulder/Lap Belt(s),M,dc5b2ce3-2ab0-43ba-a8e5-9038605554d1,Same Movement Angle,N,Intersection,Left Turn Lane,Dawn,No Defects,"Two-way, Not Divided",Dry,Clear,Four o'clock,Passenger Car,Disabling,N,Moving Constant Speed,2015-03-17 6:15,59,39.29058993,-76.608987,1,0,좌회전 차선 사고,등속 주행 중 측면 추돌 사고
5949,N,Apparently Normal,No Misuse,Y,No Injury,edf86dd9-581d-4da7-80f0-ae0130bc7883,D,ADF955000Y,Shoulder/Lap Belt(s),M,ad8a02d6-7c5b-4dfd-821d-55cbae4ab9a1,Same Direction Rear End,N,Non Intersection,Left Turn Lane,Dark Lights On,No Defects,"Two-way, Not Divided",Wet,Clear,Twelve o'clock,Passenger Car,No Damage,N,Slowing or Stopping,2015-01-29 18:00,59,39.29421328,-76.67140603,4,3,빗길사고,기타
5950,N,Apparently Normal,No Misuse,N,Non-incapacitating Injury,d806dab1-4182-462c-a1ed-efc28c800b43,D,ADF955000Y,Shoulder/Lap Belt(s),M,3c69c063-10ce-4fd7-89b0-d8a7fd3ba2a2,Same Direction Rear End,N,Non Intersection,Left Turn Lane,Dark Lights On,No Defects,"Two-way, Not Divided",Wet,Clear,Six o'clock,Police Vehicle/Non Emergency,No Damage,N,Stopped in Traffic Lane,2015-01-29 18:00,26,39.29421328,-76.67140603,4,3,빗길사고,기타
5951,N,Apparently Normal,No Misuse,N,No Injury,1377ddac-bc43-4659-acf4-400fbc7420f4,D,ADF955000Z,Shoulder/Lap Belt(s),M,0bcd4d62-e0cb-4894-b867-a2cf537ce0ce,Same Direction Rear End,N,Non Intersection,Right Turn Lane,Dusk,No Defects,One-way Trafficway,Dry,Clear,Six o'clock,Passenger Car,Superficial,N,Slowing or Stopping,2015-02-06 17:50,25,39.28656572,-76.64678335,2,1,기타,등속 주행 사고
5952,Y,Apparently Normal,No Misuse,Y,No Injury,66e85cb7-4482-4256-8f9e-f4c376df7a55,D,ADF955000Z,Shoulder/Lap Belt(s),M,4b027d6d-d44f-4f57-a979-d2d7ca01bb14,Same Direction Rear End,N,Non Intersection,Right Turn Lane,Dusk,No Defects,One-way Trafficway,Dry,Clear,Twelve o'clock,Police Vehicle/Non Emergency,Superficial,N,Slowing or Stopping,2015-02-06 17:50,45,39.28656572,-76.64678335,2,1,기타,등속 주행 사고
5953,N,Apparently Normal,No Misuse,N,No Injury,b5af9888-bcdd-4696-97d3-25c9320ad601,D,ADF9550010,Shoulder/Lap Belt(s),M,33bd8c74-0388-4bb1-bcce-bebb3b529ee8,Same Direction Rear End,N,Non Intersection,Right Turn Lane,Daylight,No Defects,One-way Trafficway,Dry,Clear,Six o'clock,Pickup Truck,No Damage,N,Stopped in Traffic Lane,2015-02-24 11:48,66,39.30012484,-76.57605886,2,0,기타,자차 사고
5954,N,Apparently Normal,No Misuse,Y,No Injury,77320b73-fd82-4dbc-8fd7-a27397638f3c,D,ADF9550010,Shoulder/Lap Belt(s),M,0641d603-f34d-4a4e-9082-7428c7b0113d,Same Direction Rear End,N,Non Intersection,Right Turn Lane,Daylight,No Defects,One-way Trafficway,Dry,Clear,Twelve o'clock,Police Vehicle/Non Emergency,Superficial,N,Starting From Lane,2015-02-24 11:48,29,39.30012484,-76.57605886,2,0,기타,자차 사고
5955,N,Apparently Normal,No Misuse,Y,No Injury,fd4c09d5-d1d3-4635-83cb-0a476d1bc06e,D,ADF990000B,Shoulder/Lap Belt(s),M,1c0203ca-501a-409f-bbc0-f02550d213cc,Same Direction Sideswipe,N,Non Intersection,Right Turn Lane,Dark Lights On,No Defects,One-way Trafficway,Snow,Clear,Five o'clock,Fire Vehicle/Emergency,No Damage,N,Passing,2015-03-08 20:15,62,39.32530975,-76.70107126,2,0,기타,자차 사고
5956,N,Apparently Normal,No Misuse,N,No Injury,313914f3-ba67-486c-8ec1-a2b5e09479f3,D,ADG1450001,Shoulder/Lap Belt(s),M,2e52382b-f823-40b1-88f2-be6e8d9f05d6,Same Direction Rear End,N,Intersection,Right Turn Lane,Daylight,No Defects,"Two-way, Not Divided",Dry,Cloudy,Six o'clock,(Sport) Utility Vehicle,Functional,N,Slowing or Stopping,2015-01-21 7:30,28,39.28602181,-76.58144474,3,3,우회전 차선 사고,동일 방향 운행 중 추돌 사고
5957,N,Apparently Normal,No Misuse,Y,No Injury,1c473b46-bdd0-4eed-9552-a07ea4117bcb,D,ADG1450001,Shoulder/Lap Belt(s),M,861a500a-e094-40fe-bd7a-9854e05d7c52,Same Direction Rear End,N,Intersection,Right Turn Lane,Daylight,No Defects,"Two-way, Not Divided",Dry,Cloudy,Twelve o'clock,(Sport) Utility Vehicle,Disabling,N,Moving Constant Speed,2015-01-21 7:30,27,39.28602181,-76.58144474,3,2,우회전 차선 사고,기타
5958,N,Apparently Normal,No Misuse,N,No Injury,7cae4349-591e-4b1b-b6a4-624f8370c9db,D,ADG2440001,Shoulder/Lap Belt(s),M,aabb1e2b-73d5-463a-9664-9414fa26b84e,Head On Left Turn,N,Intersection,Left Turn Lane,Daylight,No Defects,"Two-way, Not Divided",Dry,Clear,Eleven o'clock,Passenger Car,Superficial,N,Moving Constant Speed,2015-01-27 11:40,55,39.28159145,-76.64821029,1,0,좌회전 차선 사고,등속 주행 중 측면 추돌 사고
5959,N,Apparently Normal,No Misuse,Y,No Injury,9f520620-3b81-4b5c-95cf-2729f6578aab,D,ADG2440001,Shoulder Belt Only,M,2ca8fe72-af45-4590-9d8a-274424e5326f,Head On Left Turn,N,Intersection,Left Turn Lane,Daylight,No Defects,"Two-way, Not Divided",Dry,Clear,One o'clock,(Sport) Utility Vehicle,Superficial,N,Moving Constant Speed,2015-01-27 11:40,41,39.28159145,-76.64821029,1,0,좌회전 차선 사고,등속 주행 중 측면 추돌 사고
5960,N,Apparently Normal,No Misuse,N,No Injury,ee3926b0-e564-4187-b554-038f6168800a,D,ADG3300003,Shoulder/Lap Belt(s),M,1d16475d-1180-4dc0-b87e-56295470811b,Same Direction Rear End,N,Non Intersection,Right Turn Lane,Dark Lights On,No Defects,"Two-way, Divided, Positive Median Barrier",Dry,Clear,Six o'clock,Passenger Car,Functional,N,Slowing or Stopping,2015-03-20 1:30,32,39.3245711,-76.67311192,2,1,기타,등속 주행 사고
5961,N,Apparently Normal,No Misuse,Y,No Injury,60396008-b1fc-4d60-813f-13edf1de4377,D,ADG3680001,Shoulder/Lap Belt(s),M,754029be-504e-4ac9-b310-fa5ab53f19a8,Single Vehicle ,N,Non Intersection,Left Turn Lane,Dark Lights On,No Defects,One-way Trafficway,Wet,Raining,Twelve o'clock,Van,Disabling,N,Moving Constant Speed,2015-01-04 3:04,62,39.35157243,-76.70463324,4,2,빗길사고,동일 방향 운행 중 추돌 사고
5962,N,Apparently Normal,No Misuse,N,No Injury,e415afaa-4d4d-47ee-9ef0-6ea7689357f1,D,ADG4380003,Shoulder/Lap Belt(s),M,59ae7069-91b9-492e-9163-dccfbff387bc,Head On,N,Intersection,Right Turn Lane,Dark Lights On,No Defects,"Two-way, Divided, Unprotected (painted >4 feet) Median",Dry,Clear,Twelve o'clock,Passenger Car,Disabling,N,Moving Constant Speed,2015-02-13 18:57,45,39.33186286,-76.69708148,3,2,우회전 차선 사고,기타
5963,N,Apparently Normal,No Misuse,N,No Injury,3253f4ce-fb90-4f07-8f10-d14c1b0568c4,D,ADG445000K,Shoulder/Lap Belt(s),M,d0bc240d-5194-4c5b-8d41-163be11478fa,Same Movement Angle,N,Intersection,Right Turn Lane,Daylight,No Defects,"Two-way, Divided, Positive Median Barrier",Snow,Snow,Twelve o'clock,Passenger Car,Superficial,N,Moving Constant Speed,2015-02-21 11:50,37,39.30315571,-76.64595723,0,0,눈길사고,감속 중 사고
5964,N,Apparently Normal,No Misuse,Y,No Injury,1a7c5c81-9a23-4780-afaf-ff4b0293beb3,D,ADG445000K,Shoulder/Lap Belt(s),M,cccbf0ed-f588-45fa-a9be-95740f413018,Same Movement Angle,N,Intersection,Right Turn Lane,Daylight,No Defects,"Two-way, Divided, Positive Median Barrier",Snow,Snow,Four o'clock,Police Vehicle/Emergency,Superficial,N,Accelerating,2015-02-21 11:50,27,39.30315571,-76.64595723,0,2,눈길사고,미끌어짐에 의한 사고
5965,N,Apparently Normal,No Misuse,Y,No Injury,fc6fd8e4-5894-4c91-b1a6-1a7a422f7a80,D,ADG445000N,Shoulder/Lap Belt(s),M,707ece17-1f37-4e71-bfa6-db50e2419afc,Same Direction Sideswipe,N,Non Intersection,Left Turn Lane,Dark Lights On,No Defects,"Two-way, Not Divided",Dry,Clear,One o'clock,Station Wagon,Functional,N,Moving Constant Speed,2015-03-21 3:50,30,39.31817605,-76.60193682,1,0,좌회전 차선 사고,등속 주행 중 측면 추돌 사고
5966,N,Apparently Normal,No Misuse,N,No Injury,782146b6-8e66-4960-a07c-93d0c9986ac8,D,ADG4930007,Shoulder/Lap Belt(s),M,f0127798-4de7-4d39-a250-147593069940,Same Movement Angle,N,Intersection,Right Turn Lane,Daylight,No Defects,"Two-way, Divided, Unprotected (painted >4 feet) Median",Dry,Clear,Twelve o'clock,Passenger Car,Functional,N,Moving Constant Speed,2015-02-03 12:30,44,39.30369892,-76.58258468,3,0,우회전 차선 사고,기타
5967,N,Apparently Normal,No Misuse,Y,No Injury,7ec5d09e-f0bd-417f-8b79-e3e48ea7b1a0,D,ADG7230003,Shoulder/Lap Belt(s),M,380e2dab-8352-4ff9-826a-001f5c245003,Same Direction Rear End,N,Non Intersection,Right Turn Lane,Dark Lights On,No Defects,"Two-way, Not Divided",Wet,Sleet,One o'clock,Passenger Car,Functional,N,Moving Constant Speed,2015-02-10 0:20,18,39.28269595,-76.63278222,4,2,빗길사고,동일 방향 운행 중 추돌 사고
5968,N,Apparently Normal,No Misuse,N,No Injury,7936d5dd-6845-414d-b771-00721bddea1d,D,ADG7640001,Shoulder/Lap Belt(s),M,1834c6aa-ca58-4c62-8562-be1c285578ae,Same Direction Rear End,N,Intersection Related,Acceleration Lane,Dark Lights On,No Defects,"Two-way, Divided, Positive Median Barrier",Dry,Clear,Six o'clock,Passenger Car,Functional,N,Stopped in Traffic Lane,2015-02-28 2:05,33,39.35490435,-76.66247562,1,2,좌회전 차선 사고,기타
5969,N,Apparently Normal,No Misuse,N,No Injury,01c362b0-0c89-449a-88da-ffdafe93abef,D,ADG7910005,Shoulder/Lap Belt(s),M,c7e87856-1fca-4bcc-85f3-4ae754bbfc38,Single Vehicle ,N,Non Intersection,Acceleration Lane,Daylight,No Defects,"Two-way, Divided, Positive Median Barrier",Dry,Clear,Twelve o'clock,Pickup Truck,No Damage,N,Slowing or Stopping,2015-03-31 15:10,68,39.29485262,-76.59994125,1,3,좌회전 차선 사고,감속 중 사고
5970,N,Apparently Normal,No Misuse,N,No Injury,81199790-4ff0-4517-8e0a-21549208c007,D,ADG8830006,Shoulder/Lap Belt(s),M,c1f52d6e-a040-4875-ba15-5dd7b426ff8d,Same Movement Angle,N,Intersection,Right Turn Lane,Daylight,No Defects,One-way Trafficway,Dry,Clear,Twelve o'clock,"Other Light Trucks (10,000 lbs (4,536 kg))",Superficial,N,Moving Constant Speed,2015-03-19 9:30,42,39.29800354,-76.60401821,3,0,우회전 차선 사고,기타
5971,N,Apparently Normal,No Misuse,Y,No Injury,5569b44d-bd08-43fd-bf18-821bc6e7a63d,D,ADG8830006,Shoulder/Lap Belt(s),M,0a8e1e85-6844-4516-a15d-e2fbc5ee53f7,Same Movement Angle,N,Intersection,Right Turn Lane,Daylight,No Defects,One-way Trafficway,Dry,Clear,Eight o'clock,Passenger Car,Functional,N,Moving Constant Speed,2015-03-19 9:30,73,39.29800354,-76.60401821,3,0,우회전 차선 사고,기타
5972,N,Apparently Normal,No Misuse,Y,No Injury,fe535bba-5a06-4366-93bb-371eab8bedee,D,ADG9000001,Shoulder/Lap Belt(s),M,bc39cd98-00f1-4167-bf28-b9f199c4162a,Same Movement Angle,N,Intersection,Right Turn Lane,Daylight,No Defects,"Two-way, Divided, Unprotected (painted >4 feet) Median",Dry,Clear,Twelve o'clock,(Sport) Utility Vehicle,Functional,Y,Starting From Lane,2015-01-28 16:08,22,39.29432123,-76.5834403,3,0,우회전 차선 사고,기타
5973,N,Apparently Normal,No Misuse,N,Non-incapacitating Injury,a98bb24b-6c2c-4c91-844e-f2876d1304cf,D,ADG9000001,Shoulder/Lap Belt(s),M,f0884d4e-2984-4015-bf9a-fd0888cddc33,Same Movement Angle,N,Intersection,Right Turn Lane,Daylight,No Defects,"Two-way, Divided, Unprotected (painted >4 feet) Median",Dry,Clear,Ten o'clock,(Sport) Utility Vehicle,Disabling,N,Moving Constant Speed,2015-01-28 16:08,28,39.29432123,-76.5834403,3,0,우회전 차선 사고,기타
5974,N,Apparently Normal,No Misuse,N,No Injury,87519afa-013c-436f-a722-61b788b3cd9f,D,ADG9310001,Shoulder/Lap Belt(s),M,8ff99184-27ac-4449-b7a8-26cc0ab40b6a,Same Direction Sideswipe,N,Non Intersection,Right Turn Lane,Dark Lights On,No Defects,"Two-way, Divided, Unprotected (painted >4 feet) Median",Slush,Wintry Mix,Three o'clock,Passenger Car,Superficial,Y,Moving Constant Speed,2015-03-01 17:30,29,39.29265644,-76.59945309,0,0,눈길사고,감속 중 사고
5975,N,Apparently Normal,No Misuse,N,No Injury,cc87bb2e-966e-44e2-b12d-867d64af65f1,D,ADG9480005,Shoulder/Lap Belt(s),M,63c0eaf8-6c1d-44d0-9b6f-acdb3211f22b,Same Direction Rear End,N,Non Intersection,Right Turn Lane,Daylight,No Defects,"Two-way, Not Divided",Dry,Snow,Twelve o'clock,Passenger Car,Superficial,N,Stopped in Traffic Lane,2015-01-26 10:41,30,39.32886181,-76.61522985,2,0,기타,자차 사고
5976,N,Apparently Normal,No Misuse,N,No Injury,94b6a98c-0a31-4d93-830b-926332d949b7,D,ADG9480009,Shoulder/Lap Belt(s),M,68889558-f7f4-4dca-b709-1e55ad3bc79a,Same Direction Right Turn,N,Intersection,Right Turn Lane,Daylight,No Defects,"Two-way, Not Divided",Dry,Clear,Eleven o'clock,(Sport) Utility Vehicle,Functional,N,Stopped in Traffic Lane,2015-02-08 11:00,42,39.32323487,-76.62014365,3,1,우회전 차선 사고,등속 주행 중 측면 추돌 사고
5977,N,Apparently Normal,No Misuse,Y,No Injury,c6c6b667-d349-4c7a-a9ab-5191cfbbf53c,D,ADG9940008,Shoulder/Lap Belt(s),M,19c46d8a-2160-48b2-b4f6-9533fd4da91c,Same Movement Angle,N,Intersection Related,Left Turn Lane,Daylight,No Defects,"Two-way, Divided, Positive Median Barrier",Dry,Clear,Twelve o'clock,Passenger Car,Functional,N,Moving Constant Speed,2015-03-29 15:20,64,39.28320563,-76.64338231,1,0,좌회전 차선 사고,등속 주행 중 측면 추돌 사고
5978,N,Apparently Normal,No Misuse,N,Possible Incapacitating Injury,b826a349-778d-4258-a413-25a57f94a96f,D,ADG9940008,Shoulder/Lap Belt(s),M,e50b0353-5a88-4bb5-a35f-129237a57a21,Same Movement Angle,N,Intersection Related,Left Turn Lane,Daylight,No Defects,"Two-way, Divided, Positive Median Barrier",Dry,Clear,Five o'clock,Passenger Car,Functional,N,Moving Constant Speed,2015-03-29 15:20,27,39.28320563,-76.64338231,1,0,좌회전 차선 사고,등속 주행 중 측면 추돌 사고
5979,N,Apparently Normal,No Misuse,N,No Injury,cd290ccb-5d42-4f9c-881b-4e7e67a9d1d9,D,ADH0020003,Shoulder/Lap Belt(s),M,0042a7d8-47ed-449f-9132-54f0472920c9,Same Direction Rear End Left Turn,N,Non Intersection,Right Turn Lane,Dark Lights On,No Defects,"Two-way, Not Divided",Wet,Cloudy,Twelve o'clock,Passenger Car,Destroyed,N,Moving Constant Speed,2015-01-20 20:05,47,39.33519779,-76.57251298,4,2,빗길사고,동일 방향 운행 중 추돌 사고
5980,N,Apparently Normal,No Misuse,N,No Injury,760b2f14-9f9f-4d24-b983-519e0b4c017d,D,ADH0020004,Shoulder/Lap Belt(s),M,b03e77e6-992f-472a-88ff-dd5bd26eaf16,Same Movement Angle,N,Intersection,Left Turn Lane,Dark Lights On,No Defects,"Two-way, Divided, Positive Median Barrier",Wet,Cloudy,Eleven o'clock,Passenger Car,Functional,N,Moving Constant Speed,2015-01-20 17:55,65,39.36602928,-76.58548951,4,1,빗길사고,자차 사고
5981,N,Apparently Normal,No Misuse,Y,No Injury,732a1ea1-6a8d-4445-8260-8a684a1b2a6f,D,ADH0170003,Shoulder/Lap Belt(s),M,10185afe-8743-410f-ba6e-cf013fc83e39,Same Direction Rear End,Y,Non Intersection,Left Turn Lane,Dark Lights On,No Defects,One-way Trafficway,Dry,Clear,Twelve o'clock,Passenger Car,Functional,N,Slowing or Stopping,2015-03-22 0:49,38,39.28639964,-76.61656022,1,3,좌회전 차선 사고,감속 중 사고
5982,Y,Apparently Normal,No Misuse,N,Non-incapacitating Injury,06006ea4-487b-4f71-a357-b173c7b90dc0,D,ADH0170003,Shoulder/Lap Belt(s),M,2cde8baf-0b8f-46f0-b544-b5c081b55d97,Same Direction Rear End,Y,Non Intersection,Left Turn Lane,Dark Lights On,No Defects,One-way Trafficway,Dry,Clear,Six o'clock,Passenger Car,Functional,N,Slowing or Stopping,2015-03-22 0:49,35,39.28639964,-76.61656022,1,3,좌회전 차선 사고,감속 중 사고
5983,N,Apparently Normal,No Misuse,Y,No Injury,db1fc579-7f2b-4259-8a57-68ab2e56144c,D,ADH0450001,Shoulder/Lap Belt(s),M,0e246505-1452-4c61-aa27-00a90e0726a8,Single Vehicle ,N,Non Intersection,Acceleration Lane,Dark Lights On,No Defects,One-way Trafficway,Ice,Blowing Snow,Underside,(Sport) Utility Vehicle,Disabling,N,Moving Constant Speed,2015-02-15 3:50,44,39.28643328,-76.61629066,0,0,눈길사고,감속 중 사고
5984,N,Apparently Normal,No Misuse,Y,No Injury,6fe4a33e-a10b-4b1b-89b0-d9622ea74ffb,D,ADH1180001,Shoulder/Lap Belt(s),M,4440949b-555b-4473-ba81-db3ce7720705,Same Direction Rear End,N,Non Intersection,Left Turn Lane,Dark Lights On,No Defects,One-way Trafficway,Dry,Clear,Twelve o'clock,Passenger Car,Disabling,N,Moving Constant Speed,2015-01-07 23:39,49,39.29894174,-76.60679698,1,0,좌회전 차선 사고,등속 주행 중 측면 추돌 사고
5985,N,Apparently Normal,No Misuse,Y,No Injury,3df3ed18-627d-4f2a-b6b2-eeed4027188b,D,ADH1180002,Shoulder/Lap Belt(s),M,4b02cfab-9670-4588-900e-9ded576b2ea3,Same Direction Rear End,N,Non Intersection,Right Turn Lane,Dark Lights On,No Defects,"Two-way, Not Divided",Dry,Clear,Twelve o'clock,Passenger Car,Functional,N,Moving Constant Speed,2015-01-10 2:56,33,39.31218821,-76.59324646,2,3,기타,등속 주행 중 측면 추돌 사고
5986,N,Apparently Normal,No Misuse,N,No Injury,60f03d18-bb0e-400f-8abe-ca52b9e9c38b,D,ADH1410001,Shoulder/Lap Belt(s),M,39a4588e-7fd1-4bfd-8bd3-0e6114a5b6ba,Same Direction Sideswipe,N,Intersection Related,Right Turn Lane,Dark Lights On,No Defects,"Two-way, Divided, Unprotected (painted >4 feet) Median",Dry,Clear,Four o'clock,Passenger Car,Functional,N,Slowing or Stopping,2015-03-01 2:18,30,39.28677332,-76.61074519,3,1,우회전 차선 사고,등속 주행 중 측면 추돌 사고