KEY_INDEX,CDL_FLAG,CONDITION_CODE,EQUIP_PROB_CODE,FAULT_FLAG,INJ_SEVER_CODE,PERSON_ID,PERSON_TYPE,REPORT_NO,SAF_EQUIP_CODE,SEX_CODE,VEHICLE_ID,COLLISION_TYPE_CODE,C_M_ZONE_FLAG,JUNCTION_CODE,LANE_CODE,LIGHT_CODE,RD_COND_CODE,RD_DIV_CODE,SURF_COND_CODE,WEATHER_CODE,AREA_DAMAGED_CODE_MAIN,BODY_TYPE_CODE,DAMAGE_CODE,HIT_AND_RUN_FLAG,MOVEMENT_CODE,TIME,AGE,LATITUDE,LONGITUDE,CLUSTER,SECOND_LABEL,FIRST_LABEL,SECOND_LABELING
6095,N,Apparently Normal,No Misuse,Y,No Injury,b7ae1af1-d30e-4dcc-aee2-c65b4d0c58a1,D,ADI7090004,Shoulder/Lap Belt(s),M,be101c27-8464-4227-9d22-b12c036ee6dd,Same Direction Sideswipe,N,Non Intersection,Right Turn Lane,Dark Lights On,No Defects,"Two-way, Not Divided",Dry,Clear,One o'clock,Passenger Car,Superficial,N,Slowing or Stopping,2015-02-18 18:10,64,39.30516836,-76.57175124,2,1,기타,등속 주행 사고
6096,N,Apparently Normal,No Misuse,N,No Injury,ae09a019-9092-41d0-a973-fda9bb2e3bd1,D,ADI7610002,Shoulder/Lap Belt(s),M,5afbd315-1aca-4b4a-ae07-065947b14d21,Same Direction Rear End,N,Non Intersection,Right Turn Lane,Dark Lights On,No Defects,"Two-way, Not Divided",Wet,Raining,Seven o'clock,Passenger Car,Destroyed,N,Moving Constant Speed,2015-01-04 6:07,19,39.28158314,-76.68669462,4,2,빗길사고,동일 방향 운행 중 추돌 사고
6097,N,Apparently Normal,No Misuse,Y,No Injury,e7f7ee23-449d-429c-8369-8a1037df01b7,D,ADI7610002,Shoulder/Lap Belt(s),M,27be6bec-b731-40f1-ac6e-b2c94c43e24c,Same Direction Rear End,N,Non Intersection,Right Turn Lane,Dark Lights On,No Defects,"Two-way, Not Divided",Wet,Raining,One o'clock,Passenger Car,Disabling,N,Moving Constant Speed,2015-01-04 6:07,19,39.28158314,-76.68669462,4,2,빗길사고,동일 방향 운행 중 추돌 사고
6098,N,Apparently Normal,No Misuse,N,No Injury,80ed1f00-6a5c-49f4-a62e-7671a65fd878,D,ADI7610006,Shoulder/Lap Belt(s),M,7fd25f3e-abdd-41a9-93ac-bc377c7da815,Same Direction Rear End,N,Non Intersection,Right Turn Lane,Dark Lights On,No Defects,"Two-way, Not Divided",Wet,Raining,Six o'clock,Passenger Car,Functional,N,Slowing or Stopping,2015-02-01 23:30,57,39.27263023,-76.67495728,4,3,빗길사고,기타
6099,N,Apparently Normal,No Misuse,Y,No Injury,c2768a68-b2af-4707-a15f-6466e099e832,D,ADI770000G,Shoulder/Lap Belt(s),M,f91755d7-0553-474b-9c71-7dd3934aa8f5,Single Vehicle ,N,Non Intersection,Left Turn Lane,Daylight,No Defects,"Two-way, Not Divided",Dry,Clear,Twelve o'clock,Passenger Car,Disabling,N,Moving Constant Speed,2015-02-14 16:00,18,39.32666877,-76.58160299,1,0,좌회전 차선 사고,등속 주행 중 측면 추돌 사고
6100,N,Apparently Normal,No Misuse,N,No Injury,2ed5ccb2-8b07-47d3-93e5-3cbe5d1079e8,D,ADI7880002,Shoulder/Lap Belt(s),M,5eb77655-8e03-4d93-88c7-8dc90cd77a07,Same Direction Left Turn,N,Crossover Related,Right Turn Lane,Dawn,"Holes, Ruts, Etc.","Two-way, Divided, Positive Median Barrier",Dry,Clear,One o'clock,Passenger Car,Disabling,N,Moving Constant Speed,2015-02-28 4:45,25,39.27794564,-76.54596448,3,2,우회전 차선 사고,기타
6101,N,Apparently Normal,No Misuse,Y,No Injury,9cb01cdf-f0d5-4543-9dec-fdf434f1ca1d,D,ADI7880002,Shoulder/Lap Belt(s),M,032c8d62-a375-4bb4-8833-f8b43c2b57a5,Same Direction Left Turn,N,Crossover Related,Right Turn Lane,Dawn,"Holes, Ruts, Etc.","Two-way, Divided, Positive Median Barrier",Dry,Clear,Nine o'clock,(Sport) Utility Vehicle,Functional,N,Making Left Turn,2015-02-28 4:45,71,39.27794564,-76.54596448,3,1,우회전 차선 사고,등속 주행 중 측면 추돌 사고
6102,N,Apparently Normal,No Misuse,N,No Injury,dcf93791-2069-4bfa-b4fe-423634be97ed,D,ADI8010006,Shoulder/Lap Belt(s),M,d36d519b-3630-4004-a7fc-d47f7ab08e17,Same Movement Angle,N,Intersection,Right Turn Lane,Daylight,No Defects,"Two-way, Divided, Positive Median Barrier",Dry,Cloudy,Twelve o'clock,Passenger Car,Destroyed,N,Moving Constant Speed,2015-01-29 9:45,36,39.31062657,-76.59514546,3,0,우회전 차선 사고,기타
6103,N,Apparently Normal,No Misuse,Y,No Injury,aac238c7-b953-4028-808f-fa4ed47f23ba,D,ADI8010006,Shoulder/Lap Belt(s),M,5afa48f0-c1e4-4b5d-aba5-0274bac753a6,Same Movement Angle,N,Intersection,Right Turn Lane,Daylight,No Defects,"Two-way, Divided, Positive Median Barrier",Dry,Cloudy,Three o'clock,Pickup Truck,Functional,N,Accelerating,2015-01-29 9:45,46,39.31062657,-76.59514546,3,0,우회전 차선 사고,기타
6104,N,Apparently Normal,No Misuse,N,No Injury,7e034239-d167-4b15-ae9f-17a0254e5f58,D,ADI8150004,Shoulder/Lap Belt(s),M,eb24d253-f8c0-49ff-8527-8546af3be3c6,Opposite Direction Sideswipe,N,Intersection,Right Turn Lane,Dark Lights On,No Defects,"Two-way, Not Divided",Dry,Clear,Ten o'clock,Passenger Car,Superficial,N,Moving Constant Speed,2015-02-12 18:50,63,39.29550025,-76.63637638,3,2,우회전 차선 사고,기타
6105,N,Apparently Normal,No Misuse,N,No Injury,a0c03cef-3873-4f26-9bc4-69ac8cb18f9b,D,ADI8320009,Shoulder/Lap Belt(s),M,2a359dd7-d118-4bd7-ab45-e77ad4766077,Same Direction Right Turn,N,Intersection,Acceleration Lane,Daylight,No Defects,"Two-way, Divided, Positive Median Barrier",Dry,Clear,Eleven o'clock,Passenger Car,Disabling,N,Stopped in Traffic Lane,2015-01-25 13:00,60,39.34469032,-76.64249182,1,2,좌회전 차선 사고,기타
6106,Y,Apparently Normal,No Misuse,Y,No Injury,2f341117-77c2-47a9-9759-22b0aa8a6c26,D,ADI8320009,Shoulder/Lap Belt(s),M,7de8c026-a15e-43e4-b65e-52f2fb912a1f,Same Direction Right Turn,N,Intersection,Acceleration Lane,Daylight,No Defects,"Two-way, Divided, Positive Median Barrier",Dry,Clear,One o'clock,Truck Tractor,Superficial,N,Changing Lanes,2015-01-25 13:00,38,39.34469032,-76.64249182,1,1,좌회전 차선 사고,등속 주행 사고
6107,N,Apparently Normal,No Misuse,N,No Injury,b03279d9-30d9-4022-bfe7-c153a70e0149,D,ADI8390001,Shoulder/Lap Belt(s),M,eb731161-6b2b-4dc0-8639-2f649999cd46,Same Movement Angle,N,Intersection,Right Turn Lane,Daylight,No Defects,"Two-way, Not Divided",Dry,Clear,Twelve o'clock,Pickup Truck,Superficial,N,Moving Constant Speed,2015-01-02 13:25,46,39.29685362,-76.63325429,3,0,우회전 차선 사고,기타
6108,N,Apparently Normal,No Misuse,Y,No Injury,79cc3d2a-8c35-4b85-892a-2caa751076dc,D,ADI8550002,Shoulder/Lap Belt(s),M,ed9f8f9d-4478-4c18-85d7-165e878f2930,Same Direction Left Turn,N,Intersection Related,Right Turn Lane,Daylight,No Defects,"Two-way, Divided, Positive Median Barrier",Slush,Clear,Nine o'clock,Passenger Car,Superficial,N,Moving Constant Speed,2015-02-22 13:15,25,39.33926381,-76.60034627,3,2,우회전 차선 사고,기타
6109,N,Apparently Normal,No Misuse,N,Possible Incapacitating Injury,4145b7c1-949f-450e-b77c-ad5e5d7615b1,D,ADI8550002,Shoulder/Lap Belt(s),M,a87ce1e5-cb3b-4fdd-ad9f-1ab3735d85d9,Same Direction Left Turn,N,Intersection Related,Right Turn Lane,Daylight,No Defects,"Two-way, Divided, Positive Median Barrier",Slush,Clear,Twelve o'clock,"Cargo Van/Light Truck 2 axles (10,000 lbs (4,536 kg) or less)",Disabling,N,Moving Constant Speed,2015-02-22 13:15,64,39.33926381,-76.60034627,3,2,우회전 차선 사고,기타
6110,N,Apparently Normal,No Misuse,Y,No Injury,7d75de27-0e6e-4093-83c3-c6fd909470e0,D,ADI8790003,Shoulder/Lap Belt(s),M,6269f4a8-0c38-44da-b1f2-db6197dc6977,Single Vehicle ,N,Intersection Related,Right Turn Lane,Daylight,No Defects,"Two-way, Divided, Positive Median Barrier",Dry,Clear,Eleven o'clock,Passenger Car,Disabling,N,Leaving Traffic Lane,2015-01-05 11:02,63,39.34702592,-76.56594157,3,1,우회전 차선 사고,등속 주행 중 측면 추돌 사고
6111,N,Apparently Normal,No Misuse,Y,No Injury,2bc47036-aa6a-4b03-9e31-dc1dc30796f3,D,ADI879000B,Shoulder/Lap Belt(s),M,a23f1fc3-7b17-4765-9219-cba53ecc5f50,Same Movement Angle,N,Intersection,Right Turn Lane,Daylight,No Defects,"Two-way, Divided, Unprotected (painted >4 feet) Median",Dry,Clear,One o'clock,(Sport) Utility Vehicle,Superficial,N,Making Left Turn,2015-01-10 10:10,37,39.33320204,-76.55865669,3,0,우회전 차선 사고,기타
6112,N,Apparently Normal,No Misuse,N,Possible Incapacitating Injury,904fb633-b03c-4cf8-a8c0-396772dd865b,D,ADI879000B,Shoulder/Lap Belt(s),M,89ad224a-d3a5-4270-b503-960bbb4f080a,Same Movement Angle,N,Intersection,Right Turn Lane,Daylight,No Defects,"Two-way, Divided, Unprotected (painted >4 feet) Median",Dry,Clear,Eight o'clock,Passenger Car,Functional,N,Making Left Turn,2015-01-10 10:10,41,39.33320204,-76.55865669,3,0,우회전 차선 사고,기타
6113,N,Apparently Normal,No Misuse,N,No Injury,7c8a7b55-f84d-4000-9b77-5a1e32d5a511,D,ADI8790012,Shoulder/Lap Belt(s),M,5012b91c-52be-4180-a9a8-30df364986a4,Same Movement Angle,N,Intersection,Right Turn Lane,Daylight,No Defects,One-way Trafficway,Wet,Clear,Six o'clock,Passenger Car,Functional,N,Accelerating,2015-03-08 12:30,42,39.32350046,-76.57472849,3,0,우회전 차선 사고,기타
6114,N,Apparently Normal,No Misuse,N,No Injury,61ef2db8-de73-42f4-ac42-a4782a138923,D,ADI8800001,Shoulder/Lap Belt(s),M,5239f33e-972f-4d0e-9478-885f7dc39ac7,Head On Left Turn,N,Intersection Related,Deceleration Lane,Daylight,No Defects,"Two-way, Divided, Positive Median Barrier",Wet,Clear,Twelve o'clock,(Sport) Utility Vehicle,Disabling,N,Accelerating,2015-03-07 14:30,67,39.33996289,-76.58780359,4,0,빗길사고,등속 주행 중 사고
6115,N,Apparently Normal,No Misuse,Y,No Injury,81b6e016-181e-49e7-9346-f248a6e6b875,D,ADI8800001,Shoulder/Lap Belt(s),M,ba5b181e-2ace-4bce-a2e0-ce63d9fcd819,Head On Left Turn,N,Intersection Related,Deceleration Lane,Daylight,No Defects,"Two-way, Divided, Positive Median Barrier",Wet,Clear,Two o'clock,Passenger Car,Functional,N,Making Left Turn,2015-03-07 14:30,63,39.33996289,-76.58780359,4,0,빗길사고,등속 주행 중 사고
6116,N,Apparently Normal,No Misuse,N,No Injury,cdb66321-a1bc-4485-8199-f21b5cc4a618,D,ADI8920005,Shoulder/Lap Belt(s),M,afa52e64-dc2c-496c-bb16-8cc285527784,Same Movement Angle,N,Intersection,Left Turn Lane,Dark Lights On,No Defects,"Two-way, Divided, Positive Median Barrier",Snow,Snow,Twelve o'clock,"Cargo Van/Light Truck 2 axles (10,000 lbs (4,536 kg) or less)",Superficial,N,Stopped in Traffic Lane,2015-02-21 18:54,40,39.3489715,-76.67579144,0,2,눈길사고,미끌어짐에 의한 사고
6117,N,Apparently Normal,No Misuse,Y,No Injury,a6a899d7-c83c-4df6-84c6-02889c90f0e8,D,ADI8920005,Shoulder/Lap Belt(s),M,ab145791-7031-4de8-92dd-ca7673f76a64,Same Movement Angle,N,Intersection,Left Turn Lane,Dark Lights On,No Defects,"Two-way, Divided, Positive Median Barrier",Snow,Snow,Twelve o'clock,Passenger Car,Functional,N,Making Right Turn,2015-02-21 18:54,38,39.3489715,-76.67579144,0,2,눈길사고,미끌어짐에 의한 사고
6118,N,Apparently Normal,No Misuse,N,No Injury,f0520854-bb9c-4efc-9fb5-d2f391172827,D,ADI8920006,Shoulder/Lap Belt(s),M,2f40b6d0-c0f6-4b22-abc6-a3c2077bd1ad,Same Movement Angle,N,Intersection,Right Turn Lane,Daylight,No Defects,"Two-way, Not Divided",Snow,Snow,Two o'clock,Passenger Car,Functional,N,Moving Constant Speed,2015-03-05 14:30,23,39.31842921,-76.68993473,0,0,눈길사고,감속 중 사고
6119,Y,Apparently Normal,No Misuse,Y,No Injury,57f3ff62-77e2-4f2c-829f-920e3af6be1f,D,ADI8920006,Shoulder/Lap Belt(s),M,501a195d-50fe-4faf-83af-a4f7c2e9dbc0,Same Movement Angle,N,Intersection,Right Turn Lane,Daylight,No Defects,"Two-way, Not Divided",Snow,Snow,Twelve o'clock,Snowmobile,No Damage,N,Making Left Turn,2015-03-05 14:30,53,39.31842921,-76.68993473,0,2,눈길사고,미끌어짐에 의한 사고
6120,Y,Apparently Normal,No Misuse,N,No Injury,a786e1aa-0184-4005-bf62-6b799f4529b2,D,ADI9090001,Shoulder/Lap Belt(s),M,895199a8-5aa1-4b3f-9910-fb39cea3dd5f,Same Direction Rear End,N,Non Intersection,Right Turn Lane,Daylight,No Defects,One-way Trafficway,Dry,Clear,Six o'clock,Pickup Truck,Superficial,N,Moving Constant Speed,2015-01-28 12:00,51,39.3088169,-76.61953211,2,3,기타,등속 주행 중 측면 추돌 사고
6121,N,Apparently Normal,No Misuse,N,No Injury,cddc563a-de7e-4a87-ae98-7028e093b9c6,D,ADI9090001,Shoulder/Lap Belt(s),M,7e5de37c-f78a-4f65-8b80-420d05d62551,Same Direction Rear End,N,Non Intersection,Right Turn Lane,Daylight,No Defects,One-way Trafficway,Dry,Clear,Eleven o'clock,Passenger Car,Functional,N,Moving Constant Speed,2015-01-28 12:00,24,39.3088169,-76.61953211,2,3,기타,등속 주행 중 측면 추돌 사고
6122,N,Apparently Normal,No Misuse,N,No Injury,16dc3216-6542-419b-b99e-d6dd7db74efd,D,ADI9140002,Shoulder/Lap Belt(s),M,fb461c4d-7491-4837-844d-095b86ce26e2,Same Direction Rear End,N,Intersection Related,Acceleration Lane,Dark Lights On,No Defects,One-way Trafficway,Wet,Raining,Six o'clock,Passenger Car,Disabling,N,Stopped in Traffic Lane,2015-01-04 2:40,63,39.28775003,-76.61407381,4,3,빗길사고,기타
6123,N,Apparently Normal,No Misuse,Y,No Injury,fa95bbaf-73a2-45b5-af2f-31efd1a04c4b,D,ADI9140002,Shoulder/Lap Belt(s),M,0a7f18b2-8f45-4d56-b759-526ff171b143,Same Direction Rear End,N,Intersection Related,Acceleration Lane,Dark Lights On,No Defects,One-way Trafficway,Wet,Raining,Twelve o'clock,Passenger Car,Disabling,N,Moving Constant Speed,2015-01-04 2:40,36,39.28775003,-76.61407381,4,2,빗길사고,동일 방향 운행 중 추돌 사고
6124,N,Apparently Normal,No Misuse,N,No Injury,eca2b1c1-4439-4a54-b968-97cac774dfe6,D,ADI9160004,Shoulder/Lap Belt(s),M,ca786050-fdfc-4975-ab54-91c4ba41f92a,Same Direction Left Turn,N,Non Intersection,Right Turn Lane,Daylight,No Defects,"Two-way, Not Divided",Dry,Clear,One o'clock,Pickup Truck,Functional,N,Moving Constant Speed,2015-01-07 9:45,48,39.23567696,-76.60039186,2,2,기타,기타
6125,N,Apparently Normal,No Misuse,Y,Non-incapacitating Injury,07cea291-1785-4472-b370-eaee1cb9f7f7,D,ADI9160004,Shoulder/Lap Belt(s),M,d25282a8-1126-4bb3-b0a4-a27752cbdf37,Same Direction Left Turn,N,Non Intersection,Right Turn Lane,Daylight,No Defects,"Two-way, Not Divided",Dry,Clear,Eleven o'clock,"Cargo Van/Light Truck 2 axles (10,000 lbs (4,536 kg) or less)",Disabling,N,Making U Turn,2015-01-07 9:45,29,39.23567696,-76.60039186,2,0,기타,자차 사고
6126,N,Apparently Normal,No Misuse,N,No Injury,51aa799f-8420-4452-98cc-f81cc34e3825,D,ADI9490004,Shoulder/Lap Belt(s),M,774617f8-9358-4f25-81b9-985751dd6f20,Same Direction Rear End,N,Non Intersection,Right Turn Lane,Dark No Lights,No Defects,"Two-way, Not Divided",Wet,Foggy,Five o'clock,Passenger Car,Functional,N,Moving Constant Speed,2015-01-18 16:06,23,39.30458308,-76.67667389,4,2,빗길사고,동일 방향 운행 중 추돌 사고
6127,N,Apparently Normal,No Misuse,N,No Injury,a068767b-8053-4808-a717-c7a140926bce,D,ADI965000C,Shoulder/Lap Belt(s),M,2357a2d3-3427-4f40-a537-f8d2fdcfe670,Same Direction Right Turn,N,Intersection Related,Right Turn Lane,Daylight,No Defects,"Two-way, Divided, Unprotected (painted >4 feet) Median",Dry,Clear,Three o'clock,Van,Superficial,N,Making Right Turn,2015-03-27 15:55,34,39.24168693,-76.60791546,3,1,우회전 차선 사고,등속 주행 중 측면 추돌 사고
6128,N,Apparently Normal,No Misuse,Y,No Injury,664bab84-a59c-4c88-8890-1578f75d885c,D,ADI965000C,Shoulder/Lap Belt(s),M,aaaf73c6-4d45-4a83-8068-dcb2cc4ee1b2,Same Direction Right Turn,N,Intersection Related,Right Turn Lane,Daylight,No Defects,"Two-way, Divided, Unprotected (painted >4 feet) Median",Dry,Clear,Ten o'clock,Passenger Car,Superficial,N,Moving Constant Speed,2015-03-27 15:55,45,39.24168693,-76.60791546,3,2,우회전 차선 사고,기타
6129,N,Apparently Normal,No Misuse,Y,No Injury,e6ac665b-8f8d-40ba-a237-268da60fd51d,D,ADI975000B,Shoulder/Lap Belt(s),M,61f85eaa-c59d-49ab-9290-bfbbb764ee80,Single Vehicle ,N,Intersection,Acceleration Lane,Dark Lights On,No Defects,"Two-way, Not Divided",Dry,Clear,Twelve o'clock,Passenger Car,Disabling,N,Moving Constant Speed,2015-03-20 0:15,22,39.33644252,-76.67397559,3,2,우회전 차선 사고,기타
6130,N,Apparently Normal,No Misuse,Y,No Injury,34bbdcfd-decc-4a5a-a290-00ba6c925b31,D,ADJ0030001,Shoulder/Lap Belt(s),M,67d63269-9258-41fe-a698-a74c3ae2a176,Same Direction Sideswipe,N,Non Intersection,Left Turn Lane,Daylight,No Defects,"Two-way, Divided, Unprotected (painted >4 feet) Median",Snow,Snow,One o'clock,(Sport) Utility Vehicle,Superficial,N,Skidding,2015-03-05 15:15,27,39.29482356,-76.65358543,0,2,눈길사고,미끌어짐에 의한 사고
6131,N,Apparently Normal,No Misuse,Y,No Injury,f6fc023a-dd33-4324-b1b7-c7b33d23f2b1,D,ADJ0050008,Shoulder/Lap Belt(s),M,b774e87f-ec18-4a0f-9ff4-7d68023038e6,Single Vehicle ,N,Non Intersection,Acceleration Lane,Dark Lights On,No Defects,"Two-way, Divided, Positive Median Barrier",Snow,Snow,Five o'clock,Passenger Car,Functional,N,Moving Constant Speed,2015-02-16 21:34,24,39.31321648,-76.62638783,0,0,눈길사고,감속 중 사고
6132,N,Apparently Normal,No Misuse,N,No Injury,b7245c60-6b4c-4374-a49d-b7da39193992,D,ADJ0130003,Shoulder/Lap Belt(s),M,a1583919-61fd-4be3-9f8c-e3e64e2bfb7d,Same Direction Sideswipe,N,Intersection Related,Right Turn Lane,Daylight,No Defects,"Two-way, Divided, Positive Median Barrier",Dry,Clear,Ten o'clock,"Cargo Van/Light Truck 2 axles (10,000 lbs (4,536 kg) or less)",Superficial,N,Stopped in Traffic Lane,2015-02-06 13:15,44,39.28182398,-76.53570771,3,1,우회전 차선 사고,등속 주행 중 측면 추돌 사고
6133,Y,Apparently Normal,No Misuse,Y,No Injury,734167b0-dc1c-4f63-a87a-a961254d3f7b,D,ADJ0130009,Shoulder/Lap Belt(s),M,7ec7ccfb-e309-4a43-8c67-f43126b162c0,Single Vehicle ,N,Intersection Related,Right Turn Lane,Daylight,No Defects,"Two-way, Not Divided",Dry,Clear,Four o'clock,Truck Tractor,Superficial,N,Making Right Turn,2015-03-24 11:15,29,39.27721012,-76.56651422,3,1,우회전 차선 사고,등속 주행 중 측면 추돌 사고
6134,N,Apparently Normal,No Misuse,Y,No Injury,f8cb675c-0c13-4eae-a936-fbee324590be,D,ADJ013000B,Shoulder/Lap Belt(s),M,45375d47-d86e-4520-8d9b-922ae8ef8fea,Same Direction Sideswipe,N,Non Intersection,Right Turn Lane,Daylight,No Defects,One-way Trafficway,Dry,Clear,Twelve o'clock,Passenger Car,Disabling,N,Accelerating,2015-03-25 8:05,67,39.28396652,-76.57352149,2,0,기타,자차 사고
6135,N,Apparently Normal,No Misuse,N,No Injury,d1a64f90-9246-4759-a906-74784cd5ac67,D,ADJ0160003,Shoulder/Lap Belt(s),M,f01a0896-890f-4e72-9561-cf83cc845348,Single Vehicle ,N,Non Intersection,Right Turn Lane,Daylight,No Defects,"Two-way, Divided, Positive Median Barrier",Ice,Wintry Mix,Twelve o'clock,Van,Functional,N,Moving Constant Speed,2015-03-01 16:04,62,39.28744594,-76.54570699,0,0,눈길사고,감속 중 사고
6136,N,Apparently Normal,No Misuse,N,No Injury,2ff0895f-811f-46c1-9f9f-71a541fa601a,D,ADJ0220005,Shoulder/Lap Belt(s),M,0804ea44-5920-4a55-a691-4dbdc9c7797e,Same Direction Rear End,N,Non Intersection,Left Turn Lane,Dark Lights On,No Defects,"Two-way, Divided, Positive Median Barrier",Dry,Clear,Six o'clock,Ambulance/Emergency,Superficial,N,Parked  ,2015-02-11 6:55,30,39.31928413,-76.54724121,1,3,좌회전 차선 사고,감속 중 사고
6137,N,Apparently Normal,No Misuse,N,No Injury,fa747284-03e7-4de9-8970-a5c58d712b3e,D,ADJ0250006,Shoulder/Lap Belt(s),M,6c5721ee-0a38-4439-8a07-4275cb529658,Same Movement Angle,N,Intersection,Right Turn Lane,Daylight,No Defects,One-way Trafficway,Dry,Clear,Eight o'clock,(Sport) Utility Vehicle,Superficial,N,Moving Constant Speed,2015-01-11 13:13,31,39.32838462,-76.6121614,3,0,우회전 차선 사고,기타
6138,N,Apparently Normal,No Misuse,N,No Injury,f8e61553-a496-4984-91ff-75f2aefd2ef4,D,ADJ041000J,Shoulder/Lap Belt(s),M,1d117c04-e297-4900-bbf1-41ee48003fce,Head On Left Turn,N,Non Intersection,Left Turn Lane,Daylight,No Defects,"Two-way, Divided, Unprotected (painted >4 feet) Median",Dry,Clear,Six o'clock,Passenger Car,Functional,N,Backing,2015-03-08 13:05,43,39.30898708,-76.67007565,1,1,좌회전 차선 사고,등속 주행 사고
6139,N,Apparently Normal,No Misuse,N,No Injury,0f20fa64-6cfa-49cf-907c-82d17b9d42ba,D,ADJ0470002,Shoulder/Lap Belt(s),M,50ebb07a-b144-4d4d-833a-e61d9081b545,Single Vehicle ,N,Non Intersection,Right Turn Lane,Dark Lights On,No Defects,"Two-way, Divided, Positive Median Barrier",Ice,Clear,Twelve o'clock,Passenger Car,Disabling,N,Moving Constant Speed,2015-01-07 3:00,38,39.26918745,-76.63366199,2,2,기타,기타
6140,Y,Apparently Normal,No Misuse,N,No Injury,56977153-a6e6-4493-97c2-8fd40cbdb89c,D,ADJ047000F,Shoulder/Lap Belt(s),M,fff5cfe8-e6ef-49e8-b49c-9dd1ee495963,Same Movement Angle,N,Intersection,Right Turn Lane,Dark Lights On,No Defects,"Two-way, Not Divided",Dry,Clear,Nine o'clock,Passenger Car,Functional,N,Moving Constant Speed,2015-03-17 19:30,52,39.27665005,-76.61554098,3,0,우회전 차선 사고,기타
6141,N,Apparently Normal,No Misuse,Y,No Injury,4a4dff64-abc4-4288-b25a-3e5f0bd3f17d,D,ADJ047000F,Shoulder/Lap Belt(s),M,6a64902d-5f84-44b3-8480-086aac584993,Same Movement Angle,N,Intersection,Right Turn Lane,Dark Lights On,No Defects,"Two-way, Not Divided",Dry,Clear,Twelve o'clock,Passenger Car,Functional,N,Starting From Lane,2015-03-17 19:30,31,39.27665005,-76.61554098,3,0,우회전 차선 사고,기타
6142,N,Apparently Normal,No Misuse,Y,No Injury,2f0f4666-4e03-4f6a-a1d2-2998a4718da4,D,ADJ0610009,Shoulder/Lap Belt(s),M,e5a157ea-6074-4646-9b4d-da34f5b1b08a,Same Movement Angle,N,Intersection,Right Turn Lane,Daylight,No Defects,"Two-way, Divided, Positive Median Barrier",Dry,Clear,Twelve o'clock,(Sport) Utility Vehicle,Disabling,N,Moving Constant Speed,2015-02-28 15:00,46,39.28336446,-76.62637174,3,0,우회전 차선 사고,기타
6143,N,Apparently Normal,No Misuse,N,Possible Incapacitating Injury,af0b8f90-1655-438d-9448-499b89f7ffea,D,ADJ0610009,Shoulder/Lap Belt(s),M,503e1acf-61d1-4f7b-a832-bcb1c4db9a79,Same Movement Angle,N,Intersection,Right Turn Lane,Daylight,No Defects,"Two-way, Divided, Positive Median Barrier",Dry,Clear,Two o'clock,Passenger Car,Disabling,N,Making Left Turn,2015-02-28 15:00,33,39.28336446,-76.62637174,3,0,우회전 차선 사고,기타
6144,N,Apparently Normal,No Misuse,N,No Injury,ff2ce32f-f308-4230-8d9f-2f04a819d9a0,D,ADJ061000B,Shoulder/Lap Belt(s),M,cacd6b0a-4a65-4e31-adc6-193a28eb255c,Same Movement Angle,N,Intersection,Left Turn Lane,Daylight,No Defects,One-way Trafficway,Wet,Raining,Twelve o'clock,Passenger Car,Functional,N,Moving Constant Speed,2015-03-01 11:45,45,39.28595122,-76.62900567,4,1,빗길사고,자차 사고
6145,N,Apparently Normal,No Misuse,Y,No Injury,0a56990b-344a-413c-b6cf-e9344a31ecb6,D,ADJ061000F,Shoulder/Lap Belt(s),M,b6ef748d-520d-403c-827c-15baea471bfb,Same Direction Rear End,N,Non Intersection,Left Turn Lane,Dark Lights On,No Defects,"Two-way, Not Divided",Dry,Clear,Twelve o'clock,Pickup Truck,Functional,Y,Moving Constant Speed,2015-03-15 20:00,61,39.28718021,-76.63802326,1,0,좌회전 차선 사고,등속 주행 중 측면 추돌 사고
6146,N,Apparently Normal,No Misuse,N,No Injury,9b72592d-b355-4932-8098-f1434ecc43ea,D,ADJ0630002,Shoulder/Lap Belt(s),M,73061cd2-d7d3-4f00-b4f6-9b025c03a99d,Same Direction Rear End,N,Non Intersection,Right Turn Lane,Daylight,No Defects,"Two-way, Divided, Positive Median Barrier",Dry,Clear,Six o'clock,(Sport) Utility Vehicle,Superficial,N,Stopped in Traffic Lane,2015-02-23 12:09,21,39.28986528,-76.6274929,2,0,기타,자차 사고
6147,N,Ill,No Misuse,Y,Possible Incapacitating Injury,c4b71ab4-650a-4191-a6df-099a17c07ffc,D,ADJ0630002,Shoulder/Lap Belt(s),M,8136b3b4-09f2-46b7-8efa-87a40db7c835,Same Direction Rear End,N,Non Intersection,Right Turn Lane,Daylight,No Defects,"Two-way, Divided, Positive Median Barrier",Dry,Clear,Twelve o'clock,Passenger Car,Superficial,N,Slowing or Stopping,2015-02-23 12:09,58,39.28986528,-76.6274929,2,1,기타,등속 주행 사고
6148,N,Apparently Normal,No Misuse,N,No Injury,064a386f-78a5-45e8-a04b-55c8b094dd04,D,ADJ0630003,Shoulder/Lap Belt(s),M,8d0e7d79-71bd-436e-979e-931a4a775059,Same Direction Sideswipe,N,Non Intersection,Right Turn Lane,Daylight,No Defects,"Two-way, Divided, Positive Median Barrier",Wet,Raining,Three o'clock,Van,Superficial,N,Stopped in Traffic Lane,2015-03-04 15:55,60,39.30247022,-76.62609547,4,0,빗길사고,등속 주행 중 사고