KEY_INDEX,CDL_FLAG,CONDITION_CODE,EQUIP_PROB_CODE,FAULT_FLAG,INJ_SEVER_CODE,PERSON_ID,PERSON_TYPE,REPORT_NO,SAF_EQUIP_CODE,SEX_CODE,VEHICLE_ID,COLLISION_TYPE_CODE,C_M_ZONE_FLAG,JUNCTION_CODE,LANE_CODE,LIGHT_CODE,RD_COND_CODE,RD_DIV_CODE,SURF_COND_CODE,WEATHER_CODE,AREA_DAMAGED_CODE_MAIN,BODY_TYPE_CODE,DAMAGE_CODE,HIT_AND_RUN_FLAG,MOVEMENT_CODE,TIME,AGE,LATITUDE,LONGITUDE,CLUSTER,SECOND_LABEL,FIRST_LABEL,SECOND_LABELING
6149,Y,Apparently Normal,No Misuse,N,No Injury,cfcaeb06-9c4d-46be-b721-1ea80f844289,D,ADJ069000C,Shoulder/Lap Belt(s),M,3a2a64bc-c669-44c4-ba99-b5523e40d42f,Same Direction Both Left Turn,N,Intersection Related,Acceleration Lane,Daylight,No Defects,"Two-way, Divided, Positive Median Barrier",Dry,Clear,Eleven o'clock,"Medium/Heavy Truck 2 axles (10,000 lbs (4,536 kg) or less)",Superficial,N,Starting From Parked,2015-03-16 11:40,44,39.28439004,-76.6133523,1,1,좌회전 차선 사고,등속 주행 사고
6150,N,Apparently Normal,No Misuse,N,No Injury,8046dab0-0b4d-41b8-859f-dbff5c50d321,D,ADJ0890001,Shoulder/Lap Belt(s),M,82b7da2c-e8c7-4e37-bc7f-5ccbc98b561f,Same Direction Rear End,N,Non Intersection,Left Turn Lane,Dark Lights On,No Defects,"Two-way, Divided, Positive Median Barrier",Dry,Clear,Six o'clock,Passenger Car,Superficial,N,Moving Constant Speed,2015-01-15 18:57,46,39.32524751,-76.67492911,1,0,좌회전 차선 사고,등속 주행 중 측면 추돌 사고
6151,Y,Apparently Normal,No Misuse,N,No Injury,4143b83f-afe2-4aee-b927-26059ce01521,D,ADJ1000005,Shoulder/Lap Belt(s),M,47d6caff-efad-4038-9f0d-fc2148e1b554,Same Movement Angle,N,Intersection,Left Turn Lane,Dark Lights On,No Defects,One-way Trafficway,Dry,Clear,Twelve o'clock,Van,Functional,N,Moving Constant Speed,2015-02-10 23:58,39,39.29865426,-76.61411673,1,0,좌회전 차선 사고,등속 주행 중 측면 추돌 사고
6152,N,Apparently Normal,No Misuse,Y,No Injury,3b644e09-e97a-4ced-8397-5104c2288e39,D,ADJ1000005,Shoulder/Lap Belt(s),M,0f043678-6ab2-434f-8b66-a364ee1db1d3,Same Movement Angle,N,Intersection,Left Turn Lane,Dark Lights On,No Defects,One-way Trafficway,Dry,Clear,Eight o'clock,Passenger Car,Disabling,N,Moving Constant Speed,2015-02-10 23:58,35,39.29865426,-76.61411673,1,0,좌회전 차선 사고,등속 주행 중 측면 추돌 사고
6153,N,Apparently Normal,No Misuse,N,No Injury,e48320f5-d4fe-4d7b-a4ac-0eebf550e7f8,D,ADJ1000006,Shoulder/Lap Belt(s),M,cb706266-b1be-4b1d-ab56-a6c6335a840c,Same Direction Rear End,N,Intersection Related,Right Turn Lane,Dark Lights On,No Defects,One-way Trafficway,Dry,Clear,Six o'clock,Passenger Car,Superficial,N,Stopped in Traffic Lane,2015-02-25 0:15,32,39.29499429,-76.61822923,3,3,우회전 차선 사고,동일 방향 운행 중 추돌 사고
6154,N,Apparently Normal,No Misuse,N,No Injury,1e2981f5-dc8a-4d3d-9ac1-3a6309bfdb1f,D,ADJ1000009,Shoulder/Lap Belt(s),M,da9d9940-73c9-46e8-9808-7200dd7655fe,Same Direction Rear End Right Turn,N,Intersection Related,Deceleration Lane,Dark Lights On,No Defects,One-way Trafficway,Dry,Clear,Six o'clock,(Sport) Utility Vehicle,Superficial,N,Making Right Turn,2015-03-21 0:35,58,39.28624342,-76.62206948,1,1,좌회전 차선 사고,등속 주행 사고
6155,N,Apparently Normal,No Misuse,Y,No Injury,6e3a3376-f7b5-4c2a-857f-43bc3edb2adb,D,ADJ108000J,Shoulder/Lap Belt(s),M,d76896e1-ad37-4379-8b81-9631ee451af3,Single Vehicle ,N,Intersection,Left Turn Lane,Daylight,No Defects,"Two-way, Not Divided",Dry,Clear,Twelve o'clock,Pickup Truck,Superficial,N,Making Left Turn,2015-03-16 11:35,56,39.35303256,-76.69795454,1,1,좌회전 차선 사고,등속 주행 사고
6156,N,Apparently Normal,No Misuse,N,No Injury,7fe4abd4-7aec-4e7d-8cf5-056d1aa548a8,D,ADJ1160002,Shoulder/Lap Belt(s),M,d55f67a7-a81a-449e-a616-88fe758f4a59,Same Movement Angle,N,Intersection Related,Right Turn Lane,Dark Lights On,No Defects,"Two-way, Not Divided",Dry,Clear,Eleven o'clock,Passenger Car,Disabling,N,Moving Constant Speed,2015-01-10 18:55,53,39.35231909,-76.59846067,3,0,우회전 차선 사고,기타
6157,N,Apparently Normal,No Misuse,Y,No Injury,adb57a7f-5f5c-4de3-bf7e-6f45f61b3701,D,ADJ1160002,Shoulder/Lap Belt(s),M,a4e038f4-43eb-4c48-8c3d-d9367bdb17b1,Same Movement Angle,N,Intersection Related,Right Turn Lane,Dark Lights On,No Defects,"Two-way, Not Divided",Dry,Clear,One o'clock,Passenger Car,Disabling,N,Moving Constant Speed,2015-01-10 18:55,22,39.35231909,-76.59846067,3,0,우회전 차선 사고,기타
6158,N,Apparently Normal,No Misuse,N,No Injury,f201d7e2-ca36-4f58-8420-d2e2c5eda6c8,D,ADJ1240001,Shoulder/Lap Belt(s),M,bcb27cd6-1387-4d7c-8ba6-dba98e840f31,Angle Meets Right Turn,N,Intersection Related,Right Turn Lane,Dark Lights On,No Defects,"Two-way, Not Divided",Ice,Sleet,One o'clock,Passenger Car,Superficial,N,Moving Constant Speed,2015-01-29 1:00,37,39.28812288,-76.64863005,0,0,눈길사고,감속 중 사고
6159,N,Apparently Normal,No Misuse,N,No Injury,8f966ba5-56a1-449c-94ab-39e195d12000,D,ADJ1240006,Shoulder/Lap Belt(s),M,96e4c406-b645-4a5b-bfc6-89a497999c65,Same Direction Rear End,N,Intersection Related,Right Turn Lane,Daylight,No Defects,"Two-way, Divided, Unprotected (painted >4 feet) Median",Ice,Snow,Six o'clock,Passenger Car,Disabling,N,Stopped in Traffic Lane,2015-02-28 10:30,59,39.26473941,-76.65472806,0,1,눈길사고,등속 주행 사고
6160,N,Apparently Normal,No Misuse,N,No Injury,6b07cec8-f4a2-4322-9d9b-d9be2e5226f7,D,ADJ1240007,Shoulder/Lap Belt(s),M,546790f1-f4be-4c44-a6aa-d06b751764ed,Same Movement Angle,N,Intersection Related,Right Turn Lane,Daylight,No Defects,"Two-way, Not Divided",Wet,Raining,Two o'clock,Passenger Car,Functional,N,Moving Constant Speed,2015-03-04 11:35,63,39.28490072,-76.67104661,4,1,빗길사고,자차 사고
6161,N,Apparently Normal,No Misuse,Y,No Injury,35bb0c9d-94de-4bdb-aabe-1adbd1abcae6,D,ADJ1410004,Shoulder/Lap Belt(s),M,cc93e29e-a4de-4655-a77b-26e85645ba0a,Same Direction Rear End,N,Intersection Related,Right Turn Lane,Dark Lights On,No Defects,"Two-way, Divided, Positive Median Barrier",Wet,Clear,Twelve o'clock,Truck Tractor,Superficial,N,Slowing or Stopping,2015-01-30 6:13,36,39.29011974,-76.62764311,4,3,빗길사고,기타
6162,N,Apparently Normal,No Misuse,N,Possible Incapacitating Injury,60c0e197-59c3-4f0c-a846-3c70a6b71d6a,D,ADJ1410004,Shoulder/Lap Belt(s),M,564fdb9e-9054-4050-8b43-db154cf0700b,Same Direction Rear End,N,Intersection Related,Right Turn Lane,Dark Lights On,No Defects,"Two-way, Divided, Positive Median Barrier",Wet,Clear,Six o'clock,Passenger Car,Functional,N,Slowing or Stopping,2015-01-30 6:13,66,39.29011974,-76.62764311,4,3,빗길사고,기타
6163,N,Apparently Normal,No Misuse,N,Possible Incapacitating Injury,be58a05c-eead-44ea-82e9-a9b7a1572b6f,D,ADJ1410004,Shoulder/Lap Belt(s),M,b09bf666-19dd-4118-af70-28dd33c588c8,Same Direction Rear End,N,Intersection Related,Right Turn Lane,Dark Lights On,No Defects,"Two-way, Divided, Positive Median Barrier",Wet,Clear,Six o'clock,Passenger Car,Disabling,N,Slowing or Stopping,2015-01-30 6:13,56,39.29011974,-76.62764311,4,3,빗길사고,기타
6164,N,Apparently Normal,No Misuse,N,No Injury,2b82e906-a8f0-44b3-9159-a1e065dd3f48,D,ADJ1430002,Shoulder/Lap Belt(s),M,e06183a1-628e-4d2c-aaed-435ee046b448,Same Movement Angle,N,Intersection,Right Turn Lane,Dark Lights On,No Defects,"Two-way, Divided, Positive Median Barrier",Dry,Clear,Eleven o'clock,Passenger Car,Superficial,N,Accelerating,2015-03-28 1:42,36,39.29921987,-76.57264709,3,0,우회전 차선 사고,기타
6165,N,Apparently Normal,No Misuse,N,No Injury,5ef2b82c-6a07-46c5-b7a8-e4154761469b,D,ADJ1680002,Shoulder/Lap Belt(s),M,680a2fd8-6f06-4a0a-bca5-520af9321ea4,Same Movement Angle,N,Intersection,Deceleration Lane,Dark Lights On,No Defects,"Two-way, Divided, Positive Median Barrier",Dry,Clear,Twelve o'clock,Passenger Car,Disabling,N,Moving Constant Speed,2015-03-13 0:25,26,39.32829748,-76.59782767,1,0,좌회전 차선 사고,등속 주행 중 측면 추돌 사고
6166,N,Apparently Normal,No Misuse,Y,No Injury,e15cedd2-fc22-4718-a98a-987cb743c89e,D,ADJ1680002,Shoulder/Lap Belt(s),M,7a4dbbbb-5d43-43d9-8879-e62d87fdcb6c,Same Movement Angle,N,Intersection,Deceleration Lane,Dark Lights On,No Defects,"Two-way, Divided, Positive Median Barrier",Dry,Clear,Five o'clock,Passenger Car,Disabling,N,Moving Constant Speed,2015-03-13 0:25,39,39.32829748,-76.59782767,1,0,좌회전 차선 사고,등속 주행 중 측면 추돌 사고
6167,N,Apparently Normal,No Misuse,N,No Injury,ff1f0377-635c-44e6-8eb0-6b112ab5b5f0,D,ADJ176000F,Shoulder/Lap Belt(s),M,d918aadd-74f9-4323-b842-12a4252cfceb,Same Direction Rear End,N,Intersection Related,Right Turn Lane,Dark Lights On,No Defects,"Two-way, Divided, Unprotected (painted >4 feet) Median",Wet,Raining,Six o'clock,Other Bus,No Damage,N,Slowing or Stopping,2015-03-14 19:00,71,39.27701547,-76.61234379,4,3,빗길사고,기타
6168,N,Apparently Normal,No Misuse,N,No Injury,7608d630-329d-4b0f-bb40-201c2fda0a7f,D,ADJ186000B,Shoulder/Lap Belt(s),M,bc7d8d8a-17ba-4331-840c-003e1b633e3f,Same Direction Right Turn,N,Intersection,Left Turn Lane,Daylight,No Defects,"Two-way, Divided, Unprotected (painted >4 feet) Median",Dry,Clear,Ten o'clock,Passenger Car,Functional,N,Moving Constant Speed,2015-03-12 10:05,47,39.3088418,-76.67277932,1,0,좌회전 차선 사고,등속 주행 중 측면 추돌 사고
6169,N,Apparently Normal,No Misuse,N,No Injury,4088fb29-12e7-41c2-8f7d-ab03ea244e58,D,ADJ1950003,Shoulder/Lap Belt(s),M,c3336b11-1670-4c99-8c55-362ba2146c8a,Same Direction Rear End,N,Non Intersection,Left Turn Lane,Dark Lights On,No Defects,"Two-way, Not Divided",Wet,Clear,Six o'clock,Passenger Car,Functional,N,Moving Constant Speed,2015-03-20 23:12,39,39.31237809,-76.58835411,4,2,빗길사고,동일 방향 운행 중 추돌 사고
6170,N,Apparently Normal,No Misuse,N,No Injury,e979dbd7-87a3-472f-bfa8-5e259898b843,D,ADJ2110001,Shoulder/Lap Belt(s),M,639a0182-e01b-4efe-bce0-5ab6b5ae8a8f,Same Direction Rear End,N,Non Intersection,Acceleration Lane,Daylight,No Defects,"Two-way, Divided, Positive Median Barrier",Dry,Clear,Six o'clock,Passenger Car,Superficial,N,Slowing or Stopping,2015-02-04 17:05,57,39.29259209,-76.70109272,1,3,좌회전 차선 사고,감속 중 사고
6171,N,Apparently Normal,No Misuse,N,No Injury,eec93e40-712a-4365-8a22-10e5efdc46e9,D,ADJ2130008,Shoulder/Lap Belt(s),M,f68c9847-b554-4902-b117-94bb6a2d3f43,Same Direction Rear End,N,Non Intersection,Right Turn Lane,Dark Lights On,No Defects,"Two-way, Divided, Unprotected (painted >4 feet) Median",Dry,Clear,Six o'clock,Passenger Car,Superficial,N,Slowing or Stopping,2015-02-28 22:45,36,39.33853775,-76.55094266,2,1,기타,등속 주행 사고
6172,N,Apparently Normal,No Misuse,N,No Injury,2611d5af-bcf4-40e2-a169-b3716c6d814c,D,ADJ2130009,Shoulder/Lap Belt(s),M,5dbf1924-d631-45b7-bbf7-2dacae63035d,Same Movement Angle,N,Intersection,Right Turn Lane,Dark Lights On,No Defects,"Two-way, Divided, Positive Median Barrier",Dry,Clear,Eleven o'clock,Passenger Car,Destroyed,N,Moving Constant Speed,2015-03-06 23:59,27,39.35486598,-76.57569408,3,0,우회전 차선 사고,기타
6173,N,Had Been Drinking,No Misuse,Y,No Injury,4d05501d-1005-49ea-9322-875015e59c7a,D,ADJ2130009,Shoulder/Lap Belt(s),M,47b2e970-4989-455d-829c-4d513cc9f94a,Same Movement Angle,N,Intersection,Right Turn Lane,Dark Lights On,No Defects,"Two-way, Divided, Positive Median Barrier",Dry,Clear,Twelve o'clock,Passenger Car,Disabling,N,Accelerating,2015-03-06 23:59,62,39.35486598,-76.57569408,3,0,우회전 차선 사고,기타
6174,Y,Apparently Normal,No Misuse,N,No Injury,607d1501-9206-475e-9ea3-f747adb88535,D,ADJ2160001,Shoulder/Lap Belt(s),M,952067c2-a52f-46b1-aafd-737b0d42ad49,Same Direction Rear End,N,Non Intersection,Right Turn Lane,Daylight,"Holes, Ruts, Etc.","Two-way, Divided, Unprotected (painted >4 feet) Median",Ice,Snow,Six o'clock,School Bus,Superficial,N,Moving Constant Speed,2015-01-06 9:40,45,39.28597198,-76.53701663,0,3,눈길사고,자차 사고
6175,N,Apparently Normal,No Misuse,Y,No Injury,980b687d-bbf9-43c4-9900-1107c2d367cb,D,ADJ2160001,Shoulder/Lap Belt(s),M,7c3fff41-c02c-4771-966a-0584f0db1813,Same Direction Rear End,N,Non Intersection,Right Turn Lane,Daylight,"Holes, Ruts, Etc.","Two-way, Divided, Unprotected (painted >4 feet) Median",Ice,Snow,Twelve o'clock,Van,Functional,N,Starting From Lane,2015-01-06 9:40,66,39.28597198,-76.53701663,0,1,눈길사고,등속 주행 사고
6176,N,Apparently Normal,No Misuse,Y,No Injury,85359c9a-9377-4230-ae24-6a80660537e4,D,ADJ2160004,Shoulder/Lap Belt(s),M,dce2b994-29f9-4bff-bf60-e40bd57f602b,Same Movement Angle,N,Intersection,Right Turn Lane,Daylight,No Defects,"Two-way, Divided, Unprotected (painted >4 feet) Median",Dry,Clear,Twelve o'clock,(Sport) Utility Vehicle,Functional,N,Moving Constant Speed,2015-01-23 16:00,61,39.2948329,-76.57105654,3,0,우회전 차선 사고,기타
6177,N,Apparently Normal,No Misuse,N,No Injury,613bb157-2c97-467e-b5c3-ef6e991f9f09,D,ADJ2160006,Shoulder/Lap Belt(s),M,d5bc8be6-5c0c-4e7f-a570-467ca9973a7c,Same Direction Sideswipe,N,Non Intersection,Right Turn Lane,Daylight,No Defects,"Two-way, Divided, Unprotected (painted >4 feet) Median",Dry,Clear,Three o'clock,Pickup Truck,Superficial,N,Moving Constant Speed,2015-01-30 12:00,60,39.2947945,-76.56954646,2,2,기타,기타
6178,N,Apparently Normal,No Misuse,Y,No Injury,a89cd456-33e9-42c1-9a42-987a1eac4192,D,ADJ2160006,Shoulder/Lap Belt(s),M,24445505-f2ba-47b3-9b91-d7efc2d8b5a9,Same Direction Sideswipe,N,Non Intersection,Right Turn Lane,Daylight,No Defects,"Two-way, Divided, Unprotected (painted >4 feet) Median",Dry,Clear,Eleven o'clock,Passenger Car,Functional,N,Changing Lanes,2015-01-30 12:00,54,39.2947945,-76.56954646,2,0,기타,자차 사고
6179,N,Apparently Normal,No Misuse,N,No Injury,bfd0d32e-d4d0-46e1-ba18-a3da02ec39fe,D,ADJ2160007,Shoulder/Lap Belt(s),M,874e84fb-decf-46dd-9a91-e1ed48c22cf6,Same Movement Angle,N,Intersection,Right Turn Lane,Daylight,No Defects,"Two-way, Divided, Positive Median Barrier",Dry,Clear,Eleven o'clock,Passenger Car,Disabling,N,Starting From Lane,2015-01-30 15:15,23,39.29547534,-76.57353759,3,0,우회전 차선 사고,기타
6180,N,Apparently Normal,No Misuse,Y,No Injury,e3fccd4c-40cb-422b-9cf2-afb5b2e8c772,D,ADJ2160007,Shoulder/Lap Belt(s),M,635daee7-dc29-48c2-abbb-cdd1ed6a8a04,Same Movement Angle,N,Intersection,Right Turn Lane,Daylight,No Defects,"Two-way, Divided, Positive Median Barrier",Dry,Clear,Twelve o'clock,Pickup Truck,Functional,N,Moving Constant Speed,2015-01-30 15:15,25,39.29547534,-76.57353759,3,0,우회전 차선 사고,기타
6181,N,Apparently Normal,No Misuse,N,No Injury,9541ee21-fe9d-43ea-ae38-532422e44389,D,ADJ2230001,Shoulder/Lap Belt(s),M,e7df7f53-a1c3-4e01-b08c-2e00f0926b06,Single Vehicle ,N,Intersection,Left Turn Lane,Dark Lights On,No Defects,One-way Trafficway,Wet,Raining,Eleven o'clock,Passenger Car,Superficial,N,Moving Constant Speed,2015-01-12 17:54,23,39.31331609,-76.61388874,4,2,빗길사고,동일 방향 운행 중 추돌 사고
6182,N,Apparently Normal,No Misuse,N,No Injury,47db7ed2-181a-4b93-8d34-30d876070609,D,ADJ2280008,Shoulder/Lap Belt(s),M,e3f8d7e4-6d6e-4ead-a270-5c56b65e46d0,Same Movement Angle,N,Intersection,Right Turn Lane,Daylight,No Defects,"Two-way, Divided, Unprotected (painted >4 feet) Median",Wet,Raining,Eleven o'clock,Passenger Car,Functional,N,Moving Constant Speed,2015-03-04 15:00,32,39.33857094,-76.66136384,4,1,빗길사고,자차 사고
6183,N,Apparently Normal,No Misuse,Y,No Injury,ba3f96f9-85dd-47d5-9f92-cbe53c519316,D,ADJ2280008,Shoulder/Lap Belt(s),M,8bb2d501-36d6-45c3-a493-ac945712ec9d,Same Movement Angle,N,Intersection,Right Turn Lane,Daylight,No Defects,"Two-way, Divided, Unprotected (painted >4 feet) Median",Wet,Raining,Twelve o'clock,(Sport) Utility Vehicle,Disabling,N,Moving Constant Speed,2015-03-04 15:00,18,39.33857094,-76.66136384,4,1,빗길사고,자차 사고
6184,N,Apparently Normal,No Misuse,N,No Injury,68f5f40a-33f9-4ad1-bc30-3d49856b18a9,D,ADJ2360008,Shoulder/Lap Belt(s),M,45a87921-cd7a-49f9-bc51-d5233d1677b8,Same Direction Sideswipe,N,Non Intersection,Acceleration Lane,Dark Lights On,No Defects,"Two-way, Divided, Positive Median Barrier",Dry,Clear,Ten o'clock,Pickup Truck,Superficial,N,Moving Constant Speed,2015-02-12 20:57,34,39.35790221,-76.6539073,1,0,좌회전 차선 사고,등속 주행 중 측면 추돌 사고
6185,N,Apparently Normal,No Misuse,Y,No Injury,d18f3972-542e-41ff-9b60-bc56a2e81a26,D,ADJ2360008,Shoulder/Lap Belt(s),M,8e3eaa0c-a86e-44de-9303-4e042aa10058,Same Direction Sideswipe,N,Non Intersection,Acceleration Lane,Dark Lights On,No Defects,"Two-way, Divided, Positive Median Barrier",Dry,Clear,One o'clock,Passenger Car,Superficial,N,Changing Lanes,2015-02-12 20:57,20,39.35790221,-76.6539073,1,1,좌회전 차선 사고,등속 주행 사고
6186,N,Apparently Normal,No Misuse,N,No Injury,91b5bc08-4a31-40a9-b62a-cc1104b04969,D,ADJ2450001,Shoulder/Lap Belt(s),M,cff5d1d4-e453-44ea-aff2-1f5649297586,Same Direction Rear End,N,Intersection,Right Turn Lane,Daylight,No Defects,"Two-way, Divided, Positive Median Barrier",Dry,Clear,Six o'clock,Passenger Car,Functional,N,Moving Constant Speed,2015-02-05 10:30,52,39.29518059,-76.59740388,3,2,우회전 차선 사고,기타
6187,N,Apparently Normal,No Misuse,N,No Injury,fb51fffa-e4e9-46bd-a960-9fa692e00b7c,D,ADJ2470005,Shoulder/Lap Belt(s),M,9d623892-b3d5-4012-98c4-41fa4f69f2d8,Same Direction Sideswipe,N,Non Intersection,Right Turn Lane,Daylight,No Defects,"Two-way, Not Divided",Snow,Snow,Nine o'clock,(Sport) Utility Vehicle,Superficial,N,Moving Constant Speed,2015-01-06 10:27,37,39.25757877,-76.6369772,0,0,눈길사고,감속 중 사고
6188,N,Apparently Normal,No Misuse,N,No Injury,47cdd614-a3a9-4214-a888-dd8f73db4241,D,ADJ2470006,Shoulder/Lap Belt(s),M,4e64bf14-72d9-4f82-b8a3-fcdd1d8f55d3,Same Direction Rear End,N,Non Intersection,Right Turn Lane,Daylight,No Defects,"Two-way, Not Divided",Snow,Snow,Six o'clock,"Other Light Trucks (10,000 lbs (4,536 kg))",No Damage,N,Slowing or Stopping,2015-01-06 10:35,42,39.25764523,-76.63708448,0,1,눈길사고,등속 주행 사고
6189,N,Apparently Normal,No Misuse,N,No Injury,727d80e3-d5f3-4852-a1f8-688e72901caf,D,ADJ2470008,Shoulder/Lap Belt(s),M,487dff86-3dd2-4290-ab93-0e433a9f2034,Single Vehicle ,N,Non Intersection,Right Turn Lane,Dark Lights On,No Defects,"Two-way, Not Divided",Wet,Raining,Twelve o'clock,Passenger Car,Superficial,N,Moving Constant Speed,2015-01-23 22:04,29,39.27711513,-76.61232233,4,2,빗길사고,동일 방향 운행 중 추돌 사고
6190,Y,Apparently Normal,No Misuse,Y,No Injury,adb0618b-f23e-460d-b8e6-69a431ce552e,D,ADJ247000C,Shoulder/Lap Belt(s),M,825e46db-14fe-48a3-b02f-08e47c0c3cf2,Same Direction Sideswipe,N,Non Intersection,Right Turn Lane,Dark Lights On,No Defects,"Two-way, Not Divided",Dry,Clear,One o'clock,Passenger Car,Disabling,Y,Moving Constant Speed,2015-02-07 21:10,40,39.27163354,-76.61514938,2,2,기타,기타
6191,N,Apparently Normal,No Misuse,N,No Injury,16419c26-4a83-42f4-9757-49ab4b4f0645,D,ADJ2560003,Shoulder/Lap Belt(s),M,56b8fa48-539d-4a0c-98f1-5d74eef9f116,Same Direction Rear End,N,Intersection Related,Right Turn Lane,Daylight,No Defects,"Two-way, Not Divided",Dry,Clear,Six o'clock,"Other Light Trucks (10,000 lbs (4,536 kg))",Superficial,N,Slowing or Stopping,2015-01-09 9:06,37,39.28681069,-76.63208485,3,3,우회전 차선 사고,동일 방향 운행 중 추돌 사고
6192,N,Apparently Normal,No Misuse,N,No Injury,cb0c773b-eeca-448e-a4ef-a4a8c2465963,D,ADJ2560009,Shoulder/Lap Belt(s),M,c6adf2c1-ee78-48dc-b510-2b1260b6b852,Same Movement Angle,N,Intersection,Left Turn Lane,Daylight,No Defects,One-way Trafficway,Dry,Clear,Eleven o'clock,"Cargo Van/Light Truck 2 axles (10,000 lbs (4,536 kg) or less)",Superficial,N,Moving Constant Speed,2015-02-25 15:35,56,39.28423226,-76.64670825,1,0,좌회전 차선 사고,등속 주행 중 측면 추돌 사고
6193,N,Apparently Normal,No Misuse,N,No Injury,f3f67741-5d32-43f9-afcf-fa8bbab8a877,D,ADJ2580002,Shoulder/Lap Belt(s),M,d3092da2-2060-45d1-83e7-ab5d48986c9c,Same Direction Right Turn,N,Intersection,Left Turn Lane,Daylight,No Defects,One-way Trafficway,Dry,Clear,Eight o'clock,Passenger Car,Superficial,N,Moving Constant Speed,2015-03-03 10:55,40,39.2876458,-76.61778733,1,0,좌회전 차선 사고,등속 주행 중 측면 추돌 사고
6194,Y,Apparently Normal,No Misuse,Y,No Injury,533f0772-e66a-4c15-846b-1a0c9ed7cfbd,D,ADJ2580002,Shoulder/Lap Belt(s),M,21702245-bb79-46b5-922e-c5624abe3856,Same Direction Right Turn,N,Intersection,Left Turn Lane,Daylight,No Defects,One-way Trafficway,Dry,Clear,One o'clock,"Medium/Heavy Truck 2 axles (10,000 lbs (4,536 kg) or less)",Superficial,N,Moving Constant Speed,2015-03-03 10:55,23,39.2876458,-76.61778733,1,0,좌회전 차선 사고,등속 주행 중 측면 추돌 사고
6195,N,Apparently Normal,No Misuse,Y,No Injury,1fa84550-bf55-4736-bd9a-7488ef0c5b5a,D,ADJ258001L,Shoulder/Lap Belt(s),M,acd1b149-b437-469c-8f17-538e0019cbd5,Same Direction Rear End,N,Intersection,Right Turn Lane,Daylight,No Defects,One-way Trafficway,Dry,Clear,Eight o'clock,"Other Light Trucks (10,000 lbs (4,536 kg))",Functional,N,Making Left Turn,2015-02-28 11:55,24,39.29494985,-76.61906675,3,3,우회전 차선 사고,동일 방향 운행 중 추돌 사고
6196,N,Apparently Normal,No Misuse,Y,No Injury,cce745a4-34bd-4226-bbec-7326c7cab71b,D,ADJ2620001,Lap Belt Only,M,d3f146a2-cfee-4381-be45-4378a4bb44fe,Same Direction Right Turn,N,Non Intersection,Right Turn Lane,Dark Lights On,No Defects,"Two-way, Divided, Positive Median Barrier",Dry,Clear,Two o'clock,Pickup Truck,Superficial,N,Moving Constant Speed,2015-01-02 20:00,40,39.31435784,-76.67235285,2,2,기타,기타
6197,N,Apparently Normal,No Misuse,N,No Injury,e0bfc9a8-0a35-42f1-b8b6-2261d53103fd,D,ADJ2620005,Lap Belt Only,M,aa759a78-a98d-4cc1-b291-5047a654f8dc,Same Direction Sideswipe,N,Intersection,Left Turn Lane,Dark Lights On,No Defects,"Two-way, Divided, Unprotected (painted >4 feet) Median",Dry,Clear,Eight o'clock,Passenger Car,Superficial,N,Moving Constant Speed,2015-02-12 19:56,30,39.31600551,-76.6769743,1,0,좌회전 차선 사고,등속 주행 중 측면 추돌 사고
6198,N,Apparently Normal,No Misuse,N,No Injury,692edabb-1b05-4579-bcf7-6ca61f925aa2,D,ADJ2620009,Shoulder Belt Only,M,91211daa-2a69-4725-ab06-82b4751e5b3b,Same Movement Angle,N,Intersection Related,Right Turn Lane,Daylight,No Defects,One-way Trafficway,Dry,Clear,Twelve o'clock,Passenger Car,Functional,N,Moving Constant Speed,2015-03-16 10:25,21,39.32003944,-76.65957212,3,0,우회전 차선 사고,기타
6199,N,Apparently Normal,No Misuse,Y,No Injury,49f59f61-7aea-4641-ab22-8c3be7ca299b,D,ADJ2620009,Shoulder Belt Only,M,6d87e561-185e-43ac-bc62-8dbc45727f37,Same Movement Angle,N,Intersection Related,Right Turn Lane,Daylight,No Defects,One-way Trafficway,Dry,Clear,Eight o'clock,Passenger Car,Functional,N,Accelerating,2015-03-16 10:25,22,39.32003944,-76.65957212,3,0,우회전 차선 사고,기타
6200,N,Apparently Normal,No Misuse,N,No Injury,55da9df6-e01a-4194-8696-6224dd9110c1,D,ADJ2630005,Shoulder/Lap Belt(s),M,cfb53a95-3ae8-4290-ad32-85c951fda62e,Same Direction Rear End,N,Intersection Related,Left Turn Lane,Daylight,No Defects,"Two-way, Divided, Positive Median Barrier",Dry,Clear,Six o'clock,(Sport) Utility Vehicle,Superficial,N,Slowing or Stopping,2015-02-07 15:36,27,39.29387286,-76.68145895,1,3,좌회전 차선 사고,감속 중 사고
6201,N,Apparently Normal,No Misuse,N,No Injury,1f9b67ef-2410-4b7c-b840-fb2b805bd10b,D,ADJ2650006,Shoulder/Lap Belt(s),M,ca614250-939e-46ab-896e-2a485f8edd95,Same Direction Rear End,N,Intersection Related,Right Turn Lane,Daylight,No Defects,"Two-way, Not Divided",Dry,Clear,Six o'clock,Passenger Car,No Damage,N,Moving Constant Speed,2015-02-20 16:40,57,39.28522876,-76.64675385,3,2,우회전 차선 사고,기타
6202,N,Apparently Normal,No Misuse,N,No Injury,88ef552c-2422-44fa-a1bf-e980bdfeb7fc,D,ADJ2680002,Shoulder/Lap Belt(s),M,14760180-e30a-42aa-ab07-18ca5c6e47e2,Angle Meets Left Turn,N,Non Intersection,Right Turn Lane,Daylight,No Defects,One-way Trafficway,Wet,Raining,Two o'clock,Passenger Car,Functional,N,Accelerating,2015-01-12 10:45,54,39.29766729,-76.56933457,4,0,빗길사고,등속 주행 중 사고