KEY_INDEX,CDL_FLAG,CONDITION_CODE,EQUIP_PROB_CODE,FAULT_FLAG,INJ_SEVER_CODE,PERSON_ID,PERSON_TYPE,REPORT_NO,SAF_EQUIP_CODE,SEX_CODE,VEHICLE_ID,COLLISION_TYPE_CODE,C_M_ZONE_FLAG,JUNCTION_CODE,LANE_CODE,LIGHT_CODE,RD_COND_CODE,RD_DIV_CODE,SURF_COND_CODE,WEATHER_CODE,AREA_DAMAGED_CODE_MAIN,BODY_TYPE_CODE,DAMAGE_CODE,HIT_AND_RUN_FLAG,MOVEMENT_CODE,TIME,AGE,LATITUDE,LONGITUDE,CLUSTER,SECOND_LABEL,FIRST_LABEL,SECOND_LABELING
6203,Y,Apparently Normal,No Misuse,Y,No Injury,591c7d96-282f-4062-bc3e-6920767c1ebb,D,ADJ2680007,Shoulder/Lap Belt(s),M,9efbd592-fbc9-4fa4-bb1c-e0229606e7ca,Single Vehicle ,N,Intersection Related,Right Turn Lane,Daylight,No Defects,"Two-way, Not Divided",Wet,Sleet,Four o'clock,Truck Tractor,No Damage,N,Making Right Turn,2015-03-20 12:20,45,39.29580746,-76.57634318,4,0,빗길사고,등속 주행 중 사고
6204,N,Apparently Normal,No Misuse,N,No Injury,48d7498b-500c-41a3-94be-b1440081d19d,D,ADJ2740003,Shoulder/Lap Belt(s),M,cc3f9963-3657-411a-8124-492ae0c97749,Head On Left Turn,N,Intersection,Acceleration Lane,Dark Lights On,No Defects,"Two-way, Divided, Positive Median Barrier",Wet,Raining,Twelve o'clock,Passenger Car,Disabling,N,Moving Constant Speed,2015-01-23 22:06,41,39.29357394,-76.68937683,4,2,빗길사고,동일 방향 운행 중 추돌 사고
6205,N,Apparently Normal,No Misuse,Y,No Injury,0cda7c85-b4ce-427c-aaab-df1732f76896,D,ADJ2740003,Shoulder/Lap Belt(s),M,8dc17c78-3548-412a-9ef9-c2908f0d5a30,Head On Left Turn,N,Intersection,Acceleration Lane,Dark Lights On,No Defects,"Two-way, Divided, Positive Median Barrier",Wet,Raining,Twelve o'clock,Passenger Car,Disabling,N,Making Left Turn,2015-01-23 22:06,22,39.29357394,-76.68937683,4,0,빗길사고,등속 주행 중 사고
6206,N,Apparently Normal,No Misuse,N,No Injury,9704d346-febe-4abf-b90f-efd133effe27,D,ADJ2900006,Shoulder/Lap Belt(s),M,da3d2b4b-656c-4062-8ef7-1b2e507d5033,Same Direction Rear End,N,Non Intersection,Right Turn Lane,Daylight,No Defects,"Two-way, Divided, Unprotected (painted >4 feet) Median",Dry,Clear,Six o'clock,Passenger Car,Disabling,N,Slowing or Stopping,2015-02-11 14:10,38,39.31062249,-76.7074576,2,1,기타,등속 주행 사고
6207,N,Apparently Normal,No Misuse,Y,No Injury,2da2eebf-6416-483c-a58d-e69417fe4b22,D,ADJ2900006,Shoulder/Lap Belt(s),M,e188ae5a-debd-4d43-ba22-e220e61c4107,Same Direction Rear End,N,Non Intersection,Right Turn Lane,Daylight,No Defects,"Two-way, Divided, Unprotected (painted >4 feet) Median",Dry,Clear,Twelve o'clock,(Sport) Utility Vehicle,Superficial,N,Slowing or Stopping,2015-02-11 14:10,48,39.31062249,-76.7074576,2,1,기타,등속 주행 사고
6208,Y,Apparently Normal,No Misuse,Y,No Injury,5c90bd9a-1320-4ff1-9d1e-6b6410c129f8,D,ADJ2900007,Shoulder/Lap Belt(s),M,83c781bb-deb4-4d53-ae50-7414cf4aa1a8,Same Direction Sideswipe,N,Non Intersection,Right Turn Lane,Daylight,No Defects,"Two-way, Not Divided",Ice,Clear,Two o'clock,Truck Tractor,Superficial,N,Moving Constant Speed,2015-02-10 9:00,46,39.27280198,-76.66264996,2,2,기타,기타
6209,N,Apparently Normal,No Misuse,N,No Injury,cfc14dee-3eab-4cdf-8519-ffdbe7b4e5c2,D,ADJ2980001,Shoulder/Lap Belt(s),M,abd82f6d-162c-461f-aeba-0dd9caac3052,Same Direction Rear End,N,Non Intersection,Right Turn Lane,Dark Lights On,No Defects,"Two-way, Not Divided",Dry,Clear,Six o'clock,Pickup Truck,Functional,N,Stopped in Traffic Lane,2015-01-17 20:30,55,39.31003304,-76.64254278,2,0,기타,자차 사고
6210,N,Apparently Normal,No Misuse,N,No Injury,6752738c-77f7-45a8-b604-b657eee571cd,D,ADJ3110003,Shoulder/Lap Belt(s),M,231faf29-b4e9-41a9-96fb-af9cba55be0b,Same Movement Angle,N,Intersection Related,Right Turn Lane,Dark - Unknown Lighting,No Defects,"Two-way, Not Divided",Dry,Clear,Nine o'clock,Passenger Car,Functional,N,Starting From Lane,2015-02-07 1:48,23,39.31816775,-76.65074497,3,0,우회전 차선 사고,기타
6211,Y,Apparently Normal,No Misuse,N,No Injury,cb0dfabf-1241-42f9-8897-e7b690c8363d,D,ADJ3110007,Shoulder/Lap Belt(s),M,14652610-ae7d-4132-a018-515013845a23,Same Movement Angle,N,Intersection Related,Right Turn Lane,Daylight,No Defects,"Two-way, Not Divided",Wet,Raining,Non-collision,"Medium/Heavy Truck 2 axles (10,000 lbs (4,536 kg) or less)",No Damage,N,Moving Constant Speed,2015-03-10 18:36,40,39.30666681,-76.64610744,4,1,빗길사고,자차 사고
6212,N,Apparently Normal,No Misuse,N,No Injury,5d078e3e-3545-4453-905b-e75beb2ada2f,D,ADJ3140002,Shoulder/Lap Belt(s),M,d3c39397-29e3-43f9-ab8b-e63d8f1aa127,Same Movement Angle,N,Intersection,Right Turn Lane,Dark Lights On,No Defects,"Two-way, Not Divided",Wet,Raining,Twelve o'clock,Van,Functional,N,Accelerating,2015-03-04 22:41,44,39.28796701,-76.65146247,4,1,빗길사고,자차 사고
6213,N,Apparently Normal,No Misuse,N,No Injury,e40c5cb1-49d4-4c87-9c2f-a12472588fb1,D,ADJ3230006,Shoulder/Lap Belt(s),M,2260ec6a-1ddb-48fe-bf1b-948d9b786c19,Same Direction Rear End,N,Intersection,Left Turn Lane,Daylight,No Defects,"Two-way, Not Divided",Dry,Clear,Twelve o'clock,Passenger Car,Superficial,N,Making Right Turn,2015-01-30 14:58,22,39.30987116,-76.64497018,1,3,좌회전 차선 사고,감속 중 사고
6214,N,Apparently Normal,No Misuse,Y,No Injury,8c7699bc-15dd-4c4e-a792-93c0935f27e4,D,ADJ3370004,Shoulder/Lap Belt(s),M,c15ec839-b7ae-4310-af90-9e94c73adbd9,Same Movement Angle,N,Intersection,Right Turn Lane,Daylight,No Defects,"Two-way, Divided, Unprotected (painted >4 feet) Median",Dry,Clear,Twelve o'clock,Van,Superficial,N,Accelerating,2015-03-18 11:00,66,39.27677878,-76.66245818,3,0,우회전 차선 사고,기타
6215,N,Apparently Normal,No Misuse,N,Possible Incapacitating Injury,671971ed-c3ec-49e9-933e-a1ccbdcc3512,D,ADJ3370004,Shoulder/Lap Belt(s),M,6dd90009-bcdf-4d28-b558-b84ce3dc91d0,Same Movement Angle,N,Intersection,Right Turn Lane,Daylight,No Defects,"Two-way, Divided, Unprotected (painted >4 feet) Median",Dry,Clear,Six o'clock,Passenger Car,Superficial,N,Starting From Lane,2015-03-18 11:00,48,39.27677878,-76.66245818,3,0,우회전 차선 사고,기타
6216,N,Apparently Normal,No Misuse,N,No Injury,290ff6fb-6b63-4bec-998e-84f5996de515,D,ADJ3420004,Shoulder/Lap Belt(s),M,dae79226-4500-4b36-83cf-01f8cff57317,Same Direction Rear End,N,Intersection,Right Turn Lane,Daylight,No Defects,"Two-way, Not Divided",Ice,Cloudy,Six o'clock,Pickup Truck,Superficial,N,Stopped in Traffic Lane,2015-03-03 9:10,60,39.28881607,-76.63378,0,1,눈길사고,등속 주행 사고
6217,N,Apparently Normal,No Misuse,Y,No Injury,db060b95-72c4-4dea-874e-0e1c2dc74062,D,ADJ3420004,Shoulder/Lap Belt(s),M,c20d9819-ff8d-4e15-95a0-8595ccd6f26b,Same Direction Rear End,N,Intersection,Right Turn Lane,Daylight,No Defects,"Two-way, Not Divided",Ice,Cloudy,Eleven o'clock,Passenger Car,Superficial,N,Slowing or Stopping,2015-03-03 9:10,42,39.28881607,-76.63378,0,1,눈길사고,등속 주행 사고
6218,N,Apparently Normal,No Misuse,N,No Injury,70516db6-e0b8-42d1-bc11-914c915bc10e,D,ADJ3520004,Shoulder/Lap Belt(s),M,543a5f62-7914-4869-8bc6-6e7af151abca,Same Direction Rear End,N,Intersection,Right Turn Lane,Daylight,No Defects,"Two-way, Divided, Positive Median Barrier",Dry,Cloudy,Six o'clock,"Other Light Trucks (10,000 lbs (4,536 kg))",No Damage,N,Stopped in Traffic Lane,2015-02-09 10:45,59,39.28917313,-76.62802935,3,3,우회전 차선 사고,동일 방향 운행 중 추돌 사고
6219,N,Apparently Normal,No Misuse,Y,No Injury,4b97e606-a147-4907-a9bb-696c847b6f5c,D,ADJ3520004,Shoulder/Lap Belt(s),M,c6afb32b-873e-4fa1-a018-cbf57b258bbe,Same Direction Rear End,N,Intersection,Right Turn Lane,Daylight,No Defects,"Two-way, Divided, Positive Median Barrier",Dry,Cloudy,Twelve o'clock,Passenger Car,Functional,N,Accelerating,2015-02-09 10:45,39,39.28917313,-76.62802935,3,3,우회전 차선 사고,동일 방향 운행 중 추돌 사고
6220,N,Apparently Normal,No Misuse,N,No Injury,346b2033-40e0-4f0c-8149-dd934bae22d1,D,ADJ3750001,Shoulder/Lap Belt(s),M,753b4b89-f1f4-49e0-88ba-687cf45f49d2,Same Direction Left Turn,N,Non Intersection,Right Turn Lane,Daylight,No Defects,"Two-way, Divided, Positive Median Barrier",Dry,Clear,One o'clock,Passenger Car,Superficial,N,Moving Constant Speed,2015-02-04 16:50,29,39.31411297,-76.6811049,2,2,기타,기타
6221,N,Apparently Normal,No Misuse,N,No Injury,f7db164e-0b00-4b0c-b22d-abc27fc970ed,D,ADJ3750002,Shoulder/Lap Belt(s),M,c6d47557-29df-4007-b307-188137f02a13,Same Movement Angle,N,Intersection,Right Turn Lane,Daylight,Loose Surface Material,One-way Trafficway,Snow,Clear,Seven o'clock,Passenger Car,Functional,N,Moving Constant Speed,2015-02-23 13:50,37,39.33765403,-76.68704331,3,0,우회전 차선 사고,기타
6222,N,Apparently Normal,No Misuse,Y,No Injury,f962b273-8ce4-4f77-b977-02db42aec756,D,ADJ386000B,Shoulder/Lap Belt(s),M,1b6fb66e-ffc0-4a3f-802c-9df64df46587,Same Direction Right Turn,N,Intersection,Right Turn Lane,Daylight,No Defects,"Two-way, Not Divided",Dry,Cloudy,Ten o'clock,Passenger Car,Disabling,N,Changing Lanes,2015-03-03 15:00,58,39.27395912,-76.56912804,3,1,우회전 차선 사고,등속 주행 중 측면 추돌 사고
6223,N,Apparently Normal,No Misuse,N,No Injury,63fcce2e-d376-4312-968c-e3052d49f97f,D,ADJ3900006,Shoulder/Lap Belt(s),M,abe3652f-b26e-4e39-8607-1c83b9a74eb1,Same Direction Sideswipe,N,Non Intersection,Right Turn Lane,Daylight,No Defects,"Two-way, Divided, Unprotected (painted >4 feet) Median",Dry,Clear,One o'clock,Passenger Car,Functional,N,Moving Constant Speed,2015-01-20 14:50,43,39.26804325,-76.65094882,2,2,기타,기타
6224,N,Apparently Normal,No Misuse,N,No Injury,5175f4d2-5afc-4930-bb49-ae1585ac33ce,D,ADJ390000D,Shoulder/Lap Belt(s),M,302f2632-626f-4ffd-beb8-06124454ff61,Same Direction Rear End,N,Non Intersection,Right Turn Lane,Daylight,No Defects,"Two-way, Divided, Unprotected (painted >4 feet) Median",Dry,Clear,Six o'clock,Pickup Truck,Superficial,N,Stopped in Traffic Lane,2015-02-08 10:30,39,39.30899213,-76.66982621,2,0,기타,자차 사고
6225,N,Apparently Normal,No Misuse,N,No Injury,c7d534f9-14d0-4e97-a32c-6e50edad514f,D,ADJ3930002,Shoulder/Lap Belt(s),M,c98e04fc-1851-43df-aea2-6fa7805126c2,Same Movement Angle,N,Intersection Related,Right Turn Lane,Daylight,No Defects,"Two-way, Divided, Positive Median Barrier",Dry,Clear,Twelve o'clock,Passenger Car,Disabling,N,Moving Constant Speed,2015-01-22 9:30,44,39.29312557,-76.66246891,3,0,우회전 차선 사고,기타
6226,N,Apparently Normal,No Misuse,Y,No Injury,4a76c292-787d-4394-9887-e80dc513c807,D,ADJ3930002,Shoulder/Lap Belt(s),M,08e5e8b6-f785-4ede-a82a-c659a664bdaf,Same Movement Angle,N,Intersection Related,Right Turn Lane,Daylight,No Defects,"Two-way, Divided, Positive Median Barrier",Dry,Clear,Nine o'clock,Passenger Car,Disabling,N,Moving Constant Speed,2015-01-22 9:30,27,39.29312557,-76.66246891,3,0,우회전 차선 사고,기타
6227,N,Apparently Normal,No Misuse,N,No Injury,af0d7a45-e1e0-4dde-8b74-67fd4ede90a1,D,ADJ3930003,Shoulder/Lap Belt(s),M,e9ed81f6-3d74-4454-aea5-8ff05128a7ef,Same Direction Rear End,N,Non Intersection,Right Turn Lane,Daylight,No Defects,"Two-way, Not Divided",Dry,Clear,Six o'clock,Passenger Car,Superficial,N,Slowing or Stopping,2015-02-05 11:50,58,39.31024472,-76.6382432,2,1,기타,등속 주행 사고
6228,N,Apparently Normal,No Misuse,N,No Injury,ee245c54-02e1-4c18-88b6-c052227e9b2f,D,ADJ3930006,Shoulder/Lap Belt(s),M,6428d815-5bec-4758-a1df-1495b3f5b1a4,Same Direction Rear End,N,Non Intersection,Right Turn Lane,Daylight,No Defects,"Two-way, Not Divided",Dry,Clear,Six o'clock,Passenger Car,Functional,N,Slowing or Stopping,2015-03-23 15:50,43,39.28947206,-76.67246819,2,1,기타,등속 주행 사고
6229,N,Apparently Normal,No Misuse,Y,No Injury,5e3fcfcf-5cfb-45ef-b454-634b1196ad4f,D,ADJ3930006,Shoulder/Lap Belt(s),M,6a9e66d4-93d2-4372-9671-29ec8bb89abf,Same Direction Rear End,N,Non Intersection,Right Turn Lane,Daylight,No Defects,"Two-way, Not Divided",Dry,Clear,Twelve o'clock,Passenger Car,Functional,N,Moving Constant Speed,2015-03-23 15:50,23,39.28947206,-76.67246819,2,3,기타,등속 주행 중 측면 추돌 사고
6230,N,Apparently Normal,No Misuse,N,No Injury,4898f08f-e630-4024-8566-1feb4de15c2e,D,ADJ4060001,Shoulder/Lap Belt(s),M,dbd4747d-a757-459b-bd1a-ecbb5189fbb9,Same Movement Angle,N,Intersection,Right Turn Lane,Dusk,No Defects,"Two-way, Divided, Positive Median Barrier",Wet,Cloudy,Five o'clock,Police Vehicle/Emergency,Functional,N,Making Left Turn,2015-01-06 17:03,27,39.2969408,-76.5297237,4,1,빗길사고,자차 사고
6231,N,Apparently Normal,No Misuse,N,No Injury,bf1dd677-aea4-41d2-a916-ad792ca0c66e,D,ADJ4060003,Shoulder/Lap Belt(s),M,fbd41b8d-4c9b-4b03-9b81-9225edf1d8c0,Same Direction Rear End,N,Intersection,Right Turn Lane,Daylight,No Defects,"Two-way, Divided, Positive Median Barrier",Dry,Clear,Six o'clock,Passenger Car,Functional,N,Stopped in Traffic Lane,2015-01-08 16:00,45,39.28739612,-76.54826045,3,3,우회전 차선 사고,동일 방향 운행 중 추돌 사고
6232,N,Apparently Normal,No Misuse,N,No Injury,ebef2b2e-1385-49f3-aefa-a048744ef25c,D,ADJ4060003,Shoulder/Lap Belt(s),M,3c07c90e-f9aa-4292-9ad2-837d03438fc4,Same Direction Rear End,N,Intersection,Right Turn Lane,Daylight,No Defects,"Two-way, Divided, Positive Median Barrier",Dry,Clear,Six o'clock,Passenger Car,Functional,N,Stopped in Traffic Lane,2015-01-08 16:00,34,39.28739612,-76.54826045,3,3,우회전 차선 사고,동일 방향 운행 중 추돌 사고
6233,N,Apparently Normal,No Misuse,N,No Injury,7f8ac1cc-ca00-4d8e-acba-2340c52df02a,D,ADJ4060008,Shoulder/Lap Belt(s),M,b001339f-441a-4196-af66-87985224fb68,Same Direction Rear End,N,Intersection,Left Turn Lane,Daylight,No Defects,"Two-way, Divided, Positive Median Barrier",Dry,Clear,Six o'clock,Passenger Car,Functional,N,Stopped in Traffic Lane,2015-03-08 9:30,59,39.27254873,-76.5308395,1,2,좌회전 차선 사고,기타
6234,N,Apparently Normal,No Misuse,Y,No Injury,503cb4a2-bdba-4e19-9299-2de8fe7ef34a,D,ADJ4120006,Shoulder/Lap Belt(s),M,17833579-d714-4c2a-9b18-96b84a58c0aa,Angle Meets Left Turn Head On,N,Intersection,Right Turn Lane,Daylight,No Defects,"Two-way, Not Divided",Dry,Clear,Eleven o'clock,Passenger Car,Functional,N,Accelerating,2015-02-05 16:34,23,39.33332237,-76.6470167,3,1,우회전 차선 사고,등속 주행 중 측면 추돌 사고
6235,N,Apparently Normal,No Misuse,N,Possible Incapacitating Injury,faaf4bb5-4a31-4c98-bac8-6060d89a033f,D,ADJ4120006,Shoulder/Lap Belt(s),M,d46ee54f-2925-4fe3-b9a4-616aa5b43939,Angle Meets Left Turn Head On,N,Intersection,Right Turn Lane,Daylight,No Defects,"Two-way, Not Divided",Dry,Clear,One o'clock,Passenger Car,Functional,N,Moving Constant Speed,2015-02-05 16:34,55,39.33332237,-76.6470167,3,2,우회전 차선 사고,기타
6236,N,Apparently Normal,No Misuse,N,No Injury,4f36c6f4-3eb8-432a-b930-130e3410b0dc,D,ADJ4120008,Shoulder/Lap Belt(s),M,d14cd50e-6167-450f-8cc3-dbf03297ef7e,Same Direction Rear End Left Turn,N,Intersection Related,Right Turn Lane,Daylight,No Defects,"Two-way, Not Divided",Dry,Cloudy,Six o'clock,(Sport) Utility Vehicle,No Damage,N,Stopped in Traffic Lane,2015-02-16 8:00,63,39.35292886,-76.66660219,3,1,우회전 차선 사고,등속 주행 중 측면 추돌 사고
6237,N,Apparently Normal,No Misuse,N,No Injury,6deb1163-92ea-4b8a-a1fb-cf9667a780fa,D,ADJ4190002,Shoulder/Lap Belt(s),M,78934321-b756-489b-979a-c1b5999907dd,Same Movement Angle,N,Intersection,Right Turn Lane,Daylight,No Defects,"Two-way, Not Divided",Wet,Raining,Four o'clock,Passenger Car,Superficial,N,Moving Constant Speed,2015-01-24 15:00,53,39.34556566,-76.60418987,4,1,빗길사고,자차 사고
6238,N,Apparently Normal,No Misuse,N,No Injury,8ede5e66-fb7c-4e2d-9f8d-73b90713b12d,D,ADJ4240006,Shoulder/Lap Belt(s),M,6dba8a29-21a2-4e82-8822-4cecd44df2d8,Head On Left Turn,N,Intersection,Right Turn Lane,Dark Lights On,No Defects,"Two-way, Not Divided",Dry,Clear,Twelve o'clock,Passenger Car,Disabling,N,Moving Constant Speed,2015-01-22 18:45,30,39.29211257,-76.57620907,3,2,우회전 차선 사고,기타
6239,N,Apparently Normal,No Misuse,Y,No Injury,11385aba-5409-4bf2-863d-46fff59cfe4f,D,ADJ4240006,Shoulder/Lap Belt(s),M,b872e3e1-911b-46f9-b8f4-7df891d48ad0,Head On Left Turn,N,Intersection,Right Turn Lane,Dark Lights On,No Defects,"Two-way, Not Divided",Dry,Clear,Twelve o'clock,Passenger Car,Disabling,N,Making Left Turn,2015-01-22 18:45,66,39.29211257,-76.57620907,3,1,우회전 차선 사고,등속 주행 중 측면 추돌 사고
6240,N,Apparently Normal,No Misuse,N,No Injury,7bcc1a10-63cb-46ca-8189-4986a73937cf,D,ADJ424000G,Shoulder/Lap Belt(s),M,b1a4eca9-cbdd-4791-bff8-7d1db5ee5e0b,Same Movement Angle,N,Intersection,Left Turn Lane,Daylight,No Defects,"Two-way, Not Divided",Ice,Clear,Twelve o'clock,Passenger Car,Functional,N,Moving Constant Speed,2015-03-02 8:15,28,39.29561649,-76.58066154,1,0,좌회전 차선 사고,등속 주행 중 측면 추돌 사고
6241,N,Apparently Normal,No Misuse,Y,No Injury,ba66a20d-e384-4448-9764-6a603ba44f06,D,ADJ424000G,Shoulder/Lap Belt(s),M,6c78ad7e-7e5d-4a44-a449-ee00f5c3eec0,Same Movement Angle,N,Intersection,Left Turn Lane,Daylight,No Defects,"Two-way, Not Divided",Ice,Clear,Eight o'clock,(Sport) Utility Vehicle,Functional,N,Moving Constant Speed,2015-03-02 8:15,24,39.29561649,-76.58066154,1,0,좌회전 차선 사고,등속 주행 중 측면 추돌 사고
6242,N,Apparently Normal,No Misuse,Y,No Injury,358b8d29-fac3-424e-8a96-82e8e68b29f0,D,ADJ424000H,Shoulder/Lap Belt(s),M,7a8fcc86-c830-40b7-be7d-546d0e98ef77,Single Vehicle ,N,Alley,Right Turn Lane,Dark Lights On,No Defects,"Two-way, Not Divided",Wet,Raining,Twelve o'clock,Passenger Car,No Damage,N,Accelerating,2015-03-14 19:20,24,39.28243021,-76.59732342,4,0,빗길사고,등속 주행 중 사고
6243,N,Apparently Normal,No Misuse,N,No Injury,ac41efed-17ca-488b-9d28-0393df7b7609,D,ADJ4290001,Shoulder/Lap Belt(s),M,b0b63fba-0edf-44d7-ad71-32482373a7a3,Same Movement Angle,N,Intersection Related,Left Turn Lane,Daylight,No Defects,"Two-way, Divided, Positive Median Barrier",Snow,Snow,Twelve o'clock,Recreational Vehicle,Destroyed,N,Moving Constant Speed,2015-01-06 8:31,29,39.31433708,-76.66606307,0,0,눈길사고,감속 중 사고
6244,N,Apparently Normal,No Misuse,Y,No Injury,5a51c744-8a14-4e54-878a-69b6ab50c2da,D,ADJ4290001,Shoulder/Lap Belt(s),M,14f782fe-5837-46c0-89bf-ceee10d39ad8,Same Movement Angle,N,Intersection Related,Left Turn Lane,Daylight,No Defects,"Two-way, Divided, Positive Median Barrier",Snow,Snow,Nine o'clock,(Sport) Utility Vehicle,Disabling,N,Moving Constant Speed,2015-01-06 8:31,41,39.31433708,-76.66606307,0,0,눈길사고,감속 중 사고
6245,N,Apparently Normal,No Misuse,N,No Injury,044689b2-ba71-47e1-b328-28110d394ce9,D,ADJ4320002,Shoulder/Lap Belt(s),M,f46e49aa-6756-4a9a-9f25-213f9aa46de7,Same Direction Left Turn,N,Intersection Related,Right Turn Lane,Daylight,No Defects,"Two-way, Not Divided",Wet,Clear,Three o'clock,Passenger Car,Disabling,N,Moving Constant Speed,2015-01-22 9:45,18,39.31758051,-76.66014612,3,2,우회전 차선 사고,기타
6246,N,Apparently Normal,No Misuse,N,No Injury,dd7ec8c3-0ff6-4486-815f-ab3916a7338c,D,ADJ4420003,Shoulder/Lap Belt(s),M,327b1e23-3575-4e21-a96d-0c32b5207c6c,Same Direction Rear End,N,Intersection,Right Turn Lane,Daylight,No Defects,One-way Trafficway,Dry,Clear,Six o'clock,Truck Tractor,Superficial,Y,Stopped in Traffic Lane,2015-03-17 10:30,56,39.28691656,-76.60429716,3,3,우회전 차선 사고,동일 방향 운행 중 추돌 사고
6247,N,Apparently Normal,No Misuse,N,No Injury,8efd4818-c12f-4a3a-984a-2bc0c6aaa9dc,D,ADJ4430002,Shoulder/Lap Belt(s),M,ef0b010e-0af0-4bb1-809e-98fdcd35e0a1,Same Direction Sideswipe,N,Intersection,Right Turn Lane,Daylight,No Defects,"Two-way, Not Divided",Dry,Cloudy,Two o'clock,"Cargo Van/Light Truck 2 axles (10,000 lbs (4,536 kg) or less)",Disabling,N,Moving Constant Speed,2015-01-09 15:15,47,39.29473845,-76.57346115,3,2,우회전 차선 사고,기타
6248,N,Apparently Normal,No Misuse,Y,No Injury,774fa720-a07b-4b9b-96ac-7d89eb4f1791,D,ADJ4430002,Shoulder/Lap Belt(s),M,24c1f179-b68e-4164-b705-e68b847d1e28,Same Direction Sideswipe,N,Intersection,Right Turn Lane,Daylight,No Defects,"Two-way, Not Divided",Dry,Cloudy,Twelve o'clock,Passenger Car,Disabling,N,Moving Constant Speed,2015-01-09 15:15,55,39.29473845,-76.57346115,3,2,우회전 차선 사고,기타
6249,N,Apparently Normal,No Misuse,Y,No Injury,d0bcc4dd-c5bd-4dff-a7c2-44d57f1cfe6d,D,ADJ4430009,Shoulder/Lap Belt(s),M,93976ad7-7b3e-49c3-943f-ba4ca77a23e5,Single Vehicle ,N,Non Intersection,Right Turn Lane,Daylight,No Defects,One-way Trafficway,Wet,Raining,One o'clock,"Cargo Van/Light Truck 2 axles (10,000 lbs (4,536 kg) or less)",Superficial,N,Moving Constant Speed,2015-03-27 9:45,32,39.29301971,-76.57066226,4,2,빗길사고,동일 방향 운행 중 추돌 사고
6250,N,Apparently Normal,No Misuse,N,No Injury,018ce872-e6f6-40e1-b019-a16432d2e671,D,ADJ4470003,Shoulder/Lap Belt(s),M,641b2cda-c30f-4189-8a8a-8bcc2a972af0,Same Movement Angle,N,Intersection,Right Turn Lane,Dark Lights On,No Defects,"Two-way, Divided, Unprotected (painted >4 feet) Median",Wet,Snow,Twelve o'clock,Van,Disabling,N,Moving Constant Speed,2015-01-29 17:15,55,39.31530056,-76.67270422,4,1,빗길사고,자차 사고
6251,N,Apparently Normal,No Misuse,Y,No Injury,df5ffe68-720e-4a88-808e-a4ab66b4e4cd,D,ADJ4470003,Shoulder/Lap Belt(s),M,525d3fb6-604c-4cfd-b8f6-7f38fdecfefb,Same Movement Angle,N,Intersection,Right Turn Lane,Dark Lights On,No Defects,"Two-way, Divided, Unprotected (painted >4 feet) Median",Wet,Snow,One o'clock,(Sport) Utility Vehicle,Disabling,N,Moving Constant Speed,2015-01-29 17:15,40,39.31530056,-76.67270422,4,1,빗길사고,자차 사고
6252,Y,Apparently Normal,No Misuse,N,No Injury,3cd4fd94-1b56-43a3-b0f6-dbdca70011c3,D,ADJ4470007,Shoulder/Lap Belt(s),M,22bb8f39-1702-4990-bb18-190981f88926,Same Movement Angle,N,Intersection,Right Turn Lane,Dark Lights On,No Defects,"Two-way, Not Divided",Ice,Clear,Six o'clock,"Other Light Trucks (10,000 lbs (4,536 kg))",No Damage,N,Making Left Turn,2015-03-02 5:30,38,39.3289365,-76.65661097,3,0,우회전 차선 사고,기타
6253,Y,Apparently Normal,No Misuse,N,No Injury,85b70eac-56ca-4fdf-b5e3-10d3cd80e811,D,ADJ4540001,Shoulder/Lap Belt(s),M,e3fb67da-1e15-4b6c-ac9a-867c6190cf8e,Same Direction Right Turn,N,Intersection Related,Right Turn Lane,Daylight,No Defects,"Two-way, Divided, Positive Median Barrier",Dry,Clear,Eight o'clock,"Other Light Trucks (10,000 lbs (4,536 kg))",No Damage,N,Moving Constant Speed,2015-01-29 16:10,54,39.32792597,-76.58368707,3,2,우회전 차선 사고,기타
6254,N,Apparently Normal,No Misuse,Y,No Injury,e42fb24f-c633-47bd-bc64-e8701be3c02d,D,ADJ4540001,Shoulder/Lap Belt(s),M,cde634de-1b9c-49ae-8923-832d0798b58d,Same Direction Right Turn,N,Intersection Related,Right Turn Lane,Daylight,No Defects,"Two-way, Divided, Positive Median Barrier",Dry,Clear,Two o'clock,Passenger Car,Superficial,N,Moving Constant Speed,2015-01-29 16:10,73,39.32792597,-76.58368707,3,2,우회전 차선 사고,기타
6255,N,Apparently Normal,No Misuse,N,No Injury,527df24d-150b-4d9f-8a31-b36206b2539c,D,ADJ4550004,Shoulder/Lap Belt(s),M,a9fe3ea8-e183-48d9-b730-6afacf7ead42,Same Direction Rear End,N,Non Intersection,Right Turn Lane,Dark Lights On,No Defects,"Two-way, Not Divided",Dry,Clear,Six o'clock,Passenger Car,Superficial,N,Stopped in Traffic Lane,2015-02-06 18:07,40,39.29311727,-76.66234016,2,0,기타,자차 사고
6256,N,Apparently Normal,No Misuse,N,No Injury,54ac2bcb-6243-46e6-99e7-f1d38cedf52f,D,ADJ4560001,Shoulder/Lap Belt(s),M,b081db70-cdeb-4e17-85c4-66106fe101d7,Same Direction Rear End,N,Intersection Related,Right Turn Lane,Dark Lights On,No Defects,"Two-way, Not Divided",Dry,Clear,Six o'clock,Passenger Car,Superficial,N,Stopped in Traffic Lane,2015-01-01 21:00,25,39.29561234,-76.58200264,3,3,우회전 차선 사고,동일 방향 운행 중 추돌 사고