KEY_INDEX,CDL_FLAG,CONDITION_CODE,EQUIP_PROB_CODE,FAULT_FLAG,INJ_SEVER_CODE,PERSON_ID,PERSON_TYPE,REPORT_NO,SAF_EQUIP_CODE,SEX_CODE,VEHICLE_ID,COLLISION_TYPE_CODE,C_M_ZONE_FLAG,JUNCTION_CODE,LANE_CODE,LIGHT_CODE,RD_COND_CODE,RD_DIV_CODE,SURF_COND_CODE,WEATHER_CODE,AREA_DAMAGED_CODE_MAIN,BODY_TYPE_CODE,DAMAGE_CODE,HIT_AND_RUN_FLAG,MOVEMENT_CODE,TIME,AGE,LATITUDE,LONGITUDE,CLUSTER,SECOND_LABEL,FIRST_LABEL,SECOND_LABELING
6257,N,Apparently Normal,No Misuse,N,No Injury,6a45636d-6ec9-4a25-849d-03957dfb4214,D,ADJ4620003,Shoulder/Lap Belt(s),M,ee0cd6b5-aba8-43a3-b837-d8d5fa1c7150,Same Direction Sideswipe,Y,Non Intersection,Right Turn Lane,Daylight,Shoulder Defect,"Two-way, Divided, Positive Median Barrier",Dry,Clear,Seven o'clock,Passenger Car,Functional,N,Moving Constant Speed,2015-02-06 10:50,76,39.27277973,-76.53128542,2,2,기타,기타
6258,Y,Apparently Normal,No Misuse,Y,No Injury,e9860dfd-4f19-422a-a795-11ba7adc0f24,D,ADJ4620003,Shoulder/Lap Belt(s),M,5be3ba1e-c6ce-4bdc-bcb3-593636e95607,Same Direction Sideswipe,Y,Non Intersection,Right Turn Lane,Daylight,Shoulder Defect,"Two-way, Divided, Positive Median Barrier",Dry,Clear,One o'clock,"Medium/Heavy Truck 2 axles (10,000 lbs (4,536 kg) or less)",Superficial,N,Changing Lanes,2015-02-06 10:50,30,39.27277973,-76.53128542,2,0,기타,자차 사고
6259,N,Apparently Normal,No Misuse,Y,No Injury,06733ce2-90c5-4df9-90af-ac01945261de,D,ADJ4620005,Shoulder/Lap Belt(s),M,71b0352e-94ed-4447-8d47-d888adf648fe,Same Direction Left Turn,N,Non Intersection,Right Turn Lane,Daylight,No Defects,"Two-way, Not Divided",Dry,Clear,Ten o'clock,Passenger Car,Functional,N,Making U Turn,2015-02-27 17:30,26,39.28008,-76.55448586,2,0,기타,자차 사고
6260,N,Apparently Normal,No Misuse,N,No Injury,be408f2a-a775-49d0-8276-1fe748016c55,D,ADJ4740002,Shoulder/Lap Belt(s),M,4d31bb27-768f-4ae4-aa49-9465bf501119,Same Direction Left Turn,N,Non Intersection,Left Turn Lane,Daylight,No Defects,"Two-way, Divided, Positive Median Barrier",Wet,Cloudy,Two o'clock,(Sport) Utility Vehicle,Superficial,N,Moving Constant Speed,2015-01-24 12:43,66,39.28081445,-76.55759051,4,2,빗길사고,동일 방향 운행 중 추돌 사고
6261,N,Apparently Normal,No Misuse,N,No Injury,e2565c4c-8759-41e2-9580-4599e611c70d,D,ADJ4740007,Shoulder/Lap Belt(s),M,62bf035a-c717-4a02-8a4a-a214ae735944,Same Direction Rear End,N,Intersection Related,Right Turn Lane,Dusk,No Defects,One-way Trafficway,Dry,Clear,Six o'clock,Passenger Car,Superficial,N,Slowing or Stopping,2015-02-13 18:07,44,39.28625224,-76.55125111,3,3,우회전 차선 사고,동일 방향 운행 중 추돌 사고
6262,N,Apparently Normal,No Misuse,Y,No Injury,4997de0e-6c6e-41ff-9265-d27c808c4f87,D,ADJ4740007,Shoulder/Lap Belt(s),M,4149ae7f-0af1-4fc4-9013-601ecbe12351,Same Direction Rear End,N,Intersection Related,Right Turn Lane,Dusk,No Defects,One-way Trafficway,Dry,Clear,Twelve o'clock,Passenger Car,Superficial,N,Moving Constant Speed,2015-02-13 18:07,44,39.28625224,-76.55125111,3,2,우회전 차선 사고,기타
6263,N,Apparently Normal,No Misuse,N,No Injury,291d4e6e-7295-404a-9a5a-3c423d3051c2,D,ADJ475000D,Shoulder/Lap Belt(s),M,fd6adf9d-9826-42ca-9fd7-b69b5d3012c4,Same Direction Rear End,N,Intersection,Right Turn Lane,Daylight,No Defects,"Two-way, Divided, Positive Median Barrier",Dry,Clear,Six o'clock,(Sport) Utility Vehicle,Superficial,N,Stopped in Traffic Lane,2015-03-11 12:45,72,39.32820411,-76.61581188,3,3,우회전 차선 사고,동일 방향 운행 중 추돌 사고
6264,N,Had Been Drinking,No Misuse,Y,No Injury,2a7fc8e8-f8d3-4645-a0eb-1d56108039b1,D,ADJ4870005,Shoulder/Lap Belt(s),M,47b7f3a1-d038-4b6d-a06e-d6229c283bd1,Opposite Direction Both Left Turn,N,Non Intersection,Right Turn Lane,Dark Lights On,No Defects,"Two-way, Not Divided",Wet,Foggy,Seven o'clock,Passenger Car,Superficial,N,Moving Constant Speed,2015-03-07 0:50,29,39.35169606,-76.57491222,4,2,빗길사고,동일 방향 운행 중 추돌 사고
6265,N,Apparently Normal,No Misuse,Y,No Injury,e37db81d-5663-49d8-8a41-59f838231558,D,ADJ4890009,Shoulder/Lap Belt(s),M,86001e70-90e2-48d6-abdd-7e6bcc0c5fc3,Head On,N,Intersection Related,Left Turn Lane,Daylight,No Defects,"Two-way, Not Divided",Wet,Cloudy,Twelve o'clock,Passenger Car,Disabling,N,Making Right Turn,2015-01-27 10:30,27,39.26453175,-76.65485144,4,0,빗길사고,등속 주행 중 사고
6266,N,Apparently Normal,No Misuse,N,No Injury,0cd51cb9-a2d2-4e4e-90a4-3a9f31b58868,D,ADJ492000B,Shoulder/Lap Belt(s),M,4fb3daf4-e307-4093-92fa-2f9a54d42e85,Same Direction Both Left Turn,N,Non Intersection,Right Turn Lane,Daylight,No Defects,One-way Trafficway,Dry,Clear,Ten o'clock,Passenger Car,Superficial,N,Moving Constant Speed,2015-03-17 18:20,59,39.3094478,-76.66115999,2,2,기타,기타
6267,N,Apparently Normal,No Misuse,N,No Injury,efe4210b-c7ac-46cc-b1b9-9934a8d9e8e1,D,ADJ5040001,Shoulder/Lap Belt(s),M,23355db2-d13c-43b1-977c-af0fa82e0bf7,Same Direction Rear End,N,Non Intersection,Left Turn Lane,Dark Lights On,No Defects,"Two-way, Divided, Positive Median Barrier",Dry,Clear,Six o'clock,Passenger Car,Superficial,N,Moving Constant Speed,2015-01-17 20:37,51,39.29379763,-76.68355644,1,0,좌회전 차선 사고,등속 주행 중 측면 추돌 사고
6268,N,Had Been Drinking,No Misuse,Y,No Injury,16ba0699-b120-4884-878e-a5f7ae2f23e7,D,ADJ5040001,Shoulder/Lap Belt(s),M,2b1ff9ee-0b00-4cbc-9fbb-86b403f4acd9,Same Direction Rear End,N,Non Intersection,Left Turn Lane,Dark Lights On,No Defects,"Two-way, Divided, Positive Median Barrier",Dry,Clear,Twelve o'clock,Passenger Car,Superficial,N,Moving Constant Speed,2015-01-17 20:37,39,39.29379763,-76.68355644,1,0,좌회전 차선 사고,등속 주행 중 측면 추돌 사고
6269,N,Apparently Normal,No Misuse,N,No Injury,10fa6396-98ca-40cb-bc29-7cfa2767cc7b,D,ADJ5040004,Shoulder/Lap Belt(s),M,35855e48-15ea-448c-8d5c-12bab099f9a3,Opposite Direction Sideswipe,N,Non Intersection,Right Turn Lane,Daylight,No Defects,"Two-way, Not Divided",Dry,Clear,Five o'clock,Passenger Car,Superficial,N,Slowing or Stopping,2015-02-16 15:00,51,39.31123148,-76.70132741,2,1,기타,등속 주행 사고
6270,Y,Apparently Normal,No Misuse,N,No Injury,424a0953-77e3-46b3-913a-763c18a050e2,D,ADJ5060002,Shoulder/Lap Belt(s),M,d91cefca-9c85-40b3-b285-cdf15153b634,Same Direction Both Left Turn,N,Non Intersection,Right Turn Lane,Daylight,No Defects,One-way Trafficway,Snow,Snow,Seven o'clock,Van,Functional,N,Skidding,2015-03-05 14:18,53,39.25443187,-76.63694233,0,2,눈길사고,미끌어짐에 의한 사고
6271,N,Apparently Normal,No Misuse,Y,No Injury,3df380be-bb3e-4be7-ad09-26e357958f4b,D,ADJ5060002,Shoulder/Lap Belt(s),M,e6205459-b552-4bb3-b668-324283df09d5,Same Direction Both Left Turn,N,Non Intersection,Right Turn Lane,Daylight,No Defects,One-way Trafficway,Snow,Snow,Five o'clock,Passenger Car,Disabling,N,Skidding,2015-03-05 14:18,28,39.25443187,-76.63694233,0,2,눈길사고,미끌어짐에 의한 사고
6272,N,Apparently Normal,No Misuse,N,No Injury,976b7ce4-e558-4775-a65c-e2ac94345807,D,ADJ5090002,Shoulder/Lap Belt(s),M,a8ac8f45-29be-4758-a5e4-c679fdb1122c,Same Direction Right Turn,N,Non Intersection,Right Turn Lane,Dusk,No Defects,"Two-way, Not Divided",Dry,Clear,One o'clock,"Medium/Heavy Truck 2 axles (10,000 lbs (4,536 kg) or less)",Superficial,N,Making Right Turn,2015-01-13 16:44,48,39.26646301,-76.5686506,2,0,기타,자차 사고
6273,Y,Apparently Normal,No Misuse,N,No Injury,d9186944-969c-4762-8ac2-2856088d0688,D,ADJ5090006,Shoulder/Lap Belt(s),M,52b12caf-cf9e-452c-b3ab-e16e7c6b636a,Same Direction Sideswipe,Y,Intersection Related,Right Turn Lane,Daylight,Shoulder Defect,"Two-way, Not Divided",Dry,Clear,Eleven o'clock,"Medium/Heavy Truck 2 axles (10,000 lbs (4,536 kg) or less)",Functional,N,Stopped in Traffic Lane,2015-02-27 13:35,56,39.26194212,-76.54252857,3,1,우회전 차선 사고,등속 주행 중 측면 추돌 사고
6274,N,Apparently Normal,No Misuse,Y,No Injury,fef1fcc7-e5a3-4b2b-b771-60f0255785d8,D,ADJ509000B,Shoulder/Lap Belt(s),M,2dc7b39a-333d-48a7-824e-f9ce62d42d55,Single Vehicle ,N,Interchange Related,Right Turn Lane,Daylight,No Defects,"Two-way, Divided, Positive Median Barrier",Snow,Sleet,Ten o'clock,Passenger Car,Disabling,N,Making Right Turn,2015-03-01 11:30,33,39.28734785,-76.55407548,0,2,눈길사고,미끌어짐에 의한 사고
6275,N,Apparently Normal,No Misuse,N,No Injury,3145c211-05bf-46dc-8242-3eb1b8ded6b7,D,ADJ5140004,Shoulder/Lap Belt(s),M,166b0e2d-2791-4594-99b8-b7af09c796c0,Same Direction Rear End,N,Intersection Related,Left Turn Lane,Daylight,No Defects,One-way Trafficway,Dry,Clear,Six o'clock,Passenger Car,Functional,N,Slowing or Stopping,2015-03-11 10:25,44,39.28632319,-76.61954418,1,3,좌회전 차선 사고,감속 중 사고
6276,N,Apparently Normal,No Misuse,Y,No Injury,55f55efa-915b-49a0-8325-62482b30b82d,D,ADJ5140004,Shoulder/Lap Belt(s),M,bd640ef6-f6fe-4103-90ba-d22d0a0c132a,Same Direction Rear End,N,Intersection Related,Left Turn Lane,Daylight,No Defects,One-way Trafficway,Dry,Clear,Twelve o'clock,Passenger Car,Disabling,N,Moving Constant Speed,2015-03-11 10:25,32,39.28632319,-76.61954418,1,0,좌회전 차선 사고,등속 주행 중 측면 추돌 사고
6277,N,Apparently Normal,No Misuse,N,No Injury,fbdeb6c4-d03d-4835-b522-c6c76bc52202,D,ADJ517000B,Shoulder/Lap Belt(s),M,e025fba6-e081-470f-bebb-e4d2f03367ee,Same Direction Rear End,N,Non Intersection,Right Turn Lane,Dark Lights On,No Defects,"Two-way, Divided, Positive Median Barrier",Snow,Snow,Twelve o'clock,Station Wagon,Disabling,N,Moving Constant Speed,2015-02-21 19:00,55,39.26660006,-76.66751146,0,3,눈길사고,자차 사고
6278,N,Apparently Normal,No Misuse,N,No Injury,5ee65683-99c0-4d2b-8c8e-c759e9823bd0,D,ADJ531000C,Lap Belt Only,M,84c19ab3-f892-4aaa-85ec-1a82f1155c8e,Same Movement Angle,N,Intersection,Shoulder Area,Dark Lights On,No Defects,"Two-way, Divided, Positive Median Barrier",Dry,Clear,Ten o'clock,(Sport) Utility Vehicle,Superficial,N,Accelerating,2015-02-03 18:59,57,39.32580979,-76.55161053,1,1,좌회전 차선 사고,등속 주행 사고
6279,N,Apparently Normal,No Misuse,Y,No Injury,4828de20-c49c-4bc2-a08e-4ef61d36e0fd,D,ADJ531000D,Lap Belt Only,M,e0c8f457-4c8e-4128-aa03-b8f32b709314,Same Direction Sideswipe,N,Non Intersection,Left Turn Lane,Dark No Lights,No Defects,"Two-way, Not Divided",Dry,Clear,Three o'clock,Fire Vehicle/Emergency,No Damage,N,Stopped in Traffic Lane,2015-02-03 22:00,37,39.32195464,-76.55345589,1,2,좌회전 차선 사고,기타
6280,N,Apparently Normal,No Misuse,N,No Injury,78546f19-afac-42a2-b303-867903d0accf,D,ADJ531000N,Shoulder/Lap Belt(s),M,667022e9-16f8-4152-aa69-1aad691556ac,Same Direction Rear End,N,Non Intersection,Left Turn Lane,Daylight,No Defects,"Two-way, Divided, Unprotected (painted >4 feet) Median",Dry,Clear,Six o'clock,Passenger Car,Superficial,N,Moving Constant Speed,2015-02-12 11:00,49,39.31874462,-76.54007971,1,0,좌회전 차선 사고,등속 주행 중 측면 추돌 사고
6281,N,Apparently Normal,No Misuse,Y,No Injury,2a169c9b-6997-449e-bed1-bcb200612fd1,D,ADJ531000N,Shoulder/Lap Belt(s),M,a256d0ec-561e-48d3-b8ff-d745f9215dbd,Same Direction Rear End,N,Non Intersection,Left Turn Lane,Daylight,No Defects,"Two-way, Divided, Unprotected (painted >4 feet) Median",Dry,Clear,Twelve o'clock,Passenger Car,Superficial,N,Moving Constant Speed,2015-02-12 11:00,28,39.31874462,-76.54007971,1,0,좌회전 차선 사고,등속 주행 중 측면 추돌 사고
6282,N,Apparently Normal,No Misuse,N,No Injury,1ee97032-5fba-453d-8d2e-6ce047bc9efc,D,ADJ531000Q,Shoulder/Lap Belt(s),M,41a984b4-ca71-435e-b0f0-217a4ad7a183,Same Direction Rear End,N,Intersection,Left Turn Lane,Daylight,No Defects,"Two-way, Divided, Positive Median Barrier",Snow,Cloudy,Six o'clock,Pickup Truck,Superficial,N,Accelerating,2015-02-17 13:00,56,39.30696982,-76.55926287,1,3,좌회전 차선 사고,감속 중 사고
6283,N,Apparently Normal,No Misuse,Y,No Injury,7203a18f-89a3-40d8-8eb4-1f9b25893b57,D,ADJ531000Q,Shoulder/Lap Belt(s),M,ad814342-ff11-4d23-b331-20dcbdc08d25,Same Direction Rear End,N,Intersection,Left Turn Lane,Daylight,No Defects,"Two-way, Divided, Positive Median Barrier",Snow,Cloudy,Twelve o'clock,Passenger Car,Functional,N,Accelerating,2015-02-17 13:00,50,39.30696982,-76.55926287,1,3,좌회전 차선 사고,감속 중 사고
6284,N,Apparently Normal,No Misuse,N,No Injury,bbd5aa4a-3514-4770-9ad9-1622ff6b0d5b,D,ADJ531000T,Shoulder/Lap Belt(s),M,9cfa7be3-f804-46ed-9ebb-4d0be940d992,Same Movement Angle,N,Intersection,Left Turn Lane,Daylight,No Defects,"Two-way, Divided, Positive Median Barrier",Wet,Clear,Nine o'clock,Passenger Car,Disabling,N,Accelerating,2015-02-18 14:35,40,39.309857,-76.530498,1,1,좌회전 차선 사고,등속 주행 사고
6285,N,Apparently Normal,No Misuse,Y,No Injury,c7e89c13-2a2d-4ea4-a20f-f45f24b16f1c,D,ADJ531000T,Shoulder/Lap Belt(s),M,c78cc753-5da1-45f2-9906-da929b92985e,Same Movement Angle,N,Intersection,Left Turn Lane,Daylight,No Defects,"Two-way, Divided, Positive Median Barrier",Wet,Clear,Twelve o'clock,Passenger Car,Disabling,N,Moving Constant Speed,2015-02-18 14:35,55,39.309857,-76.530498,1,0,좌회전 차선 사고,등속 주행 중 측면 추돌 사고
6286,N,Apparently Normal,No Misuse,N,No Injury,020da3f5-a6cc-44fe-8a29-8be196550f68,D,ADJ531000Z,Shoulder/Lap Belt(s),M,cdc4fc29-2693-469f-a7ec-f522bc797470,Same Direction Rear End,N,Non Intersection,Acceleration Lane,Daylight,No Defects,"Two-way, Divided, Unprotected (painted >4 feet) Median",Snow,Snow,Six o'clock,Pickup Truck,Superficial,N,Parked  ,2015-03-05 11:15,30,39.3314749,-76.56113505,0,1,눈길사고,등속 주행 사고
6287,N,Apparently Normal,No Misuse,Y,No Injury,a0551c08-9eef-435f-a821-77cd0acbb088,D,ADJ531000Z,Shoulder/Lap Belt(s),M,8f6cddbc-87e3-4800-9793-9f4cd0bd8155,Same Direction Rear End,N,Non Intersection,Acceleration Lane,Daylight,No Defects,"Two-way, Divided, Unprotected (painted >4 feet) Median",Snow,Snow,Twelve o'clock,Passenger Car,Disabling,N,Moving Constant Speed,2015-03-05 11:15,28,39.3314749,-76.56113505,0,3,눈길사고,자차 사고
6288,N,Apparently Normal,No Misuse,N,No Injury,059e4c34-9465-4dd6-8e0a-c1cf3e5ef373,D,ADJ5350004,Shoulder/Lap Belt(s),M,9e1db0cc-22c2-4d51-bc21-06879dca7d6a,Head On Left Turn,N,Intersection,Right Turn Lane,Daylight,No Defects,"Two-way, Not Divided",Dry,Clear,Twelve o'clock,Passenger Car,Disabling,N,Moving Constant Speed,2015-02-11 13:55,47,39.29474157,-76.65635079,3,2,우회전 차선 사고,기타
6289,N,Apparently Normal,No Misuse,Y,Possible Incapacitating Injury,ce3a8425-f15c-46b8-b933-5d2959227442,D,ADJ5350004,Shoulder/Lap Belt(s),M,2abc0a94-386f-4f74-90ab-914a585389fd,Head On Left Turn,N,Intersection,Right Turn Lane,Daylight,No Defects,"Two-way, Not Divided",Dry,Clear,Three o'clock,Passenger Car,Disabling,N,Moving Constant Speed,2015-02-11 13:55,35,39.29474157,-76.65635079,3,2,우회전 차선 사고,기타
6290,Y,Apparently Normal,No Misuse,Y,No Injury,71c5e255-9104-4f59-b62c-b3c0001b8772,D,ADJ5390005,Shoulder/Lap Belt(s),M,5f4e3814-be20-4afd-a4f7-837bef35aed5,Single Vehicle ,Y,Intersection,Right Turn Lane,Daylight,No Defects,"Two-way, Divided, Unprotected (painted >4 feet) Median",Ice,Clear,Six o'clock,"Medium/Heavy Truck 2 axles (10,000 lbs (4,536 kg) or less)",No Damage,N,Backing,2015-02-25 11:47,27,39.28062967,-76.6600965,3,1,우회전 차선 사고,등속 주행 중 측면 추돌 사고
6291,N,Apparently Normal,No Misuse,N,No Injury,3efbe370-65d0-40d5-b601-9af1020fad89,D,ADJ5400001,Shoulder/Lap Belt(s),M,74aa8fd2-8797-46d8-b99b-446a1c854101,Same Direction Right Turn,N,Non Intersection,Right Turn Lane,Dusk,No Defects,"Two-way, Divided, Positive Median Barrier",Ice,Cloudy,Ten o'clock,Pickup Truck,Functional,N,Moving Constant Speed,2015-01-05 18:00,41,39.34636217,-76.56633854,0,0,눈길사고,감속 중 사고
6292,N,Apparently Normal,No Misuse,N,No Injury,ea9002d7-ad69-49d5-8a1e-9ccbc636769a,D,ADJ540000K,Shoulder/Lap Belt(s),M,16a6b6b4-0098-44fa-944e-d549996e090b,Same Direction Sideswipe,N,Non Intersection,Right Turn Lane,Daylight,No Defects,"Two-way, Divided, Positive Median Barrier",Dry,Cloudy,Nine o'clock,Passenger Car,Superficial,N,Moving Constant Speed,2015-02-26 15:30,44,39.34031346,-76.59345031,2,2,기타,기타
6293,N,Apparently Normal,No Misuse,N,No Injury,dcf542da-9ee5-42c2-abc1-f9f529f34a41,D,ADJ540000W,Shoulder/Lap Belt(s),M,e49a217a-c745-4147-bf34-9afd36537ab6,Same Movement Angle,N,Intersection,Right Turn Lane,Dark No Lights,No Defects,One-way Trafficway,Dry,Cloudy,Twelve o'clock,(Sport) Utility Vehicle,Functional,N,Moving Constant Speed,2015-03-20 23:40,41,39.35069302,-76.55191898,3,0,우회전 차선 사고,기타
6294,N,Apparently Normal,No Misuse,N,No Injury,d10de34f-0194-41b5-9153-44514aa093f6,D,ADJ540000X,Shoulder/Lap Belt(s),M,622119fb-5ccf-4d24-b895-51cfe31247b8,Same Direction Rear End,N,Intersection,Right Turn Lane,Daylight,No Defects,"Two-way, Not Divided",Dry,Cloudy,Six o'clock,(Sport) Utility Vehicle,Superficial,N,Slowing or Stopping,2015-03-25 19:00,53,39.35125717,-76.53463483,3,3,우회전 차선 사고,동일 방향 운행 중 추돌 사고
6295,N,Apparently Normal,No Misuse,N,No Injury,94d7bc41-5363-4fa9-b8fd-72fa55e23c18,D,ADJ5440001,Shoulder/Lap Belt(s),M,c84d3f49-c9f1-440d-b63c-d4e7c4a018b0,Single Vehicle ,N,Non Intersection,Acceleration Lane,Daylight,No Defects,"Two-way, Divided, Positive Median Barrier",Dry,Clear,Twelve o'clock,(Sport) Utility Vehicle,No Damage,N,Slowing or Stopping,2015-02-11 9:00,63,39.36500282,-76.61015779,1,3,좌회전 차선 사고,감속 중 사고
6296,N,Apparently Normal,No Misuse,N,No Injury,fc061080-23ae-4a98-b050-9a90b467d4b2,D,ADJ5440008,Shoulder/Lap Belt(s),M,b61e9e40-3151-4bf9-9755-9690a1737a6c,Same Direction Left Turn,N,Non Intersection,Right Turn Lane,Daylight,No Defects,"Two-way, Divided, Positive Median Barrier",Dry,Clear,Twelve o'clock,Passenger Car,Superficial,N,Moving Constant Speed,2015-03-23 18:00,37,39.34553247,-76.64695501,2,2,기타,기타
6297,N,Apparently Normal,No Misuse,N,No Injury,fe24cffa-cc4a-46b7-89d2-3560832a5f1f,D,ADJ5470009,Shoulder/Lap Belt(s),M,40d10812-a1af-48db-8a30-923c71a302e2,Same Direction Rear End,N,Non Intersection,Left Turn Lane,Daylight,No Defects,"Two-way, Divided, Positive Median Barrier",Snow,Snow,Six o'clock,Passenger Car,Superficial,N,Stopped in Traffic Lane,2015-01-06 10:00,57,39.31095032,-76.62338376,0,1,눈길사고,등속 주행 사고
6298,N,Apparently Normal,No Misuse,N,No Injury,3abcd216-56ae-491c-b354-7bf78639aab6,D,ADJ5470012,Shoulder/Lap Belt(s),M,1025f5df-de88-4ad7-a309-7cddbc610b64,Same Movement Angle,N,Intersection,Right Turn Lane,Daylight,No Defects,"Two-way, Divided, Positive Median Barrier",Dry,Clear,Eight o'clock,Passenger Car,Disabling,Y,Moving Constant Speed,2015-02-12 14:10,37,39.31045225,-76.63409114,3,0,우회전 차선 사고,기타
6299,N,Apparently Normal,No Misuse,Y,No Injury,4aa5cdf9-a7c9-488e-8944-75ea418f1dd3,D,ADJ547001J,Shoulder/Lap Belt(s),M,3e43ed94-c8ef-4450-9af6-be2bfa33813a,Same Direction Sideswipe,N,Non Intersection,Right Turn Lane,Daylight,No Defects,One-way Trafficway,Dry,Clear,Four o'clock,Passenger Car,Superficial,N,Moving Constant Speed,2015-02-23 10:25,27,39.29124487,-76.61122799,2,2,기타,기타
6300,N,Apparently Normal,No Misuse,N,No Injury,3a0bb1a0-1a3f-4667-8570-9ae788e3310d,D,ADJ547001R,Shoulder/Lap Belt(s),M,b0271db1-27c1-4eaf-af85-98d449e6dd9f,Same Movement Angle,N,Intersection,Left Turn Lane,Daylight,No Defects,One-way Trafficway,Dry,Clear,Twelve o'clock,Passenger Car,Disabling,N,Moving Constant Speed,2015-03-02 13:04,36,39.29476129,-76.62401676,1,0,좌회전 차선 사고,등속 주행 중 측면 추돌 사고
6301,N,Apparently Normal,No Misuse,Y,No Injury,e9a05a8d-382e-4f2c-9f70-7e5f664d6e2a,D,ADJ547001R,Shoulder/Lap Belt(s),M,9ef29328-cd70-4d43-ba43-1f0b7565178a,Same Movement Angle,N,Intersection,Left Turn Lane,Daylight,No Defects,One-way Trafficway,Dry,Clear,Twelve o'clock,Passenger Car,Disabling,N,Moving Constant Speed,2015-03-02 13:04,21,39.29476129,-76.62401676,1,0,좌회전 차선 사고,등속 주행 중 측면 추돌 사고
6302,N,Apparently Normal,No Misuse,N,No Injury,e8ead175-621d-442c-a0b7-f5e88c1434a8,D,ADJ5470020,Shoulder/Lap Belt(s),M,1fa6462b-8163-4097-8f50-79955cacacc6,Same Movement Angle,N,Intersection Related,Right Turn Lane,Daylight,No Defects,One-way Trafficway,Wet,Raining,Ten o'clock,Passenger Car,No Damage,N,Making Left Turn,2015-03-03 13:15,33,39.28776979,-76.61360979,4,1,빗길사고,자차 사고
6303,N,Apparently Normal,No Misuse,N,No Injury,e589a01e-f49e-4438-8dd2-3c79fe0815d5,D,ADJ5470025,Shoulder/Lap Belt(s),M,e39073bc-2c5b-468c-80bb-cbe679882557,Same Movement Angle,N,Intersection,Right Turn Lane,Dark Lights On,No Defects,One-way Trafficway,Wet,Raining,Nine o'clock,Passenger Car,Superficial,N,Accelerating,2015-03-14 0:45,38,39.29876323,-76.61158204,4,1,빗길사고,자차 사고
6304,N,Apparently Normal,No Misuse,Y,No Injury,dcc303d8-b307-49d3-8e64-c5a2ad24745a,D,ADJ547002P,Shoulder/Lap Belt(s),M,9bd86392-058e-446a-82ed-91d3b4d0be0a,Single Vehicle ,N,Non Intersection,Left Turn Lane,Dark - Unknown Lighting,No Defects,One-way Trafficway,Dry,Clear,Twelve o'clock,Passenger Car,No Damage,N,Backing,2015-03-28 0:55,27,39.30227512,-76.61869526,1,1,좌회전 차선 사고,등속 주행 사고
6305,N,Apparently Normal,No Misuse,N,No Injury,f2a8fe62-22c9-42da-8730-574369dffcac,D,ADJ547002S,Shoulder/Lap Belt(s),M,02d934d1-e17e-4387-8708-4e9fca40ee00,Same Direction Both Left Turn,N,Intersection,Left Turn Lane,Daylight,No Defects,One-way Trafficway,Dry,Clear,Twelve o'clock,Passenger Car,Superficial,N,Making Right Turn,2015-03-31 17:00,61,39.29486923,-76.62402749,1,1,좌회전 차선 사고,등속 주행 사고
6306,N,Apparently Normal,No Misuse,N,No Injury,b43cb936-9219-4089-b28e-a895c1560e69,D,ADJ5530004,Shoulder/Lap Belt(s),M,4c02b744-9385-4752-8e00-9f96ddcaa6f1,Same Direction Sideswipe,N,Non Intersection,Right Turn Lane,Dark Lights On,No Defects,"Two-way, Not Divided",Wet,Snow,Nine o'clock,Passenger Car,Superficial,N,Moving Constant Speed,2015-01-21 18:42,43,39.25023462,-76.6472286,0,0,눈길사고,감속 중 사고
6307,N,Apparently Normal,No Misuse,Y,No Injury,1c4df7fd-38c0-4ff9-b2a8-eac9ae5a6f10,D,ADJ5530004,Shoulder/Lap Belt(s),M,8fa46a4c-6d01-448d-8c12-71b97c22b601,Same Direction Sideswipe,N,Non Intersection,Right Turn Lane,Dark Lights On,No Defects,"Two-way, Not Divided",Wet,Snow,One o'clock,(Sport) Utility Vehicle,Superficial,N,Making Left Turn,2015-01-21 18:42,54,39.25023462,-76.6472286,0,2,눈길사고,미끌어짐에 의한 사고
6308,N,Apparently Normal,No Misuse,N,No Injury,e8c7021a-709e-4bcb-a105-c383d68169ec,D,ADJ5530005,Shoulder/Lap Belt(s),M,4b03a746-5fb2-465c-8e32-6be26c28aabe,Same Direction Rear End,N,Intersection,Right Turn Lane,Dark Lights On,No Defects,"Two-way, Not Divided",Wet,Raining,Six o'clock,(Sport) Utility Vehicle,Functional,N,Stopped in Traffic Lane,2015-01-23 23:49,49,39.25131053,-76.64689064,4,3,빗길사고,기타
6309,N,Apparently Normal,No Misuse,N,No Injury,6a20861a-9ec3-4f0d-8545-b1ec737216f1,D,ADJ5530006,Shoulder/Lap Belt(s),M,169e6118-f15b-48fb-b7c1-6b5416df5486,Same Direction Sideswipe,N,Non Intersection,Left Turn Lane,Dark Lights On,No Defects,"Two-way, Divided, Positive Median Barrier",Dry,Clear,Two o'clock,(Sport) Utility Vehicle,Superficial,N,Moving Constant Speed,2015-02-04 20:27,48,39.25226181,-76.639992,1,0,좌회전 차선 사고,등속 주행 중 측면 추돌 사고
6310,N,Apparently Normal,No Misuse,N,No Injury,2d3e833b-11b2-4238-86d9-08e98597ae71,D,ADJ569000C,Shoulder/Lap Belt(s),M,f2926ff8-33b9-4578-80f0-526985910826,Same Direction Sideswipe,N,Intersection,Right Turn Lane,Daylight,No Defects,One-way Trafficway,Dry,Clear,One o'clock,"Cargo Van/Light Truck 2 axles (10,000 lbs (4,536 kg) or less)",Superficial,N,Moving Constant Speed,2015-03-18 9:30,55,39.29425065,-76.61424279,3,2,우회전 차선 사고,기타