KEY_INDEX,CDL_FLAG,CONDITION_CODE,EQUIP_PROB_CODE,FAULT_FLAG,INJ_SEVER_CODE,PERSON_ID,PERSON_TYPE,REPORT_NO,SAF_EQUIP_CODE,SEX_CODE,VEHICLE_ID,COLLISION_TYPE_CODE,C_M_ZONE_FLAG,JUNCTION_CODE,LANE_CODE,LIGHT_CODE,RD_COND_CODE,RD_DIV_CODE,SURF_COND_CODE,WEATHER_CODE,AREA_DAMAGED_CODE_MAIN,BODY_TYPE_CODE,DAMAGE_CODE,HIT_AND_RUN_FLAG,MOVEMENT_CODE,TIME,AGE,LATITUDE,LONGITUDE,CLUSTER,SECOND_LABEL,FIRST_LABEL,SECOND_LABELING
6476,N,Apparently Normal,No Misuse,Y,No Injury,22e89e9f-c28e-49ae-b99d-649a8ce2af5e,D,AE5059000D,Shoulder/Lap Belt(s),M,3b3715a0-d02b-4004-8b81-87ba3171fb3f,Same Movement Angle,N,Intersection,Right Turn Lane,Daylight,No Defects,"Two-way, Divided, Positive Median Barrier",Dry,Clear,Twelve o'clock,Passenger Car,Disabling,N,Moving Constant Speed,2015-02-19 14:21,33,39.43948255,-76.82421684,3,0,우회전 차선 사고,기타
6477,N,Apparently Normal,No Misuse,N,No Injury,33eb22c1-8a45-4ace-8311-687226e9d06e,D,AE5069000H,Shoulder/Lap Belt(s),M,67409fdb-33b8-46c1-b1a7-2af24adce1b2,Same Movement Angle,N,Intersection,Right Turn Lane,Dark Lights On,No Defects,"Two-way, Not Divided",Snow,Snow,Twelve o'clock,Pickup Truck,Functional,N,Accelerating,2015-02-21 18:30,54,39.38123365,-76.8231976,0,2,눈길사고,미끌어짐에 의한 사고
6478,N,Apparently Normal,No Misuse,N,No Injury,14b5020e-8136-4489-b7cf-83274e49e94a,D,AE51410009,Shoulder/Lap Belt(s),M,4a2780ed-8dde-4e2e-a19f-f7ca6ecdec6b,Head On Left Turn,N,Intersection,Right Turn Lane,Dark Lights On,No Defects,"Two-way, Not Divided",Dry,Clear,Twelve o'clock,Passenger Car,Disabling,N,Moving Constant Speed,2015-03-06 22:01,22,39.38156535,-76.53616905,3,2,우회전 차선 사고,기타
6479,N,Had Been Drinking,No Misuse,Y,No Injury,3bae2f7f-566e-48eb-a9d1-7b47e2a2834c,D,AE51410009,Shoulder/Lap Belt(s),M,d4cf483c-929d-4840-9d16-38d8826b4000,Head On Left Turn,N,Intersection,Right Turn Lane,Dark Lights On,No Defects,"Two-way, Not Divided",Dry,Clear,Five o'clock,Pickup Truck,Functional,N,Making Left Turn,2015-03-06 22:01,57,39.38156535,-76.53616905,3,1,우회전 차선 사고,등속 주행 중 측면 추돌 사고
6480,N,Apparently Normal,No Misuse,Y,No Injury,0c3fad91-b80e-477c-b205-0e0a361d2a2f,D,AE51480007,Shoulder/Lap Belt(s),M,3f335038-89fb-45a1-bd90-6d7493948874,Single Vehicle ,N,Non Intersection,Right Turn Lane,Daylight,No Defects,"Two-way, Not Divided",Ice,Snow,Underside,Passenger Car,Disabling,N,Slowing or Stopping,2015-01-06 11:28,66,39.63569563,-76.81595564,0,1,눈길사고,등속 주행 사고
6481,N,Apparently Normal,No Misuse,Y,No Injury,1046d08c-d12e-4096-9d0a-444691787285,D,AE5148000G,Shoulder/Lap Belt(s),M,a9067bbc-92c8-4cf5-abc2-6697145fc47e,Single Vehicle ,N,Non Intersection,Right Turn Lane,Dark Lights On,No Defects,"Two-way, Not Divided with a Continuous Left Turn Lane",Ice,Clear,Twelve o'clock,Police Vehicle/Emergency,Superficial,N,Moving Constant Speed,2015-03-11 6:26,51,39.44129713,-76.78125858,2,2,기타,기타
6482,N,Apparently Normal,No Misuse,N,No Injury,25502d8a-e80d-4a6e-a321-a672f8cb2243,D,AE51490005,Shoulder/Lap Belt(s),M,de32e12d-a643-46c7-9c53-521135030494,Same Direction Rear End,N,Intersection,Right Turn Lane,Daylight,No Defects,"Two-way, Not Divided",Snow,Snow,Six o'clock,(Sport) Utility Vehicle,Superficial,N,Stopped in Traffic Lane,2015-03-20 10:15,56,39.28920634,-76.73135877,0,1,눈길사고,등속 주행 사고
6483,N,Apparently Normal,No Misuse,Y,No Injury,2a606321-9f1b-411c-9b69-7525263a0a5a,D,AE51490005,Shoulder/Lap Belt(s),M,21ea31ef-1b2e-46a5-b95e-c5f856683dea,Same Direction Rear End,N,Intersection,Right Turn Lane,Daylight,No Defects,"Two-way, Not Divided",Snow,Snow,Twelve o'clock,Passenger Car,Superficial,Y,Moving Constant Speed,2015-03-20 10:15,31,39.28920634,-76.73135877,0,3,눈길사고,자차 사고
6484,N,Apparently Normal,No Misuse,N,No Injury,1082cd2a-5f60-4ff2-b8b2-1f86fcdb77e3,D,AE51610003,Shoulder/Lap Belt(s),M,22b94340-6c92-49f7-969b-eee87890e679,Head On,N,Non Intersection,Right Turn Lane,Dark Lights On,No Defects,"Two-way, Divided, Unprotected (painted >4 feet) Median",Dry,Clear,Twelve o'clock,Pickup Truck,Disabling,N,Moving Constant Speed,2015-01-23 5:05,56,39.30083054,-76.51552677,2,2,기타,기타
6485,N,Apparently Normal,No Misuse,Y,Possible Incapacitating Injury,4f8ee3b9-3f70-47ff-a5e9-21eefeca7cb2,D,AE51610003,Shoulder/Lap Belt(s),M,69ef9aa3-0674-477c-9176-f1736d19a1fd,Head On,N,Non Intersection,Right Turn Lane,Dark Lights On,No Defects,"Two-way, Divided, Unprotected (painted >4 feet) Median",Dry,Clear,Three o'clock,Passenger Car,Destroyed,N,Moving Constant Speed,2015-01-23 5:05,21,39.30083054,-76.51552677,2,2,기타,기타
6486,N,Apparently Normal,No Misuse,Y,No Injury,6df912dd-970e-49df-8243-6d0fcfca261b,D,AE51760005,Shoulder/Lap Belt(s),M,4b80c2cc-b348-4e7d-ba7d-fc13dad9ca67,Single Vehicle ,N,Non Intersection,Right Turn Lane,Dark Lights On,No Defects,"Two-way, Not Divided",Dry,Clear,One o'clock,Passenger Car,Disabling,N,Moving Constant Speed,2015-01-28 23:15,22,39.39561181,-76.51257098,2,2,기타,기타
6487,N,Apparently Normal,No Misuse,Y,No Injury,435fb146-e2cf-4c40-9656-9d4e6c0127c6,D,AE5177000J,Shoulder/Lap Belt(s),M,7f7856f7-db6d-4a04-99b2-d4e2cf8c6eba,Same Movement Angle,N,Intersection,Left Turn Lane,Daylight,No Defects,"Two-way, Not Divided",Dry,Clear,Twelve o'clock,Pickup Truck,Functional,N,Moving Constant Speed,2015-01-28 14:16,29,39.40155624,-76.58837557,1,0,좌회전 차선 사고,등속 주행 중 측면 추돌 사고
6488,N,Apparently Normal,No Misuse,Y,Non-incapacitating Injury,3d4efde9-5036-45fc-b42b-cfea4004eeea,D,AE5177000J,Shoulder/Lap Belt(s),M,c15cde36-7127-44bf-9f89-4870354e426a,Same Movement Angle,N,Intersection,Left Turn Lane,Daylight,No Defects,"Two-way, Not Divided",Dry,Clear,Four o'clock,Police Vehicle/Emergency,Disabling,N,Accelerating,2015-01-28 14:16,35,39.40155624,-76.58837557,1,1,좌회전 차선 사고,등속 주행 사고
6489,N,Apparently Normal,No Misuse,N,Non-incapacitating Injury,9f5549db-6500-47b9-9a5e-176277b417ab,D,AE5177000K,Shoulder/Lap Belt(s),M,f0715046-667a-4713-b2a4-4a59cff2d175,Head On Left Turn,N,Non Intersection,Left Turn Lane,Daylight,No Defects,"Two-way, Divided, Positive Median Barrier",Wet,Clear,Ten o'clock,(Sport) Utility Vehicle,Destroyed,N,Moving Constant Speed,2015-02-15 12:10,23,39.36969331,-76.51376188,1,0,좌회전 차선 사고,등속 주행 중 측면 추돌 사고
6490,N,Apparently Normal,No Misuse,Y,No Injury,9aa43b1b-6604-4187-b0fa-22bbd5203f78,D,AE51910007,Shoulder/Lap Belt(s),M,37a8fe8e-7f95-4375-a2b1-52244978f486,Single Vehicle ,N,Non Intersection,Right Turn Lane,Dark No Lights,No Defects,"Two-way, Not Divided",Dry,Clear,Twelve o'clock,Passenger Car,Disabling,N,Moving Constant Speed,2015-03-29 4:11,60,39.48725058,-76.56787813,2,2,기타,기타
6491,N,Apparently Normal,No Misuse,Y,No Injury,cdf1a2a4-d62f-4d6b-805b-74494446323f,D,AE5193000N,Shoulder/Lap Belt(s),M,c4ac3741-2d71-4f20-a1c4-588dc4b34184,Single Vehicle ,N,Intersection,Right Turn Lane,Dark Lights On,No Defects,"Two-way, Not Divided",Ice,Wintry Mix,One o'clock,Passenger Car,Disabling,N,Moving Constant Speed,2015-02-28 1:00,19,39.50155722,-76.78125858,0,0,눈길사고,감속 중 사고
6492,N,Apparently Normal,No Misuse,Y,No Injury,65d4802e-9c1f-4e52-9dce-248e51da7e93,D,AE5198000B,Shoulder/Lap Belt(s),M,2a9bf32b-7b1d-4e5d-a50e-88d7fac250e3,Single Vehicle ,N,Non Intersection,Right Turn Lane,Dark Lights On,No Defects,"Two-way, Divided, Positive Median Barrier",Wet,Foggy,Underside,Van,Disabling,N,Moving Constant Speed,2015-03-14 21:55,38,39.37699592,-76.50603175,4,2,빗길사고,동일 방향 운행 중 추돌 사고
6493,N,Apparently Normal,No Misuse,N,No Injury,b80340ad-742e-4e3f-99d3-a2b2f0bc8bb6,D,AE52020008,Shoulder/Lap Belt(s),M,f7a491c1-6947-439f-9d74-bdf86b5b30ce,Same Direction Rear End,N,Intersection Related,Right Turn Lane,Dark Lights On,No Defects,"Two-way, Divided, Unprotected (painted >4 feet) Median",Dry,Clear,Six o'clock,Passenger Car,Functional,N,Slowing or Stopping,2015-03-21 22:54,24,39.48766459,-76.65688992,3,3,우회전 차선 사고,동일 방향 운행 중 추돌 사고
6494,N,Apparently Normal,No Misuse,Y,No Injury,77e8ec6c-c1ee-44c2-9746-e79fde27ef5d,D,AE52020008,Shoulder/Lap Belt(s),M,a6f6ceae-76a5-4953-95e0-3faca6e4ec97,Same Direction Rear End,N,Intersection Related,Right Turn Lane,Dark Lights On,No Defects,"Two-way, Divided, Unprotected (painted >4 feet) Median",Dry,Clear,Twelve o'clock,Police Vehicle/Emergency,Functional,N,Slowing or Stopping,2015-03-21 22:54,37,39.48766459,-76.65688992,3,3,우회전 차선 사고,동일 방향 운행 중 추돌 사고
6495,N,Apparently Normal,No Misuse,N,No Injury,21fbeb86-2196-4d21-b703-c182d1620469,D,AE5207000F,Shoulder/Lap Belt(s),M,e6b6cd3f-35c8-4a71-a67a-7c48bca85812,Same Direction Rear End,N,Intersection Related,Left Turn Lane,Dusk,No Defects,"Two-way, Not Divided",Snow,Snow,Four o'clock,Pickup Truck,Functional,N,Moving Constant Speed,2015-02-21 17:40,18,39.40499665,-76.47297621,0,3,눈길사고,자차 사고
6496,N,Apparently Normal,No Misuse,Y,No Injury,f7053dfe-1884-4258-b4c8-72f243e71867,D,AE5207000F,Shoulder/Lap Belt(s),M,b2a3de15-ecc5-4097-bd6a-65f13368670d,Same Direction Rear End,N,Intersection Related,Left Turn Lane,Dusk,No Defects,"Two-way, Not Divided",Snow,Snow,Six o'clock,"Other Light Trucks (10,000 lbs (4,536 kg))",Superficial,N,Backing,2015-02-21 17:40,54,39.40499665,-76.47297621,0,1,눈길사고,등속 주행 사고
6497,N,Apparently Normal,No Misuse,Y,No Injury,92c2dd58-a7f4-47eb-a862-125f90190802,D,AE5209000D,Shoulder/Lap Belt(s),M,ed9b5a64-0fba-44b3-8e07-ca21581e1c93,Same Direction Rear End,N,Non Intersection,Right Turn Lane,Daylight,No Defects,"Two-way, Not Divided",Dry,Clear,Twelve o'clock,Passenger Car,Functional,N,Moving Constant Speed,2015-02-27 14:26,62,39.30336269,-76.75406098,2,3,기타,등속 주행 중 측면 추돌 사고
6498,N,Apparently Normal,No Misuse,Y,No Injury,7f380a4a-02cd-4831-81c1-08dcec8dac1d,D,AE52130005,Shoulder/Lap Belt(s),M,e29f23a6-b25c-4ae6-b015-d7f97cb16e51,Same Direction Right Turn,N,Non Intersection,Right Turn Lane,Dark Lights On,No Defects,"Two-way, Not Divided",Ice,Wintry Mix,Twelve o'clock,Passenger Car,Disabling,N,Moving Constant Speed,2015-03-01 19:43,28,39.2575,-76.513351,0,0,눈길사고,감속 중 사고
6499,N,Apparently Normal,No Misuse,Y,No Injury,98b0b7d8-23f3-4085-8809-fa720209bd1b,D,AE52150006,Shoulder/Lap Belt(s),M,f5fba800-7835-428d-813f-87b493137390,Single Vehicle ,N,Non Intersection,Right Turn Lane,Dark Lights On,No Defects,"Two-way, Not Divided",Dry,Clear,Twelve o'clock,Passenger Car,Disabling,Y,Making Left Turn,2015-02-27 2:41,18,39.3460137,-76.45003796,2,0,기타,자차 사고
6500,N,Apparently Normal,No Misuse,N,No Injury,29991f3b-8fb2-4202-94c5-84b9ce5eeffc,D,AE5226000D,Shoulder/Lap Belt(s),M,cb63a5b4-495f-4102-b685-ed59eb9fb954,Same Movement Angle,N,Crossover Related,Right Turn Lane,Dark Lights On,No Defects,"Two-way, Divided, Positive Median Barrier",Dry,Clear,Nine o'clock,Passenger Car,Superficial,N,Moving Constant Speed,2015-03-21 23:40,29,39.31688535,-76.51610613,3,0,우회전 차선 사고,기타
6501,N,Apparently Normal,No Misuse,Y,No Injury,e13f1b98-917d-44b2-85d6-cd08ac7a893c,D,AE5228000D,Shoulder/Lap Belt(s),M,d0823a13-ec0a-469b-b1ad-46d5a654ce95,Single Vehicle ,N,Non Intersection,Left Turn Lane,Dark Lights On,No Defects,"Two-way, Divided, Unprotected (painted >4 feet) Median",Dry,Clear,Seven o'clock,(Sport) Utility Vehicle,Functional,N,Making Right Turn,2015-02-26 19:19,67,39.37759303,-76.50493741,1,1,좌회전 차선 사고,등속 주행 사고
6502,N,Apparently Normal,No Misuse,Y,No Injury,3e3d08d3-e335-476a-a00e-f43eb3e276f7,D,AE52460005,Shoulder Belt Only,M,eb46fcad-2636-4476-8036-1146a3e2059e,Single Vehicle ,N,Non Intersection,Right Turn Lane,Daylight,No Defects,"Two-way, Not Divided",Wet,Raining,Three o'clock,Van,Disabling,N,Moving Constant Speed,2015-01-03 9:21,47,39.4214088,-76.50324225,4,2,빗길사고,동일 방향 운행 중 추돌 사고
6503,N,Apparently Normal,No Misuse,N,No Injury,21e81440-3228-4cf1-9503-a93c43e60b69,D,AE5246000F,Shoulder/Lap Belt(s),M,e160c4a8-aab7-43ae-89d7-e847f7a6060a,Same Direction Sideswipe,N,Non Intersection,Left Turn Lane,Daylight,No Defects,"Two-way, Divided, Positive Median Barrier",Snow,Snow,Seven o'clock,(Sport) Utility Vehicle,Superficial,N,Moving Constant Speed,2015-02-21 15:30,60,39.39739437,-76.60651803,0,0,눈길사고,감속 중 사고
6504,Y,Apparently Normal,No Misuse,N,No Injury,6ce1f716-6d1d-4a00-977d-098ead57c78b,D,AE5249000B,Shoulder/Lap Belt(s),M,f8f2bd20-a766-43d9-b846-72ef7984399e,Same Direction Rear End,N,Non Intersection,Left Turn Lane,Daylight,No Defects,"Two-way, Not Divided",Dry,Clear,Six o'clock,Truck Tractor,Functional,N,Slowing or Stopping,2015-03-30 15:19,25,39.29601503,-76.50771618,1,3,좌회전 차선 사고,감속 중 사고
6505,Y,Apparently Normal,No Misuse,Y,No Injury,22df3139-1d8a-44aa-8146-bb61294edbc0,D,AE5249000B,Shoulder/Lap Belt(s),M,074b4e01-6c61-41e1-9600-24da0bcb4552,Same Direction Rear End,N,Non Intersection,Left Turn Lane,Daylight,No Defects,"Two-way, Not Divided",Dry,Clear,Two o'clock,Truck Tractor,Disabling,N,Moving Constant Speed,2015-03-30 15:19,71,39.29601503,-76.50771618,1,0,좌회전 차선 사고,등속 주행 중 측면 추돌 사고
6506,N,Apparently Normal,No Misuse,Y,No Injury,1e7facba-f76e-47db-a546-5f8910d81e35,D,AE52530007,Shoulder/Lap Belt(s),M,eda87a7c-e2e9-44da-96e3-cbb4b156a7a8,Single Vehicle ,N,Non Intersection,Right Turn Lane,Dark Lights On,No Defects,"Two-way, Not Divided",Ice,Clear,Two o'clock,Pickup Truck,Disabling,N,Moving Constant Speed,2015-01-19 7:15,25,39.4636233,-76.83327734,2,2,기타,기타
6507,N,Apparently Normal,No Misuse,Y,No Injury,2cc268f7-2d00-4da9-85a3-1e96e67a486b,D,AE5254000Q,Shoulder/Lap Belt(s),M,9ae91014-4a26-4c20-863d-ec3064b256c2,Single Vehicle ,N,Non Intersection,Right Turn Lane,Daylight,No Defects,"Two-way, Not Divided",Dry,Clear,One o'clock,(Sport) Utility Vehicle,Disabling,N,Moving Constant Speed,2015-03-22 12:43,42,39.49620913,-76.70338869,2,2,기타,기타
6508,N,Apparently Normal,No Misuse,N,No Injury,981d4615-c8c1-4d3f-a2ad-dfbf3765f528,D,AE5265000G,Shoulder/Lap Belt(s),M,9e8bd0dc-cfdc-4f12-92c5-2a5314773429,Same Direction Rear End,N,Non Intersection,Left Turn Lane,Dark Lights On,No Defects,"Two-way, Not Divided",Dry,Clear,Six o'clock,Passenger Car,Superficial,N,Accelerating,2015-02-13 21:26,70,39.40579248,-76.77887678,1,3,좌회전 차선 사고,감속 중 사고
6509,N,Apparently Normal,No Misuse,Y,No Injury,ae4ce3fa-05f8-4a65-8c3a-b087c5d0fdbc,D,AE5296000C,Shoulder/Lap Belt(s),M,4f57f1ed-192d-433c-bfe9-d540db44c3ef,Single Vehicle ,N,Non Intersection,Right Turn Lane,Dark Lights On,No Defects,"Two-way, Not Divided",Ice,Clear,Twelve o'clock,Passenger Car,Disabling,N,Moving Constant Speed,2015-01-24 20:43,18,39.39906081,-76.82649136,2,2,기타,기타
6510,N,Apparently Normal,No Misuse,N,No Injury,3136f7e0-5a62-44d4-905c-6e686093f59f,D,AE5297000L,Shoulder/Lap Belt(s),M,11cc5b32-504e-4a55-ab79-ae6275c85788,Same Direction Rear End,N,Non Intersection,Right Turn Lane,Daylight,No Defects,"Two-way, Not Divided",Dry,Clear,Six o'clock,Passenger Car,Superficial,N,Moving Constant Speed,2015-03-24 8:12,23,39.45461913,-76.41804457,2,3,기타,등속 주행 중 측면 추돌 사고
6511,N,Apparently Normal,No Misuse,Y,No Injury,94b5a0d1-f156-4db1-84e6-0b434238549b,D,AE5297000L,Shoulder/Lap Belt(s),M,b9f92d0c-b9ee-47da-b6b9-885a63f83d34,Same Direction Rear End,N,Non Intersection,Right Turn Lane,Daylight,No Defects,"Two-way, Not Divided",Dry,Clear,Twelve o'clock,Passenger Car,Superficial,N,Moving Constant Speed,2015-03-24 8:12,46,39.45461913,-76.41804457,2,3,기타,등속 주행 중 측면 추돌 사고
6512,N,Apparently Normal,No Misuse,N,No Injury,3c4cd3c6-e672-4672-8fcc-f90fb393cf6a,D,AE53020009,Shoulder/Lap Belt(s),M,fdbfdd7b-5d92-4a31-b7fb-8ea7b0622860,Same Movement Angle,N,Non Intersection,Right Turn Lane,Dark Lights On,No Defects,"Two-way, Not Divided",Dry,Clear,Twelve o'clock,Passenger Car,Disabling,N,Moving Constant Speed,2015-02-18 0:20,49,39.242183,-76.649482,2,2,기타,기타
6513,N,Apparently Normal,No Misuse,Y,No Injury,8f54fe7d-e9ab-48a5-b025-f4141ea3769f,D,AE53020009,Shoulder/Lap Belt(s),M,bc859204-3f2f-4d51-8ac7-e48c345d8460,Same Movement Angle,N,Non Intersection,Right Turn Lane,Dark Lights On,No Defects,"Two-way, Not Divided",Dry,Clear,One o'clock,Passenger Car,Disabling,N,Making Left Turn,2015-02-18 0:20,27,39.242183,-76.649482,2,0,기타,자차 사고
6514,N,Apparently Normal,No Misuse,Y,No Injury,98e05078-aa96-46fd-8c3a-8264eadeab14,D,AE53050006,Shoulder/Lap Belt(s),M,997610d8-e5e9-4be8-a387-975fadac3f2e,Same Movement Angle,N,Intersection,Right Turn Lane,Dark Lights On,No Defects,"Two-way, Not Divided",Dry,Clear,Twelve o'clock,(Sport) Utility Vehicle,Disabling,N,Moving Constant Speed,2015-02-05 18:04,48,39.26663329,-76.49534583,3,0,우회전 차선 사고,기타
6515,Y,Apparently Normal,No Misuse,Y,No Injury,fdbb5db3-51e4-4f71-8a93-561a8b2f3dfc,D,AE53070004,Shoulder/Lap Belt(s),M,2e7c3393-9d92-41ae-a040-2364056ce5ce,Single Vehicle ,N,Non Intersection,Acceleration Lane,Dark Lights On,No Defects,"Two-way, Divided, Positive Median Barrier",Ice,Cloudy,Non-collision,(Sport) Utility Vehicle,Superficial,N,Moving Constant Speed,2015-01-19 0:08,26,39.30216719,-76.71209514,0,0,눈길사고,감속 중 사고
6516,N,Apparently Normal,No Misuse,N,No Injury,85401361-c585-40ec-bb13-0cdb8c18e7bb,D,AE53090008,Shoulder/Lap Belt(s),M,40b42dd9-f4c5-4f48-bdcb-90a5f19d9d24,Same Movement Angle,N,Intersection,Right Turn Lane,Daylight,No Defects,"Two-way, Not Divided with a Continuous Left Turn Lane",Wet,Snow,Eight o'clock,Passenger Car,Disabling,N,Starting From Lane,2015-01-26 9:25,26,39.34763988,-76.74134731,4,1,빗길사고,자차 사고
6517,N,Apparently Normal,No Misuse,Y,No Injury,5fa8ac38-9950-4884-82df-b278c8ed4c11,D,AE53090009,Shoulder/Lap Belt(s),M,38c980ce-8ca5-4d92-bfd2-3961a8fa8107,Same Direction Rear End,N,Non Intersection,Right Turn Lane,Dark Lights On,No Defects,"Two-way, Not Divided with a Continuous Left Turn Lane",Dry,Clear,Twelve o'clock,Passenger Car,Functional,N,Moving Constant Speed,2015-02-06 22:15,25,39.35637996,-76.76583052,2,3,기타,등속 주행 중 측면 추돌 사고
6518,N,Apparently Normal,No Misuse,N,Possible Incapacitating Injury,6bf6c07c-90dc-4e2f-a9f7-77939d9768de,D,AE53090009,Shoulder/Lap Belt(s),M,1bc94861-c964-406c-9dac-b34ab4b52393,Same Direction Rear End,N,Non Intersection,Right Turn Lane,Dark Lights On,No Defects,"Two-way, Not Divided with a Continuous Left Turn Lane",Dry,Clear,Six o'clock,(Sport) Utility Vehicle,Functional,N,Stopped in Traffic Lane,2015-02-06 22:15,52,39.35637996,-76.76583052,2,0,기타,자차 사고
6519,Y,Apparently Normal,No Misuse,N,No Injury,67f1af14-4803-480f-95cc-9a0fde1ea529,D,AE5310000C,Shoulder/Lap Belt(s),M,0807cc48-649e-4340-bc00-96d8c0a39c9c,Same Direction Right Turn,N,Intersection,Left Turn Lane,Daylight,No Defects,"Two-way, Not Divided",Dry,Clear,Nine o'clock,Passenger Car,Disabling,N,Stopped in Traffic Lane,2015-02-20 12:15,52,39.31381414,-76.52166367,1,2,좌회전 차선 사고,기타
6520,N,Apparently Normal,No Misuse,N,No Injury,ead34d65-6926-47f9-b778-a1b7527d7d5e,D,AE53160006,Shoulder/Lap Belt(s),M,a3095254-f299-49f3-8401-dde2931fd231,Same Direction Rear End,N,Non Intersection,Right Turn Lane,Daylight,No Defects,"Two-way, Not Divided",Dry,Clear,Six o'clock,Passenger Car,Functional,N,Stopped in Traffic Lane,2015-01-11 16:20,32,39.42783169,-76.79036736,2,0,기타,자차 사고
6521,N,Apparently Normal,No Misuse,Y,No Injury,c70ba6cd-b2a5-44af-8096-90174ba08db9,D,AE53160008,Shoulder/Lap Belt(s),M,3abdbd2d-7644-48fb-90e2-93b1198c51b3,Same Movement Angle,N,Intersection,Right Turn Lane,Dark No Lights,No Defects,"Two-way, Not Divided",Dry,Clear,Twelve o'clock,Pickup Truck,Disabling,N,Moving Constant Speed,2015-01-19 7:15,28,39.418682,-76.77926302,3,0,우회전 차선 사고,기타
6522,N,Apparently Normal,No Misuse,N,No Injury,6d1e90cf-bfac-4f3f-a799-f2f279c442fb,D,AE53160009,Shoulder/Lap Belt(s),M,0e3103cf-8d5f-40eb-ba2d-f13195313036,Same Movement Angle,N,Non Intersection,Right Turn Lane,Daylight,No Defects,"Two-way, Not Divided",Dry,Clear,Twelve o'clock,Passenger Car,Disabling,N,Moving Constant Speed,2015-01-19 14:06,54,39.34059558,-76.67253256,2,2,기타,기타
6523,N,Apparently Normal,No Misuse,Y,No Injury,78a6cb34-385b-4cc3-a628-725ba1b58cd9,D,AE53220007,Shoulder/Lap Belt(s),M,ee617e40-96cb-4ed8-829f-be23d5dcaa72,Single Vehicle ,N,Non Intersection,Right Turn Lane,Daylight,No Defects,"Two-way, Not Divided",Snow,Snow,Five o'clock,Passenger Car,Superficial,N,Moving Constant Speed,2015-02-19 9:20,30,39.48557797,-76.76115274,0,0,눈길사고,감속 중 사고
6524,N,Other Handicaps,No Misuse,N,Non-incapacitating Injury,e7060360-f573-4aac-a1a4-d7cfb34280bd,D,AE53310009,Shoulder/Lap Belt(s),M,693f1977-3cf9-49b5-a534-b070f0021878,Same Direction Both Left Turn,N,Intersection,Right Turn Lane,Dark Lights On,No Defects,"Two-way, Not Divided",Dry,Clear,Ten o'clock,(Sport) Utility Vehicle,Superficial,N,Moving Constant Speed,2015-03-08 22:03,62,39.31251694,-76.52659893,3,2,우회전 차선 사고,기타
6525,N,Apparently Normal,No Misuse,N,Non-incapacitating Injury,a5559aa8-f728-4338-9224-68c34683e4bf,D,AE53530009,Shoulder/Lap Belt(s),M,4e5a16b4-906d-4fd9-a4af-9d21f53989da,Head On Left Turn,N,Intersection,Right Turn Lane,Dusk,No Defects,"Two-way, Divided, Positive Median Barrier",Dry,Cloudy,Twelve o'clock,Passenger Car,Disabling,N,Moving Constant Speed,2015-02-16 16:58,23,39.37209442,-76.51123524,3,2,우회전 차선 사고,기타
6526,N,Apparently Normal,No Misuse,N,No Injury,a2fe8da4-b6a8-4985-9968-912a328a2dd6,D,AE5353000B,Shoulder/Lap Belt(s),M,259f010b-7315-49b0-bcc3-9ce792519e33,Same Direction Right Turn,N,Non Intersection,Left Turn Lane,Dawn,No Defects,"Two-way, Divided, Positive Median Barrier",Dry,Cloudy,Eleven o'clock,(Sport) Utility Vehicle,Superficial,N,Moving Constant Speed,2015-03-08 6:55,56,39.38081901,-76.49417639,1,0,좌회전 차선 사고,등속 주행 중 측면 추돌 사고
6527,N,Apparently Normal,No Misuse,N,No Injury,c66c16c6-8f20-4235-adbe-c2f2a8275585,D,AE5360000C,Shoulder/Lap Belt(s),M,d4fc0a6e-4290-4a4f-ba30-5f482074d63e,Opposite Direction Sideswipe,N,Non Intersection,Right Turn Lane,Dark Lights On,No Defects,"Two-way, Not Divided",Snow,Snow,Ten o'clock,Passenger Car,Functional,N,Moving Constant Speed,2015-03-11 20:41,32,39.37788329,-76.42454624,0,0,눈길사고,감속 중 사고
6528,N,Apparently Normal,No Misuse,Y,No Injury,1af97d60-436e-45fb-ade0-4548bf5bf3d0,D,AE53650009,Shoulder/Lap Belt(s),M,9a7a163a-5087-465b-9265-a1c625ce3845,Single Vehicle ,N,Non Intersection,Right Turn Lane,Dark No Lights,No Defects,"Two-way, Not Divided",Dry,Clear,Twelve o'clock,Passenger Car,Disabling,N,Moving Constant Speed,2015-02-01 3:30,24,39.36934081,-76.86867714,2,2,기타,기타
6529,N,Apparently Normal,No Misuse,N,No Injury,7e562769-8fec-4516-a882-2ab57500c403,D,AE53670009,Shoulder/Lap Belt(s),M,298c4691-7540-48d1-a9eb-54d6ab3b1ca3,Head On Left Turn,N,Non Intersection,Right Turn Lane,Daylight,No Defects,"Two-way, Not Divided",Dry,Clear,Eleven o'clock,Passenger Car,Functional,N,Moving Constant Speed,2015-01-27 12:36,37,39.41593851,-76.77529335,2,2,기타,기타
6530,N,Apparently Normal,No Misuse,Y,No Injury,9de8c4e5-0649-4f8e-aa61-ad7b63cefd2b,D,AE5380000R,Shoulder/Lap Belt(s),M,baf125bf-ac28-4413-85f4-01e30548a340,Single Vehicle ,N,Non Intersection,Left Turn Lane,Daylight,No Defects,"Two-way, Divided, Positive Median Barrier",Wet,Snow,One o'clock,Passenger Car,Disabling,N,Moving Constant Speed,2015-03-01 16:30,37,39.40234382,-76.79535627,4,2,빗길사고,동일 방향 운행 중 추돌 사고