KEY_INDEX,CDL_FLAG,CONDITION_CODE,EQUIP_PROB_CODE,FAULT_FLAG,INJ_SEVER_CODE,PERSON_ID,PERSON_TYPE,REPORT_NO,SAF_EQUIP_CODE,SEX_CODE,VEHICLE_ID,COLLISION_TYPE_CODE,C_M_ZONE_FLAG,JUNCTION_CODE,LANE_CODE,LIGHT_CODE,RD_COND_CODE,RD_DIV_CODE,SURF_COND_CODE,WEATHER_CODE,AREA_DAMAGED_CODE_MAIN,BODY_TYPE_CODE,DAMAGE_CODE,HIT_AND_RUN_FLAG,MOVEMENT_CODE,TIME,AGE,LATITUDE,LONGITUDE,CLUSTER,SECOND_LABEL,FIRST_LABEL,SECOND_LABELING
6531,N,Apparently Normal,No Misuse,Y,No Injury,dc130df9-a053-4ea1-869e-755d18fc74f8,D,AE54130005,Shoulder/Lap Belt(s),M,ff4a8c9b-1acf-4e95-b409-7ad13c479ee8,Single Vehicle ,N,Non Intersection,Right Turn Lane,Dark No Lights,No Defects,"Two-way, Not Divided",Dry,Clear,Six o'clock,Police Vehicle/Emergency,Superficial,N,Backing,2015-03-17 22:01,27,39.39183099,-76.39991283,2,0,기타,자차 사고
6532,N,Apparently Normal,No Misuse,N,No Injury,a09a8742-b8c5-4853-a7e6-f319f525aa42,D,AE5419002S,Shoulder/Lap Belt(s),M,b5620fbe-aae8-4a47-99a5-b0607f0d1e27,Same Direction Rear End,N,Non Intersection,Left Turn Lane,Daylight,No Defects,"Two-way, Not Divided",Dry,Clear,Six o'clock,Passenger Car,Functional,N,Slowing or Stopping,2015-03-17 15:55,58,39.40655514,-76.47106647,1,3,좌회전 차선 사고,감속 중 사고
6533,N,Apparently Normal,No Misuse,N,No Injury,18ba1d02-1a1f-4c18-aa64-9c33f7df9c93,D,AE54230008,Shoulder/Lap Belt(s),M,41b3da2a-a67c-495a-baae-294aa3e65fef,Same Direction Rear End,N,Non Intersection,Left Turn Lane,Daylight,No Defects,"Two-way, Not Divided",Dry,Clear,Six o'clock,(Sport) Utility Vehicle,Functional,N,Stopped in Traffic Lane,2015-01-20 16:48,21,39.44638639,-76.81533739,1,2,좌회전 차선 사고,기타
6534,N,Apparently Normal,No Misuse,N,No Injury,a4aa91fa-0c27-4a45-a75f-bdda81d738f0,D,AE5428000F,Shoulder/Lap Belt(s),M,04e49cd6-b964-40d3-96c5-17f003e15b1b,Single Vehicle ,N,Non Intersection,Right Turn Lane,Dusk,No Defects,"Two-way, Not Divided",Dry,Clear,One o'clock,(Sport) Utility Vehicle,Functional,N,Moving Constant Speed,2015-01-17 7:10,51,39.26365955,-76.77964926,2,2,기타,기타
6535,N,Apparently Normal,No Misuse,N,No Injury,d51764e0-bbf7-4a7e-ab01-d35b0d265e69,D,AE54320009,Shoulder/Lap Belt(s),M,4950b75f-0813-4279-8951-cc333eb47f1b,Same Direction Rear End,N,Intersection,Right Turn Lane,Daylight,No Defects,"Two-way, Divided, Positive Median Barrier",Dry,Clear,Six o'clock,Passenger Car,Functional,N,Stopped in Traffic Lane,2015-01-15 13:01,26,39.26232216,-76.70969725,3,3,우회전 차선 사고,동일 방향 운행 중 추돌 사고
6536,N,Apparently Normal,No Misuse,Y,No Injury,c4afc097-f995-4d81-8f2e-f873892b6a6a,D,AE54320009,Shoulder/Lap Belt(s),M,bf0ce673-3ef4-4475-b32f-0ef2dcb37406,Same Direction Rear End,N,Intersection,Right Turn Lane,Daylight,No Defects,"Two-way, Divided, Positive Median Barrier",Dry,Clear,Twelve o'clock,Passenger Car,Disabling,N,Moving Constant Speed,2015-01-15 13:01,20,39.26232216,-76.70969725,3,2,우회전 차선 사고,기타
6537,N,Apparently Normal,No Misuse,Y,No Injury,424113e7-6f9d-42cb-a28a-ca813b507ca0,D,AE54330005,Shoulder/Lap Belt(s),M,c3ac3a0e-13b3-4946-98d0-bd57280985dc,Head On,N,Non Intersection,Right Turn Lane,Dark Lights On,No Defects,"Two-way, Divided, Unprotected (painted >4 feet) Median",Ice,Wintry Mix,Twelve o'clock,Passenger Car,Disabling,N,Slowing or Stopping,2015-02-22 0:16,24,39.31064317,-76.75310612,0,1,눈길사고,등속 주행 사고
6538,N,Apparently Normal,No Misuse,N,No Injury,6a110323-82a9-47c7-8b83-ed7928cb0b9c,D,AE5439000M,Shoulder/Lap Belt(s),M,bb0cd3fb-3544-4558-9158-62f00d6097c1,Opposite Direction Sideswipe,N,Intersection,Right Turn Lane,Daylight,No Defects,"Two-way, Not Divided",Wet,Clear,Ten o'clock,Pickup Truck,Superficial,N,Moving Constant Speed,2015-03-02 10:45,46,39.46578512,-76.64439082,3,2,우회전 차선 사고,기타
6539,Y,Apparently Normal,No Misuse,Y,No Injury,77ed85a1-d279-4f41-9e8f-a8d519338f19,D,AE5439000M,Shoulder/Lap Belt(s),M,e9ee89ce-fe1d-4fc1-97e1-893ec737a4d3,Opposite Direction Sideswipe,N,Intersection,Right Turn Lane,Daylight,No Defects,"Two-way, Not Divided",Wet,Clear,Ten o'clock,Pickup Truck,Superficial,Y,Slowing or Stopping,2015-03-02 10:45,54,39.46578512,-76.64439082,3,1,우회전 차선 사고,등속 주행 중 측면 추돌 사고
6540,N,Apparently Normal,No Misuse,Y,No Injury,7201efc3-2baa-4cc8-a168-7521e5c71ec5,D,AE5447000Z,Shoulder/Lap Belt(s),M,14db3471-32ad-404d-a448-e5d1a14b6426,Single Vehicle ,N,Non Intersection,Right Turn Lane,Daylight,No Defects,"Two-way, Not Divided",Ice,Snow,Twelve o'clock,"Other Light Trucks (10,000 lbs (4,536 kg))",Superficial,N,Moving Constant Speed,2015-03-09 9:32,27,39.61243293,-76.80148244,0,0,눈길사고,감속 중 사고
6541,N,Apparently Normal,No Misuse,Y,No Injury,65dce179-1789-455d-a203-7183156f1e5a,D,AE5450000C,Shoulder/Lap Belt(s),M,cdc8a0f7-dafe-4a51-87cf-cb4577205289,Single Vehicle ,N,Non Intersection,Right Turn Lane,Daylight,No Defects,"Two-way, Not Divided",Dry,Clear,One o'clock,Passenger Car,Disabling,N,Moving Constant Speed,2015-03-12 16:57,19,39.25647387,-76.77294374,2,2,기타,기타
6542,N,Apparently Normal,No Misuse,Y,No Injury,59c9b75a-a820-45e1-a1c4-e420e82b15a1,D,AE54510006,Shoulder/Lap Belt(s),M,4d47c28a-4d7b-442c-a384-adb4ae77181e,Single Vehicle ,N,Intersection,Left Turn Lane,Dark Lights On,No Defects,"Two-way, Divided, Positive Median Barrier",Dry,Clear,Twelve o'clock,Passenger Car,Destroyed,N,Slowing or Stopping,2015-03-26 2:15,27,39.31228678,-76.46546602,1,3,좌회전 차선 사고,감속 중 사고
6543,N,Apparently Normal,No Misuse,N,No Injury,83bdf30a-5840-4ded-9bc6-ca9a9f6826f0,D,AE54520004,Shoulder/Lap Belt(s),M,4489945f-55fe-4d7c-b9e2-fde7d1a4ca1a,Same Direction Left Turn,N,Intersection,Right Turn Lane,Daylight,No Defects,"Two-way, Not Divided",Dry,Clear,One o'clock,Passenger Car,Superficial,N,Moving Constant Speed,2015-01-07 16:49,21,39.35967743,-76.74697995,3,2,우회전 차선 사고,기타
6544,N,Apparently Normal,No Misuse,Y,No Injury,4e2a9e4f-f1a7-4d1f-ad26-96018307bb28,D,AE54520006,Shoulder/Lap Belt(s),M,21ab56a6-baf8-4062-8010-ff5f0ea88b33,Same Direction Rear End,N,Non Intersection,Right Turn Lane,Daylight,No Defects,"Two-way, Not Divided",Dry,Clear,Twelve o'clock,Passenger Car,Disabling,N,Accelerating,2015-01-13 15:15,35,39.37377598,-76.70593008,2,0,기타,자차 사고
6545,N,Apparently Normal,No Misuse,N,No Injury,9ec62b42-16a9-4385-ac59-150e2738a52a,D,AE54550005,Shoulder/Lap Belt(s),M,1748966c-ffe5-4b11-abdb-2ba77e2bedba,Same Direction Left Turn,N,Non Intersection,Right Turn Lane,Dark Lights On,No Defects,"Two-way, Not Divided",Dry,Clear,One o'clock,Passenger Car,Superficial,N,Moving Constant Speed,2015-03-29 1:06,21,39.35935391,-76.77346945,2,2,기타,기타
6546,N,Apparently Normal,No Misuse,Y,No Injury,abc039d6-26d1-4808-ac14-a38b9c38542d,D,AE54650008,Shoulder/Lap Belt(s),M,28b3a71c-240f-42da-ab6d-c87500df69d2,Single Vehicle ,N,Non Intersection,Right Turn Lane,Dark Lights On,No Defects,"Two-way, Not Divided",Snow,Blowing Snow,Twelve o'clock,Passenger Car,Functional,N,Moving Constant Speed,2015-02-19 22:27,25,39.21144073,-76.44036055,0,0,눈길사고,감속 중 사고
6547,N,Apparently Normal,No Misuse,N,No Injury,a4bf5273-0ccb-4bc1-ab24-9bb005aad905,D,AE5466000R,Shoulder/Lap Belt(s),M,505e3ffb-38f3-4a80-afb4-224dcad116ef,Same Movement Angle,N,Commercial Driveway,Right Turn Lane,Dawn,No Defects,"Two-way, Not Divided",Snow,Snow,Four o'clock,"Other Light Trucks (10,000 lbs (4,536 kg))",Superficial,N,Moving Constant Speed,2015-01-06 7:10,40,39.35737959,-76.78222418,0,0,눈길사고,감속 중 사고
6548,N,Apparently Normal,No Misuse,Y,No Injury,3a8feff5-0024-48f1-8aae-f911c43b5bc2,D,AE5466000R,Shoulder/Lap Belt(s),M,e0427051-a0ba-41e5-ae0c-6093ffe90118,Same Movement Angle,N,Commercial Driveway,Right Turn Lane,Dawn,No Defects,"Two-way, Not Divided",Snow,Snow,Twelve o'clock,(Sport) Utility Vehicle,Functional,N,Slowing or Stopping,2015-01-06 7:10,71,39.35737959,-76.78222418,0,1,눈길사고,등속 주행 사고
6549,N,Apparently Normal,No Misuse,Y,No Injury,dfc03880-355a-49e4-b605-cb122b9cc5ff,D,AE5466000Z,Shoulder/Lap Belt(s),M,92922f81-ae87-445f-aa29-609a87d9d902,Single Vehicle ,N,Non Intersection,Right Turn Lane,Daylight,No Defects,"Two-way, Not Divided",Dry,Clear,Three o'clock,Passenger Car,Disabling,N,Moving Constant Speed,2015-01-20 14:49,45,39.36927446,-76.76713943,2,2,기타,기타
6550,N,Apparently Normal,No Misuse,Y,No Injury,5f0c0bb4-7493-440b-9b8b-ef6166f61119,D,AE54660017,Shoulder/Lap Belt(s),M,e63c10ef-8775-4ed8-9fa0-68366d919b71,Single Vehicle ,N,Intersection,Right Turn Lane,Daylight,No Defects,"Two-way, Not Divided",Dry,Clear,Twelve o'clock,Passenger Car,Disabling,N,Making Left Turn,2015-02-18 8:24,27,39.35996362,-76.79072142,3,1,우회전 차선 사고,등속 주행 중 측면 추돌 사고
6551,N,Apparently Normal,No Misuse,N,No Injury,a7ce23a6-056b-46a9-8fb9-d5cfee7fa15b,D,AE5466001Q,Shoulder/Lap Belt(s),M,5654c392-cc87-4c1a-b1e4-173ef0c0ef4a,Same Direction Rear End,N,Intersection,Left Turn Lane,Daylight,No Defects,"Two-way, Divided, Positive Median Barrier",Wet,Snow,Six o'clock,Passenger Car,Functional,N,Stopped in Traffic Lane,2015-03-20 10:19,21,39.31263542,-76.74664736,4,3,빗길사고,기타
6552,N,Apparently Normal,No Misuse,N,No Injury,fd04fbc4-9322-4e23-be33-6788d28653ae,D,AE54700002,Shoulder/Lap Belt(s),M,fbf009da-69a0-4067-9fa8-64efb3ca9339,Single Vehicle ,N,Non Intersection,Right Turn Lane,Dark No Lights,No Defects,"Two-way, Divided, Positive Median Barrier",Dry,Severe Winds,Twelve o'clock,Passenger Car,Destroyed,N,Moving Constant Speed,2015-03-18 0:05,24,39.45403096,-76.87055469,2,2,기타,기타
6553,N,Apparently Normal,No Misuse,Y,No Injury,8781b0f5-f96f-421f-8c1c-8647eb3a4df8,D,AE5472000G,Shoulder/Lap Belt(s),M,21a030ff-a4a6-49cb-b4d7-c9765175b8f7,Single Vehicle ,N,Non Intersection,Right Turn Lane,Daylight,No Defects,"Two-way, Divided, Positive Median Barrier",Snow,Sleet,Underside,Passenger Car,Disabling,N,Moving Constant Speed,2015-03-01 12:28,29,39.39254406,-76.62850142,0,0,눈길사고,감속 중 사고
6554,N,Apparently Normal,No Misuse,Y,No Injury,e2c8cb2b-fd8c-4a22-9975-a270724189db,D,AE54740005,Shoulder/Lap Belt(s),M,bea7a2df-8f76-4e0f-80c9-b07a3a143a13,Same Direction Rear End,N,Non Intersection,Left Turn Lane,Dark Lights On,No Defects,One-way Trafficway,Ice,Sleet,Eleven o'clock,(Sport) Utility Vehicle,Superficial,Y,Moving Constant Speed,2015-02-10 5:32,38,39.2505171,-76.67866945,0,3,눈길사고,자차 사고
6555,N,Apparently Normal,No Misuse,N,No Injury,fdb9cac7-e2b1-4504-9d0a-127a0ce3b540,D,AE54810006,Shoulder/Lap Belt(s),M,c6e986e7-e88d-445f-9bb0-cb4929c9e6ba,Single Vehicle ,N,Non Intersection,Right Turn Lane,Dark No Lights,No Defects,"Two-way, Not Divided",Dry,Clear,Eleven o'clock,Passenger Car,Disabling,N,Moving Constant Speed,2015-02-11 0:02,32,39.55356778,-76.76853418,2,2,기타,기타
6556,N,Apparently Normal,No Misuse,N,No Injury,ef488dea-00fd-4841-98bb-af32f4069fd6,D,AE5486000K,Shoulder/Lap Belt(s),M,4ab12a35-57a4-4cf6-8fdf-2fd939d6c0b6,Opposite Direction Both Left Turn,N,Intersection,Right Turn Lane,Daylight,No Defects,"Two-way, Not Divided",Ice,Raining,One o'clock,(Sport) Utility Vehicle,Disabling,N,Accelerating,2015-01-24 8:44,38,39.38090193,-76.71115637,0,2,눈길사고,미끌어짐에 의한 사고
6557,N,Apparently Normal,No Misuse,Y,No Injury,27193647-4000-4f90-9575-306ae2da52c1,D,AE5486000K,Shoulder/Lap Belt(s),M,004428a9-bc2f-4d17-a80e-13a6d879b09f,Opposite Direction Both Left Turn,N,Intersection,Right Turn Lane,Daylight,No Defects,"Two-way, Not Divided",Ice,Raining,Twelve o'clock,(Sport) Utility Vehicle,Superficial,N,Skidding,2015-01-24 8:44,41,39.38090193,-76.71115637,0,2,눈길사고,미끌어짐에 의한 사고
6558,N,Apparently Normal,No Misuse,N,No Injury,db6e2691-9876-4b56-a4f1-d3a28d475f7f,D,AE5491000L,Shoulder/Lap Belt(s),M,f214bb1f-474a-4e43-a33b-e3c28da7aaec,Same Direction Rear End,N,Non Intersection,Right Turn Lane,Daylight,No Defects,"Two-way, Not Divided",Dry,Clear,Six o'clock,Passenger Car,Superficial,N,Stopped in Traffic Lane,2015-03-24 8:58,63,39.47441516,-76.6335547,2,0,기타,자차 사고
6559,N,Apparently Normal,No Misuse,N,No Injury,98026f34-cd57-40d0-810b-3a4a3974bb84,D,AE5491000L,Shoulder/Lap Belt(s),M,c577cc28-c5f7-4ee8-8bee-3774bbec598e,Same Direction Rear End,N,Non Intersection,Right Turn Lane,Daylight,No Defects,"Two-way, Not Divided",Dry,Clear,Six o'clock,Passenger Car,Disabling,N,Stopped in Traffic Lane,2015-03-24 8:58,33,39.47441516,-76.6335547,2,0,기타,자차 사고
6560,N,Apparently Normal,No Misuse,Y,No Injury,2667e62f-fabc-4e9a-a5c6-43bea7931979,D,AE5491000L,Shoulder/Lap Belt(s),M,f3c3a967-0cc7-48df-8f33-491b249a89c5,Same Direction Rear End,N,Non Intersection,Right Turn Lane,Daylight,No Defects,"Two-way, Not Divided",Dry,Clear,Eleven o'clock,Passenger Car,Disabling,N,Slowing or Stopping,2015-03-24 8:58,34,39.47441516,-76.6335547,2,1,기타,등속 주행 사고
6561,N,Apparently Normal,No Misuse,N,No Injury,c8f9531f-bc2a-4fba-80aa-6653c52ca6de,D,AE5491000N,Shoulder/Lap Belt(s),M,6b610787-e3b9-4588-8474-24658ab166f2,Same Direction Rear End,N,Non Intersection,Right Turn Lane,Daylight,No Defects,"Two-way, Not Divided",Dry,Clear,Six o'clock,Passenger Car,Superficial,N,Stopped in Traffic Lane,2015-03-30 17:16,26,39.48108988,-76.65797353,2,0,기타,자차 사고
6562,N,Apparently Normal,No Misuse,N,No Injury,e8faf186-cb49-4369-a9f3-6d6fd0feac9f,D,AE55020003,Shoulder/Lap Belt(s),M,02cc2082-f508-455e-abbc-46ac7ccec823,Same Direction Rear End,N,Intersection,Right Turn Lane,Dark Lights On,No Defects,"Two-way, Not Divided",Dry,Clear,Six o'clock,All Terrain Vehicle (ATV),Functional,N,Stopped in Traffic Lane,2015-01-11 0:22,39,39.21523131,-76.54174805,3,3,우회전 차선 사고,동일 방향 운행 중 추돌 사고
6563,N,Had Been Drinking,No Misuse,Y,No Injury,6c0b0699-3dd8-4471-9313-cc0d5301b3e9,D,AE55020003,Shoulder/Lap Belt(s),M,d2e4b9ba-355d-4dcd-973d-f3e04b27c582,Same Direction Rear End,N,Intersection,Right Turn Lane,Dark Lights On,No Defects,"Two-way, Not Divided",Dry,Clear,Twelve o'clock,Pickup Truck,Functional,N,Moving Constant Speed,2015-01-11 0:22,32,39.21523131,-76.54174805,3,2,우회전 차선 사고,기타
6564,N,Using Drugs,No Misuse,Y,No Injury,ead5527f-9720-4cd4-b695-1e4f85e7059b,D,AE55140006,Shoulder/Lap Belt(s),M,5ed59d80-b126-4301-bb45-1dcf781efc11,Same Direction Rear End,N,Non Intersection,Right Turn Lane,Daylight,No Defects,"Two-way, Not Divided",Dry,Clear,Twelve o'clock,Pickup Truck,Disabling,N,Moving Constant Speed,2015-02-02 11:46,31,39.39564498,-76.85827017,2,3,기타,등속 주행 중 측면 추돌 사고
6565,N,Apparently Normal,No Misuse,N,No Injury,15e9ac65-987d-4e1f-b936-dcd78ea839e6,D,AE55160008,Shoulder/Lap Belt(s),M,059877ad-7f74-4f18-8f6a-ad50aa9e7675,Same Direction Rear End,N,Intersection,Right Turn Lane,Daylight,No Defects,One-way Trafficway,Dry,Clear,Six o'clock,Passenger Car,Superficial,N,Slowing or Stopping,2015-03-01 8:19,50,39.26229724,-76.70514822,3,3,우회전 차선 사고,동일 방향 운행 중 추돌 사고
6566,N,Apparently Normal,No Misuse,Y,No Injury,c9ad305c-dd4f-4309-9c18-4e0395a5b5b3,D,AE5516000G,Shoulder/Lap Belt(s),M,85050963-40ca-4c28-8800-113a499f031b,Single Vehicle ,N,Non Intersection,Right Turn Lane,Daylight,No Defects,"Two-way, Not Divided",Ice,Raining,Seven o'clock,Passenger Car,Disabling,N,Moving Constant Speed,2015-03-24 7:42,25,39.24982128,-76.72934979,0,0,눈길사고,감속 중 사고
6567,N,Apparently Normal,No Misuse,N,No Injury,4d05412f-a5a7-4701-91f9-b10c31582b3c,D,AE5522000B,Shoulder/Lap Belt(s),M,73dc7507-d8f2-429d-8ff0-49051aacd50a,Same Direction Sideswipe,N,Intersection,Left Turn Lane,Daylight,No Defects,"Two-way, Divided, Positive Median Barrier",Dry,Clear,Three o'clock,(Sport) Utility Vehicle,Functional,N,Moving Constant Speed,2015-01-22 11:54,75,39.40370341,-76.59564972,1,0,좌회전 차선 사고,등속 주행 중 측면 추돌 사고
6568,N,Apparently Normal,No Misuse,N,No Injury,a2fc52f5-2ede-4b7e-bc05-d816b42b861a,D,AE55410006,Shoulder/Lap Belt(s),M,7ae677bc-e70c-4d56-899a-d74a6c0ba9cd,Same Direction Rear End Left Turn,N,Intersection Related,Right Turn Lane,Dark Lights On,No Defects,"Two-way, Not Divided",Wet,Raining,Six o'clock,(Sport) Utility Vehicle,Superficial,N,Starting From Lane,2015-01-04 22:30,54,39.37273305,-76.72135949,4,0,빗길사고,등속 주행 중 사고
6569,N,Apparently Normal,No Misuse,N,No Injury,eb43a95a-b3b7-4128-b65e-7a3adc205d0e,D,AE55410006,Shoulder/Lap Belt(s),M,11f42dcb-59d7-4436-9e0a-dc31a6f685ee,Same Direction Rear End Left Turn,N,Intersection Related,Right Turn Lane,Dark Lights On,No Defects,"Two-way, Not Divided",Wet,Raining,Twelve o'clock,Passenger Car,Disabling,N,Stopped in Traffic Lane,2015-01-04 22:30,21,39.37273305,-76.72135949,4,0,빗길사고,등속 주행 중 사고
6570,N,Apparently Normal,No Misuse,Y,No Injury,1a0bbecc-18de-4328-acbd-aa12c9212b54,D,AE55410006,Shoulder/Lap Belt(s),M,3eed85ec-0e81-4b5d-8d52-87fc76fb302a,Same Direction Rear End Left Turn,N,Intersection Related,Right Turn Lane,Dark Lights On,No Defects,"Two-way, Not Divided",Wet,Raining,Eleven o'clock,Passenger Car,Functional,N,Slowing or Stopping,2015-01-04 22:30,21,39.37273305,-76.72135949,4,0,빗길사고,등속 주행 중 사고
6571,N,Apparently Normal,No Misuse,N,No Injury,9f877023-fb2e-4a20-bd6a-74493543da0b,D,AE55590003,Shoulder/Lap Belt(s),M,94c1d1e3-ece1-45f8-b3b6-7777c0b23f46,Head On Left Turn,N,Non Intersection,Right Turn Lane,Dark Lights On,No Defects,"Two-way, Not Divided",Dry,Clear,Eleven o'clock,Passenger Car,Superficial,N,Parked  ,2015-03-23 0:42,30,39.26229724,-76.69804573,2,0,기타,자차 사고
6572,N,Apparently Normal,No Misuse,Y,No Injury,0618d606-dc6c-4047-856a-f62124894260,D,AE55780008,Shoulder/Lap Belt(s),M,57ff5b61-0237-449a-b87d-fbda448f7bb4,Single Vehicle ,N,Non Intersection,Right Turn Lane,Dark Lights On,No Defects,"Two-way, Not Divided",Wet,Raining,Twelve o'clock,Passenger Car,Disabling,N,Moving Constant Speed,2015-01-03 19:55,52,39.33129337,-76.52842283,4,2,빗길사고,동일 방향 운행 중 추돌 사고
6573,N,Apparently Normal,No Misuse,Y,No Injury,317e5e15-21d2-4764-aef7-4525a40ee49d,D,AE5584000D,Shoulder/Lap Belt(s),M,089fd80a-e287-4691-a3ff-b539ba0e5bb4,Same Movement Angle,N,Intersection,Right Turn Lane,Dusk,No Defects,"Two-way, Divided, Positive Median Barrier",Dry,Clear,Twelve o'clock,Passenger Car,Superficial,N,Accelerating,2015-02-01 17:32,32,39.25996297,-76.46310568,3,0,우회전 차선 사고,기타
6574,N,Apparently Normal,No Misuse,Y,No Injury,f141b361-3a06-4ad3-99db-9c4aa9477e85,D,AE5587000B,Shoulder/Lap Belt(s),M,e8e80945-187b-46e9-8435-c22ad83fcef7,Single Vehicle ,N,Non Intersection,Right Turn Lane,Daylight,No Defects,"Two-way, Divided, Positive Median Barrier",Ice,Cloudy,Twelve o'clock,Passenger Car,Disabling,N,Moving Constant Speed,2015-01-18 8:10,24,39.38912791,-76.76186085,0,0,눈길사고,감속 중 사고
6575,N,Apparently Normal,No Misuse,Y,No Injury,d4805d7d-25fa-4853-99f8-12bbb9a9bcf9,D,AE5587000D,Shoulder/Lap Belt(s),M,c23c4a91-df04-4250-89f2-701445db200d,Single Vehicle ,N,Non Intersection,Right Turn Lane,Daylight,No Defects,"Two-way, Divided, Positive Median Barrier",Ice,Cloudy,Seven o'clock,(Sport) Utility Vehicle,Disabling,N,Moving Constant Speed,2015-01-18 8:10,56,39.38703834,-76.75939322,0,0,눈길사고,감속 중 사고
6576,N,Apparently Normal,No Misuse,N,No Injury,1ff2e12c-b060-42b2-917f-0ee73f380748,D,AE5587000H,Shoulder/Lap Belt(s),M,984cca78-b949-4e49-a089-4aebcb6d383d,Head On Left Turn,N,Non Intersection,Right Turn Lane,Dark Lights On,No Defects,"Two-way, Divided, Unprotected (painted >4 feet) Median",Snow,Snow,Eleven o'clock,Pickup Truck,Disabling,N,Moving Constant Speed,2015-01-26 17:00,51,39.39080284,-76.7626977,0,0,눈길사고,감속 중 사고
6577,N,Apparently Normal,No Misuse,Y,No Injury,03fb8dab-c9e6-4175-93a0-58f0082a4660,D,AE5587000L,Shoulder/Lap Belt(s),M,8a1fad4c-916d-4c15-8849-a1ab48e105b6,Single Vehicle ,N,Non Intersection,Right Turn Lane,Dark Lights On,No Defects,"Two-way, Divided, Positive Median Barrier",Dry,Clear,Twelve o'clock,Passenger Car,Disabling,N,Moving Constant Speed,2015-02-20 20:30,33,39.40818821,-76.78184867,2,2,기타,기타
6578,N,Apparently Normal,No Misuse,N,No Injury,a850e2c9-0009-4b88-9f51-0fffda6aaf7e,D,AE5587000R,Shoulder/Lap Belt(s),M,50227e4b-794e-4058-9063-5769ab39dc34,Same Direction Rear End,N,Non Intersection,Left Turn Lane,Daylight,No Defects,"Two-way, Divided, Unprotected (painted >4 feet) Median",Dry,Clear,Six o'clock,(Sport) Utility Vehicle,Superficial,N,Slowing or Stopping,2015-03-04 7:40,38,39.40305678,-76.75655007,1,3,좌회전 차선 사고,감속 중 사고
6579,N,Apparently Normal,No Misuse,Y,No Injury,2784c14b-021d-493e-9bd1-6d615cb60f25,D,AE5587000S,Shoulder/Lap Belt(s),M,7ca8799f-78ae-4ff5-8795-085a5590b004,Single Vehicle ,N,Non Intersection,Right Turn Lane,Dawn,No Defects,"Two-way, Divided, Unprotected (painted >4 feet) Median",Ice,Cloudy,Four o'clock,Pickup Truck,Disabling,N,Moving Constant Speed,2015-03-03 6:30,30,39.39154079,-76.77146316,0,0,눈길사고,감속 중 사고
6580,N,Apparently Normal,No Misuse,N,No Injury,5440fd39-1b6d-42b3-98ea-12a37b0015dd,D,AE55880009,Shoulder/Lap Belt(s),M,3080b65a-2b6d-4c9a-9be5-5b5a7714593c,Same Movement Angle,N,Intersection,Left Turn Lane,Dark Lights On,No Defects,"Two-way, Divided, Unprotected (painted >4 feet) Median",Wet,Raining,Twelve o'clock,Passenger Car,Superficial,N,Making Left Turn,2015-02-09 19:05,68,39.38287559,-76.57095194,4,1,빗길사고,자차 사고
6581,N,Apparently Normal,No Misuse,Y,No Injury,81a999fa-ce2a-41b5-a8c2-e3b5b76528ca,D,AE55880009,Shoulder/Lap Belt(s),M,f052200d-aafd-4db5-9f6b-cecca05ae563,Same Movement Angle,N,Intersection,Left Turn Lane,Dark Lights On,No Defects,"Two-way, Divided, Unprotected (painted >4 feet) Median",Wet,Raining,Four o'clock,Passenger Car,Functional,N,Moving Constant Speed,2015-02-09 19:05,28,39.38287559,-76.57095194,4,1,빗길사고,자차 사고
6582,N,Apparently Normal,No Misuse,N,No Injury,23942001-d22a-4251-a9e0-bd57e36c2378,D,AE56000009,Shoulder/Lap Belt(s),M,09e0f2e2-000d-47c6-a6a3-cc301e8691e4,Same Direction Rear End,N,Intersection,Left Turn Lane,Dark Lights On,No Defects,"Two-way, Not Divided",Wet,Raining,Six o'clock,Passenger Car,Superficial,N,Slowing or Stopping,2015-01-03 19:13,60,39.39892816,-76.58680916,4,3,빗길사고,기타
6583,N,Apparently Normal,No Misuse,Y,No Injury,746ccb23-3a30-4a30-831e-9a3039c76e2c,D,AE56000009,Shoulder/Lap Belt(s),M,d9107596-15fe-4d3d-a823-a4862b989918,Same Direction Rear End,N,Intersection,Left Turn Lane,Dark Lights On,No Defects,"Two-way, Not Divided",Wet,Raining,Twelve o'clock,Passenger Car,Disabling,N,Slowing or Stopping,2015-01-03 19:13,30,39.39892816,-76.58680916,4,3,빗길사고,기타
6584,N,Apparently Normal,No Misuse,N,No Injury,923ea1b8-4353-42a7-afe5-2f8ec50cde23,D,AE5604000D,Shoulder/Lap Belt(s),M,2fab5e31-a64e-4c04-a531-6f4a04ee7f52,Same Direction Sideswipe,N,Non Intersection,Right Turn Lane,Daylight,No Defects,One-way Trafficway,Dry,Clear,Ten o'clock,Passenger Car,Superficial,N,Parked  ,2015-03-13 17:56,46,39.35752891,-76.74902916,2,0,기타,자차 사고
6585,N,Apparently Normal,No Misuse,Y,No Injury,a3a854b8-db04-42bb-83ab-1c759db8a2ce,D,AE5604000D,Shoulder/Lap Belt(s),M,fada0857-b7bd-45a5-95e2-cc0dda0eb678,Same Direction Sideswipe,N,Non Intersection,Right Turn Lane,Daylight,No Defects,One-way Trafficway,Dry,Clear,Two o'clock,Passenger Car,Superficial,Y,Moving Constant Speed,2015-03-13 17:56,49,39.35752891,-76.74902916,2,2,기타,기타