KEY_INDEX,CDL_FLAG,CONDITION_CODE,EQUIP_PROB_CODE,FAULT_FLAG,INJ_SEVER_CODE,PERSON_ID,PERSON_TYPE,REPORT_NO,SAF_EQUIP_CODE,SEX_CODE,VEHICLE_ID,COLLISION_TYPE_CODE,C_M_ZONE_FLAG,JUNCTION_CODE,LANE_CODE,LIGHT_CODE,RD_COND_CODE,RD_DIV_CODE,SURF_COND_CODE,WEATHER_CODE,AREA_DAMAGED_CODE_MAIN,BODY_TYPE_CODE,DAMAGE_CODE,HIT_AND_RUN_FLAG,MOVEMENT_CODE,TIME,AGE,LATITUDE,LONGITUDE,CLUSTER,SECOND_LABEL,FIRST_LABEL,SECOND_LABELING
6641,N,Apparently Normal,No Misuse,N,Possible Incapacitating Injury,8f0f028c-7b0b-4daa-9abf-da684b59ad65,D,BS02730005,Shoulder/Lap Belt(s),M,ab88b4a0-7d91-4ae1-b03a-65f42a1157ca,Same Direction Sideswipe,N,Non Intersection,Left Turn Lane,Daylight,No Defects,"Two-way, Not Divided",Dry,Clear,Three o'clock,Pickup Truck,Destroyed,N,Moving Constant Speed,2015-01-16 12:45,26,39.40687015,-77.38703012,1,0,좌회전 차선 사고,등속 주행 중 측면 추돌 사고
6642,N,Apparently Normal,No Misuse,Y,No Injury,805d12c0-f191-4638-b1dc-6737f6faf33c,D,BS02730007,Shoulder/Lap Belt(s),M,8b500c88-f8b7-458f-943f-5f08ab911d24,Single Vehicle ,N,Intersection,Right Turn Lane,Daylight,Loose Surface Material,"Two-way, Not Divided",Snow,Clear,Twelve o'clock,Police Vehicle/Non Emergency,Superficial,N,Making U Turn,2015-02-28 9:50,26,39.42235362,-77.45337725,3,1,우회전 차선 사고,등속 주행 중 측면 추돌 사고
6643,N,Apparently Normal,No Misuse,N,No Injury,0d3cb851-d2ff-4fa3-97ff-a44d77181024,D,BS0382000D,Shoulder/Lap Belt(s),M,63b797c2-7540-4010-8b63-74aa1d992ea4,Same Direction Rear End,N,Intersection,Right Turn Lane,Daylight,No Defects,"Two-way, Divided, Unprotected (painted >4 feet) Median",Dry,Clear,Six o'clock,Passenger Car,Functional,N,Stopped in Traffic Lane,2015-03-02 15:56,54,39.40452413,-77.39404678,3,3,우회전 차선 사고,동일 방향 운행 중 추돌 사고
6644,Y,Apparently Normal,No Misuse,Y,No Injury,919e2617-e1f2-4ff3-9445-084b3e10ff95,D,BS0382000D,Shoulder/Lap Belt(s),M,2e5c968e-2a03-4344-9b62-43c13fdc52bb,Same Direction Rear End,N,Intersection,Right Turn Lane,Daylight,No Defects,"Two-way, Divided, Unprotected (painted >4 feet) Median",Dry,Clear,Twelve o'clock,"Medium/Heavy Truck 2 axles (10,000 lbs (4,536 kg) or less)",Superficial,N,Moving Constant Speed,2015-03-02 15:56,38,39.40452413,-77.39404678,3,2,우회전 차선 사고,기타
6645,N,Apparently Normal,No Misuse,Y,No Injury,64ca941e-f54a-4709-b0aa-e43c5a6254c4,D,BS04350004,Shoulder/Lap Belt(s),M,f5d71135-1956-4cb7-a1ea-53f77da70762,Same Direction Rear End,N,Non Intersection,Left Turn Lane,Daylight,No Defects,One-way Trafficway,Wet,Clear,Twelve o'clock,Police Vehicle/Emergency,Superficial,N,Slowing or Stopping,2015-01-28 13:30,29,39.415052,-77.410825,1,3,좌회전 차선 사고,감속 중 사고
6646,N,Apparently Normal,No Misuse,N,No Injury,c5f15cec-b8e0-4ea5-8ba2-0334cac5cfcb,D,BS04500004,Shoulder/Lap Belt(s),M,e55c4159-7d55-4ba7-a5a0-8d971152e4c2,Same Movement Angle,N,Intersection Related,Right Turn Lane,Daylight,No Defects,"Two-way, Not Divided",Dry,Clear,Twelve o'clock,Passenger Car,Functional,N,Moving Constant Speed,2015-02-13 14:22,33,39.41746361,-77.40483999,3,0,우회전 차선 사고,기타
6647,N,Apparently Normal,No Misuse,N,No Injury,b95fd3b4-59e1-4f57-b3f5-afa20b2cf303,D,BS04500004,Shoulder/Lap Belt(s),M,45db3eab-3d8a-400c-bebf-f7cec7c88e3a,Same Movement Angle,N,Intersection Related,Right Turn Lane,Daylight,No Defects,"Two-way, Not Divided",Dry,Clear,One o'clock,Passenger Car,Disabling,N,Moving Constant Speed,2015-02-13 14:22,21,39.41746361,-77.40483999,3,0,우회전 차선 사고,기타
6648,N,Apparently Normal,No Misuse,Y,No Injury,73b8aa60-6aa9-45a5-afe9-cb676ac1a9da,D,BS04500004,Shoulder/Lap Belt(s),M,92d93ea2-ee60-434f-8c37-cd00c42f48ab,Same Movement Angle,N,Intersection Related,Right Turn Lane,Daylight,No Defects,"Two-way, Not Divided",Dry,Clear,Twelve o'clock,Passenger Car,Disabling,N,Accelerating,2015-02-13 14:22,60,39.41746361,-77.40483999,3,0,우회전 차선 사고,기타
6649,N,Apparently Normal,No Misuse,N,No Injury,59bd75a3-f509-4314-9f05-c1b298ce0118,D,BS0488000D,Shoulder/Lap Belt(s),M,0f20f895-3aba-4742-ae1d-b76e8af26427,Head On,N,Non Intersection,Right Turn Lane,Dark Lights On,No Defects,"Two-way, Not Divided",Dry,Cloudy,Twelve o'clock,Passenger Car,Disabling,N,Moving Constant Speed,2015-02-01 19:52,36,39.41627,-77.453698,2,2,기타,기타
6650,N,Had Been Drinking,No Misuse,Y,No Injury,e5205367-653b-4e78-a9d0-c1ad824f7067,D,BS0488000D,Shoulder/Lap Belt(s),M,6349a222-95dd-4654-b250-a472293b1393,Head On,N,Non Intersection,Right Turn Lane,Dark Lights On,No Defects,"Two-way, Not Divided",Dry,Cloudy,Twelve o'clock,Passenger Car,Disabling,N,Moving Constant Speed,2015-02-01 19:52,31,39.41627,-77.453698,2,2,기타,기타
6651,N,Apparently Normal,No Misuse,N,No Injury,d71bd590-d3f9-4486-8cd4-902710893253,D,BW00970005,Shoulder/Lap Belt(s),M,45c4bfad-85fa-4dbd-8a15-5f1fbf9cc1d2,Same Movement Angle,N,Intersection,Left Turn Lane,Dark Lights On,Foreign Material,"Two-way, Divided, Unprotected (painted >4 feet) Median",Ice,Clear,Four o'clock,Pickup Truck,Superficial,N,Moving Constant Speed,2015-02-28 1:38,29,38.99609028,-76.89983368,1,0,좌회전 차선 사고,등속 주행 중 측면 추돌 사고
6652,N,Apparently Normal,No Misuse,Y,No Injury,4ddffa88-cead-48ce-939c-872082636fee,D,BW0108000G,Shoulder/Lap Belt(s),M,cc8297f5-2875-41e7-8ddd-bb22b153a189,Head On Left Turn,N,Intersection,Right Turn Lane,Dusk,No Defects,"Two-way, Divided, Positive Median Barrier",Dry,Clear,Two o'clock,(Sport) Utility Vehicle,Disabling,N,Making Left Turn,2015-03-18 19:07,24,38.99712423,-76.90700054,3,1,우회전 차선 사고,등속 주행 중 측면 추돌 사고
6653,N,Apparently Normal,No Misuse,N,Non-incapacitating Injury,065f2681-5c9c-426c-b94c-77e1630cabd5,D,BW0108000G,Shoulder/Lap Belt(s),M,727cd9f6-bbd8-4c02-abba-e8598dc0d654,Head On Left Turn,N,Intersection,Right Turn Lane,Dusk,No Defects,"Two-way, Divided, Positive Median Barrier",Dry,Clear,Ten o'clock,(Sport) Utility Vehicle,Disabling,N,Moving Constant Speed,2015-03-18 19:07,38,38.99712423,-76.90700054,3,2,우회전 차선 사고,기타
6654,N,Apparently Normal,No Misuse,N,No Injury,663d8b9f-3f70-4f0c-a104-2ff96e85189d,D,BW0118000C,Shoulder/Lap Belt(s),M,e2ff928b-e2c8-47ce-8067-dfcac885ca8f,Same Direction Rear End,N,Intersection Related,Acceleration Lane,Dark Lights On,No Defects,"Two-way, Divided, Positive Median Barrier",Wet,Raining,Seven o'clock,"Other Light Trucks (10,000 lbs (4,536 kg))",Superficial,N,Stopped in Traffic Lane,2015-02-02 1:29,32,38.993905,-76.87334,4,3,빗길사고,기타
6655,N,Apparently Normal,No Misuse,N,No Injury,117ec2df-f8ea-4bf4-b8ea-b6233993de5c,D,BW01300008,Shoulder/Lap Belt(s),M,1b858b43-ea86-44dd-8d6a-03c18b9376a2,Same Direction Rear End,N,Intersection Related,Acceleration Lane,Daylight,No Defects,"Two-way, Divided, Positive Median Barrier",Dry,Clear,Six o'clock,Pickup Truck,Superficial,N,Stopped in Traffic Lane,2015-02-23 8:25,67,38.99558998,-76.88773155,1,2,좌회전 차선 사고,기타
6656,N,Had Been Drinking,No Misuse,Y,Non-incapacitating Injury,2aa90e17-c2ea-4339-8315-f9fe7791460e,D,BW01300008,Shoulder/Lap Belt(s),M,f7293532-2475-44c8-8d76-f9cdb6f55312,Same Direction Rear End,N,Intersection Related,Acceleration Lane,Daylight,No Defects,"Two-way, Divided, Positive Median Barrier",Dry,Clear,Twelve o'clock,Passenger Car,Disabling,N,Moving Constant Speed,2015-02-23 8:25,58,38.99558998,-76.88773155,1,0,좌회전 차선 사고,등속 주행 중 측면 추돌 사고
6657,N,Apparently Normal,No Misuse,Y,No Injury,5c0c2952-73fe-428e-992c-1710c6923e88,D,BW01370009,Shoulder/Lap Belt(s),M,d0fd882f-7535-4479-9126-9a67318bea11,Single Vehicle ,N,Non Intersection,Right Turn Lane,Daylight,No Defects,"Two-way, Not Divided",Snow,Snow,Six o'clock,"Other Light Trucks (10,000 lbs (4,536 kg))",No Damage,N,Backing,2015-03-05 15:17,45,38.98100463,-76.86929941,0,2,눈길사고,미끌어짐에 의한 사고
6658,N,Apparently Normal,No Misuse,N,No Injury,372c7871-2c57-4905-9322-d2ceada676b3,D,BW0141000M,Shoulder/Lap Belt(s),M,23559526-a5f1-4a0e-a19c-d18b4edc41d0,Same Direction Rear End,N,Non Intersection,Right Turn Lane,Dawn,No Defects,"Two-way, Divided, Positive Median Barrier",Wet,Raining,Twelve o'clock,"Other Light Trucks (10,000 lbs (4,536 kg))",Disabling,N,Moving Constant Speed,2015-01-30 5:20,23,39.002023,-76.895657,4,2,빗길사고,동일 방향 운행 중 추돌 사고
6659,N,Apparently Normal,No Misuse,Y,Non-incapacitating Injury,bf72dfc5-9f59-4eaf-bca7-03fd5f34b82a,D,BW0141000M,Shoulder/Lap Belt(s),M,63faa14e-64a1-4522-910c-0299b02bb6b9,Same Direction Rear End,N,Non Intersection,Right Turn Lane,Dawn,No Defects,"Two-way, Divided, Positive Median Barrier",Wet,Raining,Six o'clock,Passenger Car,Disabling,N,Moving Constant Speed,2015-01-30 5:20,31,39.002023,-76.895657,4,2,빗길사고,동일 방향 운행 중 추돌 사고
6660,N,Apparently Normal,No Misuse,Y,No Injury,10cb2a57-fc6d-4e11-bf71-5c330a11af77,D,BW0150000H,Shoulder/Lap Belt(s),M,e30c13f0-4d3f-4500-8c11-fff2f251dc58,Single Vehicle ,N,Non Intersection,Right Turn Lane,Dark Lights On,No Defects,"Two-way, Divided, Positive Median Barrier",Ice,Clear,Eleven o'clock,Passenger Car,Disabling,N,Accelerating,2015-03-02 23:09,52,38.9964873,-76.8651679,2,0,기타,자차 사고
6661,N,Apparently Normal,No Misuse,N,No Injury,28de747e-426d-48da-91d1-ebb80e1fb464,D,BW0155000B,Shoulder/Lap Belt(s),M,1d2d94fa-ee0a-4269-9339-f4aa5d1dba99,Same Direction Rear End,N,Intersection,Right Turn Lane,Dark Lights On,No Defects,"Two-way, Divided, Positive Median Barrier",Wet,Raining,Six o'clock,Passenger Car,Superficial,N,Stopped in Traffic Lane,2015-01-23 21:23,51,38.9980581,-76.91184998,4,3,빗길사고,기타
6662,N,Had Been Drinking,No Misuse,Y,No Injury,6fdbe6cd-7166-4563-b1c8-153f3590f893,D,BW0155000B,Shoulder/Lap Belt(s),M,2ffb13e8-7ff0-465b-bd03-05cf45c5e46f,Same Direction Rear End,N,Intersection,Right Turn Lane,Dark Lights On,No Defects,"Two-way, Divided, Positive Median Barrier",Wet,Raining,Twelve o'clock,Passenger Car,Superficial,N,Slowing or Stopping,2015-01-23 21:23,71,38.9980581,-76.91184998,4,3,빗길사고,기타
6663,N,Apparently Normal,No Misuse,Y,No Injury,6c5aab81-40fa-4165-88ba-5090ee501504,D,BX39090001,Shoulder/Lap Belt(s),M,cb3ca02f-a184-4e6c-8e32-8d7f3ed851db,Single Vehicle ,N,Intersection,Right Turn Lane,Dark Lights On,No Defects,"Two-way, Not Divided",Dry,Clear,Seven o'clock,Police Vehicle/Non Emergency,Superficial,N,Backing,2015-03-15 21:27,44,39.64586183,-77.7226764,3,1,우회전 차선 사고,등속 주행 중 측면 추돌 사고
6664,N,Apparently Normal,No Misuse,Y,No Injury,d53b2317-5735-478c-9cc5-3c2b304d82f4,D,BX39340003,Shoulder/Lap Belt(s),M,bae01b94-83ec-41c3-99ac-ddd0515d738a,Single Vehicle ,N,Non Intersection,Right Turn Lane,Daylight,No Defects,One-way Trafficway,Wet,Raining,Nine o'clock,Truck Tractor,Superficial,N,Accelerating,2015-03-11 15:40,35,39.64211319,-77.72358835,4,0,빗길사고,등속 주행 중 사고
6665,N,Apparently Normal,No Misuse,Y,No Injury,42702745-eb1b-46ed-afbc-b554c70c73c9,D,BX39910003,Shoulder/Lap Belt(s),M,389732a3-d1e2-4601-b530-d24e5d56b239,Single Vehicle ,N,Commercial Driveway,Left Turn Lane,Daylight,No Defects,"Two-way, Divided, Unprotected (painted >4 feet) Median",Snow,Snow,Eleven o'clock,Passenger Car,Disabling,N,Making Right Turn,2015-03-05 9:35,33,39.63700264,-77.70889252,0,2,눈길사고,미끌어짐에 의한 사고
6666,N,Apparently Normal,No Misuse,N,No Injury,8a29801f-5c6d-4468-9786-e94807c4539f,D,BX39910006,Shoulder/Lap Belt(s),M,94d3fceb-8558-4902-8dd3-746539b2c486,Same Direction Sideswipe,N,Intersection Related,Acceleration Lane,Daylight,No Defects,"Two-way, Divided, Unprotected (painted >4 feet) Median",Dry,Clear,Four o'clock,Passenger Car,Superficial,N,Moving Constant Speed,2015-03-09 15:05,26,39.6166398,-77.69242644,1,0,좌회전 차선 사고,등속 주행 중 측면 추돌 사고
6667,N,Apparently Normal,No Misuse,N,No Injury,b66fe354-3918-4d8c-abb9-3a1f90105a5e,D,BX41420001,Shoulder/Lap Belt(s),M,5bcb47ae-16df-4c5c-960e-949d5256b9c9,Same Movement Angle,N,Intersection,Left Turn Lane,Daylight,No Defects,One-way Trafficway,Wet,Raining,Nine o'clock,Passenger Car,Functional,N,Moving Constant Speed,2015-01-24 11:31,23,39.65198726,-77.73806691,4,1,빗길사고,자차 사고
6668,N,Apparently Normal,No Misuse,Y,No Injury,49d2ccf1-10ee-495b-aa9b-02c5e6998091,D,BX41420001,Shoulder/Lap Belt(s),M,c38005a4-97a4-435d-8d5b-0c0571fd8b32,Same Movement Angle,N,Intersection,Left Turn Lane,Daylight,No Defects,One-way Trafficway,Wet,Raining,Twelve o'clock,Passenger Car,Destroyed,N,Moving Constant Speed,2015-01-24 11:31,59,39.65198726,-77.73806691,4,1,빗길사고,자차 사고
6669,N,Apparently Normal,No Misuse,N,No Injury,3d20867b-adf4-4827-b382-724ae32799f8,D,BX49320002,Shoulder/Lap Belt(s),M,65a368a7-021c-41ee-b7b6-23120c15e854,Same Direction Right Turn,N,Non Intersection,Right Turn Lane,Daylight,No Defects,"Two-way, Not Divided",Dry,Cloudy,One o'clock,Passenger Car,Functional,N,Backing,2015-02-05 16:30,27,39.65386237,-77.71719933,2,0,기타,자차 사고
6670,N,Apparently Normal,No Misuse,Y,No Injury,fd011ab0-d156-42be-9fe7-0412753569e1,D,BX49320002,Shoulder/Lap Belt(s),M,18b2b0ef-a3e7-4d77-bfa3-758cac4ee4cf,Same Direction Right Turn,N,Non Intersection,Right Turn Lane,Daylight,No Defects,"Two-way, Not Divided",Dry,Cloudy,Eleven o'clock,Van,Superficial,N,Passing,2015-02-05 16:30,41,39.65386237,-77.71719933,2,0,기타,자차 사고
6671,N,Apparently Normal,No Misuse,Y,No Injury,4e7ce388-ad06-4666-914c-84c0a171d6be,D,BX50080001,Shoulder/Lap Belt(s),M,adf2876a-d48c-4801-9b97-b69cd979a6df,Same Direction Rear End,N,Intersection,Right Turn Lane,Daylight,No Defects,"Two-way, Not Divided",Dry,Clear,Seven o'clock,Fire Vehicle/Non Emergency,Superficial,N,Backing,2015-01-01 15:04,36,39.6496908,-77.70868063,3,3,우회전 차선 사고,동일 방향 운행 중 추돌 사고
6672,N,Apparently Normal,No Misuse,Y,No Injury,be2e427a-7b2f-484d-8ae4-3891d9bad786,D,CA77430001,Shoulder Belt Only,M,1ca79125-872c-4fe5-bef5-43e1592550bc,Single Vehicle ,N,Non Intersection,Right Turn Lane,Dark Lights On,No Defects,"Two-way, Divided, Unprotected (painted >4 feet) Median",Wet,Raining,One o'clock,Pickup Truck,Disabling,N,Moving Constant Speed,2015-03-26 20:26,80,39.56209595,-76.11351728,4,2,빗길사고,동일 방향 운행 중 추돌 사고
6673,N,Apparently Normal,No Misuse,Y,No Injury,ed89e3d0-2a93-48dd-b688-511cfdd50a5f,D,CA77470002,Shoulder/Lap Belt(s),M,d09f624a-e947-472f-b59d-67215993ee6b,Same Direction Sideswipe,N,Non Intersection,Right Turn Lane,Dark Lights On,No Defects,"Two-way, Divided, Unprotected (painted >4 feet) Median",Wet,Raining,One o'clock,Passenger Car,Functional,Y,Moving Constant Speed,2015-03-26 20:44,18,39.55267438,-76.09947324,4,2,빗길사고,동일 방향 운행 중 추돌 사고
6674,N,Apparently Normal,No Misuse,Y,No Injury,0dbff83a-77a3-4617-b4e4-0ed28ecee19d,D,CB44450001,Shoulder/Lap Belt(s),M,24b6dffe-b789-4109-9eea-59208300aa0f,Same Movement Angle,N,Intersection,Right Turn Lane,Dark Lights On,No Defects,"Two-way, Not Divided",Wet,Raining,One o'clock,Passenger Car,Functional,N,Starting From Lane,2015-01-12 20:12,54,39.18305476,-76.76722527,4,1,빗길사고,자차 사고
6675,N,Apparently Normal,No Misuse,N,No Injury,8f12e46e-b39c-4859-afd0-05f612b3115e,D,CB45340003,Shoulder/Lap Belt(s),M,0e8d372e-52c0-4fcf-ac45-8ddbc48ddd8f,Same Movement Angle,N,Intersection,Right Turn Lane,Dark Lights On,No Defects,"Two-way, Not Divided",Dry,Clear,Four o'clock,Passenger Car,Disabling,N,Moving Constant Speed,2015-02-15 18:05,54,39.31658654,-76.89882517,3,0,우회전 차선 사고,기타
6676,N,Apparently Normal,No Misuse,Y,Possible Incapacitating Injury,a5dcc477-0d52-4e45-965c-b96a42541755,D,CB45340003,Shoulder/Lap Belt(s),M,3689b587-f041-4fb4-9382-9344800f2074,Same Movement Angle,N,Intersection,Right Turn Lane,Dark Lights On,No Defects,"Two-way, Not Divided",Dry,Clear,Twelve o'clock,Passenger Car,Disabling,N,Moving Constant Speed,2015-02-15 18:05,25,39.31658654,-76.89882517,3,0,우회전 차선 사고,기타
6677,N,Apparently Normal,No Misuse,Y,No Injury,f21becfc-e88f-4c9c-898e-2e2d3df79c39,D,CB46000003,Shoulder/Lap Belt(s),M,86dbf044-7017-4e47-8127-eb546f8487ec,Single Vehicle ,N,Non Intersection,Right Turn Lane,Daylight,No Defects,"Two-way, Not Divided",Ice,Wintry Mix,Twelve o'clock,Pickup Truck,Disabling,N,Skidding,2015-01-03 7:55,78,39.23140547,-76.97630882,0,2,눈길사고,미끌어짐에 의한 사고
6678,N,Apparently Normal,No Misuse,Y,No Injury,01d1251d-009c-48e1-b74f-8504daeabda0,D,CB46000004,Shoulder/Lap Belt(s),M,769ae900-1f6b-4820-9930-94864bb53f23,Single Vehicle ,N,Non Intersection,Right Turn Lane,Daylight,No Defects,"Two-way, Not Divided",Ice,Wintry Mix,Eight o'clock,Passenger Car,Disabling,N,Skidding,2015-01-03 9:15,33,39.3579105,-77.1368444,0,2,눈길사고,미끌어짐에 의한 사고
6679,N,Apparently Normal,No Misuse,N,No Injury,e8290cd3-f9ca-4e28-8a4f-1f06b6beeb68,D,CB46000005,Shoulder/Lap Belt(s),M,ba8f0bee-9b10-45ba-8821-eebfa589bd3e,Single Vehicle ,N,Non Intersection,Right Turn Lane,Dark No Lights,No Defects,"Two-way, Not Divided",Dry,Clear,Twelve o'clock,Passenger Car,Disabling,N,Moving Constant Speed,2015-01-07 17:29,60,39.20701397,-76.98016047,2,2,기타,기타
6680,N,Apparently Normal,No Misuse,Y,No Injury,acd95ef3-d1f9-4be3-ba48-9bb5e9d414fe,D,CB49530005,Shoulder/Lap Belt(s),M,e6ce72f1-1f52-4476-a82b-73d23859f89b,Single Vehicle ,N,Non Intersection,Right Turn Lane,Dark No Lights,No Defects,"Two-way, Not Divided",Ice,Sleet,Nine o'clock,Passenger Car,Disabling,N,Skidding,2015-02-09 21:58,22,39.35412764,-77.11898088,0,2,눈길사고,미끌어짐에 의한 사고
6681,N,Apparently Normal,No Misuse,Y,No Injury,c7fec46f-2373-48ff-b7a0-c3949f1c9982,D,CB5096000J,Shoulder/Lap Belt(s),M,89aaf4ca-ecb1-45e5-9df6-a7df483ef87e,Same Direction Sideswipe,N,Non Intersection,Right Turn Lane,Daylight,No Defects,"Two-way, Not Divided",Dry,Clear,One o'clock,Passenger Car,Functional,N,Changing Lanes,2015-02-18 13:08,43,39.14410726,-76.80949688,2,0,기타,자차 사고
6682,N,Apparently Normal,No Misuse,Y,No Injury,a0436b81-57ab-4e51-aecb-39c1644a36f3,D,CB5190000H,Shoulder/Lap Belt(s),M,5da30251-6921-4166-888c-efb165e01ea1,Single Vehicle ,N,Non Intersection,Right Turn Lane,Daylight,No Defects,"Two-way, Not Divided",Snow,Snow,Twelve o'clock,(Sport) Utility Vehicle,Disabling,Y,Moving Constant Speed,2015-01-07 10:30,54,39.30174378,-76.8073082,0,0,눈길사고,감속 중 사고
6683,Y,Apparently Normal,No Misuse,N,No Injury,c1041c1a-3015-4551-bb14-3880ddbd5b61,D,CB5190000K,Shoulder/Lap Belt(s),M,fd884f04-6bf6-4a9b-b988-f12c9bf45e65,Same Direction Rear End,N,Non Intersection,Left Turn Lane,Daylight,No Defects,"Two-way, Not Divided",Dry,Clear,Six o'clock,Pickup Truck,No Damage,N,Slowing or Stopping,2015-02-25 13:30,23,39.27668327,-76.86125278,1,3,좌회전 차선 사고,감속 중 사고
6684,N,Apparently Normal,No Misuse,Y,No Injury,b21cfd4c-1067-47da-97e3-95615868fa9a,D,CB5190000K,Shoulder/Lap Belt(s),M,e459a125-236b-4638-90d8-a8b34bccded1,Same Direction Rear End,N,Non Intersection,Left Turn Lane,Daylight,No Defects,"Two-way, Not Divided",Dry,Clear,Twelve o'clock,(Sport) Utility Vehicle,Disabling,N,Moving Constant Speed,2015-02-25 13:30,48,39.27668327,-76.86125278,1,0,좌회전 차선 사고,등속 주행 중 측면 추돌 사고
6685,N,Apparently Normal,No Misuse,Y,No Injury,a272a88e-e002-469a-9611-65bb76cf385e,D,CB5190000L,Shoulder/Lap Belt(s),M,6ec15e73-60f3-4cc6-bcab-17e2b795e538,Single Vehicle ,N,Intersection Related,Right Turn Lane,Daylight,No Defects,One-way Trafficway,Wet,Clear,Eleven o'clock,Passenger Car,Disabling,N,Moving Constant Speed,2015-03-06 15:07,33,39.24430224,-76.84316397,4,2,빗길사고,동일 방향 운행 중 추돌 사고
6686,N,Apparently Normal,No Misuse,N,No Injury,0f9b07cf-c96d-4e0b-ad3c-3627eabcc11f,D,CB51920008,Shoulder/Lap Belt(s),M,48b27222-9a83-4fce-ba08-ceb40c64c7c4,Same Movement Angle,N,Intersection,Right Turn Lane,Daylight,No Defects,"Two-way, Divided, Unprotected (painted >4 feet) Median",Wet,Cloudy,Twelve o'clock,Passenger Car,Functional,N,Moving Constant Speed,2015-03-04 7:20,17,39.29992558,-76.8345809,4,1,빗길사고,자차 사고
6687,N,Apparently Normal,No Misuse,Y,No Injury,6aa09a10-b31d-47af-945c-3b7d7d8bb7c5,D,CB51920008,Shoulder/Lap Belt(s),M,c4c1e31b-0298-4b95-8823-bbe0c436ec45,Same Movement Angle,N,Intersection,Right Turn Lane,Daylight,No Defects,"Two-way, Divided, Unprotected (painted >4 feet) Median",Wet,Cloudy,Six o'clock,Passenger Car,Functional,N,Accelerating,2015-03-04 7:20,18,39.29992558,-76.8345809,4,1,빗길사고,자차 사고
6688,Y,Apparently Normal,No Misuse,N,No Injury,3379c644-12b3-4c72-ab6d-4f02de2356a9,D,CB51980001,Shoulder/Lap Belt(s),M,9be97a98-b62d-4adc-b81d-b49b39ce995a,Single Vehicle ,N,Non Intersection,Right Turn Lane,Dark No Lights,No Defects,"Two-way, Not Divided",Ice,Sleet,Twelve o'clock,Pickup Truck,Functional,N,Moving Constant Speed,2015-01-12 4:52,37,39.34661108,-77.11003304,0,0,눈길사고,감속 중 사고
6689,N,Apparently Normal,No Misuse,Y,No Injury,6881a26c-464e-4d5e-9708-3bb97b776181,D,CB51980002,Shoulder/Lap Belt(s),M,3f49f418-2cb6-4ac2-a6f3-07c6010721dc,Single Vehicle ,N,Non Intersection,Right Turn Lane,Dark No Lights,No Defects,"Two-way, Not Divided",Snow,Snow,Twelve o'clock,(Sport) Utility Vehicle,Destroyed,N,Moving Constant Speed,2015-02-16 22:21,27,39.23393183,-76.93933725,0,0,눈길사고,감속 중 사고
6690,N,Apparently Normal,No Misuse,Y,No Injury,463dcf9c-be14-420a-828d-c71785404b72,D,CB5254000H,Shoulder/Lap Belt(s),M,9e242247-f210-4892-9fba-e761560f1cb5,Single Vehicle ,N,Non Intersection,Right Turn Lane,Daylight,No Defects,"Two-way, Not Divided",Dry,Clear,Twelve o'clock,Passenger Car,Disabling,N,Moving Constant Speed,2015-03-13 14:15,20,39.24769223,-76.84960127,2,2,기타,기타
6691,N,Had Been Drinking,No Misuse,Y,No Injury,5c75e6a7-6bb1-4634-9095-3f966d759dc6,D,CB5256000G,Shoulder/Lap Belt(s),M,cf911718-48de-41a7-a0ff-05fc6fa84988,Same Direction Right Turn,N,Non Intersection,Left Turn Lane,Daylight,No Defects,"Two-way, Divided, Positive Median Barrier",Dry,Clear,Five o'clock,Passenger Car,Superficial,Y,Changing Lanes,2015-03-12 7:44,31,39.17493763,-76.78707361,1,1,좌회전 차선 사고,등속 주행 사고
6692,N,Apparently Normal,No Misuse,Y,Incapacitating/Disabled Injury,0c115552-f433-428c-abd3-1bc3673e336f,D,CB52620009,MC/Bike Helmet,M,0aa7d9cd-14bb-415b-9e30-b5784236001e,Angle Meets Left Turn Head On,N,Intersection,Right Turn Lane,Dark No Lights,No Defects,"Two-way, Not Divided",Dry,Clear,Twelve o'clock,Motorcycle,Destroyed,N,Passing,2015-02-04 17:35,21,39.1558803,-76.82093382,3,1,우회전 차선 사고,등속 주행 중 측면 추돌 사고
6693,N,Apparently Normal,No Misuse,Y,No Injury,604593b7-ef29-4682-a728-a94ad7990718,D,CB52650007,Shoulder/Lap Belt(s),M,36e33256-3ccd-4ea6-a688-f3b92849ae35,Single Vehicle ,N,Intersection,Right Turn Lane,Dark Lights On,No Defects,"Two-way, Not Divided",Ice,Foggy,One o'clock,Police Vehicle/Non Emergency,Superficial,N,Making U Turn,2015-01-21 23:47,26,39.18999434,-76.84990704,0,2,눈길사고,미끌어짐에 의한 사고
6694,N,Apparently Normal,No Misuse,Y,No Injury,1ffabc4c-4989-4987-ba1c-9af72e571fc0,D,CB53040007,Shoulder/Lap Belt(s),M,d22ad492-f463-4576-9d86-31f5c0e3e9e3,Single Vehicle ,N,Non Intersection,Acceleration Lane,Daylight,No Defects,"Two-way, Divided, Positive Median Barrier",Dry,Clear,Eleven o'clock,Passenger Car,Disabling,N,Skidding,2015-01-09 13:00,21,39.22649793,-76.85400009,1,1,좌회전 차선 사고,등속 주행 사고
6695,N,Apparently Normal,No Misuse,N,No Injury,75cfda81-5648-4904-96d8-b0e243ed8fd5,D,CB5356000C,Shoulder/Lap Belt(s),M,89212360-0214-4f61-9dd2-08c09c1b5557,Same Direction Sideswipe,N,Non Intersection,Right Turn Lane,Dusk,No Defects,"Two-way, Not Divided",Dry,Clear,Five o'clock,Van,Superficial,N,Moving Constant Speed,2015-01-05 16:49,37,39.32057064,-76.94910049,2,2,기타,기타