KEY_INDEX,CDL_FLAG,CONDITION_CODE,EQUIP_PROB_CODE,FAULT_FLAG,INJ_SEVER_CODE,PERSON_ID,PERSON_TYPE,REPORT_NO,SAF_EQUIP_CODE,SEX_CODE,VEHICLE_ID,COLLISION_TYPE_CODE,C_M_ZONE_FLAG,JUNCTION_CODE,LANE_CODE,LIGHT_CODE,RD_COND_CODE,RD_DIV_CODE,SURF_COND_CODE,WEATHER_CODE,AREA_DAMAGED_CODE_MAIN,BODY_TYPE_CODE,DAMAGE_CODE,HIT_AND_RUN_FLAG,MOVEMENT_CODE,TIME,AGE,LATITUDE,LONGITUDE,CLUSTER,SECOND_LABEL,FIRST_LABEL,SECOND_LABELING
6696,N,Apparently Normal,No Misuse,Y,No Injury,dfe54d86-f2b7-4476-9ca7-9ba20d921b97,D,CB5356000K,Shoulder/Lap Belt(s),M,dd7e4669-f8cd-4eac-8a56-f94847d369a8,Single Vehicle ,N,Intersection Related,Right Turn Lane,Daylight,No Defects,"Two-way, Divided, Unprotected (painted >4 feet) Median",Dry,Clear,Twelve o'clock,"Cargo Van/Light Truck 2 axles (10,000 lbs (4,536 kg) or less)",Disabling,N,Moving Constant Speed,2015-03-12 15:08,35,39.3007143,-76.8596971,3,2,우회전 차선 사고,기타
6697,N,Apparently Normal,No Misuse,N,No Injury,d9cff1f7-1a97-4764-b42a-06afa97acf6d,D,CB54130005,Shoulder/Lap Belt(s),M,fccfda30-24b1-4309-827e-a75c646cb00e,Single Vehicle ,N,Intersection Related,Right Turn Lane,Daylight,No Defects,"Two-way, Not Divided",Ice,Cloudy,Twelve o'clock,Passenger Car,Disabling,N,Slowing or Stopping,2015-01-30 10:00,53,39.13281494,-76.91018701,0,1,눈길사고,등속 주행 사고
6698,N,Apparently Normal,No Misuse,Y,No Injury,07473897-e866-45c3-b98d-5c8f5f820354,D,CB54140007,Shoulder/Lap Belt(s),M,cf7e391b-f92d-46ee-8bd5-7feec0de3838,Single Vehicle ,N,Non Intersection,Right Turn Lane,Dark No Lights,No Defects,"Two-way, Not Divided",Ice,Clear,Twelve o'clock,Passenger Car,Disabling,N,Moving Constant Speed,2015-03-10 6:00,35,39.23561048,-76.86726093,2,2,기타,기타
6699,N,Apparently Normal,No Misuse,Y,No Injury,2cf76c88-d5d3-4067-a61b-aaff1ad1a7ac,D,CB54890005,Shoulder/Lap Belt(s),M,a683c2da-1ca5-497b-95ce-b729474dc6d7,Single Vehicle ,N,Non Intersection,Right Turn Lane,Dark Lights On,No Defects,"Two-way, Divided, Positive Median Barrier",Ice,Snow,Four o'clock,Passenger Car,Disabling,N,Moving Constant Speed,2015-02-17 22:05,25,39.14601,-76.90903,0,0,눈길사고,감속 중 사고
6700,N,Apparently Normal,No Misuse,N,No Injury,27e969ed-c792-4795-bdff-652231f4f48d,D,CB55120006,Shoulder/Lap Belt(s),M,3c2faff0-1f6b-4b7b-9a13-7c0a1a5e7071,Same Direction Sideswipe,N,Interchange Related,Left Turn Lane,Dark Lights On,No Defects,"Two-way, Divided, Positive Median Barrier",Wet,Sleet,Eleven o'clock,Passenger Car,Superficial,N,Moving Constant Speed,2015-02-09 21:12,24,39.18872622,-76.75675392,4,2,빗길사고,동일 방향 운행 중 추돌 사고
6701,N,Apparently Normal,No Misuse,Y,No Injury,7e8737b3-aec9-4b62-8207-1ebb295713a9,D,CB55120008,Shoulder/Lap Belt(s),M,e8f03814-73b8-41b3-9de2-003f9842b84b,Single Vehicle ,N,Railway Grade Crossing,Right Turn Lane,Dark Lights On,No Defects,"Two-way, Not Divided with a Continuous Left Turn Lane",Dry,Clear,Three o'clock,Truck Tractor,Superficial,N,Starting From Parked,2015-02-19 21:00,71,39.19231846,-76.72398806,3,1,우회전 차선 사고,등속 주행 중 측면 추돌 사고
6702,N,Apparently Normal,No Misuse,N,No Injury,0ee976b3-02c0-455b-8401-9c5eff85b608,D,CB5543000D,Shoulder/Lap Belt(s),M,c945a91b-8ec0-4d5b-a244-5ea29c403eb3,Head On,N,Intersection,Right Turn Lane,Daylight,No Defects,"Two-way, Divided, Unprotected (painted >4 feet) Median",Slush,Raining,Twelve o'clock,Passenger Car,Disabling,N,Moving Constant Speed,2015-03-01 16:43,53,39.24767977,-76.84318006,4,2,빗길사고,동일 방향 운행 중 추돌 사고
6703,N,Apparently Normal,No Misuse,Y,No Injury,e62ab56b-83a1-433f-a1ba-de46a63be761,D,CB5543000D,Shoulder/Lap Belt(s),M,24f9948b-aebc-4e03-92a0-d3074275c57d,Head On,N,Intersection,Right Turn Lane,Daylight,No Defects,"Two-way, Divided, Unprotected (painted >4 feet) Median",Slush,Raining,Twelve o'clock,Passenger Car,Destroyed,N,Moving Constant Speed,2015-03-01 16:43,20,39.24767977,-76.84318006,4,2,빗길사고,동일 방향 운행 중 추돌 사고
6704,N,Apparently Normal,No Misuse,Y,No Injury,f2b812c1-c305-4d79-adf2-bec16c453763,D,CB5641000P,Shoulder/Lap Belt(s),M,cdb103b9-f25f-48e3-aaef-28eb7a6a7a1d,Single Vehicle ,N,Non Intersection,Left Turn Lane,Daylight,No Defects,"Two-way, Divided, Positive Median Barrier",Wet,Raining,Twelve o'clock,Passenger Car,Disabling,N,Moving Constant Speed,2015-03-25 9:40,28,39.21842322,-76.84054613,4,2,빗길사고,동일 방향 운행 중 추돌 사고
6705,N,Apparently Normal,No Misuse,Y,No Injury,5c3bf99b-096f-4b1e-b2e8-b1cd727247d0,D,CB56440002,Shoulder/Lap Belt(s),M,81da9430-a2ae-48ec-b990-8cf75ca756b4,Single Vehicle ,N,Non Intersection,Right Turn Lane,Daylight,No Defects,"Two-way, Not Divided",Ice,Wintry Mix,One o'clock,Passenger Car,Disabling,N,Moving Constant Speed,2015-01-13 8:56,19,39.14791811,-76.94047451,0,0,눈길사고,감속 중 사고
6706,N,Apparently Normal,No Misuse,Y,No Injury,5b553895-ab80-4636-8813-49140b114b21,D,CB5718000F,Shoulder/Lap Belt(s),M,3c882344-7939-4471-96a5-1a398da597f9,Single Vehicle ,N,Non Intersection,Right Turn Lane,Dark No Lights,No Defects,"Two-way, Not Divided",Ice,Wintry Mix,One o'clock,Pickup Truck,Disabling,N,Skidding,2015-03-01 18:30,43,39.32945103,-76.9000268,0,2,눈길사고,미끌어짐에 의한 사고
6707,N,Apparently Normal,No Misuse,Y,No Injury,4330e870-85c7-4e78-a68b-28376975232c,D,CB57310003,Shoulder/Lap Belt(s),M,4ddf2e16-81cf-484b-8b9d-7a095bfd1a2e,Same Direction Rear End,N,Intersection Related,Right Turn Lane,Dark Lights On,No Defects,"Two-way, Not Divided",Dry,Clear,Twelve o'clock,Passenger Car,Superficial,N,Slowing or Stopping,2015-01-03 21:37,26,39.27709749,-76.82568267,3,3,우회전 차선 사고,동일 방향 운행 중 추돌 사고
6708,N,Had Been Drinking,No Misuse,N,Non-incapacitating Injury,36599fb6-33b8-4fcc-bce6-184973d53827,D,CB57310003,Shoulder/Lap Belt(s),M,40db3d14-2ad2-4320-bf4b-fb342658af06,Same Direction Rear End,N,Intersection Related,Right Turn Lane,Dark Lights On,No Defects,"Two-way, Not Divided",Dry,Clear,Six o'clock,Passenger Car,Superficial,N,Stopped in Traffic Lane,2015-01-03 21:37,32,39.27709749,-76.82568267,3,3,우회전 차선 사고,동일 방향 운행 중 추돌 사고
6709,N,Apparently Normal,No Misuse,N,Non-incapacitating Injury,5da2bf3f-a974-4c9f-bd27-5597f8b21f86,D,CB57310004,Shoulder/Lap Belt(s),M,c96ef996-e5d2-4d56-9d62-11e0f81d7e00,Same Direction Rear End,N,Non Intersection,Right Turn Lane,Dark Lights On,No Defects,"Two-way, Divided, Positive Median Barrier",Dry,Clear,Six o'clock,Passenger Car,Superficial,N,Slowing or Stopping,2015-01-16 20:51,21,39.29388946,-76.82552576,2,1,기타,등속 주행 사고
6710,N,Apparently Normal,No Misuse,N,No Injury,4b2b531a-bbe1-409f-b9ac-1248c6c1bfdf,D,CB57670005,Shoulder/Lap Belt(s),M,e2eae13a-fbf1-4733-87a0-d5166c18054c,Angle Meets Left Turn Head On,N,Intersection,Right Turn Lane,Dark No Lights,No Defects,"Two-way, Not Divided",Wet,Raining,One o'clock,Passenger Car,Disabling,N,Moving Constant Speed,2015-03-04 18:32,32,39.31350167,-77.02064667,4,2,빗길사고,동일 방향 운행 중 추돌 사고
6711,N,Apparently Normal,No Misuse,Y,No Injury,cfa72967-31bb-4900-998f-f0a374978c75,D,CB57750001,Shoulder/Lap Belt(s),M,6346f3af-3443-47f6-9832-aced7bddc7ff,Single Vehicle ,N,Non Intersection,Right Turn Lane,Dark - Unknown Lighting,No Defects,"Two-way, Not Divided",Wet,Wintry Mix,Twelve o'clock,Pickup Truck,Superficial,N,Moving Constant Speed,2015-01-26 17:00,73,39.14825925,-76.93709493,4,2,빗길사고,동일 방향 운행 중 추돌 사고
6712,N,Apparently Normal,No Misuse,Y,No Injury,a8c728fb-59f8-4c50-8fa2-bc97e3c29a2e,D,CB5783000D,Shoulder/Lap Belt(s),M,81a7034d-357b-410a-919c-e8b5f727b23b,Single Vehicle ,N,Intersection,Right Turn Lane,Dark Lights On,No Defects,"Two-way, Divided, Unprotected (painted >4 feet) Median",Dry,Clear,Twelve o'clock,Passenger Car,Disabling,N,Making Left Turn,2015-01-08 18:52,63,39.15402503,-76.778512,3,1,우회전 차선 사고,등속 주행 중 측면 추돌 사고
6713,N,Apparently Normal,No Misuse,N,No Injury,69059d3d-101e-485b-9cff-813e469bc132,D,CB5812000B,Shoulder/Lap Belt(s),M,46802446-cc23-48ba-a71f-a8d04b6ee9eb,Single Vehicle ,N,Residential Driveway,Right Turn Lane,Daylight,No Defects,"Two-way, Not Divided",Dry,Clear,Twelve o'clock,Passenger Car,Disabling,N,Moving Constant Speed,2015-02-09 14:20,25,39.19655075,-76.84935451,3,2,우회전 차선 사고,기타
6714,N,Apparently Normal,No Misuse,Y,No Injury,2f86528f-f41e-4043-9dd7-4ede02b12e4c,D,CB5824000B,Shoulder/Lap Belt(s),M,f2d451e2-bddf-49ee-a358-780ba1f42ca4,Single Vehicle ,N,Non Intersection,Left Turn Lane,Daylight,No Defects,"Two-way, Divided, Positive Median Barrier",Dry,Cloudy,Twelve o'clock,Passenger Car,Functional,N,Moving Constant Speed,2015-01-14 14:50,20,39.20661908,-76.93991661,1,0,좌회전 차선 사고,등속 주행 중 측면 추돌 사고
6715,N,Apparently Normal,No Misuse,N,No Injury,239a1ef9-4ebd-40e2-ba86-4a7214b3eb0b,D,CB5843000C,Shoulder/Lap Belt(s),M,ba72af25-021f-44b9-9ad1-8b42e03c5f13,Same Direction Rear End,N,Non Intersection,Left Turn Lane,Dark Lights On,No Defects,One-way Trafficway,Dry,Clear,Six o'clock,(Sport) Utility Vehicle,Functional,N,Slowing or Stopping,2015-02-12 17:58,49,39.24789164,-76.81762934,1,3,좌회전 차선 사고,감속 중 사고
6716,N,Apparently Normal,No Misuse,Y,No Injury,9724c805-5e3f-4bce-932b-b2a74604b78b,D,CB5843000C,Shoulder/Lap Belt(s),M,d1a5203d-1725-4d75-abed-6f3f834a26db,Same Direction Rear End,N,Non Intersection,Left Turn Lane,Dark Lights On,No Defects,One-way Trafficway,Dry,Clear,Twelve o'clock,Passenger Car,Disabling,N,Moving Constant Speed,2015-02-12 17:58,17,39.24789164,-76.81762934,1,0,좌회전 차선 사고,등속 주행 중 측면 추돌 사고
6717,N,Apparently Normal,No Misuse,Y,No Injury,11bb4dcc-b0ed-44cb-b30f-e73faccb387f,D,CB5848000D,Shoulder/Lap Belt(s),M,3c1c4677-ad73-4a36-afc7-5796390f1552,Same Direction Rear End,N,Non Intersection,Right Turn Lane,Daylight,No Defects,"Two-way, Not Divided",Wet,Clear,Twelve o'clock,(Sport) Utility Vehicle,Disabling,N,Slowing or Stopping,2015-03-02 9:51,46,39.27742242,-76.81302667,2,1,기타,등속 주행 사고
6718,N,Apparently Normal,No Misuse,Y,No Injury,156e8c75-1283-4161-bedd-679cfc3ba479,D,CBPD0059000L,Shoulder/Lap Belt(s),M,12bdef91-ea78-4d10-bb63-b4847d27c0a1,Single Vehicle ,N,Non Intersection,Left Turn Lane,Dark Lights On,No Defects,"Two-way, Divided, Unprotected (painted >4 feet) Median",Snow,Snow,Twelve o'clock,Passenger Car,Disabling,N,Moving Constant Speed,2015-02-14 20:00,45,38.93596206,-76.73859,0,0,눈길사고,감속 중 사고
6719,N,Apparently Normal,No Misuse,Y,No Injury,78e7245f-5219-49f4-b863-493a87f93672,D,CBPD0061000B,Shoulder/Lap Belt(s),M,e5658618-312a-4fa1-abcb-f14c943ec53d,Head On,N,Non Intersection,Right Turn Lane,Dark Lights On,No Defects,"Two-way, Not Divided",Dry,Clear,Twelve o'clock,Passenger Car,Disabling,N,Making Right Turn,2015-02-07 23:47,34,38.97854425,-76.75593853,2,0,기타,자차 사고
6720,N,Apparently Normal,No Misuse,N,No Injury,3a6164a5-cd52-45b4-8f65-237d60d56fc7,D,CBPD0063000G,Shoulder/Lap Belt(s),M,dc31dace-2774-494a-8368-9e9ae122bc18,Head On,N,Non Intersection,Right Turn Lane,Daylight,No Defects,"Two-way, Not Divided",Snow,Snow,Twelve o'clock,Passenger Car,Disabling,N,Moving Constant Speed,2015-01-21 14:39,64,38.97331463,-76.75167918,0,0,눈길사고,감속 중 사고
6721,N,Apparently Normal,No Misuse,Y,No Injury,03481779-062b-4e91-bdec-ecd426fcee16,D,CBPD0063000G,Shoulder/Lap Belt(s),M,cece19a7-7136-4014-b50d-f941f219d848,Head On,N,Non Intersection,Right Turn Lane,Daylight,No Defects,"Two-way, Not Divided",Snow,Snow,Twelve o'clock,Passenger Car,Disabling,N,Moving Constant Speed,2015-01-21 14:39,20,38.97331463,-76.75167918,0,0,눈길사고,감속 중 사고
6722,N,Apparently Normal,No Misuse,N,No Injury,c7932e65-9e51-4954-97e0-c3614e76a1fc,D,CBPD0063000H,Shoulder/Lap Belt(s),M,b88274b9-0c36-46cf-9537-a77224574cde,Same Direction Rear End,N,Intersection Related,Deceleration Lane,Dark Lights On,No Defects,"Two-way, Divided, Positive Median Barrier",Dry,Clear,Six o'clock,Passenger Car,Disabling,N,Stopped in Traffic Lane,2015-01-30 20:49,28,38.95622183,-76.74527407,1,2,좌회전 차선 사고,기타
6723,N,Apparently Normal,No Misuse,Y,No Injury,6f6e7c89-0ab2-4385-8d7a-cf26dca70bb2,D,CBPD0063000H,Shoulder/Lap Belt(s),M,c4738ac9-e3b4-40b1-9df1-63887b40082a,Same Direction Rear End,N,Intersection Related,Deceleration Lane,Dark Lights On,No Defects,"Two-way, Divided, Positive Median Barrier",Dry,Clear,Twelve o'clock,(Sport) Utility Vehicle,Superficial,N,Slowing or Stopping,2015-01-30 20:49,57,38.95622183,-76.74527407,1,3,좌회전 차선 사고,감속 중 사고
6724,N,Apparently Normal,No Misuse,N,No Injury,1bbd8f6f-4d94-47a7-aa29-46a943f90b24,D,CBPD00720008,Shoulder/Lap Belt(s),M,cbabd5e4-d74a-407b-beeb-b7853dbec161,Same Movement Angle,N,Intersection,Acceleration Lane,Dark Lights On,No Defects,"Two-way, Not Divided",Wet,Raining,Eleven o'clock,Passenger Car,Disabling,N,Moving Constant Speed,2015-01-03 17:30,35,38.93510248,-76.71940684,4,1,빗길사고,자차 사고
6725,N,Apparently Normal,No Misuse,Y,No Injury,19bc5d2d-20b7-4272-927d-a95e9f996983,D,CBPD00720008,Shoulder/Lap Belt(s),M,55838427-c7c9-4991-a608-4c31f09d4191,Same Movement Angle,N,Intersection,Acceleration Lane,Dark Lights On,No Defects,"Two-way, Not Divided",Wet,Raining,Twelve o'clock,Passenger Car,Disabling,N,Accelerating,2015-01-03 17:30,19,38.93510248,-76.71940684,4,1,빗길사고,자차 사고
6726,N,Apparently Normal,No Misuse,Y,No Injury,02122126-da7d-4411-9f98-372dafd9dc0b,D,CBPD0072000C,Shoulder/Lap Belt(s),M,e6b8ac85-e371-4cd8-8d8d-57f83c3d7583,Single Vehicle ,N,Intersection,Deceleration Lane,Daylight,No Defects,"Two-way, Divided, Unprotected (painted >4 feet) Median",Dry,Cloudy,Twelve o'clock,Pickup Truck,No Damage,N,Accelerating,2015-02-16 12:30,20,38.94063534,-76.72722816,3,1,우회전 차선 사고,등속 주행 중 측면 추돌 사고
6727,N,Apparently Normal,No Misuse,N,No Injury,b8b99b5d-3247-4062-b9dd-5a53f59686da,D,CBPD00750004,Shoulder/Lap Belt(s),M,a827eb3e-e96b-44c4-afe9-bae3f896bce6,Single Vehicle ,N,Intersection Related,Right Turn Lane,Daylight,No Defects,"Two-way, Not Divided",Dry,Clear,Twelve o'clock,Pickup Truck,Superficial,N,Moving Constant Speed,2015-03-22 16:45,28,38.96111067,-76.73250675,3,2,우회전 차선 사고,기타
6728,N,Apparently Normal,No Misuse,Y,No Injury,5641e7f1-7dac-4ca8-866d-3ecb8d5895ee,D,CBPD0078000C,Shoulder/Lap Belt(s),M,2c264e0d-029a-4437-8662-e1bbb7c7c0fe,Single Vehicle ,N,Non Intersection,Acceleration Lane,Dark Lights On,No Defects,"Two-way, Divided, Positive Median Barrier",Ice,Sleet,Four o'clock,Pickup Truck,Functional,N,Moving Constant Speed,2015-03-01 21:52,51,38.94497453,-76.72376275,0,0,눈길사고,감속 중 사고
6729,N,Apparently Normal,No Misuse,Y,No Injury,49dfd32c-0661-4436-b13a-762b3ce0f1e4,D,CC0219000C,Shoulder/Lap Belt(s),M,6fecc9ce-0801-4878-9f8b-811a9a47daf6,Single Vehicle ,N,Intersection Related,Right Turn Lane,Daylight,No Defects,"Two-way, Divided, Positive Median Barrier",Dry,Clear,Twelve o'clock,Passenger Car,Disabling,N,Moving Constant Speed,2015-03-11 13:19,24,38.97893625,-76.95433617,3,2,우회전 차선 사고,기타
6730,N,Apparently Normal,No Misuse,Y,No Injury,140591a9-f002-48b6-a41a-02f2865b6e11,D,CD06140005,Shoulder/Lap Belt(s),M,d351b20e-a6ea-4a57-aeed-7a55ceeb847f,Head On Left Turn,Y,Intersection,Right Turn Lane,Daylight,No Defects,"Two-way, Not Divided",Wet,Clear,Six o'clock,Pickup Truck,No Damage,N,Backing,2015-01-09 12:00,24,38.52090675,-76.98040724,3,1,우회전 차선 사고,등속 주행 중 측면 추돌 사고
6731,N,Apparently Normal,No Misuse,N,No Injury,5a34e786-1edb-403d-924c-12eedc6d827b,D,CD0616000G,Shoulder/Lap Belt(s),M,ce7020a1-b782-44f0-ad95-bf47272da78d,Same Direction Rear End,N,Intersection Related,Right Turn Lane,Daylight,No Defects,"Two-way, Not Divided",Wet,Cloudy,Six o'clock,Passenger Car,Functional,N,Stopped in Traffic Lane,2015-02-23 7:58,26,38.52951852,-76.97847605,4,3,빗길사고,기타
6732,N,Apparently Normal,No Misuse,N,No Injury,fb2dbaa6-dd27-4da4-85c2-fb2a23ad87d7,D,CD0616000N,Shoulder/Lap Belt(s),M,9a527a85-f018-4d59-89ef-af224016657a,Same Movement Angle,N,Intersection,Left Turn Lane,Daylight,No Defects,"Two-way, Divided, Positive Median Barrier",Wet,Raining,Twelve o'clock,Van,Disabling,N,Moving Constant Speed,2015-03-14 17:21,26,38.5560524,-76.98227406,4,1,빗길사고,자차 사고
6733,N,Apparently Normal,No Misuse,N,No Injury,334144b9-bc31-44c5-9ef0-7e385f371de7,D,CD0630000D,Shoulder/Lap Belt(s),M,da68bd54-b0da-431a-826d-e23d3fe9551d,Same Direction Rear End,N,Non Intersection,Right Turn Lane,Daylight,No Defects,"Two-way, Not Divided",Dry,Cloudy,Six o'clock,(Sport) Utility Vehicle,Superficial,N,Stopped in Traffic Lane,2015-03-19 17:21,17,38.52989621,-76.97331011,2,0,기타,자차 사고
6734,N,Apparently Normal,No Misuse,Y,No Injury,89b0bd22-a355-4a67-bd4b-4d065f2af37d,D,CD0630000D,Shoulder/Lap Belt(s),M,20f6a71b-4790-4f47-9a8f-af433593cb14,Same Direction Rear End,N,Non Intersection,Right Turn Lane,Daylight,No Defects,"Two-way, Not Divided",Dry,Cloudy,One o'clock,Van,Disabling,N,Moving Constant Speed,2015-03-19 17:21,61,38.52989621,-76.97331011,2,3,기타,등속 주행 중 측면 추돌 사고
6735,N,Apparently Normal,No Misuse,Y,No Injury,b6402cc1-42b9-4a1d-9f35-639ffa1892eb,D,CE10890002,Shoulder/Lap Belt(s),M,94244b5d-0990-4b9c-886a-4b57e7ca3713,Same Direction Rear End,N,Non Intersection,Right Turn Lane,Dark Lights On,No Defects,"Two-way, Not Divided",Dry,Clear,Five o'clock,Police Vehicle/Non Emergency,Superficial,N,Backing,2015-03-07 2:56,54,39.08083613,-76.8771261,2,0,기타,자차 사고
6736,N,Apparently Normal,No Misuse,Y,No Injury,a2f72812-759a-46be-9cdf-d6f1b288210c,D,CE25300003,Shoulder/Lap Belt(s),M,0c912f12-b2d8-4f76-80ee-1125572e7688,Single Vehicle ,N,Non Intersection,Acceleration Lane,Dark Lights On,No Defects,"Two-way, Divided, Positive Median Barrier",Dry,Clear,One o'clock,Police Vehicle/Non Emergency,Superficial,N,Moving Constant Speed,2015-02-06 0:00,25,39.08776913,-76.85349584,1,0,좌회전 차선 사고,등속 주행 중 측면 추돌 사고
6737,N,Apparently Normal,No Misuse,N,No Injury,5c93fc76-d9c7-4a32-8a72-73d926e6b683,D,CE38600003,Shoulder/Lap Belt(s),M,584a3c10-28ea-4a7d-adc3-8c792acc5640,Angle Meets Right Turn,N,Intersection,Left Turn Lane,Dark Lights On,No Defects,"Two-way, Not Divided",Dry,Clear,Twelve o'clock,Truck Tractor,Functional,N,Moving Constant Speed,2015-02-03 22:58,29,39.0930576,-76.855158,1,0,좌회전 차선 사고,등속 주행 중 측면 추돌 사고
6738,N,Apparently Normal,No Misuse,Y,Possible Incapacitating Injury,6f25188e-c352-4201-9b98-3035b1f33fa7,D,CE38600003,Shoulder/Lap Belt(s),M,464c5236-85a9-46fb-8cd0-38ee7601d2ec,Angle Meets Right Turn,N,Intersection,Left Turn Lane,Dark Lights On,No Defects,"Two-way, Not Divided",Dry,Clear,Five o'clock,Passenger Car,Disabling,N,Right Turn on Red,2015-02-03 22:58,39,39.0930576,-76.855158,1,1,좌회전 차선 사고,등속 주행 사고
6739,N,Apparently Normal,No Misuse,N,No Injury,6f9c96e6-96f6-4e2b-868e-e95e70c11282,D,CE41150004,Shoulder/Lap Belt(s),M,ad5b9314-9723-487c-a9cb-c5ad44a0fd8c,Head On Left Turn,N,Intersection Related,Left Turn Lane,Daylight,No Defects,"Two-way, Not Divided",Dry,Clear,Nine o'clock,Passenger Car,Functional,N,Making Left Turn,2015-02-18 12:42,51,39.09388127,-76.85463309,1,1,좌회전 차선 사고,등속 주행 사고
6740,N,Apparently Normal,No Misuse,N,No Injury,b22cd3e4-4e4a-4147-91bb-3784eb3b10ec,D,CE42610003,Shoulder/Lap Belt(s),M,531756ff-8205-4c48-a46c-31a54b5932bf,Same Direction Rear End,N,Non Intersection,Right Turn Lane,Dark Lights On,No Defects,"Two-way, Not Divided",Dry,Clear,Six o'clock,(Sport) Utility Vehicle,Functional,N,Moving Constant Speed,2015-02-08 1:31,28,39.10006781,-76.85322762,2,3,기타,등속 주행 중 측면 추돌 사고
6741,N,Apparently Normal,No Misuse,N,No Injury,619af53e-7131-4efd-af92-1a7e3bd4936f,D,CE42610004,Shoulder/Lap Belt(s),M,39092d12-589a-4df9-91da-62c4dd5c547f,Same Movement Angle,N,Intersection,Right Turn Lane,Dark Lights On,No Defects,"Two-way, Not Divided",Dry,Clear,Twelve o'clock,Passenger Car,Disabling,N,Moving Constant Speed,2015-02-13 20:59,54,39.08290153,-76.86520636,3,0,우회전 차선 사고,기타
6742,N,Apparently Normal,No Misuse,Y,No Injury,4df4d6b2-736f-487f-bdfb-cdd72b2430c1,D,CE42610004,Shoulder/Lap Belt(s),M,ba94fa7f-b2f7-4990-bcfe-9e72d33b3a95,Same Movement Angle,N,Intersection,Right Turn Lane,Dark Lights On,No Defects,"Two-way, Not Divided",Dry,Clear,One o'clock,Passenger Car,Functional,N,Accelerating,2015-02-13 20:59,56,39.08290153,-76.86520636,3,0,우회전 차선 사고,기타
6743,N,Apparently Normal,No Misuse,Y,No Injury,59067070-45bd-4017-92de-8a52970d5e16,D,CE43950002,Shoulder/Lap Belt(s),M,cebb319b-49c9-4b6d-8ea0-e8cdee0287f8,Same Direction Rear End,N,Non Intersection,Right Turn Lane,Daylight,No Defects,"Two-way, Not Divided",Dry,Clear,Twelve o'clock,Passenger Car,Disabling,N,Moving Constant Speed,2015-01-10 9:18,27,39.10371661,-76.88129157,2,3,기타,등속 주행 중 측면 추돌 사고
6744,N,Apparently Normal,No Misuse,N,No Injury,3bf23bef-9d22-48c0-81cf-40230fa2ebf6,D,CE4515000D,Shoulder/Lap Belt(s),M,87fc98ef-3047-42d0-9700-578a66a926fb,Same Direction Rear End,N,Non Intersection,Right Turn Lane,Dark Lights On,No Defects,"Two-way, Divided, Unprotected (painted >4 feet) Median",Wet,Raining,Six o'clock,Pickup Truck,Superficial,N,Slowing or Stopping,2015-03-31 20:04,31,39.08512093,-76.86173558,4,3,빗길사고,기타
6745,N,Apparently Normal,No Misuse,Y,No Injury,62321ae7-891e-41d7-8182-c5e22b5702ae,D,CE4515000D,Shoulder/Lap Belt(s),M,a512007f-4497-450b-b73e-2064c3750c52,Same Direction Rear End,N,Non Intersection,Right Turn Lane,Dark Lights On,No Defects,"Two-way, Divided, Unprotected (painted >4 feet) Median",Wet,Raining,Twelve o'clock,"Other Light Trucks (10,000 lbs (4,536 kg))",Disabling,N,Moving Constant Speed,2015-03-31 20:04,36,39.08512093,-76.86173558,4,2,빗길사고,동일 방향 운행 중 추돌 사고
6746,N,Apparently Normal,No Misuse,Y,No Injury,68f3cd18-68d0-4b90-8999-223803c801ce,D,CE45170006,Shoulder/Lap Belt(s),M,2ed12526-5c27-4472-a097-2075d6b53df8,Same Direction Left Turn,N,Intersection Related,Right Turn Lane,Dark Lights On,No Defects,One-way Trafficway,Wet,Clear,Eleven o'clock,Van,Disabling,N,Changing Lanes,2015-01-06 23:50,48,39.09732015,-76.85067415,4,0,빗길사고,등속 주행 중 사고
6747,N,Apparently Normal,No Misuse,N,Possible Incapacitating Injury,1c3889e5-2292-416a-b33a-0ea47407b5b2,D,CE45170006,Shoulder/Lap Belt(s),M,3d31b962-46b0-4317-90f2-6fc39d25eae0,Same Direction Left Turn,N,Intersection Related,Right Turn Lane,Dark Lights On,No Defects,One-way Trafficway,Wet,Clear,One o'clock,Passenger Car,Disabling,N,Moving Constant Speed,2015-01-06 23:50,23,39.09732015,-76.85067415,4,2,빗길사고,동일 방향 운행 중 추돌 사고
6748,N,Apparently Normal,No Misuse,Y,No Injury,d7925ea1-dc1d-4935-8a3e-a643041eb1f9,D,CE45170007,Shoulder/Lap Belt(s),M,450b31a4-bcbf-4733-8295-4800e93485e5,Same Direction Right Turn,N,Non Intersection,Right Turn Lane,Daylight,No Defects,"Two-way, Not Divided",Dry,Clear,Five o'clock,Transit Bus,Superficial,N,Starting From Parked,2015-01-14 10:04,64,39.09339831,-76.86076999,2,0,기타,자차 사고
6749,N,Apparently Normal,No Misuse,N,Non-incapacitating Injury,0ce4b106-b3f1-4a8a-baa9-57f812afd561,D,CE4578000C,Shoulder/Lap Belt(s),M,10f504b6-c70a-4f7e-841f-ee859b4d9038,Head On Left Turn,N,Intersection,Right Turn Lane,Daylight,No Defects,"Two-way, Not Divided",Dry,Clear,Twelve o'clock,(Sport) Utility Vehicle,Disabling,N,Moving Constant Speed,2015-02-28 15:13,65,39.09428928,-76.87562943,3,2,우회전 차선 사고,기타