KEY_INDEX,CDL_FLAG,CONDITION_CODE,EQUIP_PROB_CODE,FAULT_FLAG,INJ_SEVER_CODE,PERSON_ID,PERSON_TYPE,REPORT_NO,SAF_EQUIP_CODE,SEX_CODE,VEHICLE_ID,COLLISION_TYPE_CODE,C_M_ZONE_FLAG,JUNCTION_CODE,LANE_CODE,LIGHT_CODE,RD_COND_CODE,RD_DIV_CODE,SURF_COND_CODE,WEATHER_CODE,AREA_DAMAGED_CODE_MAIN,BODY_TYPE_CODE,DAMAGE_CODE,HIT_AND_RUN_FLAG,MOVEMENT_CODE,TIME,AGE,LATITUDE,LONGITUDE,CLUSTER,SECOND_LABEL,FIRST_LABEL,SECOND_LABELING
6750,N,Apparently Normal,No Misuse,N,No Injury,9c86da7b-956e-4f74-9859-b5080b63a088,D,CE4578000J,Shoulder/Lap Belt(s),M,3c0830ec-71ea-447b-a711-d80c3b59e41f,Same Direction Right Turn,N,Non Intersection,Right Turn Lane,Daylight,No Defects,"Two-way, Not Divided",Dry,Clear,Nine o'clock,Passenger Car,Superficial,N,Moving Constant Speed,2015-03-31 12:20,44,39.09651249,-76.84947252,2,2,기타,기타
6751,N,Apparently Normal,No Misuse,Y,No Injury,e7613472-366e-44cc-90c5-66ae8cb1070f,D,CP00720006,Shoulder/Lap Belt(s),M,1c549f56-a419-4bae-b437-57addafcbc62,Same Direction Sideswipe,N,Non Intersection,Right Turn Lane,Dark Lights On,No Defects,"Two-way, Not Divided",Dry,Clear,One o'clock,Passenger Car,Disabling,N,Moving Constant Speed,2015-03-08 1:48,45,38.93734739,-76.96088076,2,2,기타,기타
6752,N,Apparently Normal,No Misuse,Y,No Injury,c712aa99-da85-414d-8826-8868fe534305,D,CP01350009,Shoulder/Lap Belt(s),M,b04d0894-e18b-46d3-bf24-6f29a1df8c94,Single Vehicle ,N,Non Intersection,Right Turn Lane,Daylight,No Defects,"Two-way, Divided, Positive Median Barrier",Wet,Cloudy,One o'clock,Passenger Car,Disabling,N,Slowing or Stopping,2015-01-06 13:14,28,38.94906315,-76.96764529,4,0,빗길사고,등속 주행 중 사고
6753,N,Apparently Normal,No Misuse,Y,No Injury,02d463f6-1807-452a-8220-8b5c9a24bf0b,D,CT8267000L,Shoulder/Lap Belt(s),M,55c70131-c8cd-46be-b20c-eda21470d01b,Single Vehicle ,N,Intersection Related,Right Turn Lane,Dark Lights On,No Defects,"Two-way, Not Divided",Ice,"Blowing Sand, Soil, Dirt",Five o'clock,(Sport) Utility Vehicle,Superficial,N,Backing,2015-02-15 6:25,26,38.40085605,-75.06018162,0,2,눈길사고,미끌어짐에 의한 사고
6754,N,Apparently Normal,No Misuse,Y,No Injury,145ff13b-dbd0-4f23-9425-aa4e973045f0,D,CT82740016,Shoulder/Lap Belt(s),M,d1fdf982-03c9-4f08-8b39-f6fa244aea29,Single Vehicle ,N,Intersection,Acceleration Lane,Daylight,No Defects,"Two-way, Divided, Positive Median Barrier",Dry,Clear,Four o'clock,Police Vehicle/Non Emergency,Superficial,N,Making Right Turn,2015-03-13 16:30,43,38.3425103,-75.08172512,1,1,좌회전 차선 사고,등속 주행 사고
6755,N,Apparently Normal,No Misuse,Y,No Injury,67a8afcf-623d-4665-b7dd-876533343bfb,D,CT82930002,Shoulder/Lap Belt(s),M,4f7c4c41-de9d-476d-9d6d-3e62469f0d5d,Single Vehicle ,N,Intersection,Acceleration Lane,Daylight,No Defects,One-way Trafficway,Wet,Raining,One o'clock,Pickup Truck,Superficial,N,Making Left Turn,2015-01-12 12:26,36,38.33191108,-75.08595228,4,0,빗길사고,등속 주행 중 사고
6756,N,Apparently Normal,No Misuse,N,No Injury,15874984-0136-4b71-ae4e-4f677e6a9383,D,CTX308001W,Shoulder/Lap Belt(s),M,102eebb1-3a95-4fde-88b1-f0167b625aa2,Angle Meets Left Turn,N,Intersection,Deceleration Lane,Daylight,No Defects,"Two-way, Divided, Positive Median Barrier",Dry,Clear,One o'clock,Pickup Truck,Disabling,N,Making U Turn,2015-03-17 16:47,32,38.387231,-75.06592502,1,1,좌회전 차선 사고,등속 주행 사고
6757,N,Apparently Normal,No Misuse,Y,No Injury,6d2682c9-8b72-4f5f-903d-fcc5c8191aa8,D,CTX308001W,Shoulder/Lap Belt(s),M,7645e26a-50c9-4373-bd01-c70d3d1d57ba,Angle Meets Left Turn,N,Intersection,Deceleration Lane,Daylight,No Defects,"Two-way, Divided, Positive Median Barrier",Dry,Clear,Eleven o'clock,Passenger Car,Disabling,N,Accelerating,2015-03-17 16:47,17,38.387231,-75.06592502,1,1,좌회전 차선 사고,등속 주행 사고
6758,N,Apparently Normal,No Misuse,N,No Injury,ab4861d7-2fda-4574-a231-b84f9da7c5b1,D,CW00220001,Shoulder/Lap Belt(s),M,302e67de-9e7e-4b78-b13b-9e68ebb1a719,Same Direction Right Turn,N,Non Intersection,Left Turn Lane,Daylight,No Defects,"Two-way, Not Divided",Dry,Clear,Ten o'clock,Passenger Car,Disabling,N,Moving Constant Speed,2015-01-23 12:10,49,39.5721365,-76.0687834,1,0,좌회전 차선 사고,등속 주행 중 측면 추돌 사고
6759,N,Apparently Normal,No Misuse,Y,No Injury,19ad43ee-7af0-456b-a91a-97fecc74be74,D,CW00220001,Shoulder/Lap Belt(s),M,0e48cfbd-e018-4852-ab9d-39dd3a2eb123,Same Direction Right Turn,N,Non Intersection,Left Turn Lane,Daylight,No Defects,"Two-way, Not Divided",Dry,Clear,Two o'clock,Passenger Car,Functional,N,Changing Lanes,2015-01-23 12:10,51,39.5721365,-76.0687834,1,1,좌회전 차선 사고,등속 주행 사고
6760,N,Apparently Normal,No Misuse,N,No Injury,b8d84933-f0f7-4522-955c-3b543d976c1c,D,CW00250001,Shoulder/Lap Belt(s),M,c27ee5e8-6ea2-4ea1-a234-bda118ae9dde,Same Movement Angle,N,Crossover Related,Right Turn Lane,Daylight,No Defects,"Two-way, Divided, Positive Median Barrier",Dry,Clear,Twelve o'clock,Passenger Car,Functional,N,Moving Constant Speed,2015-01-08 16:15,30,39.5752625,-76.05628967,3,0,우회전 차선 사고,기타
6761,N,Apparently Normal,No Misuse,Y,No Injury,a34c47ea-8a30-4001-a51d-d52b8d5a85f4,D,CW00250001,Shoulder/Lap Belt(s),M,6fadad54-ee33-41b6-9ae0-89a2b83aaa5e,Same Movement Angle,N,Crossover Related,Right Turn Lane,Daylight,No Defects,"Two-way, Divided, Positive Median Barrier",Dry,Clear,Eleven o'clock,(Sport) Utility Vehicle,Disabling,N,Starting From Lane,2015-01-08 16:15,80,39.5752625,-76.05628967,3,0,우회전 차선 사고,기타
6762,N,Apparently Normal,No Misuse,Y,No Injury,1c441d58-ba14-4cdd-9e77-2089e65aa0bc,D,CX01290002,Shoulder/Lap Belt(s),M,8aa881ed-9b6f-4ea8-b4d8-e4fac09ed90e,Single Vehicle ,N,Non Intersection,Right Turn Lane,Dark Lights On,No Defects,"Two-way, Divided, Positive Median Barrier",Dry,Clear,Twelve o'clock,Pickup Truck,Disabling,N,Moving Constant Speed,2015-03-18 0:00,52,38.05495125,-75.54358006,2,2,기타,기타
6763,N,Apparently Normal,No Misuse,N,No Injury,cf7db59e-5c2d-4eb8-9714-f216f112df2e,D,DA17750002,Shoulder/Lap Belt(s),M,5a67c7a7-f115-400b-8fe2-35812892dfdf,Head On Left Turn,N,Intersection,Right Turn Lane,Dark Lights On,No Defects,"Two-way, Divided, Positive Median Barrier",Ice,Foggy,Eleven o'clock,Police Vehicle/Emergency,Functional,N,Stopped in Traffic Lane,2015-01-21 23:52,32,38.84874066,-76.92467093,0,2,눈길사고,미끌어짐에 의한 사고
6764,N,Apparently Normal,No Misuse,N,No Injury,cd6b269f-63cc-4b97-98b1-7947dce02042,D,DA17750003,Shoulder/Lap Belt(s),M,cb578fab-2173-4268-a239-656641f651a4,Head On Left Turn,N,Intersection,Right Turn Lane,Daylight,No Defects,"Two-way, Not Divided",Dry,Clear,Twelve o'clock,Police Vehicle/Emergency,Functional,N,Making Left Turn,2015-02-28 9:42,27,38.87255868,-76.92687035,3,1,우회전 차선 사고,등속 주행 중 측면 추돌 사고
6765,N,Apparently Normal,No Misuse,Y,No Injury,29cd6656-a4a0-4fbe-a4ef-a9f0b8712859,D,DA17750003,Shoulder/Lap Belt(s),M,2a1bc93e-d6e3-44fa-b6ca-130f2222e568,Head On Left Turn,N,Intersection,Right Turn Lane,Daylight,No Defects,"Two-way, Not Divided",Dry,Clear,Twelve o'clock,(Sport) Utility Vehicle,Functional,N,Starting From Lane,2015-02-28 9:42,49,38.87255868,-76.92687035,3,1,우회전 차선 사고,등속 주행 중 측면 추돌 사고
6766,N,Apparently Normal,No Misuse,Y,No Injury,81ab797b-c334-46e9-bf59-031f98983abb,D,DA18900002,Shoulder/Lap Belt(s),M,a8deae4e-0fea-45b0-89e1-504fa97cd2b1,Single Vehicle ,N,Non Intersection,Right Turn Lane,Daylight,No Defects,"Two-way, Not Divided",Wet,Raining,Six o'clock,"Medium/Heavy Truck 2 axles (10,000 lbs (4,536 kg) or less)",Superficial,N,Backing,2015-01-13 9:46,30,38.79235937,-77.01145649,4,0,빗길사고,등속 주행 중 사고
6767,N,Apparently Normal,No Misuse,N,No Injury,a788bb60-2296-44f1-8690-f8b52f7d3198,D,DA20680005,Shoulder/Lap Belt(s),M,d8605b6d-1161-4390-afe8-98869379e9f5,Single Vehicle ,N,Intersection,Right Turn Lane,Dark No Lights,No Defects,"Two-way, Not Divided",Dry,Clear,Eleven o'clock,Police Vehicle/Non Emergency,Functional,N,Moving Constant Speed,2015-03-09 6:00,37,38.74847732,-76.76012278,3,2,우회전 차선 사고,기타
6768,N,Apparently Normal,No Misuse,N,No Injury,b7f82087-9e28-4861-befb-1f8148e734b9,D,DA2260000C,Shoulder/Lap Belt(s),M,85a9d5d8-1af1-4103-b332-ec260896f9e7,Head On Left Turn,N,Non Intersection,Right Turn Lane,Dark No Lights,No Defects,"Two-way, Divided, Positive Median Barrier",Dry,Cloudy,Six o'clock,Passenger Car,Functional,N,Moving Constant Speed,2015-03-19 20:39,41,38.85057889,-76.95491552,2,2,기타,기타
6769,N,Apparently Normal,No Misuse,N,Incapacitating/Disabled Injury,255eea26-d100-45fe-acb0-8db654de566a,D,DA2260000C,Shoulder/Lap Belt(s),M,00d8a9b6-6dbc-4c0b-881b-1ef855f57938,Head On Left Turn,N,Non Intersection,Right Turn Lane,Dark No Lights,No Defects,"Two-way, Divided, Positive Median Barrier",Dry,Cloudy,Twelve o'clock,Passenger Car,Disabling,N,Moving Constant Speed,2015-03-19 20:39,43,38.85057889,-76.95491552,2,2,기타,기타
6770,N,Apparently Normal,No Misuse,N,Fatal Injury,2308ffc5-abb1-4ad3-a0a0-bc38f6d1ceca,D,DA2260000C,Shoulder/Lap Belt(s),M,719195f7-bcb8-43f0-9e2d-4baf1c71a1df,Head On Left Turn,N,Non Intersection,Right Turn Lane,Dark No Lights,No Defects,"Two-way, Divided, Positive Median Barrier",Dry,Cloudy,Twelve o'clock,Passenger Car,Destroyed,N,Moving Constant Speed,2015-03-19 20:39,61,38.85057889,-76.95491552,2,2,기타,기타
6771,N,Apparently Normal,No Misuse,Y,No Injury,eeac3bc6-44d1-4d06-9158-b43383183523,D,DA24040003,Shoulder/Lap Belt(s),M,b3fa9336-8e65-42d2-a12b-9ed932ec6731,Single Vehicle ,N,Non Intersection,Right Turn Lane,Daylight,No Defects,"Two-way, Not Divided",Snow,Snow,Twelve o'clock,Passenger Car,Disabling,N,Moving Constant Speed,2015-03-05 10:51,38,38.69562581,-76.82473183,0,0,눈길사고,감속 중 사고
6772,N,Apparently Normal,No Misuse,N,No Injury,4f6fa96a-8d25-4908-acaa-ebca9a9761d3,D,DA25240004,Shoulder/Lap Belt(s),M,8b2c3777-8513-48ee-974b-3740414249d9,Same Direction Left Turn,N,Commercial Driveway,Right Turn Lane,Daylight,No Defects,"Two-way, Not Divided",Dry,Clear,Twelve o'clock,Fire Vehicle/Emergency,Functional,N,Slowing or Stopping,2015-01-07 9:41,28,38.78642608,-76.89777911,3,1,우회전 차선 사고,등속 주행 중 측면 추돌 사고
6773,N,Apparently Normal,No Misuse,Y,Possible Incapacitating Injury,e27a8d87-2f8a-410b-96f6-e8b9cb31acf4,D,DA25240004,Shoulder/Lap Belt(s),M,a62acf81-2931-4471-aee5-0f7d44273d1b,Same Direction Left Turn,N,Commercial Driveway,Right Turn Lane,Daylight,No Defects,"Two-way, Not Divided",Dry,Clear,Six o'clock,Passenger Car,Destroyed,N,Making Left Turn,2015-01-07 9:41,78,38.78642608,-76.89777911,3,1,우회전 차선 사고,등속 주행 중 측면 추돌 사고
6774,N,Apparently Normal,No Misuse,N,No Injury,28ce118e-8f92-484e-8db9-8c87dba55d67,D,DA25240005,Shoulder/Lap Belt(s),M,eaf107b8-6c7a-47f3-9ae7-3ce8a76e3d1c,Single Vehicle ,N,Non Intersection,Right Turn Lane,Dark No Lights,No Defects,"Two-way, Not Divided",Dry,Clear,Twelve o'clock,Police Vehicle/Non Emergency,Functional,N,Moving Constant Speed,2015-02-25 2:55,36,38.74468468,-76.89714342,2,2,기타,기타
6775,N,Apparently Normal,No Misuse,N,No Injury,b3d42ea9-1ce8-4b5f-906f-367bd57bc2d7,D,DA25740001,Shoulder/Lap Belt(s),M,c71d5df3-9218-462b-9871-8e42f8c477a9,Single Vehicle ,N,Non Intersection,Right Turn Lane,Dawn,No Defects,"Two-way, Not Divided",Dry,Clear,Twelve o'clock,Police Vehicle/Emergency,Superficial,N,Moving Constant Speed,2015-01-02 5:11,26,38.71384449,-76.87962055,2,2,기타,기타
6776,N,Apparently Normal,No Misuse,N,No Injury,38a18b0f-e7af-4986-8afa-948d8432179f,D,DA27770003,Shoulder/Lap Belt(s),M,4181302e-14db-4a46-87cc-380513226397,Same Movement Angle,N,Intersection,Right Turn Lane,Daylight,No Defects,"Two-way, Not Divided",Dry,Clear,Twelve o'clock,Passenger Car,Disabling,N,Moving Constant Speed,2015-01-16 8:58,27,38.93269893,-76.93102241,3,0,우회전 차선 사고,기타
6777,N,Apparently Normal,No Misuse,Y,No Injury,5b37fec7-ee93-4aec-ad1c-2db592b7c7b5,D,DA27770003,Shoulder/Lap Belt(s),M,b9b11117-4dba-42a8-8f32-e9f25b32f9aa,Same Movement Angle,N,Intersection,Right Turn Lane,Daylight,No Defects,"Two-way, Not Divided",Dry,Clear,Eight o'clock,Van,Disabling,N,Accelerating,2015-01-16 8:58,35,38.93269893,-76.93102241,3,0,우회전 차선 사고,기타
6778,N,Apparently Normal,No Misuse,N,No Injury,9f4861c6-001c-4131-8e34-ce671e095666,D,DA28090004,Shoulder/Lap Belt(s),M,566b5cff-aeda-4bb6-8420-49ff48066d25,Same Direction Sideswipe,N,Non Intersection,Right Turn Lane,Dark Lights On,No Defects,"Two-way, Not Divided",Ice,Severe Winds,Four o'clock,Police Vehicle/Emergency,Functional,N,Accelerating,2015-02-15 2:34,33,38.95128363,-76.87939659,0,2,눈길사고,미끌어짐에 의한 사고
6779,N,Apparently Normal,No Misuse,N,No Injury,c84c2a7e-8954-4ab5-bb3b-2b69d694495e,D,DA28090005,Shoulder/Lap Belt(s),M,c1cb103c-55c0-427d-bb1d-d2ebf87e39ca,Single Vehicle ,N,Non Intersection,Left Turn Lane,Dark Lights On,No Defects,"Two-way, Divided, Positive Median Barrier",Ice,Severe Winds,Seven o'clock,Police Vehicle/Emergency,Functional,N,Moving Constant Speed,2015-02-15 4:22,30,39.01329017,-76.90561652,0,0,눈길사고,감속 중 사고
6780,N,Apparently Normal,No Misuse,N,No Injury,81f2c214-94ec-40ee-8fdd-53141842febe,D,DA2810000L,Shoulder/Lap Belt(s),M,db15dda9-dea7-4f1c-a5e0-b917d2f96b89,Same Direction Sideswipe,N,Non Intersection,Acceleration Lane,Daylight,No Defects,"Two-way, Divided, Positive Median Barrier",Ice,Cloudy,Five o'clock,"Cargo Van/Light Truck 2 axles (10,000 lbs (4,536 kg) or less)",Functional,N,Moving Constant Speed,2015-02-22 8:26,26,38.94703556,-76.82461381,0,0,눈길사고,감속 중 사고
6781,N,Apparently Normal,No Misuse,Y,No Injury,3325a3ff-ee89-4d2e-87b6-02d9869db91a,D,DA2810000L,Shoulder/Lap Belt(s),M,1c1a5396-f62d-4884-8946-4a33c642c135,Same Direction Sideswipe,N,Non Intersection,Acceleration Lane,Daylight,No Defects,"Two-way, Divided, Positive Median Barrier",Ice,Cloudy,One o'clock,Passenger Car,Disabling,N,Moving Constant Speed,2015-02-22 8:26,18,38.94703556,-76.82461381,0,0,눈길사고,감속 중 사고
6782,N,Apparently Normal,No Misuse,N,No Injury,249ee0c2-524a-4c7c-87f7-481427af9091,D,DA28410003,Shoulder/Lap Belt(s),M,b378919f-1585-466d-9c74-d623ec01ce30,Same Direction Right Turn,N,Non Intersection,Left Turn Lane,Daylight,No Defects,"Two-way, Divided, Positive Median Barrier",Dry,Clear,Seven o'clock,Police Vehicle/Non Emergency,Superficial,N,Moving Constant Speed,2015-03-18 10:08,42,38.82449674,-76.88206673,1,0,좌회전 차선 사고,등속 주행 중 측면 추돌 사고
6783,N,Apparently Normal,No Misuse,Y,No Injury,5b71c159-6ed3-4fdd-9694-3b57c666566a,D,DA28410003,Shoulder/Lap Belt(s),M,cb49a395-63e6-4931-bba0-86354089129d,Same Direction Right Turn,N,Non Intersection,Left Turn Lane,Daylight,No Defects,"Two-way, Divided, Positive Median Barrier",Dry,Clear,One o'clock,Passenger Car,Superficial,N,Moving Constant Speed,2015-03-18 10:08,53,38.82449674,-76.88206673,1,0,좌회전 차선 사고,등속 주행 중 측면 추돌 사고
6784,N,Apparently Normal,No Misuse,N,No Injury,11a78d2c-5ab7-4a1c-a722-311d23b30d79,D,DA3020000J,Shoulder/Lap Belt(s),M,5601fb82-1b2a-4b5c-9cee-0fed9982fb40,Same Direction Left Turn,N,Non Intersection,Right Turn Lane,Daylight,No Defects,"Two-way, Not Divided",Dry,Clear,One o'clock,Passenger Car,Destroyed,N,Moving Constant Speed,2015-03-15 18:30,20,38.78546015,-76.89793468,2,2,기타,기타
6785,N,Apparently Normal,No Misuse,N,No Injury,d73a8578-20f4-4d77-be9e-f56075bdb21b,D,DA3090001B,Shoulder/Lap Belt(s),M,1730c860-3bcd-4881-a407-b0f287403bcc,Head On,N,Non Intersection,Left Turn Lane,Dusk,No Defects,"Two-way, Divided, Positive Median Barrier",Dry,Clear,One o'clock,Passenger Car,Disabling,N,Moving Constant Speed,2015-01-28 18:41,69,38.88841066,-76.90654993,1,0,좌회전 차선 사고,등속 주행 중 측면 추돌 사고
6786,N,Apparently Normal,No Misuse,N,Non-incapacitating Injury,08e0779e-7d95-424d-bc6a-7ef4ff83b470,D,DA3090001B,Shoulder/Lap Belt(s),M,93ddcb73-0e7b-44e5-a406-2dc62b4217d2,Head On,N,Non Intersection,Left Turn Lane,Dusk,No Defects,"Two-way, Divided, Positive Median Barrier",Dry,Clear,Twelve o'clock,Pickup Truck,Disabling,N,Moving Constant Speed,2015-01-28 18:41,45,38.88841066,-76.90654993,1,0,좌회전 차선 사고,등속 주행 중 측면 추돌 사고
6787,N,Had Been Drinking,No Misuse,Y,Non-incapacitating Injury,98a825b9-c4da-4b25-b2ba-643feda52f44,D,DA3090001B,Shoulder/Lap Belt(s),M,40c77045-1c76-4c3f-9e31-00ea3fea8a37,Head On,N,Non Intersection,Left Turn Lane,Dusk,No Defects,"Two-way, Divided, Positive Median Barrier",Dry,Clear,Twelve o'clock,Passenger Car,Disabling,Y,Moving Constant Speed,2015-01-28 18:41,70,38.88841066,-76.90654993,1,0,좌회전 차선 사고,등속 주행 중 측면 추돌 사고
6788,N,Apparently Normal,No Misuse,N,No Injury,396b51be-c093-4379-a5c7-70f9f1b6988b,D,DA31240005,Shoulder/Lap Belt(s),M,8b321431-8912-4b2e-b010-ec9ef81e2b30,Same Direction Rear End,N,Non Intersection,Right Turn Lane,Daylight,No Defects,"Two-way, Divided, Positive Median Barrier",Ice,Clear,Six o'clock,Van,Superficial,N,Stopped in Traffic Lane,2015-01-08 16:10,26,38.96030145,-76.86457872,2,0,기타,자차 사고
6789,N,Apparently Normal,No Misuse,Y,No Injury,03eba81b-5e57-4d51-8203-e5dd34ef2a71,D,DA31240005,Shoulder/Lap Belt(s),M,59939caf-61be-41f2-adf3-bd2bfc0e9913,Same Direction Rear End,N,Non Intersection,Right Turn Lane,Daylight,No Defects,"Two-way, Divided, Positive Median Barrier",Ice,Clear,Twelve o'clock,Passenger Car,Disabling,N,Slowing or Stopping,2015-01-08 16:10,32,38.96030145,-76.86457872,2,1,기타,등속 주행 사고
6790,N,Apparently Normal,No Misuse,N,No Injury,0e66a315-ffe6-4e1d-a77d-12ca5c77e860,D,DA31330001,Shoulder/Lap Belt(s),M,46e53fee-fd1c-4726-bfbf-2199dd790aab,Same Direction Rear End,N,Non Intersection,Right Turn Lane,Dark - Unknown Lighting,No Defects,"Two-way, Divided, Unprotected (painted >4 feet) Median",Snow,Snow,Six o'clock,(Sport) Utility Vehicle,Superficial,N,Moving Constant Speed,2015-02-16 18:20,54,38.96116073,-76.85743332,0,3,눈길사고,자차 사고
6791,N,Apparently Normal,No Misuse,Y,No Injury,a94da0d5-7a81-412f-a654-373a0a7e481f,D,DA31330001,Shoulder/Lap Belt(s),M,3142c2ac-2f8b-44ea-88d3-13e72ad55857,Same Direction Rear End,N,Non Intersection,Right Turn Lane,Dark - Unknown Lighting,No Defects,"Two-way, Divided, Unprotected (painted >4 feet) Median",Snow,Snow,Twelve o'clock,Passenger Car,Functional,N,Accelerating,2015-02-16 18:20,62,38.96116073,-76.85743332,0,1,눈길사고,등속 주행 사고
6792,N,Apparently Normal,No Misuse,Y,No Injury,ecfdc40c-605a-4411-9f10-7138c23e612c,D,DA32000002,Shoulder/Lap Belt(s),M,7b5cfa5c-ac38-4c3f-b2c0-bbe428d0bb2e,Same Movement Angle,N,Non Intersection,Right Turn Lane,Dark Lights On,No Defects,"Two-way, Not Divided",Dry,Clear,Eleven o'clock,(Sport) Utility Vehicle,Superficial,N,Making Left Turn,2015-03-07 19:43,27,38.80339673,-76.98873281,2,0,기타,자차 사고
6793,Y,Apparently Normal,No Misuse,N,No Injury,0d6f58d3-6443-4c35-980b-6c038e6ffdc3,D,DA33770003,Shoulder/Lap Belt(s),M,23e9ce19-ef4d-4ce0-b4ea-c1b59fc67dab,Same Direction Both Left Turn,N,Intersection Related,Right Turn Lane,Dark Lights On,No Defects,"Two-way, Divided, Positive Median Barrier",Dry,Clear,Twelve o'clock,Transit Bus,Superficial,N,Making Left Turn,2015-01-22 19:04,35,38.97186328,-76.97986007,3,1,우회전 차선 사고,등속 주행 중 측면 추돌 사고
6794,N,Apparently Normal,No Misuse,Y,No Injury,92380d6b-ecc0-4a09-bece-87e7e4228ddf,D,DA33770003,Shoulder/Lap Belt(s),M,802ba751-c5b5-4c7e-8055-2dfd2a8cd28f,Same Direction Both Left Turn,N,Intersection Related,Right Turn Lane,Dark Lights On,No Defects,"Two-way, Divided, Positive Median Barrier",Dry,Clear,Nine o'clock,Passenger Car,Disabling,N,Making Left Turn,2015-01-22 19:04,29,38.97186328,-76.97986007,3,1,우회전 차선 사고,등속 주행 중 측면 추돌 사고
6795,N,Apparently Normal,No Misuse,N,No Injury,30cd66b6-91f0-44b1-8dc3-d34c4878a373,D,DA33770006,Shoulder/Lap Belt(s),M,ee2c8bf6-39bb-420c-aeb3-8900dfd5738d,Same Movement Angle,N,Intersection,Right Turn Lane,Daylight,No Defects,"Two-way, Divided, Unprotected (painted >4 feet) Median",Dry,Clear,Twelve o'clock,Passenger Car,Disabling,N,Slowing or Stopping,2015-02-01 11:51,51,38.97715973,-76.96991444,3,0,우회전 차선 사고,기타
6796,N,Apparently Normal,No Misuse,Y,No Injury,a2264efa-d4e2-4c1f-a259-7a1c04f6d0dc,D,DA33770006,Shoulder/Lap Belt(s),M,c4d0d5a8-758e-459f-9d2c-bf737d944376,Same Movement Angle,N,Intersection,Right Turn Lane,Daylight,No Defects,"Two-way, Divided, Unprotected (painted >4 feet) Median",Dry,Clear,One o'clock,Passenger Car,Disabling,N,Starting From Lane,2015-02-01 11:51,47,38.97715973,-76.96991444,3,0,우회전 차선 사고,기타
6797,N,Apparently Normal,No Misuse,N,No Injury,e560eac1-6d69-444f-81d5-9ee18f1e94bc,D,DA3377000F,Shoulder/Lap Belt(s),M,aee259e0-2658-4d24-ac68-c6b655e73a1e,Same Movement Angle,N,Non Intersection,Right Turn Lane,Dark Lights On,No Defects,"Two-way, Divided, Positive Median Barrier",Dry,Clear,One o'clock,Passenger Car,Destroyed,N,Moving Constant Speed,2015-03-27 22:20,33,38.98429056,-76.96996808,2,2,기타,기타
6798,N,Had Been Drinking,No Misuse,Y,No Injury,8fa90956-022d-412a-89c3-d68df0ca884d,D,DA3377000F,Shoulder/Lap Belt(s),M,b4a2f810-4121-4b47-8f74-93a2ad53ba80,Same Movement Angle,N,Non Intersection,Right Turn Lane,Dark Lights On,No Defects,"Two-way, Divided, Positive Median Barrier",Dry,Clear,Twelve o'clock,Passenger Car,Destroyed,N,Accelerating,2015-03-27 22:20,31,38.98429056,-76.96996808,2,0,기타,자차 사고
6799,N,Apparently Normal,No Misuse,Y,No Injury,32add09e-099c-4656-b881-4a0aca6c08e4,D,DA33820005,Shoulder/Lap Belt(s),M,396d76d9-f81c-44ff-9ed1-dfe455a7e765,Single Vehicle ,N,Non Intersection,Deceleration Lane,Dark No Lights,No Defects,"Two-way, Divided, Positive Median Barrier",Wet,Raining,Twelve o'clock,Passenger Car,Disabling,N,Moving Constant Speed,2015-01-24 0:00,34,38.79480111,-76.9984746,4,2,빗길사고,동일 방향 운행 중 추돌 사고
6800,N,Apparently Normal,No Misuse,Y,No Injury,ad77885c-4452-4e27-833f-c89c7d2804d4,D,DA34220004,Shoulder/Lap Belt(s),M,cd2e9a9b-d6f9-4bd9-b54f-dae09a3fc774,Same Movement Angle,N,Intersection,Right Turn Lane,Daylight,No Defects,"Two-way, Divided, Positive Median Barrier",Wet,Clear,Twelve o'clock,Passenger Car,Destroyed,N,Moving Constant Speed,2015-03-08 15:15,24,38.83083221,-76.95222259,4,1,빗길사고,자차 사고
6801,N,Apparently Normal,No Misuse,N,Non-incapacitating Injury,8c580d9d-7109-4b12-972e-3e53a2b64175,D,DA34220004,Shoulder/Lap Belt(s),M,93041140-d3c3-46ea-b963-f3d0f34a1d21,Same Movement Angle,N,Intersection,Right Turn Lane,Daylight,No Defects,"Two-way, Divided, Positive Median Barrier",Wet,Clear,Two o'clock,Passenger Car,Destroyed,N,Moving Constant Speed,2015-03-08 15:15,38,38.83083221,-76.95222259,4,1,빗길사고,자차 사고
6802,N,Apparently Normal,No Misuse,N,No Injury,a0817ea6-8e92-467c-a137-f865d07cb600,D,DA34470003,Shoulder/Lap Belt(s),M,6a428e21-1c73-4710-a8b5-ccc2dd4f488a,Same Direction Rear End,N,Intersection Related,Right Turn Lane,Dark Lights On,No Defects,"Two-way, Not Divided",Dry,Clear,Six o'clock,Passenger Car,Superficial,N,Stopped in Traffic Lane,2015-01-25 3:44,51,39.07384415,-76.84799194,3,3,우회전 차선 사고,동일 방향 운행 중 추돌 사고
6803,N,Apparently Normal,No Misuse,N,No Injury,ac4eda85-752f-4511-84e6-f1d221f48a3c,D,DA35420002,Shoulder/Lap Belt(s),M,819d3f6c-6429-4c0b-a0bd-6cb0201e37b7,Same Direction Sideswipe,N,Non Intersection,Left Turn Lane,Daylight,No Defects,"Two-way, Divided, Positive Median Barrier",Dry,Clear,Two o'clock,"Cargo Van/Light Truck 2 axles (10,000 lbs (4,536 kg) or less)",Superficial,Y,Moving Constant Speed,2015-01-05 16:15,26,39.05798364,-76.83972001,1,0,좌회전 차선 사고,등속 주행 중 측면 추돌 사고