KEY_INDEX,CDL_FLAG,CONDITION_CODE,EQUIP_PROB_CODE,FAULT_FLAG,INJ_SEVER_CODE,PERSON_ID,PERSON_TYPE,REPORT_NO,SAF_EQUIP_CODE,SEX_CODE,VEHICLE_ID,COLLISION_TYPE_CODE,C_M_ZONE_FLAG,JUNCTION_CODE,LANE_CODE,LIGHT_CODE,RD_COND_CODE,RD_DIV_CODE,SURF_COND_CODE,WEATHER_CODE,AREA_DAMAGED_CODE_MAIN,BODY_TYPE_CODE,DAMAGE_CODE,HIT_AND_RUN_FLAG,MOVEMENT_CODE,TIME,AGE,LATITUDE,LONGITUDE,CLUSTER,SECOND_LABEL,FIRST_LABEL,SECOND_LABELING
6804,Y,Apparently Normal,No Misuse,Y,No Injury,7b57d0fc-bc1f-4eb3-b9c3-c9559366ad29,D,DA35420007,Shoulder/Lap Belt(s),M,e2f364dd-629a-402f-a8f7-ddd3d54caef8,Single Vehicle ,N,Non Intersection,Acceleration Lane,Daylight,No Defects,"Two-way, Divided, Positive Median Barrier",Ice,Clear,Twelve o'clock,Passenger Car,Superficial,N,Skidding,2015-02-15 9:21,43,39.07392744,-76.84812069,1,1,좌회전 차선 사고,등속 주행 사고
6805,N,Apparently Normal,No Misuse,N,No Injury,0d4926a9-961f-4631-a403-9c0a374e820c,D,DA35610003,Shoulder/Lap Belt(s),M,a0f9b117-610b-4a61-91a1-40917ed39b67,Angle Meets Right Turn,N,Non Intersection,Right Turn Lane,Dark No Lights,No Defects,"Two-way, Not Divided",Wet,Cloudy,One o'clock,Pickup Truck,Functional,N,Accelerating,2015-03-31 20:15,45,38.85321916,-76.81545138,4,0,빗길사고,등속 주행 중 사고
6806,N,Apparently Normal,No Misuse,Y,No Injury,90f0fa24-de7b-4a4a-b06e-c9d4e2b0e58c,D,DA35610003,Shoulder/Lap Belt(s),M,1b92a2ee-8acd-412b-80c2-324449dba8ab,Angle Meets Right Turn,N,Non Intersection,Right Turn Lane,Dark No Lights,No Defects,"Two-way, Not Divided",Wet,Cloudy,Twelve o'clock,Passenger Car,Functional,N,Moving Constant Speed,2015-03-31 20:15,54,38.85321916,-76.81545138,4,2,빗길사고,동일 방향 운행 중 추돌 사고
6807,N,Apparently Normal,No Misuse,N,No Injury,f740cb1b-6943-4880-9edd-1b4189b1e771,D,DA35670004,Shoulder/Lap Belt(s),M,2dbe69f8-961f-4b9f-adca-2a915b37b4fe,Same Direction Rear End,N,Non Intersection,Right Turn Lane,Dusk,No Defects,"Two-way, Not Divided",Dry,Clear,Six o'clock,(Sport) Utility Vehicle,No Damage,N,Slowing or Stopping,2015-01-20 20:44,29,39.07652609,-76.86983585,2,1,기타,등속 주행 사고
6808,N,Apparently Normal,No Misuse,Y,No Injury,57f48322-26c2-4fe9-b520-b8c2feec303a,D,DA35880005,Shoulder/Lap Belt(s),M,ee273c6c-14a4-4176-b8b2-693f399d6587,Single Vehicle ,N,Intersection,Right Turn Lane,Daylight,No Defects,"Two-way, Not Divided",Snow,Snow,Twelve o'clock,(Sport) Utility Vehicle,Disabling,N,Slowing or Stopping,2015-03-05 10:45,23,38.74094623,-76.83243513,0,1,눈길사고,등속 주행 사고
6809,N,Apparently Normal,No Misuse,N,No Injury,97e1f88b-1a4f-4d78-997f-e5394a50bbfc,D,DA35890004,Shoulder/Lap Belt(s),M,28a20289-653f-46be-a48d-3d1be5e706ff,Same Direction Rear End,N,Intersection,Right Turn Lane,Daylight,No Defects,"Two-way, Divided, Unprotected (painted >4 feet) Median",Dry,Clear,Twelve o'clock,Fire Vehicle/Emergency,Superficial,N,Slowing or Stopping,2015-02-15 15:12,56,38.79243463,-76.9864583,3,3,우회전 차선 사고,동일 방향 운행 중 추돌 사고
6810,N,Apparently Normal,No Misuse,Y,No Injury,29488510-cfee-4485-80db-08c2c910a52f,D,DA35890004,Shoulder/Lap Belt(s),M,667df4ab-010a-4c47-80d0-808f70d5e05f,Same Direction Rear End,N,Intersection,Right Turn Lane,Daylight,No Defects,"Two-way, Divided, Unprotected (painted >4 feet) Median",Dry,Clear,Six o'clock,Passenger Car,Superficial,N,Backing,2015-02-15 15:12,23,38.79243463,-76.9864583,3,3,우회전 차선 사고,동일 방향 운행 중 추돌 사고
6811,N,Apparently Normal,No Misuse,N,No Injury,28f4b98a-dc1a-46fb-b006-56e8bd111f48,D,DA35990004,Shoulder/Lap Belt(s),M,9ba2d974-06c3-474e-a2a5-5569a251c0e9,Single Vehicle ,N,Non Intersection,Left Turn Lane,Dark Lights On,No Defects,"Two-way, Divided, Positive Median Barrier",Dry,Clear,Ten o'clock,Passenger Car,Superficial,N,Moving Constant Speed,2015-03-22 1:12,56,38.99024487,-76.98745608,1,0,좌회전 차선 사고,등속 주행 중 측면 추돌 사고
6812,Y,Apparently Normal,No Misuse,N,No Injury,34c715c8-1108-44d7-9dd5-20cfcc477d57,D,DA35990005,Shoulder/Lap Belt(s),M,7f9923fa-042e-4460-98c0-0f09ec942b22,Same Direction Rear End,N,Non Intersection,Acceleration Lane,Dark Lights On,No Defects,"Two-way, Divided, Positive Median Barrier",Dry,Clear,Six o'clock,Transit Bus,Superficial,N,Slowing or Stopping,2015-03-22 23:33,59,38.99357206,-76.61315918,1,3,좌회전 차선 사고,감속 중 사고
6813,N,Apparently Normal,No Misuse,Y,No Injury,13192ee4-cfca-4012-ad32-91cf0e742fb2,D,DA35990005,Shoulder/Lap Belt(s),M,cd05ef90-a507-4103-8295-780372929cb7,Same Direction Rear End,N,Non Intersection,Acceleration Lane,Dark Lights On,No Defects,"Two-way, Divided, Positive Median Barrier",Dry,Clear,Twelve o'clock,Passenger Car,Disabling,N,Accelerating,2015-03-22 23:33,39,38.99357206,-76.61315918,1,3,좌회전 차선 사고,감속 중 사고
6814,N,Apparently Normal,No Misuse,N,No Injury,ece601f1-47b7-40e2-b78d-8f381666c0d9,D,DA36010003,Shoulder/Lap Belt(s),M,6b7034f9-af88-404f-b02c-33fb0aa54c48,Same Direction Right Turn,N,Intersection,Left Turn Lane,Dark Lights On,No Defects,"Two-way, Divided, Positive Median Barrier",Wet,Raining,Eleven o'clock,Passenger Car,Functional,N,Moving Constant Speed,2015-01-03 18:10,56,38.85331107,-76.90974712,4,2,빗길사고,동일 방향 운행 중 추돌 사고
6815,N,Apparently Normal,No Misuse,Y,No Injury,1f19fbd2-02ba-4655-8b5d-9b982a7deaa1,D,DA36010003,Shoulder/Lap Belt(s),M,50d7915f-d4fb-43e1-9188-3397e22e5659,Same Direction Right Turn,N,Intersection,Left Turn Lane,Dark Lights On,No Defects,"Two-way, Divided, Positive Median Barrier",Wet,Raining,One o'clock,Passenger Car,Functional,N,Accelerating,2015-01-03 18:10,30,38.85331107,-76.90974712,4,0,빗길사고,등속 주행 중 사고
6816,N,Apparently Normal,No Misuse,N,No Injury,4f28e760-5131-48b8-8a6d-740564cd00da,D,DA36100004,Shoulder/Lap Belt(s),M,21f4dfbb-b418-4cda-bb1a-ab088881f3be,Same Direction Left Turn,N,Non Intersection,Left Turn Lane,Daylight,No Defects,"Two-way, Divided, Unprotected (painted >4 feet) Median",Dry,Clear,One o'clock,(Sport) Utility Vehicle,Superficial,N,Moving Constant Speed,2015-01-15 8:10,54,38.87364872,-76.93268001,1,0,좌회전 차선 사고,등속 주행 중 측면 추돌 사고
6817,N,Apparently Normal,No Misuse,Y,No Injury,fa45af34-1be6-449c-885d-e069b2a92f7f,D,DA3617000C,Shoulder/Lap Belt(s),M,0ed9d4e4-7dae-4619-94c3-a9b0fed76ebc,Same Direction Rear End,Y,Intersection Related,Right Turn Lane,Dark No Lights,"Holes, Ruts, Etc.","Two-way, Divided, Positive Median Barrier",Dry,Cloudy,Twelve o'clock,Passenger Car,Destroyed,N,Moving Constant Speed,2015-03-21 2:55,54,38.82554364,-76.92457974,3,2,우회전 차선 사고,기타
6818,N,Apparently Normal,No Misuse,N,Possible Incapacitating Injury,98a29533-00d8-4867-86f5-b99995d5edb9,D,DA3617000C,Shoulder/Lap Belt(s),M,2a3aa6a8-7232-48ce-a239-02fee528ec2b,Same Direction Rear End,Y,Intersection Related,Right Turn Lane,Dark No Lights,"Holes, Ruts, Etc.","Two-way, Divided, Positive Median Barrier",Dry,Cloudy,Six o'clock,(Sport) Utility Vehicle,Functional,N,Stopped in Traffic Lane,2015-03-21 2:55,37,38.82554364,-76.92457974,3,3,우회전 차선 사고,동일 방향 운행 중 추돌 사고
6819,N,Apparently Normal,No Misuse,Y,No Injury,c25edcd5-a4f4-4dc5-a688-459cc74131f0,D,DA3617000D,Shoulder/Lap Belt(s),M,b5499298-70fa-4703-ba00-e06c0cc45074,Same Direction Rear End,N,Intersection Related,Left Turn Lane,Dark No Lights,No Defects,"Two-way, Divided, Positive Median Barrier",Dry,Cloudy,Twelve o'clock,(Sport) Utility Vehicle,Disabling,N,Moving Constant Speed,2015-03-22 5:14,68,38.82570036,-76.92510009,1,0,좌회전 차선 사고,등속 주행 중 측면 추돌 사고
6820,N,Apparently Normal,No Misuse,N,Possible Incapacitating Injury,ac411532-61c7-4ce4-b779-51ec7407b5bf,D,DA3617000D,Shoulder/Lap Belt(s),M,924fe7b9-ed92-4e52-a5ee-183033b4bf4d,Same Direction Rear End,N,Intersection Related,Left Turn Lane,Dark No Lights,No Defects,"Two-way, Divided, Positive Median Barrier",Dry,Cloudy,Six o'clock,Passenger Car,Destroyed,N,Slowing or Stopping,2015-03-22 5:14,60,38.82570036,-76.92510009,1,3,좌회전 차선 사고,감속 중 사고
6821,Y,Apparently Normal,No Misuse,N,No Injury,39af4fe9-f898-4e7f-8e6d-8bca92523667,D,DA3621000B,Shoulder/Lap Belt(s),M,ff3cc0bf-b53b-4bcb-bbd4-7bba33eddcfa,Single Vehicle ,N,Intersection,Right Turn Lane,Dark Lights On,No Defects,"Two-way, Not Divided",Dry,Clear,Twelve o'clock,Transit Bus,Superficial,N,Moving Constant Speed,2015-02-23 18:43,35,38.84869888,-76.76725745,3,2,우회전 차선 사고,기타
6822,N,Apparently Normal,No Misuse,Y,No Injury,bcb0657c-b64e-4e03-9c98-8c9143e8e161,D,DA3621000C,Shoulder/Lap Belt(s),M,d027def8-792e-4232-8462-95ae20216886,Head On Left Turn,N,Intersection,Right Turn Lane,Dawn,No Defects,"Two-way, Not Divided",Wet,Clear,Twelve o'clock,Passenger Car,Disabling,N,Making Left Turn,2015-03-08 18:36,20,38.88755885,-76.75835252,3,1,우회전 차선 사고,등속 주행 중 측면 추돌 사고
6823,N,Apparently Normal,No Misuse,N,Non-incapacitating Injury,3b12a925-402a-4591-8abf-2c9751d64c81,D,DA3621000C,Shoulder/Lap Belt(s),M,d1908eac-5363-4f07-a923-1cf833b80f4b,Head On Left Turn,N,Intersection,Right Turn Lane,Dawn,No Defects,"Two-way, Not Divided",Wet,Clear,Twelve o'clock,Passenger Car,Disabling,N,Moving Constant Speed,2015-03-08 18:36,50,38.88755885,-76.75835252,3,2,우회전 차선 사고,기타
6824,N,Apparently Normal,No Misuse,N,No Injury,09078e7b-da8d-48bb-b4e6-9634feab0160,D,DA3624000B,Shoulder/Lap Belt(s),M,c02bc68c-9605-4a00-887f-aac7514e15ad,Same Direction Rear End,N,Intersection,Right Turn Lane,Dark Lights On,No Defects,"Two-way, Not Divided",Dry,Clear,Six o'clock,Passenger Car,Functional,N,Slowing or Stopping,2015-02-24 18:59,68,38.9610773,-76.90764427,3,3,우회전 차선 사고,동일 방향 운행 중 추돌 사고
6825,N,Apparently Normal,No Misuse,Y,No Injury,44b4eeaa-c953-4928-87cb-d558ac7aef59,D,DA3624000B,Shoulder/Lap Belt(s),M,d61811ae-5ec3-4f45-8d47-23cfed7621ef,Same Direction Rear End,N,Intersection,Right Turn Lane,Dark Lights On,No Defects,"Two-way, Not Divided",Dry,Clear,Twelve o'clock,Passenger Car,Functional,N,Moving Constant Speed,2015-02-24 18:59,24,38.9610773,-76.90764427,3,2,우회전 차선 사고,기타
6826,N,Apparently Normal,No Misuse,N,No Injury,5fda4492-e892-43fc-8677-b9ef858124ba,D,DA3624000D,Shoulder/Lap Belt(s),M,38931a55-20a6-4d2d-a2ac-d45e5f8a7fa9,Opposite Direction Sideswipe,N,Intersection Related,Right Turn Lane,Dark Lights On,"Holes, Ruts, Etc.","Two-way, Not Divided",Dry,Cloudy,Eight o'clock,Passenger Car,Disabling,N,Moving Constant Speed,2015-03-27 20:20,85,38.94759461,-76.92749262,3,2,우회전 차선 사고,기타
6827,N,Apparently Normal,No Misuse,Y,No Injury,bd9835b1-cd81-4e21-ad92-95e286c2227e,D,DA3624000D,Shoulder/Lap Belt(s),M,d1f9a71b-695a-4c6b-8344-26b5e7d595a0,Opposite Direction Sideswipe,N,Intersection Related,Right Turn Lane,Dark Lights On,"Holes, Ruts, Etc.","Two-way, Not Divided",Dry,Cloudy,Twelve o'clock,Passenger Car,Disabling,Y,Moving Constant Speed,2015-03-27 20:20,31,38.94759461,-76.92749262,3,2,우회전 차선 사고,기타
6828,N,Apparently Normal,No Misuse,N,No Injury,4f30cabd-f509-461d-95e7-ed33fbf97ebc,D,DA3625000D,Shoulder/Lap Belt(s),M,00bf591a-b1e9-454b-bb7c-a7b90a4950df,Same Direction Rear End,N,Non Intersection,Left Turn Lane,Dark No Lights,Loose Surface Material,"Two-way, Divided, Positive Median Barrier",Dry,Clear,Twelve o'clock,Passenger Car,Disabling,N,Moving Constant Speed,2015-02-19 4:08,26,38.92492857,-76.92845821,1,0,좌회전 차선 사고,등속 주행 중 측면 추돌 사고
6829,N,Apparently Normal,No Misuse,Y,No Injury,f9d243c0-96b1-4218-9116-73695fa22a2b,D,DA36270006,Shoulder/Lap Belt(s),M,cd6a1d01-c702-4571-a5b2-6e60e8f23a3c,Same Movement Angle,N,Intersection,Right Turn Lane,Dark No Lights,No Defects,"Two-way, Divided, Unprotected (painted >4 feet) Median",Ice,Raining,Twelve o'clock,Pickup Truck,No Damage,N,Slowing or Stopping,2015-03-03 18:34,47,38.77384391,-76.79145232,4,1,빗길사고,자차 사고
6830,N,Apparently Normal,No Misuse,Y,No Injury,d69f8c12-18c6-4256-87fb-2183447c5103,D,DA36350007,Shoulder/Lap Belt(s),M,02e3e8f5-775c-4d94-8dbe-c0a50e59c7a3,Single Vehicle ,N,Non Intersection,Right Turn Lane,Dark Lights On,No Defects,"Two-way, Not Divided",Dry,Clear,Twelve o'clock,Police Vehicle/Non Emergency,Superficial,N,Moving Constant Speed,2015-02-06 0:40,53,38.86716252,-76.81022644,2,2,기타,기타
6831,N,Apparently Normal,No Misuse,Y,No Injury,b4a43e10-b118-4074-af21-65cd3bad627f,D,DA3636000F,Shoulder/Lap Belt(s),M,0514c7d8-5210-4352-809e-0ca25fd2a5de,Single Vehicle ,N,Non Intersection,Right Turn Lane,Dark No Lights,No Defects,"Two-way, Divided, Unprotected (painted >4 feet) Median",Snow,Snow,Twelve o'clock,Pickup Truck,Disabling,N,Moving Constant Speed,2015-01-06 5:38,31,38.74497965,-76.7606163,0,0,눈길사고,감속 중 사고
6832,N,Apparently Normal,No Misuse,Y,No Injury,fa8e463e-de96-4f99-976d-4643f48e2a42,D,DA36480007,Shoulder/Lap Belt(s),M,eb77e973-f52c-4e58-b87b-97e1d3542cbc,Single Vehicle ,N,Non Intersection,Right Turn Lane,Dark Lights On,"Holes, Ruts, Etc.","Two-way, Not Divided",Dry,Clear,Four o'clock,Fire Vehicle/Emergency,Superficial,N,Moving Constant Speed,2015-02-03 18:15,31,38.95537083,-76.94028676,2,2,기타,기타
6833,Y,Apparently Normal,No Misuse,Y,No Injury,42787604-56a5-4931-b9a0-63b46d86c0bd,D,DA36490006,Shoulder/Lap Belt(s),M,6852323b-c7c0-4ca9-9e1d-7ea1d3698d37,Single Vehicle ,N,Non Intersection,Right Turn Lane,Dark Lights On,No Defects,"Two-way, Divided, Unprotected (painted >4 feet) Median",Dry,Clear,Twelve o'clock,(Sport) Utility Vehicle,Disabling,N,Accelerating,2015-03-22 19:49,76,38.87312667,-76.80519462,2,0,기타,자차 사고
6834,N,Apparently Normal,No Misuse,Y,No Injury,12702b07-8805-4984-9b54-2a217d10416a,D,DA36490007,Shoulder/Lap Belt(s),M,fb374fe7-116e-4942-b584-491bb9fae31b,Single Vehicle ,N,Non Intersection,Right Turn Lane,Dark Lights On,No Defects,"Two-way, Not Divided",Dry,Clear,Twelve o'clock,(Sport) Utility Vehicle,Functional,N,Moving Constant Speed,2015-03-23 20:54,42,38.84570749,-76.78518534,2,2,기타,기타
6835,Y,Apparently Normal,No Misuse,N,No Injury,41872b39-8136-4f55-bf5f-de804579dd8d,D,DA36500008,Shoulder/Lap Belt(s),M,9b1a097f-0a83-422d-b05c-ba5b010d2b8d,Same Direction Right Turn,N,Non Intersection,Left Turn Lane,Daylight,No Defects,"Two-way, Divided, Positive Median Barrier",Dry,Cloudy,Eleven o'clock,"Medium/Heavy Truck 2 axles (10,000 lbs (4,536 kg) or less)",Superficial,N,Moving Constant Speed,2015-01-29 16:34,33,38.91881851,-76.93075418,1,0,좌회전 차선 사고,등속 주행 중 측면 추돌 사고
6836,N,Apparently Normal,No Misuse,N,No Injury,c48e7ca8-c898-4e07-84f8-b5ee2e404a29,D,DA36650007,Shoulder/Lap Belt(s),M,bda10941-af75-4de7-8a96-01b6449c51e9,Same Direction Rear End,N,Intersection Related,Right Turn Lane,Dawn,No Defects,"Two-way, Divided, Unprotected (painted >4 feet) Median",Snow,Blowing Snow,Six o'clock,"Cargo Van/Light Truck 2 axles (10,000 lbs (4,536 kg) or less)",Superficial,N,Slowing or Stopping,2015-01-09 6:45,25,38.90726473,-76.90277338,0,1,눈길사고,등속 주행 사고
6837,N,Apparently Normal,No Misuse,Y,No Injury,f22353c7-2d7a-4184-a379-31895263d5d0,D,DA36650007,Shoulder/Lap Belt(s),M,c09e4081-8437-4d32-b398-2f4f04c627f0,Same Direction Rear End,N,Intersection Related,Right Turn Lane,Dawn,No Defects,"Two-way, Divided, Unprotected (painted >4 feet) Median",Snow,Blowing Snow,Twelve o'clock,Passenger Car,Disabling,N,Moving Constant Speed,2015-01-09 6:45,38,38.90726473,-76.90277338,0,3,눈길사고,자차 사고
6838,N,Apparently Normal,No Misuse,Y,No Injury,91883a8c-28ae-4deb-b8b5-f42769180552,D,DA36800009,Shoulder/Lap Belt(s),M,76eec520-521f-45e3-8301-b6335bcd5245,Same Direction Rear End,N,Intersection,Left Turn Lane,Daylight,No Defects,"Two-way, Divided, Positive Median Barrier",Wet,Cloudy,Twelve o'clock,Passenger Car,Functional,N,Slowing or Stopping,2015-02-10 13:30,30,38.96524007,-76.79302812,4,3,빗길사고,기타
6839,N,Apparently Normal,No Misuse,N,Possible Incapacitating Injury,8c554c35-9ece-483c-9a79-d22b991093ec,D,DA36800009,Shoulder/Lap Belt(s),M,421fbb9c-04d0-4e3b-a1c5-d80a74112375,Same Direction Rear End,N,Intersection,Left Turn Lane,Daylight,No Defects,"Two-way, Divided, Positive Median Barrier",Wet,Cloudy,Six o'clock,Passenger Car,Disabling,N,Slowing or Stopping,2015-02-10 13:30,20,38.96524007,-76.79302812,4,3,빗길사고,기타
6840,N,Apparently Normal,No Misuse,N,No Injury,a0f93d2a-726b-4d49-9b47-6c5d573a07b6,D,DA3689000H,Shoulder/Lap Belt(s),M,66907d53-2f3b-4b78-b45b-be0fcdc479b4,Same Direction Sideswipe,N,Non Intersection,Right Turn Lane,Daylight,No Defects,"Two-way, Divided, Positive Median Barrier",Wet,Severe Winds,Seven o'clock,(Sport) Utility Vehicle,Superficial,N,Parking  ,2015-02-15 12:52,34,38.99289663,-76.98599696,4,0,빗길사고,등속 주행 중 사고
6841,N,Apparently Normal,No Misuse,N,No Injury,f3862ae1-d2d4-47f5-92ea-f4251b02166d,D,DA3689000M,Shoulder/Lap Belt(s),M,7468a703-5d6c-4212-9f41-9bf50c3566cb,Same Direction Rear End,N,Intersection Related,Right Turn Lane,Daylight,No Defects,"Two-way, Divided, Positive Median Barrier",Slush,Clear,Six o'clock,Passenger Car,Functional,N,Slowing or Stopping,2015-03-06 10:38,21,38.98484931,-76.96433544,3,3,우회전 차선 사고,동일 방향 운행 중 추돌 사고
6842,N,Apparently Normal,No Misuse,Y,No Injury,cdbf3d21-0b65-4b25-a4c5-70d3b1f71657,D,DA3689000M,Shoulder/Lap Belt(s),M,8b2cebf6-2b8a-42db-8043-10cb09cc6000,Same Direction Rear End,N,Intersection Related,Right Turn Lane,Daylight,No Defects,"Two-way, Divided, Positive Median Barrier",Slush,Clear,Twelve o'clock,Pickup Truck,Functional,N,Moving Constant Speed,2015-03-06 10:38,42,38.98484931,-76.96433544,3,2,우회전 차선 사고,기타
6843,N,Apparently Normal,No Misuse,N,No Injury,58e7d024-2882-426e-9a23-ba2c26556fe2,D,DA36980007,Shoulder/Lap Belt(s),M,eca21aea-9ab7-4308-88df-d0a36895d58d,Same Direction Rear End,N,Non Intersection,Right Turn Lane,Daylight,No Defects,"Two-way, Divided, Unprotected (painted >4 feet) Median",Dry,Clear,Six o'clock,Passenger Car,Functional,N,Slowing or Stopping,2015-03-29 9:20,25,39.00597051,-76.9672966,2,1,기타,등속 주행 사고
6844,N,Apparently Normal,No Misuse,N,Possible Incapacitating Injury,0db59a0d-32a1-450f-863b-938e2d228c1b,D,DA36980007,Shoulder/Lap Belt(s),M,f03c3450-b8c7-4a44-a00d-f10c78429859,Same Direction Rear End,N,Non Intersection,Right Turn Lane,Daylight,No Defects,"Two-way, Divided, Unprotected (painted >4 feet) Median",Dry,Clear,Six o'clock,Passenger Car,Functional,N,Slowing or Stopping,2015-03-29 9:20,46,39.00597051,-76.9672966,2,1,기타,등속 주행 사고
6845,N,Apparently Normal,No Misuse,N,No Injury,67c42b88-60ad-4ff2-8c32-b0755a49bf03,D,DA37000007,Shoulder/Lap Belt(s),M,8a095458-5f5d-4db1-bf4c-5ee5f3b49d46,Same Direction Both Left Turn,N,Non Intersection,Right Turn Lane,Dark Lights On,No Defects,"Two-way, Not Divided",Dry,Clear,One o'clock,Van,Superficial,N,Moving Constant Speed,2015-02-07 18:35,57,38.96287925,-76.9064641,2,2,기타,기타
6846,N,Apparently Normal,No Misuse,N,No Injury,92e718a8-8324-4c6c-9bf7-d06dc467f874,D,DA37000009,Shoulder/Lap Belt(s),M,1d8c48c8-712d-4e55-9920-ddf3fee74634,Same Movement Angle,N,Intersection,Right Turn Lane,Daylight,No Defects,"Two-way, Divided, Unprotected (painted >4 feet) Median",Snow,Snow,Eight o'clock,(Sport) Utility Vehicle,Disabling,N,Moving Constant Speed,2015-02-17 11:01,65,38.97517882,-76.88245833,0,0,눈길사고,감속 중 사고
6847,Y,Apparently Normal,No Misuse,Y,No Injury,9577c41d-7f0e-485c-ac32-cfb1890bb5b3,D,DA3700000C,Shoulder/Lap Belt(s),M,ee6678ba-a7e7-4e66-a222-715e353534cc,Same Direction Sideswipe,N,Non Intersection,Right Turn Lane,Dark Lights On,No Defects,"Two-way, Not Divided",Dry,Clear,Five o'clock,Fire Vehicle/Emergency,Superficial,N,Slowing or Stopping,2015-02-23 22:22,50,38.96222021,-76.93244934,2,1,기타,등속 주행 사고
6848,N,Apparently Normal,No Misuse,N,No Injury,deafaebd-051c-42cb-b74b-4264ac75e22c,D,DA37010006,Shoulder/Lap Belt(s),M,5a5d36a0-4873-4417-8c7d-e68fdb5279a0,Same Movement Angle,N,Intersection,Right Turn Lane,Dark Lights On,No Defects,"Two-way, Not Divided",Dry,Clear,Eight o'clock,Passenger Car,Disabling,N,Moving Constant Speed,2015-03-24 0:08,40,38.90511071,-76.91577673,3,0,우회전 차선 사고,기타
6849,N,Apparently Normal,No Misuse,N,No Injury,7b6491ff-6dc8-4f3d-b7ce-0ba6e270d947,D,DA37060005,Shoulder/Lap Belt(s),M,f1012cf1-2c81-42bc-be7d-ce440ba05875,Head On,N,Intersection,Right Turn Lane,Daylight,No Defects,"Two-way, Not Divided",Wet,Wintry Mix,Eight o'clock,Passenger Car,Functional,N,Slowing or Stopping,2015-01-26 15:00,31,38.94887541,-76.92637682,4,0,빗길사고,등속 주행 중 사고
6850,N,Apparently Normal,No Misuse,Y,No Injury,0320675d-1c8c-4cf5-a4cd-758cc970e988,D,DA37130004,Shoulder/Lap Belt(s),M,e3be8604-9256-4c21-9962-e45d3136f620,Single Vehicle ,N,Non Intersection,Right Turn Lane,Dark Lights On,No Defects,"Two-way, Not Divided",Ice,Clear,Twelve o'clock,Passenger Car,Destroyed,N,Accelerating,2015-01-19 5:25,22,39.00979717,-76.74862146,2,0,기타,자차 사고
6851,N,Apparently Normal,No Misuse,N,No Injury,3c689dbf-8972-4c75-b318-0e6524c97448,D,DA37160003,Shoulder/Lap Belt(s),M,d8bbeaca-7c97-4717-b4e0-7fd97f4aff5c,Same Direction Left Turn,N,Non Intersection,Right Turn Lane,Dark Lights On,No Defects,"Two-way, Not Divided",Dry,Clear,Eleven o'clock,Fire Vehicle/Emergency,Superficial,N,Starting From Parked,2015-02-10 17:35,29,38.8371039,-76.956701,2,0,기타,자차 사고
6852,N,Apparently Normal,No Misuse,Y,No Injury,6df7a482-4c11-480a-8033-3af6d328bb43,D,DA37160003,Shoulder/Lap Belt(s),M,1ffe18c1-7218-466e-ae2f-7019f9e27385,Same Direction Left Turn,N,Non Intersection,Right Turn Lane,Dark Lights On,No Defects,"Two-way, Not Divided",Dry,Clear,Five o'clock,Passenger Car,Superficial,N,Moving Constant Speed,2015-02-10 17:35,23,38.8371039,-76.956701,2,2,기타,기타
6853,N,Apparently Normal,No Misuse,Y,No Injury,c2eb7ace-2901-4ca3-8e58-70871078db6a,D,DA37170005,Shoulder/Lap Belt(s),M,f84ce6b2-f30f-45d3-8f9e-f2ace4f628c2,Single Vehicle ,N,Non Intersection,Left Turn Lane,Dark Lights On,No Defects,"Two-way, Divided, Positive Median Barrier",Dry,Clear,Twelve o'clock,Passenger Car,No Damage,N,Moving Constant Speed,2015-01-28 22:39,32,38.83285477,-76.94098949,1,0,좌회전 차선 사고,등속 주행 중 측면 추돌 사고
6854,N,Apparently Normal,No Misuse,N,No Injury,f695f728-4bda-4c05-b24e-faa940ce0fc4,D,DA37170006,Shoulder/Lap Belt(s),M,5273c729-6473-4e25-9406-74e925127fc5,Head On,N,Non Intersection,Right Turn Lane,Dark Lights On,No Defects,"Two-way, Not Divided",Dry,Clear,Twelve o'clock,(Sport) Utility Vehicle,Disabling,N,Moving Constant Speed,2015-01-12 22:55,42,38.80256062,-76.92469239,2,2,기타,기타
6855,N,Apparently Normal,No Misuse,Y,No Injury,9fff6897-7e6e-486e-bee2-10b583e52ad3,D,DA37170006,Shoulder/Lap Belt(s),M,9738657d-7647-4ad7-8482-4b618cdc63fb,Head On,N,Non Intersection,Right Turn Lane,Dark Lights On,No Defects,"Two-way, Not Divided",Dry,Clear,Twelve o'clock,Pickup Truck,Disabling,N,Moving Constant Speed,2015-01-12 22:55,59,38.80256062,-76.92469239,2,2,기타,기타
6856,N,Apparently Normal,No Misuse,N,No Injury,fdbb2d0a-de98-45d6-8321-f9f23b6f5f84,D,DA37200004,Shoulder/Lap Belt(s),M,7f52a22c-33d1-45c5-b492-161b264fa05f,Same Direction Rear End Right Turn,N,Intersection Related,Right Turn Lane,Dark Lights On,No Defects,"Two-way, Divided, Positive Median Barrier",Dry,Clear,Seven o'clock,Passenger Car,Disabling,N,Moving Constant Speed,2015-01-19 23:00,25,39.07588476,-76.92357659,3,2,우회전 차선 사고,기타