KEY_INDEX,CDL_FLAG,CONDITION_CODE,EQUIP_PROB_CODE,FAULT_FLAG,INJ_SEVER_CODE,PERSON_ID,PERSON_TYPE,REPORT_NO,SAF_EQUIP_CODE,SEX_CODE,VEHICLE_ID,COLLISION_TYPE_CODE,C_M_ZONE_FLAG,JUNCTION_CODE,LANE_CODE,LIGHT_CODE,RD_COND_CODE,RD_DIV_CODE,SURF_COND_CODE,WEATHER_CODE,AREA_DAMAGED_CODE_MAIN,BODY_TYPE_CODE,DAMAGE_CODE,HIT_AND_RUN_FLAG,MOVEMENT_CODE,TIME,AGE,LATITUDE,LONGITUDE,CLUSTER,SECOND_LABEL,FIRST_LABEL,SECOND_LABELING
6857,N,Apparently Normal,No Misuse,Y,No Injury,98e4023a-f310-4c07-b36a-8dcdd3aff128,D,DA37260005,Shoulder/Lap Belt(s),M,a9c18bee-9015-4508-b63f-d29d4c512734,Single Vehicle ,N,Non Intersection,Left Turn Lane,Daylight,No Defects,"Two-way, Divided, Unprotected (painted >4 feet) Median",Dry,Clear,One o'clock,Transit Bus,Superficial,N,Moving Constant Speed,2015-01-05 13:32,35,38.957198,-76.94012,1,0,좌회전 차선 사고,등속 주행 중 측면 추돌 사고
6858,Y,Apparently Normal,No Misuse,N,No Injury,1b027a32-3482-481c-94f0-ff5c92a43377,D,DA37320004,Lap Belt Only,M,44f85357-3a66-447e-bfea-60684dc86a88,Same Movement Angle,N,Intersection,Right Turn Lane,Dark - Unknown Lighting,No Defects,"Two-way, Not Divided",Slush,Clear,Four o'clock,Other Bus,Superficial,N,Moving Constant Speed,2015-01-28 6:00,65,38.84899133,-76.90300941,3,0,우회전 차선 사고,기타
6859,N,Apparently Normal,No Misuse,Y,No Injury,e63b7acd-d8a6-404b-af4c-1eb5f4115c69,D,DA37320004,Shoulder/Lap Belt(s),M,2bdf9a3b-5ac8-4340-8539-24dae6700231,Same Movement Angle,N,Intersection,Right Turn Lane,Dark - Unknown Lighting,No Defects,"Two-way, Not Divided",Slush,Clear,Twelve o'clock,Passenger Car,Disabling,N,Moving Constant Speed,2015-01-28 6:00,35,38.84899133,-76.90300941,3,0,우회전 차선 사고,기타
6860,N,Apparently Normal,No Misuse,Y,No Injury,211bdf77-bcfb-476d-a510-9603a69f74cf,D,DA37340002,Shoulder/Lap Belt(s),M,88622adf-3146-4a58-b37f-3be6223b4fe8,Single Vehicle ,N,Interchange Related,Shoulder Area,Dark Lights On,No Defects,One-way Trafficway,Dry,Cloudy,One o'clock,Passenger Car,Disabling,N,Moving Constant Speed,2015-01-03 6:31,26,38.99521475,-76.90031648,1,0,좌회전 차선 사고,등속 주행 중 측면 추돌 사고
6861,N,Apparently Normal,No Misuse,N,No Injury,f5899a9c-9dfd-4e76-a9f2-4231bb31fd2c,D,DA37470008,Shoulder/Lap Belt(s),M,0c07e24b-f352-4a7d-a019-fb2aa7ff52d9,Opposite Direction Sideswipe,N,Intersection Related,Right Turn Lane,Daylight,No Defects,"Two-way, Not Divided",Dry,Clear,Twelve o'clock,(Sport) Utility Vehicle,Disabling,N,Moving Constant Speed,2015-01-17 16:20,35,39.00092635,-76.94108605,3,2,우회전 차선 사고,기타
6862,N,Apparently Normal,No Misuse,Y,No Injury,dbb43ce3-c2a1-4f49-8853-ef5fe539aece,D,DA37470008,Shoulder/Lap Belt(s),M,e74b05e5-3a4c-43c3-bc83-4adae1311bbd,Opposite Direction Sideswipe,N,Intersection Related,Right Turn Lane,Daylight,No Defects,"Two-way, Not Divided",Dry,Clear,One o'clock,Passenger Car,Disabling,N,Accelerating,2015-01-17 16:20,22,39.00092635,-76.94108605,3,1,우회전 차선 사고,등속 주행 중 측면 추돌 사고
6863,N,Apparently Normal,No Misuse,N,No Injury,a22e994b-bf13-4b1c-bb2f-b261a1024d12,D,DA3747000B,Shoulder/Lap Belt(s),M,7f889693-365b-4eba-9056-1ea48728f44a,Same Movement Angle,N,Intersection Related,Left Turn Lane,Dark Lights On,No Defects,"Two-way, Not Divided",Dry,Clear,Twelve o'clock,Passenger Car,Disabling,N,Making Right Turn,2015-02-27 3:00,19,38.97672602,-76.92332983,1,1,좌회전 차선 사고,등속 주행 사고
6864,N,Apparently Normal,No Misuse,Y,No Injury,9c7179f1-a266-44e7-a9cb-ea76a127934d,D,DA3747000D,Lap Belt Only,M,7c1c9870-84bc-49ce-a7d4-d3128327e08c,Same Direction Sideswipe,N,Non Intersection,Right Turn Lane,Daylight,No Defects,"Two-way, Not Divided",Dry,Cloudy,Four o'clock,Fire Vehicle/Emergency,Functional,N,Slowing or Stopping,2015-03-24 15:04,40,38.95713955,-76.87916994,2,1,기타,등속 주행 사고
6865,N,Apparently Normal,No Misuse,N,No Injury,c68bc471-189e-49a6-bd05-900a0af8a716,D,DA37560009,Shoulder/Lap Belt(s),M,1e09de53-80b8-4487-9553-1f959718ce44,Head On,N,Non Intersection,Left Turn Lane,Daylight,No Defects,"Two-way, Divided, Unprotected (painted >4 feet) Median",Dry,Cloudy,Twelve o'clock,Passenger Car,Disabling,N,Slowing or Stopping,2015-03-21 9:10,51,38.99141232,-76.83610439,1,3,좌회전 차선 사고,감속 중 사고
6866,Y,Apparently Normal,No Misuse,Y,Non-incapacitating Injury,a649725a-6115-42fd-85d8-77cbe032a520,D,DA37560009,Shoulder/Lap Belt(s),M,226c8197-86d9-4ff0-8d06-85750d5efd34,Head On,N,Non Intersection,Left Turn Lane,Daylight,No Defects,"Two-way, Divided, Unprotected (painted >4 feet) Median",Dry,Cloudy,Twelve o'clock,Passenger Car,Disabling,N,Moving Constant Speed,2015-03-21 9:10,41,38.99141232,-76.83610439,1,0,좌회전 차선 사고,등속 주행 중 측면 추돌 사고
6867,N,Apparently Normal,No Misuse,Y,No Injury,26faccb3-bfc7-451c-8295-d616fc5c45ac,D,DA3759000B,Shoulder/Lap Belt(s),M,e0e9a1c8-380c-4bc8-aaf7-bf3b857b56c0,Single Vehicle ,N,Intersection,Right Turn Lane,Daylight,No Defects,"Two-way, Not Divided",Dry,Clear,Twelve o'clock,Passenger Car,Disabling,N,Moving Constant Speed,2015-03-09 15:48,38,38.97,-76.85,3,2,우회전 차선 사고,기타
6868,N,Apparently Normal,No Misuse,Y,No Injury,8b71989d-1b36-4298-8ca5-bf38d93616d1,D,DA37700008,Shoulder/Lap Belt(s),M,060a44cb-59d2-4330-b8c9-d8b47d7e62dd,Same Direction Rear End,N,Non Intersection,Acceleration Lane,Daylight,No Defects,"Two-way, Divided, Positive Median Barrier",Dry,Clear,One o'clock,Pickup Truck,Superficial,N,Moving Constant Speed,2015-01-10 13:50,36,38.88811002,-76.88022137,1,0,좌회전 차선 사고,등속 주행 중 측면 추돌 사고
6869,N,Apparently Normal,No Misuse,N,Possible Incapacitating Injury,1597a276-71ef-4f59-9277-070af97be2aa,D,DA37700008,Shoulder/Lap Belt(s),M,841e34e0-ca1f-42d4-a586-e71e48db9626,Same Direction Rear End,N,Non Intersection,Acceleration Lane,Daylight,No Defects,"Two-way, Divided, Positive Median Barrier",Dry,Clear,Six o'clock,Passenger Car,Superficial,N,Slowing or Stopping,2015-01-10 13:50,85,38.88811002,-76.88022137,1,3,좌회전 차선 사고,감속 중 사고
6870,N,Apparently Normal,No Misuse,Y,No Injury,c2a8e681-6cd7-41b6-824b-7eed12e54f3b,D,DA37720003,Shoulder/Lap Belt(s),M,cad1cbbb-383d-496d-9080-b2ae156c437c,Single Vehicle ,N,Non Intersection,Right Turn Lane,Dark Lights On,No Defects,"Two-way, Divided, Positive Median Barrier",Dry,Clear,Eleven o'clock,Passenger Car,Disabling,N,Moving Constant Speed,2015-01-01 5:00,21,38.82000808,-76.88827872,2,2,기타,기타
6871,N,Apparently Normal,No Misuse,N,No Injury,35b0f20a-f936-4c38-84ae-a540aed1fc45,D,DA37760009,Shoulder/Lap Belt(s),M,09b8d5a4-f643-44b9-9489-a137153c83a0,Same Direction Rear End Left Turn,N,Intersection Related,Right Turn Lane,Dark Lights On,No Defects,"Two-way, Not Divided",Wet,Raining,Six o'clock,Van,Superficial,N,Making Left Turn,2015-01-21 18:20,61,38.98623368,-76.82123423,4,0,빗길사고,등속 주행 중 사고
6872,N,Apparently Normal,No Misuse,N,No Injury,5e69b515-e581-457d-b21a-44ff4c6396c9,D,DA37800007,Shoulder/Lap Belt(s),M,2b5778ae-fe38-4221-9d31-e6c3ef64b6ee,Head On Left Turn,N,Intersection,Right Turn Lane,Daylight,No Defects,"Two-way, Divided, Unprotected (painted >4 feet) Median",Snow,Clear,Eleven o'clock,Passenger Car,Disabling,N,Stopped in Traffic Lane,2015-03-02 9:01,40,39.03324447,-76.84124351,3,1,우회전 차선 사고,등속 주행 중 측면 추돌 사고
6873,N,Apparently Normal,No Misuse,N,No Injury,89270485-15be-4aaa-93a9-d588296c6dc0,D,DA3782000B,Shoulder/Lap Belt(s),M,8050f141-4373-4373-8421-7154e0f2bf01,Same Direction Rear End,N,Intersection Related,Acceleration Lane,Dark Lights On,No Defects,"Two-way, Divided, Positive Median Barrier",Dry,Clear,Six o'clock,(Sport) Utility Vehicle,Superficial,N,Stopped in Traffic Lane,2015-03-16 22:24,31,39.05138515,-76.92461729,1,2,좌회전 차선 사고,기타
6874,N,Apparently Normal,No Misuse,Y,No Injury,904dae78-1bc0-403d-a7e9-cdecf8bab940,D,DA3782000B,Shoulder/Lap Belt(s),M,3574fb2b-6059-4629-956d-4733db763fda,Same Direction Rear End,N,Intersection Related,Acceleration Lane,Dark Lights On,No Defects,"Two-way, Divided, Positive Median Barrier",Dry,Clear,Twelve o'clock,(Sport) Utility Vehicle,Superficial,N,Slowing or Stopping,2015-03-16 22:24,54,39.05138515,-76.92461729,1,3,좌회전 차선 사고,감속 중 사고
6875,N,Apparently Normal,No Misuse,N,No Injury,ce5bb733-6869-4159-9586-1392b2be9623,D,DA37830003,Shoulder/Lap Belt(s),M,705a4477-1b12-4151-b2e3-a7d922d6891a,Same Direction Rear End,N,Non Intersection,Acceleration Lane,Dark Lights On,No Defects,"Two-way, Divided, Positive Median Barrier",Wet,Raining,Six o'clock,Pickup Truck,Superficial,N,Stopped in Traffic Lane,2015-03-04 18:38,75,38.91619737,-76.8329072,4,3,빗길사고,기타
6876,Y,Apparently Normal,No Misuse,Y,No Injury,39a306f5-1853-46dc-947b-3745975ebc1c,D,DA37920002,Lap Belt Only,M,a46a5d14-699c-41f7-9cf2-ad5012262cbc,Single Vehicle ,N,Intersection,Right Turn Lane,Daylight,No Defects,"Two-way, Divided, Positive Median Barrier",Wet,Raining,Underside,Ambulance/Emergency,Disabling,N,Moving Constant Speed,2015-03-03 14:59,22,38.89611822,-76.90686107,4,2,빗길사고,동일 방향 운행 중 추돌 사고
6877,Y,Apparently Normal,No Misuse,N,No Injury,ac801491-4f8a-460f-b632-d92a91c2fd4a,D,DA3804000G,Shoulder/Lap Belt(s),M,b1de7d9d-e6a7-4a28-9ceb-990c7287d45a,Same Direction Rear End,N,Non Intersection,Right Turn Lane,Daylight,No Defects,"Two-way, Not Divided",Dry,Clear,Six o'clock,Passenger Car,Superficial,N,Slowing or Stopping,2015-02-26 10:18,36,39.03409661,-76.94387019,2,1,기타,등속 주행 사고
6878,N,Apparently Normal,No Misuse,N,No Injury,98cf4e18-f284-44ba-aa77-70e7365454f9,D,DA38080005,Shoulder/Lap Belt(s),M,d3d451b4-537c-4f6c-bbe7-946abec76e42,Same Movement Angle,N,Intersection,Deceleration Lane,Dark Lights On,No Defects,"Two-way, Divided, Positive Median Barrier",Dry,Clear,Twelve o'clock,Passenger Car,Superficial,N,Moving Constant Speed,2015-02-13 18:11,49,38.97409034,-76.99548125,1,0,좌회전 차선 사고,등속 주행 중 측면 추돌 사고
6879,N,Apparently Normal,No Misuse,Y,No Injury,c7bd9a04-ac93-4c15-8f0c-3dcafccc6831,D,DA38200009,Shoulder/Lap Belt(s),M,1c8b1505-a482-434a-bf3a-eac2de8ef8dd,Same Movement Angle,N,Intersection,Left Turn Lane,Dark Lights On,No Defects,"Two-way, Divided, Positive Median Barrier",Dry,Clear,Eleven o'clock,Passenger Car,Destroyed,N,Moving Constant Speed,2015-03-16 20:36,62,38.98816008,-76.81819797,1,0,좌회전 차선 사고,등속 주행 중 측면 추돌 사고
6880,N,Apparently Normal,No Misuse,N,Non-incapacitating Injury,fa1169b7-2108-4337-8fe0-0953cd62855c,D,DA38200009,Shoulder/Lap Belt(s),M,6a58b34f-68a4-4649-b4f0-c83203d47625,Same Movement Angle,N,Intersection,Left Turn Lane,Dark Lights On,No Defects,"Two-way, Divided, Positive Median Barrier",Dry,Clear,Twelve o'clock,Passenger Car,Disabling,N,Accelerating,2015-03-16 20:36,34,38.98816008,-76.81819797,1,1,좌회전 차선 사고,등속 주행 사고
6881,N,Apparently Normal,No Misuse,N,No Injury,ba7e4d2d-ade7-4107-8855-71f22ae2ca63,D,DA38210004,Shoulder/Lap Belt(s),M,2d95cb00-98ea-4f89-a7ea-7dd28cb9aa61,Single Vehicle ,N,Non Intersection,Right Turn Lane,Dawn,No Defects,"Two-way, Not Divided",Snow,Snow,Twelve o'clock,Passenger Car,Disabling,N,Slowing or Stopping,2015-01-06 7:00,27,38.98550814,-76.82619095,0,1,눈길사고,등속 주행 사고
6882,N,Apparently Normal,No Misuse,Y,No Injury,40c85c64-a94c-4ae5-97f2-3d916884ef42,D,DA38220008,Shoulder/Lap Belt(s),M,3ff82274-d2b6-4ead-b25e-cbbd057d6022,Single Vehicle ,N,Non Intersection,Right Turn Lane,Dark Lights On,No Defects,"Two-way, Divided, Unprotected (painted >4 feet) Median",Ice,Wintry Mix,Two o'clock,Passenger Car,Disabling,N,Moving Constant Speed,2015-01-26 21:49,25,38.83141935,-76.98449761,0,0,눈길사고,감속 중 사고
6883,N,Apparently Normal,No Misuse,Y,Possible Incapacitating Injury,efdef296-a806-452f-8014-5d1acadaccf2,D,DA38290004,Shoulder/Lap Belt(s),M,7e0c9bf9-95c0-47a2-beb5-eb5db3da1973,Same Movement Angle,N,Intersection,Right Turn Lane,Dark Lights On,No Defects,"Two-way, Not Divided",Dry,Clear,Eleven o'clock,Passenger Car,Destroyed,N,Making Left Turn,2015-01-16 18:47,79,38.93641271,-76.84668303,3,0,우회전 차선 사고,기타
6884,N,Apparently Normal,No Misuse,Y,No Injury,9eb1da95-f26d-4a88-a72f-4219a5f54d80,D,DA38290006,Shoulder/Lap Belt(s),M,2a16cefd-782a-4998-b5f1-ca8c139de10e,Single Vehicle ,N,Non Intersection,Right Turn Lane,Dark No Lights,No Defects,"Two-way, Not Divided",Dry,Clear,One o'clock,Passenger Car,Disabling,N,Moving Constant Speed,2015-02-28 0:55,23,38.91591355,-76.75677538,2,2,기타,기타
6885,N,Apparently Normal,No Misuse,Y,No Injury,6764c744-09d7-4f03-87e8-ecd25a3b8bb6,D,DA38400002,Shoulder/Lap Belt(s),M,d6ef92cd-1c40-46e3-9651-7c93d1870ce3,Single Vehicle ,N,Non Intersection,Right Turn Lane,Daylight,No Defects,"Two-way, Divided, Unprotected (painted >4 feet) Median",Dry,Clear,Twelve o'clock,Pickup Truck,Disabling,N,Accelerating,2015-02-06 16:27,53,38.75575661,-76.99270248,2,0,기타,자차 사고
6886,N,Apparently Normal,No Misuse,N,No Injury,ab293f29-1cf4-4e8a-8c67-3f7b5cfbeca7,D,DA38400004,Shoulder/Lap Belt(s),M,cab5186e-c2a9-4b8f-80bc-d6aa0e89152d,Same Direction Sideswipe,N,Intersection Related,Right Turn Lane,Dark Lights On,No Defects,"Two-way, Not Divided",Ice,Clear,Ten o'clock,Passenger Car,Functional,Y,Parked  ,2015-02-22 21:00,29,38.71289014,-76.99537396,3,1,우회전 차선 사고,등속 주행 중 측면 추돌 사고
6887,N,Apparently Normal,No Misuse,Y,No Injury,a1c7b82a-5fdc-4245-9361-c3cd98d5a360,D,DA38400004,Shoulder/Lap Belt(s),M,3d7f8b17-2e12-456e-8900-939e4c3079e7,Same Direction Sideswipe,N,Intersection Related,Right Turn Lane,Dark Lights On,No Defects,"Two-way, Not Divided",Ice,Clear,Two o'clock,Passenger Car,Functional,Y,Moving Constant Speed,2015-02-22 21:00,19,38.71289014,-76.99537396,3,2,우회전 차선 사고,기타
6888,N,Apparently Normal,No Misuse,N,No Injury,a5530b13-0694-4083-a6e0-161026023eeb,D,DA38490006,Shoulder/Lap Belt(s),M,f3c0ce63-6043-400b-b87b-e58656a62480,Head On Left Turn,N,Intersection Related,Right Turn Lane,Dusk,No Defects,"Two-way, Not Divided",Dry,Clear,Twelve o'clock,Passenger Car,Disabling,N,Moving Constant Speed,2015-02-06 20:00,60,38.86701216,-76.82767153,3,2,우회전 차선 사고,기타
6889,N,Apparently Normal,No Misuse,Y,No Injury,d3c5eded-8018-495d-9cba-d2227b4aec42,D,DA38490006,Shoulder/Lap Belt(s),M,14fed4ed-ff00-4965-a387-e70df64c56bc,Head On Left Turn,N,Intersection Related,Right Turn Lane,Dusk,No Defects,"Two-way, Not Divided",Dry,Clear,One o'clock,(Sport) Utility Vehicle,Functional,N,Making Left Turn,2015-02-06 20:00,27,38.86701216,-76.82767153,3,1,우회전 차선 사고,등속 주행 중 측면 추돌 사고
6890,N,Apparently Normal,No Misuse,Y,No Injury,6f111247-dec0-40de-ac90-8e2688d0e405,D,DA3851000G,Shoulder/Lap Belt(s),M,524d247a-addc-4abd-b8cc-abe500c84725,Head On Left Turn,N,Intersection,Right Turn Lane,Dark Lights On,No Defects,"Two-way, Not Divided",Wet,Raining,Twelve o'clock,Van,Superficial,N,Making Left Turn,2015-03-26 21:01,27,38.98786821,-76.98123336,4,0,빗길사고,등속 주행 중 사고
6891,N,Apparently Normal,No Misuse,N,Non-incapacitating Injury,902ab7cf-3ecc-406d-8daa-126c2433bb70,D,DA3851000G,Shoulder/Lap Belt(s),M,b6182411-1cdf-4c61-98ff-02fbe3415964,Head On Left Turn,N,Intersection,Right Turn Lane,Dark Lights On,No Defects,"Two-way, Not Divided",Wet,Raining,Eleven o'clock,Passenger Car,Disabling,N,Accelerating,2015-03-26 21:01,44,38.98786821,-76.98123336,4,0,빗길사고,등속 주행 중 사고
6892,N,Apparently Normal,No Misuse,Y,No Injury,aafbf07c-ffea-44b0-a3d0-089141eb832f,D,DA38530005,Shoulder/Lap Belt(s),M,bdbbaa74-3ca7-4ed5-ac3d-1e24d105e63b,Head On Left Turn,N,Intersection,Right Turn Lane,Daylight,No Defects,"Two-way, Divided, Unprotected (painted >4 feet) Median",Dry,Clear,Five o'clock,Passenger Car,Superficial,N,Making Right Turn,2015-02-03 12:30,37,38.86208341,-76.8703723,3,1,우회전 차선 사고,등속 주행 중 측면 추돌 사고
6893,Y,Apparently Normal,No Misuse,Y,No Injury,c2e1a2cb-536e-4628-bb53-45af6a293a59,D,DA38540004,Shoulder/Lap Belt(s),M,a21979d0-4294-4143-831b-d9c8f8829d08,Single Vehicle ,N,Non Intersection,Left Turn Lane,Daylight,No Defects,"Two-way, Not Divided",Wet,Clear,Twelve o'clock,"Medium/Heavy Truck 2 axles (10,000 lbs (4,536 kg) or less)",Superficial,N,Slowing or Stopping,2015-02-02 12:17,55,38.90910979,-76.89459801,4,0,빗길사고,등속 주행 중 사고
6894,N,Apparently Normal,No Misuse,N,No Injury,a83a8073-d182-4321-ad61-72b9e002b8f3,D,DA38550006,Shoulder/Lap Belt(s),M,a637d9ce-8565-4b11-a2e3-3454ba5a19ef,Head On Left Turn,N,Intersection,Right Turn Lane,Dark Lights On,No Defects,"Two-way, Divided, Positive Median Barrier",Dry,Clear,Four o'clock,Pickup Truck,Functional,N,Making Left Turn,2015-01-01 6:11,66,39.01437388,-76.92773938,3,1,우회전 차선 사고,등속 주행 중 측면 추돌 사고
6895,N,Apparently Normal,No Misuse,Y,No Injury,3098c5d0-798b-4cb7-b264-dece3a832a6c,D,DA38550006,Shoulder/Lap Belt(s),M,ebb8f3ef-e9ae-4199-a311-43f65131ef20,Head On Left Turn,N,Intersection,Right Turn Lane,Dark Lights On,No Defects,"Two-way, Divided, Positive Median Barrier",Dry,Clear,Twelve o'clock,Station Wagon,Disabling,N,Accelerating,2015-01-01 6:11,59,39.01437388,-76.92773938,3,1,우회전 차선 사고,등속 주행 중 측면 추돌 사고
6896,N,Apparently Normal,No Misuse,N,Non-incapacitating Injury,8384e481-2af2-47c3-a0e8-1aca0d413495,D,DA38550006,Shoulder/Lap Belt(s),M,eeef9512-f688-43f8-9d5d-656897932b40,Head On Left Turn,N,Intersection,Right Turn Lane,Dark Lights On,No Defects,"Two-way, Divided, Positive Median Barrier",Dry,Clear,Two o'clock,Pickup Truck,Disabling,N,Making Left Turn,2015-01-01 6:11,60,39.01437388,-76.92773938,3,1,우회전 차선 사고,등속 주행 중 측면 추돌 사고
6897,N,Apparently Normal,No Misuse,Y,No Injury,5dda32c7-9089-43e0-92c6-78f4913f4c29,D,DA38550009,Shoulder/Lap Belt(s),M,6989cb44-a0ec-49ea-8e12-e445acc6d585,Angle Meets Right Turn,N,Intersection,Left Turn Lane,Dark Lights On,No Defects,"Two-way, Divided, Positive Median Barrier",Wet,Raining,Eight o'clock,Passenger Car,Superficial,N,Making Right Turn,2015-01-23 18:55,22,38.99820818,-76.92561507,4,0,빗길사고,등속 주행 중 사고
6898,N,Apparently Normal,No Misuse,Y,No Injury,67a16ef3-e0bc-47e7-815a-e642717bc5cc,D,DA38560007,Shoulder/Lap Belt(s),M,cdab0b66-4edf-4790-a661-76321720abad,Single Vehicle ,N,Non Intersection,Right Turn Lane,Dark Lights On,No Defects,"Two-way, Not Divided",Dry,Clear,One o'clock,Passenger Car,Destroyed,N,Moving Constant Speed,2015-01-15 17:32,18,38.67587808,-76.94413304,2,2,기타,기타
6899,N,Apparently Normal,No Misuse,N,No Injury,4a839151-45a8-4175-ba08-54037415658e,D,DA38590003,Shoulder/Lap Belt(s),M,4b0cf808-d14e-4328-9073-58ffcc6c7708,Head On,N,Non Intersection,Right Turn Lane,Daylight,No Defects,"Two-way, Not Divided",Ice,Clear,Twelve o'clock,Passenger Car,Functional,N,Moving Constant Speed,2015-03-06 7:15,42,38.96201165,-76.980021,2,2,기타,기타
6900,N,Apparently Normal,No Misuse,Y,No Injury,e2fbf204-9cb3-4fec-bb6e-a16be5457af9,D,DA38590003,Shoulder/Lap Belt(s),M,1ac69f21-3df2-4da4-80c8-692eb9c30091,Head On,N,Non Intersection,Right Turn Lane,Daylight,No Defects,"Two-way, Not Divided",Ice,Clear,Twelve o'clock,Pickup Truck,Superficial,N,Moving Constant Speed,2015-03-06 7:15,36,38.96201165,-76.980021,2,2,기타,기타
6901,N,Apparently Normal,No Misuse,N,No Injury,7f0ea8e4-2206-46ff-b0f3-4ecb25a786cc,D,DA3866000C,Shoulder/Lap Belt(s),M,642f69fc-f7e5-4750-945d-23671cceda76,Same Movement Angle,N,Intersection,Right Turn Lane,Daylight,No Defects,"Two-way, Divided, Positive Median Barrier",Dry,Clear,One o'clock,Passenger Car,Superficial,N,Making Left Turn,2015-03-19 14:20,52,38.8153603,-76.99837804,3,0,우회전 차선 사고,기타
6902,N,Apparently Normal,No Misuse,Y,No Injury,413b32e7-99d7-4e0c-bc78-77ca35d55eff,D,DA3866000G,Shoulder/Lap Belt(s),M,590db44b-e97a-4c90-b76b-fa0cdbea96a0,Same Movement Angle,N,Non Intersection,Left Turn Lane,Daylight,No Defects,"Two-way, Not Divided",Dry,Clear,Twelve o'clock,Pickup Truck,Functional,N,Moving Constant Speed,2015-03-29 13:30,53,38.80264423,-76.98860407,1,0,좌회전 차선 사고,등속 주행 중 측면 추돌 사고
6903,N,Apparently Normal,No Misuse,N,Non-incapacitating Injury,ecab33cb-1df3-411a-a959-0d724570d6e9,D,DA3866000G,Shoulder/Lap Belt(s),M,7d7c5156-5327-4e3f-9d67-c253130cf0da,Same Movement Angle,N,Non Intersection,Left Turn Lane,Daylight,No Defects,"Two-way, Not Divided",Dry,Clear,Nine o'clock,Passenger Car,Disabling,N,Moving Constant Speed,2015-03-29 13:30,41,38.80264423,-76.98860407,1,0,좌회전 차선 사고,등속 주행 중 측면 추돌 사고
6904,N,Apparently Normal,No Misuse,N,No Injury,6bfc2371-d6ad-4ee1-bdff-91b210065ab4,D,DA38710007,Shoulder/Lap Belt(s),M,6260405d-a2d8-472c-bae0-b17bddbeefee,Same Direction Rear End,N,Non Intersection,Right Turn Lane,Daylight,No Defects,"Two-way, Not Divided",Dry,Clear,Six o'clock,Passenger Car,Superficial,N,Moving Constant Speed,2015-03-07 9:30,40,38.96532349,-76.85866714,2,3,기타,등속 주행 중 측면 추돌 사고
6905,N,Apparently Normal,No Misuse,Y,No Injury,42951b93-9e89-4dde-ad28-3af0b22f2d81,D,DA38710007,Shoulder/Lap Belt(s),M,f91541e3-88e3-46ec-8098-a0fd002eec6b,Same Direction Rear End,N,Non Intersection,Right Turn Lane,Daylight,No Defects,"Two-way, Not Divided",Dry,Clear,Twelve o'clock,Passenger Car,Disabling,N,Accelerating,2015-03-07 9:30,29,38.96532349,-76.85866714,2,0,기타,자차 사고
6906,N,Apparently Normal,No Misuse,N,No Injury,f4dabd2e-f2d4-437a-b4fe-832a3b9ce814,D,DA38730006,Shoulder/Lap Belt(s),M,428d42d9-2a50-41fe-b0a8-56c182b6a5db,Same Movement Angle,N,Intersection,Right Turn Lane,Daylight,No Defects,"Two-way, Not Divided",Dry,Cloudy,Eleven o'clock,Passenger Car,Superficial,N,Moving Constant Speed,2015-01-29 13:38,19,38.98088161,-76.97240353,3,0,우회전 차선 사고,기타
6907,N,Apparently Normal,No Misuse,Y,No Injury,11d554ea-6fd8-4b47-8765-40b1a08e4f31,D,DA38730006,Shoulder/Lap Belt(s),M,6cd26eb2-b892-424c-95b7-4bbfa93c37a5,Same Movement Angle,N,Intersection,Right Turn Lane,Daylight,No Defects,"Two-way, Not Divided",Dry,Cloudy,Four o'clock,Passenger Car,Superficial,N,Starting From Lane,2015-01-29 13:38,48,38.98088161,-76.97240353,3,0,우회전 차선 사고,기타
6908,N,Apparently Normal,No Misuse,N,No Injury,84dc5a19-f8a4-4883-aa96-4efbc850ee56,D,DA38730007,Shoulder/Lap Belt(s),M,c00535af-2704-45ec-a11a-16cb762b1299,Same Direction Sideswipe,N,Commercial Driveway,Left Turn Lane,Dark Lights On,No Defects,"Two-way, Divided, Positive Median Barrier",Dry,Clear,Six o'clock,Passenger Car,Superficial,N,Slowing or Stopping,2015-02-03 18:38,56,38.98456994,-76.98069155,1,3,좌회전 차선 사고,감속 중 사고
6909,N,Apparently Normal,No Misuse,Y,No Injury,5fae1947-8a48-4ba3-ad75-d3ae7baee4e2,D,DA38730007,Shoulder/Lap Belt(s),M,232fc18b-bbcc-466b-9e25-4e93c87e5ee4,Same Direction Sideswipe,N,Commercial Driveway,Left Turn Lane,Dark Lights On,No Defects,"Two-way, Divided, Positive Median Barrier",Dry,Clear,One o'clock,(Sport) Utility Vehicle,Superficial,N,Passing,2015-02-03 18:38,33,38.98456994,-76.98069155,1,1,좌회전 차선 사고,등속 주행 사고
6910,N,Apparently Normal,No Misuse,Y,No Injury,68c677ef-6f6c-4b97-a65e-8ef254ab179b,D,DA38750002,Shoulder/Lap Belt(s),M,3c8e8573-726f-4e39-9412-8d6967e9ef69,Single Vehicle ,N,Non Intersection,Right Turn Lane,Dark No Lights,No Defects,One-way Trafficway,Wet,Clear,Twelve o'clock,Passenger Car,Disabling,N,Moving Constant Speed,2015-03-03 23:33,24,38.74960691,-76.87430978,2,2,기타,기타
6911,N,Apparently Normal,No Misuse,N,No Injury,4d85b728-0425-4589-bba3-1bd5c13380a7,D,DA38830003,Shoulder/Lap Belt(s),M,162a1188-f2b3-4f97-8512-761dbaa541e6,Head On Left Turn,N,Intersection,Right Turn Lane,Dark Lights On,No Defects,"Two-way, Divided, Positive Median Barrier",Dry,Clear,Twelve o'clock,Passenger Car,Disabling,N,Moving Constant Speed,2015-03-29 4:00,25,38.93634595,-76.91990733,3,2,우회전 차선 사고,기타