KEY_INDEX,CDL_FLAG,CONDITION_CODE,EQUIP_PROB_CODE,FAULT_FLAG,INJ_SEVER_CODE,PERSON_ID,PERSON_TYPE,REPORT_NO,SAF_EQUIP_CODE,SEX_CODE,VEHICLE_ID,COLLISION_TYPE_CODE,C_M_ZONE_FLAG,JUNCTION_CODE,LANE_CODE,LIGHT_CODE,RD_COND_CODE,RD_DIV_CODE,SURF_COND_CODE,WEATHER_CODE,AREA_DAMAGED_CODE_MAIN,BODY_TYPE_CODE,DAMAGE_CODE,HIT_AND_RUN_FLAG,MOVEMENT_CODE,TIME,AGE,LATITUDE,LONGITUDE,CLUSTER,SECOND_LABEL,FIRST_LABEL,SECOND_LABELING
6967,N,Apparently Normal,No Misuse,N,No Injury,0755ffeb-5d76-4642-b6ff-819cde92b77a,D,DE1193000H,Shoulder/Lap Belt(s),M,e3cec4d3-f13b-4a73-8e7d-33af5eed3fc0,Same Movement Angle,N,Intersection,Right Turn Lane,Daylight,No Defects,"Two-way, Not Divided",Dry,Clear,One o'clock,Pickup Truck,Disabling,N,Moving Constant Speed,2015-01-17 16:39,29,38.36891534,-75.59482098,3,0,우회전 차선 사고,기타
6968,N,Apparently Normal,No Misuse,Y,No Injury,e7139de1-ba0f-475d-bb72-08b388a365d4,D,DE1193000H,Shoulder/Lap Belt(s),M,9fe83737-b21d-4d1b-8da3-15ee5c909210,Same Movement Angle,N,Intersection,Right Turn Lane,Daylight,No Defects,"Two-way, Not Divided",Dry,Clear,Twelve o'clock,Passenger Car,Disabling,N,Moving Constant Speed,2015-01-17 16:39,49,38.36891534,-75.59482098,3,0,우회전 차선 사고,기타
6969,N,Apparently Normal,No Misuse,N,No Injury,2980f44a-1e92-47a5-9a30-225fe2bd721c,D,DE2182000J,Shoulder/Lap Belt(s),M,2f43a774-d3c8-4b82-bd59-92e04a535622,Same Movement Angle,N,Intersection,Right Turn Lane,Daylight,No Defects,"Two-way, Not Divided",Wet,Raining,Eleven o'clock,(Sport) Utility Vehicle,Disabling,N,Moving Constant Speed,2015-03-20 12:05,33,38.41879075,-75.56388639,4,1,빗길사고,자차 사고
6970,N,Apparently Normal,No Misuse,Y,No Injury,7e76b7f0-6389-4317-8496-59f9c6060b8e,D,DE2182000J,Shoulder/Lap Belt(s),M,15ebd7cb-22b5-4dde-a4bf-32131085b5bb,Same Movement Angle,N,Intersection,Right Turn Lane,Daylight,No Defects,"Two-way, Not Divided",Wet,Raining,Twelve o'clock,Passenger Car,Disabling,N,Slowing or Stopping,2015-03-20 12:05,20,38.41879075,-75.56388639,4,1,빗길사고,자차 사고
6971,N,Apparently Normal,No Misuse,N,No Injury,ab850fde-9d73-4b02-88ef-abb75bc46003,D,DE2182000K,Shoulder/Lap Belt(s),M,cbe16ce3-fcf1-4e46-acb5-2eca824c21c4,Same Movement Angle,N,Intersection,Right Turn Lane,Daylight,No Defects,"Two-way, Not Divided",Dry,Clear,Ten o'clock,(Sport) Utility Vehicle,Functional,N,Moving Constant Speed,2015-03-25 11:42,42,38.35301331,-75.60321093,3,0,우회전 차선 사고,기타
6972,N,Apparently Normal,No Misuse,Y,No Injury,c9abdfdb-98ef-439f-aa44-9ab33423ad74,D,DE2182000K,Shoulder/Lap Belt(s),M,0252f43f-42ee-404b-ad21-1547fa5216bc,Same Movement Angle,N,Intersection,Right Turn Lane,Daylight,No Defects,"Two-way, Not Divided",Dry,Clear,Twelve o'clock,Passenger Car,Disabling,N,Accelerating,2015-03-25 11:42,25,38.35301331,-75.60321093,3,0,우회전 차선 사고,기타
6973,N,Apparently Normal,No Misuse,Y,No Injury,1aab9f22-1235-4bec-a8de-f008e5e847a6,D,DE2184000H,Shoulder/Lap Belt(s),M,8ac7a0a6-f5ec-48f6-b79c-590721c08ab0,Single Vehicle ,N,Intersection,Right Turn Lane,Daylight,No Defects,"Two-way, Not Divided",Snow,Clear,Twelve o'clock,Passenger Car,Superficial,Y,Skidding,2015-02-26 12:15,23,38.34293525,-75.59481025,3,1,우회전 차선 사고,등속 주행 중 측면 추돌 사고
6974,N,Apparently Normal,No Misuse,Y,No Injury,aacce548-1588-4d1b-986b-754d422ea68a,D,DE2184000K,Shoulder/Lap Belt(s),M,ff085d98-8498-4a10-829a-21b9104bf6a2,Head On Left Turn,N,Intersection,Acceleration Lane,Dawn,No Defects,"Two-way, Divided, Positive Median Barrier",Dry,Clear,Four o'clock,(Sport) Utility Vehicle,Superficial,Y,Making Left Turn,2015-03-25 7:49,32,38.36594594,-75.60336113,1,1,좌회전 차선 사고,등속 주행 사고
6975,N,Apparently Normal,No Misuse,N,No Injury,13e95f09-4554-4479-a894-d370a432b46d,D,DE3111000F,Shoulder/Lap Belt(s),M,438a1292-ca52-460e-9696-42feb950d8e1,Same Movement Angle,N,Intersection,Right Turn Lane,Dark Lights On,No Defects,"Two-way, Not Divided",Wet,Raining,Eleven o'clock,(Sport) Utility Vehicle,Functional,N,Accelerating,2015-01-03 18:15,43,38.39581527,-75.56414187,4,1,빗길사고,자차 사고
6976,N,Apparently Normal,No Misuse,Y,No Injury,e5531499-cb6c-4ac7-8843-529ef99e5827,D,DE3111000F,Shoulder/Lap Belt(s),M,7c2b8b8b-0f98-4be9-8ea6-3e523d7d561f,Same Movement Angle,N,Intersection,Right Turn Lane,Dark Lights On,No Defects,"Two-way, Not Divided",Wet,Raining,Twelve o'clock,Passenger Car,Disabling,N,Accelerating,2015-01-03 18:15,18,38.39581527,-75.56414187,4,1,빗길사고,자차 사고
6977,Y,Apparently Normal,No Misuse,N,No Injury,2412f9ae-305e-4ef7-a8fc-d1ce4a7c3f3a,D,DE3111000Q,Shoulder/Lap Belt(s),M,e1e84d1a-8a6f-4f36-aef1-7db8f548011d,Same Direction Rear End,N,Intersection Related,Left Turn Lane,Daylight,No Defects,"Two-way, Not Divided",Wet,Raining,Six o'clock,Transit Bus,Superficial,N,Stopped in Traffic Lane,2015-03-27 14:14,67,38.36521408,-75.60355961,4,3,빗길사고,기타
6978,N,Apparently Normal,No Misuse,Y,No Injury,6ee01d0f-17b5-4697-8291-3a2127fea143,D,DE3115000H,Shoulder/Lap Belt(s),M,252f922f-daf2-4394-b4f1-1e919f3f552d,Same Movement Angle,N,Intersection,Acceleration Lane,Daylight,No Defects,"Two-way, Divided, Unprotected (painted >4 feet) Median",Wet,Clear,Twelve o'clock,"Other Light Trucks (10,000 lbs (4,536 kg))",Disabling,N,Slowing or Stopping,2015-01-04 13:04,66,38.36867981,-75.58340549,4,1,빗길사고,자차 사고
6979,N,Apparently Normal,No Misuse,N,Possible Incapacitating Injury,5de29a45-ee01-4a15-b0b2-3d7706ce96e7,D,DE3115000H,Shoulder/Lap Belt(s),M,5befdc90-6e72-4d41-b667-2aa9003774c2,Same Movement Angle,N,Intersection,Acceleration Lane,Daylight,No Defects,"Two-way, Divided, Unprotected (painted >4 feet) Median",Wet,Clear,Two o'clock,Passenger Car,Disabling,N,Accelerating,2015-01-04 13:04,25,38.36867981,-75.58340549,4,1,빗길사고,자차 사고
6980,N,Apparently Normal,No Misuse,N,No Injury,9702c5fe-7930-495d-94d9-5d9343ac66b8,D,DE3175000B,Shoulder/Lap Belt(s),M,34d0fd58-9e13-4e0a-8637-0a0942d20418,Single Vehicle ,N,Intersection Related,Right Turn Lane,Dark Lights On,No Defects,"Two-way, Not Divided",Dry,Severe Winds,Twelve o'clock,Pickup Truck,No Damage,N,Making Left Turn,2015-01-07 18:36,31,38.35196371,-75.57366371,3,1,우회전 차선 사고,등속 주행 중 측면 추돌 사고
6981,N,Apparently Normal,No Misuse,Y,No Injury,1b7e0048-d2fa-4b14-b15d-9355bcafc718,D,DE3175000M,Shoulder/Lap Belt(s),M,65439dca-40e5-49e2-a33c-9af134a24474,Single Vehicle ,N,Intersection Related,Left Turn Lane,Daylight,No Defects,"Two-way, Not Divided",Dry,Clear,One o'clock,Passenger Car,Functional,N,Making Right Turn,2015-03-13 8:03,25,38.40987417,-75.57077497,1,1,좌회전 차선 사고,등속 주행 사고
6982,N,Apparently Normal,No Misuse,N,No Injury,0db5fec5-4af4-4695-9c65-64874ddeea84,D,DE4197000G,Shoulder/Lap Belt(s),M,a2c7574d-e685-4ef8-a58e-b9750d6b79e9,Same Movement Angle,N,Intersection,Right Turn Lane,Daylight,No Defects,"Two-way, Divided, Positive Median Barrier",Wet,Wintry Mix,Twelve o'clock,Van,Disabling,N,Accelerating,2015-03-01 10:20,23,38.39834201,-75.57121754,4,1,빗길사고,자차 사고
6983,Y,Apparently Normal,No Misuse,N,No Injury,662b81ca-13f1-49e8-b64b-ff2fb8473a6f,D,DE4197000G,Shoulder/Lap Belt(s),M,2b5c5817-3e62-4f0d-bec5-95df40cd6e56,Same Movement Angle,N,Intersection,Right Turn Lane,Daylight,No Defects,"Two-way, Divided, Positive Median Barrier",Wet,Wintry Mix,Twelve o'clock,(Sport) Utility Vehicle,Disabling,N,Slowing or Stopping,2015-03-01 10:20,22,38.39834201,-75.57121754,4,1,빗길사고,자차 사고
6984,N,Apparently Normal,No Misuse,Y,No Injury,df04fdde-cfee-4742-9d27-8308c0d4c731,D,DE4197000J,Shoulder/Lap Belt(s),M,7512afbe-05ec-43a6-9fc2-20e3cb1f3d4b,Single Vehicle ,N,Non Intersection,Right Turn Lane,Daylight,No Defects,"Two-way, Not Divided",Snow,Snow,Twelve o'clock,Passenger Car,Functional,Y,Moving Constant Speed,2015-03-05 16:06,50,38.37131264,-75.58412433,0,0,눈길사고,감속 중 사고
6985,N,Apparently Normal,No Misuse,N,No Injury,9fbfdb4f-b669-477e-bb1a-aa2b7dc98ae5,D,DE5121000N,Shoulder/Lap Belt(s),M,26545573-b3ba-484c-a05c-0d627a8d44e6,Same Movement Angle,N,Intersection Related,Right Turn Lane,Dawn,No Defects,"Two-way, Divided, Positive Median Barrier",Dry,Clear,Ten o'clock,Passenger Car,Disabling,N,Accelerating,2015-01-05 17:10,30,38.39829156,-75.57123899,3,0,우회전 차선 사고,기타
6986,N,Apparently Normal,No Misuse,Y,No Injury,36d68c97-dcca-43c8-b371-b21dc83ffd26,D,DE5121000N,Shoulder/Lap Belt(s),M,3c59d53b-3a2e-4c9a-8b5f-cc85f3d21eb6,Same Movement Angle,N,Intersection Related,Right Turn Lane,Dawn,No Defects,"Two-way, Divided, Positive Median Barrier",Dry,Clear,Twelve o'clock,Passenger Car,Disabling,N,Accelerating,2015-01-05 17:10,50,38.39829156,-75.57123899,3,0,우회전 차선 사고,기타
6987,N,Apparently Normal,No Misuse,N,No Injury,b864e48a-3d80-4d5c-acb8-df29fc0d39de,D,DJ01050008,Shoulder/Lap Belt(s),M,60c56056-028d-408e-b748-aa5d723bd228,Same Movement Angle,N,Intersection Related,Acceleration Lane,Dark Lights On,No Defects,"Two-way, Divided, Positive Median Barrier",Wet,Raining,Twelve o'clock,Passenger Car,Disabling,N,Moving Constant Speed,2015-01-23 22:35,63,38.88694922,-76.90167636,4,1,빗길사고,자차 사고
6988,N,Apparently Normal,No Misuse,Y,No Injury,bc747d16-7f95-40b7-8a78-6f6dcd9af680,D,DM82700002,Shoulder/Lap Belt(s),M,0d925858-55d3-4022-bdf1-f11d17d00262,Head On Left Turn,N,Intersection,Right Turn Lane,Daylight,No Defects,"Two-way, Divided, Positive Median Barrier",Dry,Clear,Two o'clock,Passenger Car,Disabling,N,Making Left Turn,2015-03-29 9:15,27,38.98735333,-76.98796333,3,1,우회전 차선 사고,등속 주행 중 측면 추돌 사고
6989,N,Apparently Normal,No Misuse,N,Possible Incapacitating Injury,44dc4f16-8667-4b9b-812d-b21412371978,D,DM82700002,Shoulder/Lap Belt(s),M,50ecd8a6-71cb-4d64-952f-d55dcc44cebe,Head On Left Turn,N,Intersection,Right Turn Lane,Daylight,No Defects,"Two-way, Divided, Positive Median Barrier",Dry,Clear,Twelve o'clock,"Other Light Trucks (10,000 lbs (4,536 kg))",Disabling,N,Moving Constant Speed,2015-03-29 9:15,45,38.98735333,-76.98796333,3,2,우회전 차선 사고,기타
6990,N,Apparently Normal,No Misuse,Y,No Injury,533661dc-46b9-434c-879c-a972c217dca2,D,DM83860008,Shoulder/Lap Belt(s),M,049a6045-6f21-4736-af64-ad64574c7e19,Same Direction Sideswipe,N,Non Intersection,Right Turn Lane,Dawn,No Defects,"Two-way, Not Divided",Dry,Cloudy,Two o'clock,Passenger Car,Superficial,N,Passing,2015-03-19 17:21,72,38.98514333,-76.99866667,2,0,기타,자차 사고
6991,N,Apparently Normal,No Misuse,Y,No Injury,9209d309-dc3a-42ae-a8cc-ef45e027623a,D,DM8434000M,Shoulder/Lap Belt(s),M,dc375d6f-b853-4617-b8bf-4152e303fb5d,Same Movement Angle,N,Intersection,Acceleration Lane,Dark Lights On,No Defects,"Two-way, Divided, Positive Median Barrier",Dry,Clear,One o'clock,Passenger Car,Disabling,N,Accelerating,2015-01-25 23:21,53,38.983225,-76.988325,1,1,좌회전 차선 사고,등속 주행 사고
6992,N,Apparently Normal,No Misuse,N,No Injury,a8958215-9069-4999-b648-4371f27fdf20,D,DM8439000C,Shoulder/Lap Belt(s),M,1a388a25-4bbe-4cf7-be03-c86792b2d92a,Same Direction Rear End,N,Non Intersection,Acceleration Lane,Daylight,No Defects,"Two-way, Divided, Positive Median Barrier",Dry,Clear,Six o'clock,Passenger Car,Superficial,N,Slowing or Stopping,2015-01-05 13:09,51,38.975676,-76.993856,1,3,좌회전 차선 사고,감속 중 사고
6993,N,Apparently Normal,No Misuse,Y,No Injury,459dba2c-1063-41ff-bbf6-288dcf8530ce,D,DM8447000F,Shoulder/Lap Belt(s),M,fb2d10a1-dc51-43f0-88be-d54d9998c874,Single Vehicle ,N,Non Intersection,Right Turn Lane,Dark Lights On,No Defects,"Two-way, Not Divided",Ice,Clear,Twelve o'clock,Passenger Car,Disabling,N,Moving Constant Speed,2015-02-16 4:10,41,38.977771,-76.999895,2,2,기타,기타
6994,Y,Apparently Normal,No Misuse,Y,No Injury,15c7a1ba-b7b3-4f86-a72b-9d18bca696ec,D,DP01270006,Shoulder/Lap Belt(s),M,6b205f9e-c428-4f56-9590-0e12c68446ac,Single Vehicle ,N,Non Intersection,Right Turn Lane,Daylight,No Defects,"Two-way, Not Divided",Snow,Snow,Nine o'clock,Pickup Truck,Disabling,N,Moving Constant Speed,2015-03-01 12:12,51,39.61990282,-77.43001748,0,0,눈길사고,감속 중 사고
6995,N,Apparently Normal,No Misuse,N,No Injury,ddeb36dd-072c-4cbb-a5ff-57c3871ac177,D,DS02810003,Shoulder/Lap Belt(s),M,e138dc30-7f07-45ca-a2ce-363b724cb970,Same Direction Rear End,N,Intersection Related,Shoulder Area,Daylight,No Defects,"Two-way, Divided, Positive Median Barrier",Dry,Cloudy,Six o'clock,"Other Light Trucks (10,000 lbs (4,536 kg))",Superficial,N,Slowing or Stopping,2015-02-16 15:25,49,38.98857392,-76.9346863,1,3,좌회전 차선 사고,감속 중 사고
6996,N,Apparently Normal,No Misuse,Y,No Injury,77765023-dc03-4474-9b3d-3e33dd939362,D,DS02810003,Shoulder/Lap Belt(s),M,9a88f1af-6274-4edd-8e73-6ba68f91d417,Same Direction Rear End,N,Intersection Related,Shoulder Area,Daylight,No Defects,"Two-way, Divided, Positive Median Barrier",Dry,Cloudy,Twelve o'clock,Passenger Car,Superficial,N,Slowing or Stopping,2015-02-16 15:25,20,38.98857392,-76.9346863,1,3,좌회전 차선 사고,감속 중 사고
6997,Y,Apparently Normal,No Misuse,Y,No Injury,108ff24a-6b76-4119-83f8-c23cc0006dfc,D,DS03160006,Shoulder/Lap Belt(s),M,7679fb36-f209-4db1-bdf4-0dd9c56358a3,Same Direction Right Turn,N,Intersection Related,Left Turn Lane,Dark Lights On,No Defects,"Two-way, Not Divided",Dry,Clear,Four o'clock,Transit Bus,Superficial,N,Slowing or Stopping,2015-01-28 0:01,21,38.97963788,-76.93253249,1,3,좌회전 차선 사고,감속 중 사고
6998,Y,Apparently Normal,No Misuse,N,No Injury,1b14005a-d765-4e82-be3a-d699be68d5a1,D,DS03160008,Shoulder/Lap Belt(s),M,abfd38d0-df7a-4d26-81d8-708bf7a89313,Opposite Direction Sideswipe,N,Non Intersection,Left Turn Lane,Dark Lights On,No Defects,"Two-way, Not Divided",Dry,Clear,Eight o'clock,Transit Bus,Superficial,N,Moving Constant Speed,2015-02-06 1:15,25,38.98274769,-76.93111897,1,0,좌회전 차선 사고,등속 주행 중 측면 추돌 사고
6999,N,Apparently Normal,No Misuse,Y,No Injury,8c63dd5a-4c78-471b-b493-909fff8b6993,D,DV01160001,Shoulder/Lap Belt(s),M,a43793df-1842-4b75-9800-a99e2b484225,Single Vehicle ,N,Intersection,Right Turn Lane,Daylight,No Defects,"Two-way, Not Divided",Ice,Wintry Mix,Twelve o'clock,(Sport) Utility Vehicle,No Damage,N,Slowing or Stopping,2015-03-03 16:46,21,39.5773795,-76.9920373,0,1,눈길사고,등속 주행 사고
7000,N,Apparently Normal,No Misuse,Y,No Injury,dd77f1ee-c269-42e4-b00d-0a8608855b4f,D,DV01260008,Shoulder/Lap Belt(s),M,a67917ab-1940-4cc3-9e7a-493749647089,Same Direction Right Turn,N,Non Intersection,Right Turn Lane,Daylight,No Defects,"Two-way, Not Divided",Dry,Clear,Two o'clock,Pickup Truck,Superficial,N,Moving Constant Speed,2015-03-31 11:50,29,39.57756556,-76.99840754,2,2,기타,기타
7001,N,Apparently Normal,No Misuse,Y,No Injury,3400e5d1-7426-44f0-82ee-c3a3ae6567ab,D,EA99310001,Shoulder/Lap Belt(s),M,90290195-8e8c-4330-a299-efac773f0dc0,Same Direction Rear End,N,Non Intersection,Left Turn Lane,Dark Lights On,No Defects,"Two-way, Divided, Unprotected (painted >4 feet) Median",Wet,Raining,Twelve o'clock,Passenger Car,Disabling,N,Slowing or Stopping,2015-03-10 19:49,38,38.97137219,-77.07720816,4,3,빗길사고,기타
7002,N,Apparently Normal,No Misuse,Y,No Injury,0d17d4cd-bf52-4b1d-99dd-b93e66177615,D,EA99430001,Shoulder/Lap Belt(s),M,31a54013-194e-4cbd-b63c-0901d410b453,Same Direction Sideswipe,N,Intersection,Left Turn Lane,Dark Lights On,No Defects,One-way Trafficway,Dry,Clear,One o'clock,Passenger Car,Functional,N,Moving Constant Speed,2015-02-05 22:25,35,38.96798661,-77.07692921,1,0,좌회전 차선 사고,등속 주행 중 측면 추돌 사고
7003,Y,Apparently Normal,No Misuse,N,No Injury,308425c9-dede-456a-bd73-e963c90c92dc,D,EA99460004,Shoulder/Lap Belt(s),M,17abae79-f4a3-4a53-8d9a-bda69da208f4,Same Direction Right Turn,N,Non Intersection,Left Turn Lane,Daylight,No Defects,"Two-way, Not Divided",Dry,Clear,Eleven o'clock,Transit Bus,Superficial,N,Moving Constant Speed,2015-03-19 18:36,51,38.97216773,-77.07706332,1,0,좌회전 차선 사고,등속 주행 중 측면 추돌 사고
7004,N,Apparently Normal,No Misuse,N,No Injury,7aa457ea-90bc-415c-a24f-2f05f8b3f748,D,EA99480003,Shoulder/Lap Belt(s),M,ea03bf7b-fc59-41d5-86fa-81b7d87f89b5,Same Movement Angle,N,Intersection,Right Turn Lane,Daylight,No Defects,"Two-way, Not Divided",Dry,Clear,Twelve o'clock,(Sport) Utility Vehicle,Disabling,N,Moving Constant Speed,2015-03-21 12:23,59,38.97117096,-77.07492828,3,0,우회전 차선 사고,기타
7005,N,Apparently Normal,No Misuse,Y,No Injury,e4474a7c-b2dd-413c-b550-96fd9b39b86b,D,EA99480003,Shoulder/Lap Belt(s),M,09efff4a-1594-4000-bbd0-53c247fabe42,Same Movement Angle,N,Intersection,Right Turn Lane,Daylight,No Defects,"Two-way, Not Divided",Dry,Clear,Eleven o'clock,Passenger Car,Disabling,N,Accelerating,2015-03-21 12:23,34,38.97117096,-77.07492828,3,0,우회전 차선 사고,기타
7006,N,Apparently Normal,No Misuse,N,No Injury,30bf6b52-8150-4122-8466-4cb40efc3f0e,D,ED00390004,Shoulder/Lap Belt(s),M,f11e9ad0-2ef6-43fd-b661-591b1890d326,Same Direction Rear End,N,Intersection,Right Turn Lane,Daylight,No Defects,"Two-way, Not Divided",Dry,Clear,Six o'clock,Pickup Truck,Functional,N,Stopped in Traffic Lane,2015-03-16 15:24,63,39.61326358,-76.85294867,3,3,우회전 차선 사고,동일 방향 운행 중 추돌 사고
7007,N,Had Been Drinking,No Misuse,Y,No Injury,6f34cd67-ede1-44e4-abf5-8b461646a7f3,D,ED00390004,Shoulder/Lap Belt(s),M,c8db40ce-41fe-486e-84ed-ab6857e023d5,Same Direction Rear End,N,Intersection,Right Turn Lane,Daylight,No Defects,"Two-way, Not Divided",Dry,Clear,Twelve o'clock,(Sport) Utility Vehicle,Disabling,N,Moving Constant Speed,2015-03-16 15:24,72,39.61326358,-76.85294867,3,2,우회전 차선 사고,기타
7008,N,Apparently Normal,No Misuse,N,No Injury,605ae825-f736-463a-ba38-9e2911e6f2f1,D,EE00760002,Shoulder/Lap Belt(s),M,829b451f-43f0-4dd0-9cd7-11a5c496d143,Same Direction Rear End,N,Non Intersection,Right Turn Lane,Daylight,No Defects,"Two-way, Divided, Positive Median Barrier",Dry,Clear,Six o'clock,Pickup Truck,Superficial,N,Slowing or Stopping,2015-03-17 13:44,27,38.21409203,-75.70002794,2,1,기타,등속 주행 사고
7009,N,Apparently Normal,No Misuse,Y,No Injury,d54fc3f4-8002-48c1-948b-6e7ae89dda3b,D,EJ77810007,Shoulder/Lap Belt(s),M,94b10ffb-4d57-4f88-86ae-e85adc41f129,Head On Left Turn,N,Intersection,Right Turn Lane,Daylight,No Defects,"Two-way, Divided, Positive Median Barrier",Wet,Cloudy,One o'clock,Passenger Car,Disabling,N,Making Left Turn,2015-01-18 13:00,24,39.15053833,-77.20387,4,0,빗길사고,등속 주행 중 사고
7010,N,Apparently Normal,No Misuse,N,No Injury,8a1a9230-350b-4571-929f-bbf8d74c0cc4,D,EJ78430003,Shoulder/Lap Belt(s),M,3fb4df05-5525-421f-8365-9bc56b7e9948,Angle Meets Right Turn,N,Intersection Related,Right Turn Lane,Dark Lights On,No Defects,"Two-way, Not Divided",Dry,Clear,Eleven o'clock,Passenger Car,Functional,N,Making Right Turn,2015-01-19 21:06,26,39.14220667,-77.19356333,3,1,우회전 차선 사고,등속 주행 중 측면 추돌 사고
7011,N,Apparently Normal,No Misuse,Y,No Injury,bd01c3ff-e8ad-47a6-a662-228e862f4ab5,D,EJ7850000M,Shoulder/Lap Belt(s),M,5bdba744-1165-4750-b98d-a2f0e08a9b94,Same Direction Rear End,N,Non Intersection,Right Turn Lane,Dark Lights On,No Defects,"Two-way, Not Divided",Dry,Clear,Twelve o'clock,(Sport) Utility Vehicle,Disabling,N,Moving Constant Speed,2015-02-26 3:41,49,39.16289833,-77.21905833,2,3,기타,등속 주행 중 측면 추돌 사고
7012,N,Apparently Normal,No Misuse,Y,No Injury,1abec501-f82d-4f84-8779-4b7bc50e7e19,D,EJ7853000G,Shoulder/Lap Belt(s),M,440e4056-3db8-41ac-a645-76fb88025623,Head On Left Turn,N,Intersection,Acceleration Lane,Dark Lights On,No Defects,"Two-way, Divided, Positive Median Barrier",Dry,Clear,Four o'clock,Passenger Car,Disabling,N,Making Left Turn,2015-02-01 20:07,35,39.128255,-77.2378,1,1,좌회전 차선 사고,등속 주행 사고
7013,N,Apparently Normal,No Misuse,N,Incapacitating/Disabled Injury,80ba8ae8-fd98-4962-ac5e-e5e73c212c79,D,EJ7853000G,Shoulder/Lap Belt(s),M,50c58b53-b70d-4efa-bae6-61d923a3ce94,Head On Left Turn,N,Intersection,Acceleration Lane,Dark Lights On,No Defects,"Two-way, Divided, Positive Median Barrier",Dry,Clear,Twelve o'clock,Passenger Car,Disabling,N,Moving Constant Speed,2015-02-01 20:07,66,39.128255,-77.2378,1,0,좌회전 차선 사고,등속 주행 중 측면 추돌 사고
7014,N,Apparently Normal,No Misuse,N,No Injury,85acbbe7-4965-4bf7-b8ca-c3ff09a65415,D,EJ7853000K,Shoulder/Lap Belt(s),M,d2fbc69c-e8a5-441f-91a8-e74762a81f52,Same Direction Rear End,N,Non Intersection,Acceleration Lane,Daylight,No Defects,"Two-way, Divided, Unprotected (painted >4 feet) Median",Dry,Clear,Six o'clock,Passenger Car,Functional,N,Slowing or Stopping,2015-03-09 8:43,64,39.14320028,-77.22061515,1,3,좌회전 차선 사고,감속 중 사고
7015,N,Had Been Drinking,No Misuse,Y,No Injury,0fcf237f-6569-4b85-a64a-50150a7660d1,D,EJ7853000K,Shoulder/Lap Belt(s),M,93655ec9-1e64-421e-af25-1fa3383deea7,Same Direction Rear End,N,Non Intersection,Acceleration Lane,Daylight,No Defects,"Two-way, Divided, Unprotected (painted >4 feet) Median",Dry,Clear,Twelve o'clock,Passenger Car,Disabling,N,Slowing or Stopping,2015-03-09 8:43,34,39.14320028,-77.22061515,1,3,좌회전 차선 사고,감속 중 사고
7016,N,Apparently Normal,No Misuse,Y,No Injury,95b2e033-5532-4846-88fb-24812f994164,D,EP01820003,Shoulder/Lap Belt(s),M,4833a771-682b-4b8f-a3f7-12e9d8650e28,Angle Meets Left Turn,N,Intersection,Right Turn Lane,Daylight,No Defects,One-way Trafficway,Dry,Clear,One o'clock,Passenger Car,Disabling,N,Making Left Turn,2015-01-10 11:20,47,38.88573829,-75.83446026,3,1,우회전 차선 사고,등속 주행 중 측면 추돌 사고
7017,N,Apparently Normal,No Misuse,N,No Injury,ed7dcf21-7ae0-400e-8ec7-50f5ef5cdb50,D,GD3163000H,Shoulder/Lap Belt(s),M,59cad49f-e9d9-464c-af1a-06ff5c76d3a7,Same Direction Rear End,N,Intersection,Left Turn Lane,Daylight,No Defects,"Two-way, Divided, Positive Median Barrier",Dry,Clear,Six o'clock,(Sport) Utility Vehicle,Superficial,N,Stopped in Traffic Lane,2015-02-08 16:01,60,38.94191209,-76.90341711,1,2,좌회전 차선 사고,기타
7018,N,Apparently Normal,No Misuse,Y,No Injury,907efe20-8fa7-4c75-8dcd-84b6ee9757ed,D,GPDM510006,Shoulder/Lap Belt(s),M,c6ba443d-0588-4da0-84f3-8561056ec26a,Single Vehicle ,N,Non Intersection,Right Turn Lane,Daylight,No Defects,"Two-way, Divided, Positive Median Barrier",Ice,Wintry Mix,Twelve o'clock,Passenger Car,Disabling,N,Moving Constant Speed,2015-03-01 10:41,19,38.45207635,-75.5587399,0,0,눈길사고,감속 중 사고
7019,N,Apparently Normal,No Misuse,Y,No Injury,e1b6672d-a4cf-4184-a2e9-7a781db1a3be,D,GPDM650004,Shoulder/Lap Belt(s),M,8dba6929-413e-4c1d-9360-4cf02846167b,Single Vehicle ,N,Non Intersection,Right Turn Lane,Daylight,No Defects,"Two-way, Divided, Positive Median Barrier",Snow,Snow,Twelve o'clock,Passenger Car,Disabling,N,Moving Constant Speed,2015-02-26 7:13,78,38.44928682,-75.61889648,0,0,눈길사고,감속 중 사고
7020,Y,Apparently Normal,No Misuse,N,No Injury,399bedf8-e185-4f38-92d9-1bb39dd83b34,D,GPDM650005,Shoulder/Lap Belt(s),M,a8e33806-fd82-4ca9-a549-3e0b90f536ee,Same Direction Left Turn,N,Non Intersection,Right Turn Lane,Daylight,No Defects,"Two-way, Divided, Positive Median Barrier",Snow,Snow,Twelve o'clock,Truck Tractor,Functional,N,Slowing or Stopping,2015-02-26 8:47,32,38.45614284,-75.57769775,0,1,눈길사고,등속 주행 사고
7021,N,Apparently Normal,No Misuse,Y,No Injury,5fa879bf-f4aa-432d-aa3d-5139c0f9a300,D,GS04210008,Shoulder/Lap Belt(s),M,9ba9a9a0-5c99-4cf5-b166-35d59ed56e07,Single Vehicle ,N,Intersection,Right Turn Lane,Daylight,Loose Surface Material,"Two-way, Not Divided","Mud, Dirt, Gravel",Clear,Eleven o'clock,Pickup Truck,Disabling,N,Making Right Turn,2015-01-16 13:30,18,38.32578185,-75.60277104,3,1,우회전 차선 사고,등속 주행 중 측면 추돌 사고