KEY_INDEX,CDL_FLAG,CONDITION_CODE,EQUIP_PROB_CODE,FAULT_FLAG,INJ_SEVER_CODE,PERSON_ID,PERSON_TYPE,REPORT_NO,SAF_EQUIP_CODE,SEX_CODE,VEHICLE_ID,COLLISION_TYPE_CODE,C_M_ZONE_FLAG,JUNCTION_CODE,LANE_CODE,LIGHT_CODE,RD_COND_CODE,RD_DIV_CODE,SURF_COND_CODE,WEATHER_CODE,AREA_DAMAGED_CODE_MAIN,BODY_TYPE_CODE,DAMAGE_CODE,HIT_AND_RUN_FLAG,MOVEMENT_CODE,TIME,AGE,LATITUDE,LONGITUDE,CLUSTER,SECOND_LABEL,FIRST_LABEL,SECOND_LABELING
7022,N,Apparently Normal,No Misuse,N,No Injury,0236ce8f-5591-43bd-a12d-8ef319bde6d3,D,GS04510003,Shoulder/Lap Belt(s),M,c4ac703d-561f-4e41-8d45-ec1691144cfa,Same Direction Rear End,N,Non Intersection,Right Turn Lane,Daylight,No Defects,"Two-way, Divided, Unprotected (painted >4 feet) Median",Dry,Clear,Six o'clock,Van,Functional,N,Slowing or Stopping,2015-01-20 12:34,61,38.33080857,-75.61246991,2,1,기타,등속 주행 사고
7023,N,Apparently Normal,No Misuse,Y,Non-incapacitating Injury,98c88ce0-604e-4a04-b8d1-f7e1f11a17e1,D,GS04510003,Shoulder/Lap Belt(s),M,d189127d-dd08-44d7-9f89-154f8592c094,Same Direction Rear End,N,Non Intersection,Right Turn Lane,Daylight,No Defects,"Two-way, Divided, Unprotected (painted >4 feet) Median",Dry,Clear,Twelve o'clock,"Other Light Trucks (10,000 lbs (4,536 kg))",Functional,N,Moving Constant Speed,2015-01-20 12:34,53,38.33080857,-75.61246991,2,3,기타,등속 주행 중 측면 추돌 사고
7024,N,Apparently Normal,No Misuse,N,No Injury,7fc5d483-3106-44b0-9b53-6bcdd27b8095,D,HA23380001,Shoulder/Lap Belt(s),M,defd59d7-033f-4681-b242-047cf3133868,Same Movement Angle,N,Interchange Related,Right Turn Lane,Daylight,No Defects,"Two-way, Not Divided",Dry,Clear,Three o'clock,"Other Light Trucks (10,000 lbs (4,536 kg))",Functional,N,Accelerating,2015-01-17 16:05,45,38.97993292,-76.99459612,3,0,우회전 차선 사고,기타
7025,N,Apparently Normal,No Misuse,Y,No Injury,599131ed-3e29-4df3-87ee-163d94231915,D,HA23380001,Shoulder/Lap Belt(s),M,0108c2d5-b518-43e5-b837-f09480a6b522,Same Movement Angle,N,Interchange Related,Right Turn Lane,Daylight,No Defects,"Two-way, Not Divided",Dry,Clear,Six o'clock,Passenger Car,Superficial,N,Backing,2015-01-17 16:05,70,38.97993292,-76.99459612,3,0,우회전 차선 사고,기타
7026,N,Apparently Normal,No Misuse,Y,No Injury,f49b061c-75d1-40b1-9766-6245cc43be1c,D,HA23380002,Shoulder/Lap Belt(s),M,6516c97c-ab35-42fe-a663-9c34f366eda5,Single Vehicle ,N,Intersection Related,Right Turn Lane,Dark No Lights,No Defects,"Two-way, Divided, Positive Median Barrier",Wet,Clear,Twelve o'clock,Passenger Car,Disabling,N,Slowing or Stopping,2015-01-24 21:03,27,38.97379841,-77.10181475,4,0,빗길사고,등속 주행 중 사고
7027,N,Apparently Normal,No Misuse,N,No Injury,0b4811d3-ecda-4f05-9806-2e77e5d0f8ca,D,HM01370003,Shoulder/Lap Belt(s),M,65ef7753-4905-4921-adc1-de7d5eeea281,Same Movement Angle,N,Intersection Related,Right Turn Lane,Daylight,No Defects,"Two-way, Divided, Positive Median Barrier",Dry,Clear,Four o'clock,(Sport) Utility Vehicle,Disabling,N,Moving Constant Speed,2015-01-20 10:46,24,38.39337252,-75.1631999,3,0,우회전 차선 사고,기타
7028,N,Apparently Normal,No Misuse,Y,No Injury,fb779899-0e05-4310-a05d-7b6fd4074200,D,HM01370003,Shoulder/Lap Belt(s),M,0f93a9b1-d8ff-4f0e-a10f-6d17667bfbcd,Same Movement Angle,N,Intersection Related,Right Turn Lane,Daylight,No Defects,"Two-way, Divided, Positive Median Barrier",Dry,Clear,Twelve o'clock,Pickup Truck,Superficial,N,Starting From Lane,2015-01-20 10:46,60,38.39337252,-75.1631999,3,0,우회전 차선 사고,기타
7029,N,Apparently Normal,No Misuse,N,No Injury,c8d56683-227d-4d75-9969-ed671faf64f3,D,HV01280001,Shoulder/Lap Belt(s),M,ee38c762-a04b-4038-b742-3f0e8829b607,Same Direction Rear End,N,Intersection,Left Turn Lane,Dark Lights On,No Defects,"Two-way, Not Divided",Dry,Clear,Seven o'clock,Transit Bus,Functional,N,Slowing or Stopping,2015-02-11 18:44,39,38.96581566,-76.93897247,1,3,좌회전 차선 사고,감속 중 사고
7030,N,Apparently Normal,No Misuse,Y,No Injury,26066bed-7647-452a-9128-fd56fbd89078,D,HV01280001,Shoulder/Lap Belt(s),M,2151e962-4827-4d37-9fdd-0a3c395e0515,Same Direction Rear End,N,Intersection,Left Turn Lane,Dark Lights On,No Defects,"Two-way, Not Divided",Dry,Clear,One o'clock,Passenger Car,Disabling,N,Slowing or Stopping,2015-02-11 18:44,58,38.96581566,-76.93897247,1,3,좌회전 차선 사고,감속 중 사고
7031,Y,Apparently Normal,No Misuse,N,No Injury,d3f28e77-3425-4a92-a2cf-b59822d7e1b1,D,MCP0936000W,Shoulder/Lap Belt(s),M,a50285d6-8529-459f-a8fa-56850c35b51a,Same Movement Angle,N,Intersection,Acceleration Lane,Daylight,No Defects,"Two-way, Divided, Positive Median Barrier",Dry,Clear,Four o'clock,Transit Bus,Functional,N,Moving Constant Speed,2015-02-19 11:20,53,39.03376,-77.07265,1,0,좌회전 차선 사고,등속 주행 중 측면 추돌 사고
7032,N,Apparently Normal,No Misuse,Y,No Injury,4b69fb5c-656b-4355-b614-e5e32bb82641,D,MCP0936000W,Shoulder/Lap Belt(s),M,83fab293-c11b-43e8-9bc9-22a65357779c,Same Movement Angle,N,Intersection,Acceleration Lane,Daylight,No Defects,"Two-way, Divided, Positive Median Barrier",Dry,Clear,Eleven o'clock,"Other Light Trucks (10,000 lbs (4,536 kg))",Functional,N,Starting From Lane,2015-02-19 11:20,85,39.03376,-77.07265,1,1,좌회전 차선 사고,등속 주행 사고
7033,N,Apparently Normal,No Misuse,N,No Injury,0810de39-682d-4ae7-b55c-92a00557c6b0,D,MCP1017000P,Shoulder/Lap Belt(s),M,8586d7f7-3840-4e22-ac93-18e8bc94a254,Same Direction Sideswipe,N,Intersection,Left Turn Lane,Daylight,No Defects,"Two-way, Divided, Positive Median Barrier",Wet,Raining,Three o'clock,Pickup Truck,Superficial,N,Moving Constant Speed,2015-01-12 15:45,18,38.98474924,-77.09399343,4,2,빗길사고,동일 방향 운행 중 추돌 사고
7034,N,Apparently Normal,No Misuse,Y,No Injury,0bc8aea1-0e85-4414-a488-0928b503a1d5,D,MCP1017000P,Shoulder/Lap Belt(s),M,86ddddb2-fe59-48f6-b703-56aa202e6773,Same Direction Sideswipe,N,Intersection,Left Turn Lane,Daylight,No Defects,"Two-way, Divided, Positive Median Barrier",Wet,Raining,Ten o'clock,Passenger Car,Superficial,Y,Moving Constant Speed,2015-01-12 15:45,18,38.98474924,-77.09399343,4,2,빗길사고,동일 방향 운행 중 추돌 사고
7035,N,Apparently Normal,No Misuse,N,No Injury,381f9653-4055-4084-8635-f56da972b4f4,D,MCP1022001V,Shoulder/Lap Belt(s),M,1e19ec93-8088-4360-a2fb-28425eaf0635,Same Direction Right Turn,N,Intersection Related,Left Turn Lane,Daylight,No Defects,"Two-way, Not Divided",Snow,Snow,Twelve o'clock,Passenger Car,Functional,N,Moving Constant Speed,2015-01-06 10:42,28,39.15923833,-77.27546667,0,0,눈길사고,감속 중 사고
7036,N,Apparently Normal,No Misuse,Y,No Injury,2fdecbd2-fc31-40aa-aa59-cc2ddaa5937d,D,MCP1022001V,Shoulder/Lap Belt(s),M,3f125351-e245-45b3-9d7b-0c04b7616356,Same Direction Right Turn,N,Intersection Related,Left Turn Lane,Daylight,No Defects,"Two-way, Not Divided",Snow,Snow,Two o'clock,Pickup Truck,Superficial,N,Making Right Turn,2015-01-06 10:42,47,39.15923833,-77.27546667,0,2,눈길사고,미끌어짐에 의한 사고
7037,N,Apparently Normal,No Misuse,N,Incapacitating/Disabled Injury,e09f7b92-d387-4baf-8b29-bef58d70bb8c,D,MCP1022001V,Shoulder/Lap Belt(s),M,58087301-c755-4017-b11f-f71709196869,Same Direction Right Turn,N,Intersection Related,Left Turn Lane,Daylight,No Defects,"Two-way, Not Divided",Snow,Snow,Eleven o'clock,Passenger Car,Disabling,N,Stopped in Traffic Lane,2015-01-06 10:42,39,39.15923833,-77.27546667,0,2,눈길사고,미끌어짐에 의한 사고
7038,N,Apparently Normal,No Misuse,N,No Injury,b3f62347-479e-4b57-a931-7fed08aa06d1,D,MCP1022001X,Shoulder/Lap Belt(s),M,79b12f75-a915-4815-bc59-fc6d1a16429f,Opposite Direction Sideswipe,N,Non Intersection,Right Turn Lane,Daylight,No Defects,"Two-way, Not Divided",Dry,Clear,Ten o'clock,"Medium/Heavy Truck 2 axles (10,000 lbs (4,536 kg) or less)",Functional,N,Moving Constant Speed,2015-01-13 14:30,26,39.22040167,-77.25837333,2,2,기타,기타
7039,Y,Apparently Normal,No Misuse,Y,No Injury,4fa1cc75-6b89-44e6-991b-1539c94847c2,D,MCP1022001X,Shoulder/Lap Belt(s),M,502aba85-6634-4567-81f2-6b7b91eeaead,Opposite Direction Sideswipe,N,Non Intersection,Right Turn Lane,Daylight,No Defects,"Two-way, Not Divided",Dry,Clear,Ten o'clock,Transit Bus,Functional,N,Moving Constant Speed,2015-01-13 14:30,46,39.22040167,-77.25837333,2,2,기타,기타
7040,N,Apparently Normal,No Misuse,Y,No Injury,502a325a-002d-43b9-b4d8-461a47ff7b4d,D,MCP10220022,Shoulder/Lap Belt(s),M,65043898-0331-4c5f-b8dd-ef5d871d4e26,Single Vehicle ,N,Intersection Related,Right Turn Lane,Daylight,No Defects,"Two-way, Divided, Positive Median Barrier",Dry,Clear,Underside,Passenger Car,Superficial,N,Moving Constant Speed,2015-01-23 7:58,71,39.16808333,-77.23025667,3,2,우회전 차선 사고,기타
7041,N,Apparently Normal,No Misuse,Y,No Injury,1968ef28-cf6a-4135-b850-9abf4cf217d6,D,MCP10220023,Shoulder/Lap Belt(s),M,9a33ca03-2396-4bca-9dbe-b950f3349474,Opposite Direction Sideswipe,N,Non Intersection,Right Turn Lane,Daylight,No Defects,"Two-way, Not Divided",Snow,Snow,Eleven o'clock,(Sport) Utility Vehicle,Functional,N,Moving Constant Speed,2015-01-26 7:51,27,39.24415333,-77.26139167,0,0,눈길사고,감속 중 사고
7042,Y,Apparently Normal,No Misuse,Y,No Injury,c07f4b4f-5fb7-4511-95d7-5ce253d39367,D,MCP10220028,Shoulder/Lap Belt(s),M,3da070f4-4d55-44f2-acc4-b84faee849ef,Same Movement Angle,N,Commercial Driveway,Right Turn Lane,Daylight,No Defects,"Two-way, Not Divided",Wet,Clear,Underside,"Medium/Heavy Truck 2 axles (10,000 lbs (4,536 kg) or less)",Functional,N,Making Left Turn,2015-02-23 8:08,75,39.20465667,-77.140005,4,1,빗길사고,자차 사고
7043,N,Apparently Normal,No Misuse,N,Incapacitating/Disabled Injury,faabd3f7-5703-4fdd-b999-310b58277d9f,D,MCP10220028,Shoulder/Lap Belt(s),M,8e43bc25-c032-4570-b96d-aea001c2791a,Same Movement Angle,N,Commercial Driveway,Right Turn Lane,Daylight,No Defects,"Two-way, Not Divided",Wet,Clear,Twelve o'clock,Van,Disabling,N,Moving Constant Speed,2015-02-23 8:08,47,39.20465667,-77.140005,4,1,빗길사고,자차 사고
7044,N,Apparently Normal,No Misuse,N,No Injury,8eeeb880-d10e-41a9-938b-e05c4f0d1772,D,MCP1145000G,Shoulder/Lap Belt(s),M,2cecc3fb-4d2f-40bd-8cbf-f0061a3ca651,Head On Left Turn,N,Intersection,Right Turn Lane,Dark Lights On,View Obstructed,"Two-way, Divided, Positive Median Barrier",Wet,Clear,Twelve o'clock,Passenger Car,Disabling,N,Moving Constant Speed,2015-03-07 0:00,24,39.23201,-77.24702167,4,2,빗길사고,동일 방향 운행 중 추돌 사고
7045,N,Apparently Normal,No Misuse,Y,Incapacitating/Disabled Injury,ce133ca7-6415-41ac-89d5-f99118ffd493,D,MCP1145000G,Shoulder/Lap Belt(s),M,a95dc355-7847-476e-bbea-168b333c54f2,Head On Left Turn,N,Intersection,Right Turn Lane,Dark Lights On,View Obstructed,"Two-way, Divided, Positive Median Barrier",Wet,Clear,One o'clock,Passenger Car,Disabling,N,Making Left Turn,2015-03-07 0:00,37,39.23201,-77.24702167,4,0,빗길사고,등속 주행 중 사고
7046,N,Apparently Normal,No Misuse,N,No Injury,9d5876fb-4faa-44f7-9a3f-f525b8366899,D,MCP1151002M,Shoulder/Lap Belt(s),M,5fb79b01-10d9-4baa-bee3-5b0b270e9434,Same Movement Angle,N,Intersection,Right Turn Lane,Daylight,No Defects,"Two-way, Not Divided",Dry,Cloudy,One o'clock,(Sport) Utility Vehicle,Disabling,N,Moving Constant Speed,2015-03-24 10:37,77,39.169895,-77.29660833,3,0,우회전 차선 사고,기타
7047,N,Apparently Normal,No Misuse,N,No Injury,049ccdaa-f542-4774-ad0f-e5326ee9c726,D,MCP1170000M,Shoulder/Lap Belt(s),M,80f08136-5649-4e93-9656-1aa4ba81cfca,Same Direction Rear End,N,Non Intersection,Right Turn Lane,Daylight,No Defects,"Two-way, Not Divided",Dry,Clear,Twelve o'clock,Passenger Car,Disabling,N,Stopped in Traffic Lane,2015-02-26 12:15,59,39.04621333,-76.97684333,2,0,기타,자차 사고
7048,N,Apparently Normal,No Misuse,N,No Injury,6406e8b9-7732-4611-ab70-5e192b8e057b,D,MCP1182000C,Shoulder/Lap Belt(s),M,e3d6b4ff-c682-497c-b2ab-3d6058a517d2,Same Movement Angle,N,Intersection,Right Turn Lane,Daylight,No Defects,"Two-way, Not Divided",Dry,Clear,Ten o'clock,(Sport) Utility Vehicle,Functional,N,Moving Constant Speed,2015-01-10 15:05,65,38.98607833,-77.117035,3,0,우회전 차선 사고,기타
7049,N,Apparently Normal,No Misuse,N,No Injury,5ba9fc82-24a0-4c6f-9d86-c868e3231cab,D,MCP1182000D,Shoulder/Lap Belt(s),M,14369b31-72ef-4cf6-a198-e72ae614c437,Same Direction Sideswipe,N,Intersection,Right Turn Lane,Daylight,No Defects,"Two-way, Divided, Positive Median Barrier",Dry,Clear,Eleven o'clock,Passenger Car,Functional,N,Stopped in Traffic Lane,2015-01-17 8:13,29,38.98594667,-77.14316333,3,1,우회전 차선 사고,등속 주행 중 측면 추돌 사고
7050,N,Apparently Normal,No Misuse,N,No Injury,19d4f1e4-c0b9-4b77-b3e9-32f34e55f451,D,MCP12020008,Shoulder/Lap Belt(s),M,5b57f0da-d1fe-4390-95c5-befbdeae88ba,Same Direction Rear End,N,Intersection,Right Turn Lane,Daylight,No Defects,"Two-way, Divided, Positive Median Barrier",Dry,Clear,Six o'clock,Passenger Car,Functional,N,Slowing or Stopping,2015-01-23 8:48,56,38.987861,-77.146232,3,3,우회전 차선 사고,동일 방향 운행 중 추돌 사고
7051,N,Apparently Normal,No Misuse,N,No Injury,77613c56-8bdf-40a1-b613-92b061c67ae2,D,MCP12020008,Shoulder/Lap Belt(s),M,6986a69d-0561-4c94-bf20-6640547609ee,Same Direction Rear End,N,Intersection,Right Turn Lane,Daylight,No Defects,"Two-way, Divided, Positive Median Barrier",Dry,Clear,Twelve o'clock,"Other Light Trucks (10,000 lbs (4,536 kg))",Disabling,N,Slowing or Stopping,2015-01-23 8:48,27,38.987861,-77.146232,3,3,우회전 차선 사고,동일 방향 운행 중 추돌 사고
7052,N,Apparently Normal,No Misuse,Y,No Injury,5ecac734-0f68-4d98-9546-be6e4ef0227b,D,MCP12020008,Shoulder/Lap Belt(s),M,3eeddb92-8df6-4e44-b8b1-bbceca3feba6,Same Direction Rear End,N,Intersection,Right Turn Lane,Daylight,No Defects,"Two-way, Divided, Positive Median Barrier",Dry,Clear,Twelve o'clock,"Other Light Trucks (10,000 lbs (4,536 kg))",Disabling,N,Slowing or Stopping,2015-01-23 8:48,27,38.987861,-77.146232,3,3,우회전 차선 사고,동일 방향 운행 중 추돌 사고
7053,N,Apparently Normal,No Misuse,N,No Injury,e693d51b-7802-4c9b-bdc0-12bf3a4afe24,D,MCP12020009,Shoulder/Lap Belt(s),M,ca6dae8f-fd4f-4a34-866f-e088cf143fc3,Same Direction Rear End,N,Intersection Related,Right Turn Lane,Daylight,No Defects,"Two-way, Divided, Positive Median Barrier",Dry,Clear,Six o'clock,Passenger Car,Functional,N,Slowing or Stopping,2015-01-31 11:09,52,38.97385167,-77.12316833,3,3,우회전 차선 사고,동일 방향 운행 중 추돌 사고
7054,N,Apparently Normal,No Misuse,Y,No Injury,765a05f6-270e-4248-856a-9bdc9d509d06,D,MCP12020009,Shoulder/Lap Belt(s),M,e8c6de3a-25a2-4bed-93d3-2fbb1781394a,Same Direction Rear End,N,Intersection Related,Right Turn Lane,Daylight,No Defects,"Two-way, Divided, Positive Median Barrier",Dry,Clear,Twelve o'clock,"Other Light Trucks (10,000 lbs (4,536 kg))",Disabling,N,Slowing or Stopping,2015-01-31 11:09,24,38.97385167,-77.12316833,3,3,우회전 차선 사고,동일 방향 운행 중 추돌 사고
7055,Y,Apparently Normal,No Misuse,N,No Injury,125da6f7-2741-470c-a8d2-9bfcd7ba0667,D,MCP1205000Z,Shoulder/Lap Belt(s),M,7106fe58-1efb-4825-b112-f4ef584a41c7,Same Direction Sideswipe,N,Non Intersection,Left Turn Lane,Dawn,No Defects,"Two-way, Divided, Positive Median Barrier",Dry,Clear,Ten o'clock,Truck Tractor,Superficial,N,Moving Constant Speed,2015-03-09 7:13,60,38.97295597,-77.08973408,1,0,좌회전 차선 사고,등속 주행 중 측면 추돌 사고
7056,N,Apparently Normal,No Misuse,N,No Injury,799e2419-437c-4d5d-b0be-8a6557b62e60,D,MCP1251000C,Shoulder/Lap Belt(s),M,807aa92c-e84f-44c2-96fe-be572f290a8e,Head On,N,Non Intersection,Right Turn Lane,Daylight,No Defects,"Two-way, Not Divided",Snow,Snow,Twelve o'clock,Limousine,Disabling,N,Moving Constant Speed,2015-03-05 11:58,58,38.996465,-77.16826667,0,0,눈길사고,감속 중 사고
7057,N,Apparently Normal,No Misuse,Y,Possible Incapacitating Injury,3bde5366-af55-424c-9b81-2e9c77eefef9,D,MCP1251000C,Shoulder/Lap Belt(s),M,b843b2a6-87e6-4a10-b54d-f86d7c2efb15,Head On,N,Non Intersection,Right Turn Lane,Daylight,No Defects,"Two-way, Not Divided",Snow,Snow,Twelve o'clock,Pickup Truck,Disabling,N,Moving Constant Speed,2015-03-05 11:58,23,38.996465,-77.16826667,0,0,눈길사고,감속 중 사고
7058,N,Apparently Normal,No Misuse,Y,No Injury,8789f795-357a-4bd0-8a0f-69080937e5a5,D,MCP1252000J,Shoulder/Lap Belt(s),M,6433e407-2ca4-4840-ba1d-086ab9e6da24,Same Direction Rear End,N,Intersection Related,Right Turn Lane,Dark Lights On,No Defects,"Two-way, Not Divided",Snow,Snow,Twelve o'clock,Recreational Vehicle,Superficial,N,Slowing or Stopping,2015-02-14 19:38,47,39.19174833,-77.23350333,0,1,눈길사고,등속 주행 사고
7059,N,Apparently Normal,No Misuse,N,Possible Incapacitating Injury,e610809d-4bc5-452a-bc03-21bc3eb25eec,D,MCP1252000J,Shoulder/Lap Belt(s),M,eb98e0ea-e636-4d14-8a78-6038aaedc87f,Same Direction Rear End,N,Intersection Related,Right Turn Lane,Dark Lights On,No Defects,"Two-way, Not Divided",Snow,Snow,Six o'clock,Passenger Car,Superficial,N,Stopped in Traffic Lane,2015-02-14 19:38,24,39.19174833,-77.23350333,0,1,눈길사고,등속 주행 사고
7060,N,Apparently Normal,No Misuse,Y,No Injury,e817f26c-11e3-4f87-846b-a714dab830c6,D,MCP12570008,Shoulder/Lap Belt(s),M,91f77f7e-05b5-49c3-97be-45337ccdcd0b,Same Movement Angle,N,Intersection,Right Turn Lane,Daylight,No Defects,One-way Trafficway,Dry,Clear,Twelve o'clock,Passenger Car,Disabling,N,Moving Constant Speed,2015-02-13 10:45,53,39.14999167,-77.30128333,3,0,우회전 차선 사고,기타
7061,N,Apparently Normal,No Misuse,Y,No Injury,a6d18f45-85be-4145-aea7-16b023b8768f,D,MCP12570009,Shoulder/Lap Belt(s),M,ed0af934-e838-4a60-a410-62b59952c799,Single Vehicle ,N,Non Intersection,Right Turn Lane,Dawn,No Defects,"Two-way, Not Divided",Ice,Clear,Eleven o'clock,Pickup Truck,Disabling,N,Moving Constant Speed,2015-03-18 7:17,33,39.2049,-77.386985,2,2,기타,기타
7062,N,Apparently Normal,No Misuse,Y,No Injury,458e9162-2e4b-4cc9-b853-b0cd850eafce,D,MCP12830009,Shoulder/Lap Belt(s),M,d411762c-1d0d-4d31-861a-0b2c2f250011,Single Vehicle ,N,Non Intersection,Right Turn Lane,Dawn,No Defects,"Two-way, Not Divided",Ice,Raining,One o'clock,Passenger Car,Disabling,N,Slowing or Stopping,2015-01-03 8:15,41,39.24460167,-77.26193667,0,1,눈길사고,등속 주행 사고
7063,N,Apparently Normal,No Misuse,N,No Injury,f845495c-7ff3-4858-94c0-34aa7fbc768e,D,MCP1378003Q,Shoulder/Lap Belt(s),M,c736f256-7bd4-4f2a-9239-a2bae3ee573d,Same Direction Rear End,N,Intersection Related,Left Turn Lane,Daylight,Foreign Material,"Two-way, Not Divided",Ice,Cloudy,Six o'clock,Van,Superficial,N,Slowing or Stopping,2015-01-08 15:18,36,39.12885833,-77.16782833,0,1,눈길사고,등속 주행 사고
7064,Y,Apparently Normal,No Misuse,Y,No Injury,fbd9ec72-862c-4c11-b471-48e77424fcc6,D,MCP1378003Q,Shoulder/Lap Belt(s),M,5b7a7c59-3337-4b4f-a83e-1dbacad5f702,Same Direction Rear End,N,Intersection Related,Left Turn Lane,Daylight,Foreign Material,"Two-way, Not Divided",Ice,Cloudy,Twelve o'clock,Transit Bus,Superficial,N,Accelerating,2015-01-08 15:18,28,39.12885833,-77.16782833,0,1,눈길사고,등속 주행 사고
7065,N,Apparently Normal,No Misuse,Y,No Injury,0c37778c-eaa9-445e-9ac9-f0fa50dc0f2a,D,MCP13780043,Shoulder/Lap Belt(s),M,71e595dd-a5bf-4506-ae09-2c51d315c6c8,Same Direction Rear End,N,Non Intersection,Right Turn Lane,Dusk,No Defects,"Two-way, Not Divided",Dry,Cloudy,Twelve o'clock,"Other Light Trucks (10,000 lbs (4,536 kg))",Disabling,N,Slowing or Stopping,2015-01-22 17:12,31,39.14058833,-77.21298667,2,1,기타,등속 주행 사고
7066,N,Apparently Normal,No Misuse,N,Possible Incapacitating Injury,765cf039-45b8-419d-93fa-a73b0c54421d,D,MCP13780043,Shoulder/Lap Belt(s),M,6c8f3247-2b38-49ab-9f99-a4965db870a0,Same Direction Rear End,N,Non Intersection,Right Turn Lane,Dusk,No Defects,"Two-way, Not Divided",Dry,Cloudy,Six o'clock,(Sport) Utility Vehicle,Disabling,N,Stopped in Traffic Lane,2015-01-22 17:12,39,39.14058833,-77.21298667,2,0,기타,자차 사고
7067,N,Apparently Normal,No Misuse,N,Incapacitating/Disabled Injury,794844e9-bad3-4da9-8e78-8bc0b60b0863,D,MCP13780043,Shoulder/Lap Belt(s),M,b05b17bf-f644-499b-b5d8-b2258c3c1bce,Same Direction Rear End,N,Non Intersection,Right Turn Lane,Dusk,No Defects,"Two-way, Not Divided",Dry,Cloudy,Six o'clock,(Sport) Utility Vehicle,Disabling,N,Stopped in Traffic Lane,2015-01-22 17:12,41,39.14058833,-77.21298667,2,0,기타,자차 사고
7068,N,Apparently Normal,No Misuse,N,No Injury,d012d839-5568-4b9b-ac4a-dbff900f02d7,D,MCP1378004C,Shoulder/Lap Belt(s),M,6a630afa-651f-4d72-9420-52d515f7b7cb,Same Direction Sideswipe,N,Intersection Related,Right Turn Lane,Daylight,No Defects,"Two-way, Divided, Unprotected (painted >4 feet) Median",Dry,Cloudy,Ten o'clock,School Bus,No Damage,N,Stopped in Traffic Lane,2015-02-06 14:38,53,39.14884167,-77.14692,3,1,우회전 차선 사고,등속 주행 중 측면 추돌 사고
7069,N,Apparently Normal,No Misuse,Y,No Injury,c386afb4-e41d-49a3-890e-4af766426a5a,D,MCP1378004F,Shoulder/Lap Belt(s),M,9e951404-63c1-48cb-8a74-d0b60cad6093,Same Movement Angle,N,Intersection,Left Turn Lane,Daylight,No Defects,"Two-way, Divided, Unprotected (painted >4 feet) Median",Dry,Cloudy,Four o'clock,Passenger Car,Functional,N,Making Right Turn,2015-02-10 16:30,62,39.14249,-77.18252167,1,1,좌회전 차선 사고,등속 주행 사고
7070,N,Apparently Normal,No Misuse,N,Possible Incapacitating Injury,5fe02a5f-4e49-4ecf-93ba-d43f3e7a542a,D,MCP1378004F,Shoulder/Lap Belt(s),M,349a8516-fbd1-4bec-baeb-e3229e7918d0,Same Movement Angle,N,Intersection,Left Turn Lane,Daylight,No Defects,"Two-way, Divided, Unprotected (painted >4 feet) Median",Dry,Cloudy,Twelve o'clock,Passenger Car,Disabling,N,Moving Constant Speed,2015-02-10 16:30,46,39.14249,-77.18252167,1,0,좌회전 차선 사고,등속 주행 중 측면 추돌 사고
7071,N,Apparently Normal,No Misuse,N,No Injury,96c6b3d5-484b-4151-aa69-126402eb8158,D,MCP1378004L,Shoulder/Lap Belt(s),M,e7718e46-3eaf-4b14-a1d1-a38e7bf319a9,Same Movement Angle,N,Intersection,Left Turn Lane,Daylight,No Defects,"Two-way, Not Divided",Dry,Clear,Eleven o'clock,(Sport) Utility Vehicle,Disabling,N,Moving Constant Speed,2015-02-18 9:27,55,39.14491833,-77.21975667,1,0,좌회전 차선 사고,등속 주행 중 측면 추돌 사고
7072,N,Apparently Normal,No Misuse,Y,No Injury,38dc99b0-e9f7-4631-bed3-4cdf1fbf8708,D,MCP1378004L,Shoulder/Lap Belt(s),M,6da27eeb-5f83-494b-a3dc-ec0eab2866d2,Same Movement Angle,N,Intersection,Left Turn Lane,Daylight,No Defects,"Two-way, Not Divided",Dry,Clear,One o'clock,Passenger Car,Disabling,N,Making Left Turn,2015-02-18 9:27,31,39.14491833,-77.21975667,1,1,좌회전 차선 사고,등속 주행 사고
7073,N,Apparently Normal,No Misuse,N,No Injury,742a66c4-a481-4856-a095-a85ae2075f9e,D,MCP1378004S,Shoulder/Lap Belt(s),M,7debe45e-2d7a-407f-b2ef-488ed4b254fe,Same Direction Sideswipe,N,Non Intersection,Right Turn Lane,Dusk,No Defects,"Two-way, Divided, Unprotected (painted >4 feet) Median",Dry,Cloudy,Eleven o'clock,Transit Bus,Superficial,N,Accelerating,2015-02-25 18:03,58,39.1293,-77.20081833,2,0,기타,자차 사고
7074,N,Apparently Normal,No Misuse,N,No Injury,43ee2d54-0eba-4bea-af8a-ce0dd05e2013,D,MCP1378004W,Shoulder/Lap Belt(s),M,81d1c356-4dd3-49ad-b718-37aa809f1e1c,Same Movement Angle,N,Intersection,Right Turn Lane,Daylight,No Defects,"Two-way, Divided, Unprotected (painted >4 feet) Median",Wet,Raining,Three o'clock,Police Vehicle/Non Emergency,Functional,N,Making Left Turn,2015-03-04 14:37,45,39.12344,-77.232745,4,1,빗길사고,자차 사고