KEY_INDEX,CDL_FLAG,CONDITION_CODE,EQUIP_PROB_CODE,FAULT_FLAG,INJ_SEVER_CODE,PERSON_ID,PERSON_TYPE,REPORT_NO,SAF_EQUIP_CODE,SEX_CODE,VEHICLE_ID,COLLISION_TYPE_CODE,C_M_ZONE_FLAG,JUNCTION_CODE,LANE_CODE,LIGHT_CODE,RD_COND_CODE,RD_DIV_CODE,SURF_COND_CODE,WEATHER_CODE,AREA_DAMAGED_CODE_MAIN,BODY_TYPE_CODE,DAMAGE_CODE,HIT_AND_RUN_FLAG,MOVEMENT_CODE,TIME,AGE,LATITUDE,LONGITUDE,CLUSTER,SECOND_LABEL,FIRST_LABEL,SECOND_LABELING
7075,N,Apparently Normal,No Misuse,Y,No Injury,935cb7f2-4515-4bf5-9308-40caae6c04dd,D,MCP1378004W,Shoulder/Lap Belt(s),M,8275c9e7-f367-432b-83f8-712fc8d7b5ec,Same Movement Angle,N,Intersection,Right Turn Lane,Daylight,No Defects,"Two-way, Divided, Unprotected (painted >4 feet) Median",Wet,Raining,Eleven o'clock,Passenger Car,Functional,N,Making Right Turn,2015-03-04 14:37,62,39.12344,-77.232745,4,1,빗길사고,자차 사고
7076,N,Apparently Normal,No Misuse,N,No Injury,01e0dec1-8a60-47a0-9f3c-644ee389b4d2,D,MCP13780050,Shoulder/Lap Belt(s),M,838ae410-a270-4b8d-948e-6bff814119a6,Same Direction Left Turn,N,Intersection,Right Turn Lane,Dusk,No Defects,"Two-way, Not Divided",Snow,Snow,One o'clock,Passenger Car,Functional,N,Skidding,2015-03-05 17:07,26,39.15672167,-77.16585167,0,2,눈길사고,미끌어짐에 의한 사고
7077,Y,Apparently Normal,No Misuse,N,No Injury,d28136f9-1152-4282-abe0-baf12c60d78e,D,MCP1382001Z,Shoulder/Lap Belt(s),M,15db89d1-c0d5-4ec6-a14b-fdad4c6d90e8,Same Direction Sideswipe,N,Non Intersection,Right Turn Lane,Daylight,No Defects,"Two-way, Not Divided",Dry,Clear,Six o'clock,Transit Bus,Functional,N,Stopped in Traffic Lane,2015-02-19 13:54,35,38.99263333,-77.02410667,2,0,기타,자차 사고
7078,N,Apparently Normal,No Misuse,Y,No Injury,cd6e0ac2-ec53-4135-8a8a-99859f123cff,D,MCP1382001Z,Shoulder/Lap Belt(s),M,fd19904f-4966-44a1-825f-a3858c66406f,Same Direction Sideswipe,N,Non Intersection,Right Turn Lane,Daylight,No Defects,"Two-way, Not Divided",Dry,Clear,Two o'clock,Van,Functional,N,Changing Lanes,2015-02-19 13:54,36,38.99263333,-77.02410667,2,0,기타,자차 사고
7079,Y,Apparently Normal,No Misuse,Y,No Injury,ae821666-69a4-4b50-bc14-ccb9355b3f45,D,MCP1417002D,Shoulder/Lap Belt(s),M,02fef62c-4389-4390-8935-0dcf24302304,Single Vehicle ,N,Non Intersection,Right Turn Lane,Daylight,No Defects,"Two-way, Not Divided",Ice,Snow,Underside,School Bus,Disabling,N,Skidding,2015-01-21 15:17,62,39.172275,-77.14401833,0,2,눈길사고,미끌어짐에 의한 사고
7080,N,Apparently Normal,No Misuse,N,No Injury,32e20929-791b-46d7-ba09-63029daaf50c,D,MCP1417002G,Shoulder/Lap Belt(s),M,c3e129a2-a57f-45e0-adfd-ab2092c76cb2,Head On Left Turn,N,Intersection,Right Turn Lane,Daylight,No Defects,"Two-way, Divided, Unprotected (painted >4 feet) Median",Wet,Clear,Seven o'clock,Passenger Car,Functional,N,Stopped in Traffic Lane,2015-01-30 7:35,55,39.13975333,-77.13292167,3,1,우회전 차선 사고,등속 주행 중 측면 추돌 사고
7081,Y,Apparently Normal,No Misuse,Y,No Injury,63cdd3e1-2159-40dc-9687-028a8efc7525,D,MCP1417002G,Shoulder/Lap Belt(s),M,37585ea8-bd30-4297-a6c6-22a7e3b584c1,Head On Left Turn,N,Intersection,Right Turn Lane,Daylight,No Defects,"Two-way, Divided, Unprotected (painted >4 feet) Median",Wet,Clear,Eight o'clock,School Bus,Functional,N,Making Left Turn,2015-01-30 7:35,72,39.13975333,-77.13292167,3,1,우회전 차선 사고,등속 주행 중 측면 추돌 사고
7082,Y,Apparently Normal,No Misuse,Y,No Injury,5563a040-7545-4068-beec-139017a8ebdd,D,MCP1417002J,Shoulder/Lap Belt(s),M,56f54c27-0b76-424e-b558-a2187163e9e3,Same Direction Sideswipe,N,Intersection Related,Acceleration Lane,Daylight,No Defects,"Two-way, Divided, Positive Median Barrier",Wet,Raining,Four o'clock,"Medium/Heavy Truck 2 axles (10,000 lbs (4,536 kg) or less)",Functional,N,Changing Lanes,2015-02-09 9:30,36,39.12315221,-77.1767664,4,0,빗길사고,등속 주행 중 사고
7083,N,Apparently Normal,No Misuse,Y,Possible Incapacitating Injury,4e1461e7-c1a6-4365-99f3-0fce42405714,D,MCP1417002J,Shoulder/Lap Belt(s),M,ca16bed6-a1a0-4ee1-9ad4-db94b6f5df67,Same Direction Sideswipe,N,Intersection Related,Acceleration Lane,Daylight,No Defects,"Two-way, Divided, Positive Median Barrier",Wet,Raining,Nine o'clock,Passenger Car,Disabling,N,Moving Constant Speed,2015-02-09 9:30,47,39.12315221,-77.1767664,4,2,빗길사고,동일 방향 운행 중 추돌 사고
7084,Y,Apparently Normal,No Misuse,N,No Injury,994d5374-8895-4a54-8ffc-d64171947c85,D,MCP1417002Q,Shoulder/Lap Belt(s),M,e98725f9-a052-4ee0-8611-40588840cff3,Same Direction Sideswipe,N,Intersection,Right Turn Lane,Dawn,No Defects,"Two-way, Divided, Unprotected (painted >4 feet) Median",Dry,Clear,Ten o'clock,Transit Bus,Functional,N,Moving Constant Speed,2015-02-18 6:53,58,39.14598359,-77.22824335,3,2,우회전 차선 사고,기타
7085,N,Apparently Normal,No Misuse,Y,No Injury,58d74d4c-806a-466a-86d1-64d3621b2a40,D,MCP1417002Q,Shoulder/Lap Belt(s),M,d18e9b07-6165-4c3b-beab-10a59d83c644,Same Direction Sideswipe,N,Intersection,Right Turn Lane,Dawn,No Defects,"Two-way, Divided, Unprotected (painted >4 feet) Median",Dry,Clear,Two o'clock,Passenger Car,Functional,N,Changing Lanes,2015-02-18 6:53,27,39.14598359,-77.22824335,3,1,우회전 차선 사고,등속 주행 중 측면 추돌 사고
7086,N,Apparently Normal,No Misuse,N,No Injury,7080c2cc-1566-4510-b3a2-65133b58c7b2,D,MCP1417002S,Shoulder/Lap Belt(s),M,b73abb7a-22e6-4516-8fa6-27d05b717000,Same Direction Rear End,N,Intersection Related,Left Turn Lane,Daylight,No Defects,"Two-way, Divided, Positive Median Barrier",Dry,Clear,Six o'clock,Passenger Car,Functional,N,Stopped in Traffic Lane,2015-02-24 8:21,57,39.14983178,-77.21467137,1,2,좌회전 차선 사고,기타
7087,N,Apparently Normal,No Misuse,Y,No Injury,2d21b9a2-050c-40fe-9e20-92b7ed135f47,D,MCP1417002S,Shoulder/Lap Belt(s),M,a0972b73-1598-4a03-892b-6b29e71414e9,Same Direction Rear End,N,Intersection Related,Left Turn Lane,Daylight,No Defects,"Two-way, Divided, Positive Median Barrier",Dry,Clear,Twelve o'clock,Passenger Car,Functional,N,Starting From Lane,2015-02-24 8:21,20,39.14983178,-77.21467137,1,3,좌회전 차선 사고,감속 중 사고
7088,N,Apparently Normal,No Misuse,N,No Injury,8eb4acd8-a8a7-4d79-87ad-d526a17f5c72,D,MCP1417002V,Shoulder/Lap Belt(s),M,19accf53-4c40-4f07-97ac-f36f1bc728a7,Same Direction Sideswipe,N,Intersection Related,Left Turn Lane,Daylight,No Defects,"Two-way, Divided, Positive Median Barrier",Wet,Clear,Ten o'clock,Pickup Truck,No Damage,N,Moving Constant Speed,2015-03-02 10:14,63,39.17171879,-77.2361505,1,0,좌회전 차선 사고,등속 주행 중 측면 추돌 사고
7089,N,Apparently Normal,No Misuse,Y,No Injury,e472efbe-eacf-4a62-ad06-0b305ec5d157,D,MCP14650010,Shoulder/Lap Belt(s),M,b8fde6b4-ba00-45dd-bdc5-b8860225fd22,Single Vehicle ,N,Non Intersection,Right Turn Lane,Daylight,No Defects,"Two-way, Not Divided",Wet,Clear,Twelve o'clock,"Cargo Van/Light Truck 2 axles (10,000 lbs (4,536 kg) or less)",Disabling,N,Moving Constant Speed,2015-01-07 8:54,38,39.131435,-77.14779,2,2,기타,기타
7090,N,Apparently Normal,No Misuse,Y,No Injury,69c5bfa1-cb66-4c38-a85c-84bd2541c763,D,MCP14770005,Shoulder/Lap Belt(s),M,81196b57-2700-4156-9d8f-5380e6439ba1,Same Direction Rear End,N,Intersection Related,Right Turn Lane,Daylight,No Defects,"Two-way, Divided, Unprotected (painted >4 feet) Median",Dry,Clear,Twelve o'clock,Passenger Car,Superficial,N,Slowing or Stopping,2015-01-05 14:59,59,39.06148833,-76.96162333,3,3,우회전 차선 사고,동일 방향 운행 중 추돌 사고
7091,N,Apparently Normal,No Misuse,N,Possible Incapacitating Injury,c9c18101-d7f1-4849-997d-c44850ac5f6a,D,MCP14770005,Shoulder/Lap Belt(s),M,275f06de-5e7f-478c-9741-353c857040e9,Same Direction Rear End,N,Intersection Related,Right Turn Lane,Daylight,No Defects,"Two-way, Divided, Unprotected (painted >4 feet) Median",Dry,Clear,Six o'clock,Passenger Car,Superficial,N,Slowing or Stopping,2015-01-05 14:59,64,39.06148833,-76.96162333,3,3,우회전 차선 사고,동일 방향 운행 중 추돌 사고
7092,N,Apparently Normal,No Misuse,Y,No Injury,a4fae64d-8685-4a0a-8f20-1e3247b57c05,D,MCP1502000B,Shoulder/Lap Belt(s),M,5fd23c8f-4540-4ace-ad1d-7e99f11b0404,Opposite Direction Sideswipe,N,Non Intersection,Right Turn Lane,Daylight,No Defects,"Two-way, Not Divided",Wet,Clear,Eleven o'clock,Passenger Car,Functional,N,Moving Constant Speed,2015-01-23 8:08,45,39.13566167,-77.12469667,2,2,기타,기타
7093,N,Apparently Normal,No Misuse,Y,No Injury,081d34df-9a62-40f7-8c86-fcd53a88b122,D,MCP1502000C,Shoulder/Lap Belt(s),M,c6a4a74c-7111-46e3-b754-ce2596c5efd4,Single Vehicle ,N,Intersection,Right Turn Lane,Daylight,No Defects,"Two-way, Not Divided",Dry,Clear,Eleven o'clock,Van,Disabling,N,Changing Lanes,2015-01-31 8:58,52,39.13797,-77.17918,3,1,우회전 차선 사고,등속 주행 중 측면 추돌 사고
7094,N,Apparently Normal,No Misuse,N,No Injury,be036401-a5c4-4964-a825-d6812b321bbe,D,MCP1564000J,Shoulder/Lap Belt(s),M,ec91f3f9-e80d-4718-af5a-c50e382de8ee,Same Direction Rear End,N,Intersection Related,Right Turn Lane,Daylight,No Defects,"Two-way, Divided, Positive Median Barrier",Dry,Clear,Six o'clock,"Other Light Trucks (10,000 lbs (4,536 kg))",Superficial,N,Slowing or Stopping,2015-01-23 11:38,58,39.14415,-77.04482,3,3,우회전 차선 사고,동일 방향 운행 중 추돌 사고
7095,N,Apparently Normal,No Misuse,N,No Injury,c2a302ae-23a6-418e-a168-36800c01e64d,D,MCP15700001,Shoulder/Lap Belt(s),M,6f5ff2a6-7eb6-41f2-950a-95474f6ddf04,Angle Meets Right Turn,N,Commercial Driveway,Right Turn Lane,Daylight,No Defects,"Two-way, Divided, Positive Median Barrier",Dry,Clear,One o'clock,Passenger Car,Disabling,N,Moving Constant Speed,2015-02-08 12:21,30,39.05682667,-77.08149167,3,2,우회전 차선 사고,기타
7096,Y,Apparently Normal,No Misuse,N,No Injury,7fba3811-55a5-4df9-af12-59d317132529,D,MCP16040009,Shoulder/Lap Belt(s),M,2403b2f3-8b80-4a50-bdef-db69415e9e58,Same Direction Rear End,N,Non Intersection,Right Turn Lane,Daylight,No Defects,"Two-way, Divided, Unprotected (painted >4 feet) Median",Ice,Blowing Snow,Six o'clock,Other Bus,No Damage,N,Stopped in Traffic Lane,2015-02-15 7:50,53,39.12684767,-77.17363358,0,1,눈길사고,등속 주행 사고
7097,N,Apparently Normal,No Misuse,Y,No Injury,35f9cf36-6165-4007-ac0e-63ad22ae84f7,D,MCP16040009,Shoulder/Lap Belt(s),M,05e61292-f3d3-468c-bd0c-4a967a4d3d6b,Same Direction Rear End,N,Non Intersection,Right Turn Lane,Daylight,No Defects,"Two-way, Divided, Unprotected (painted >4 feet) Median",Ice,Blowing Snow,Twelve o'clock,Passenger Car,Disabling,N,Slowing or Stopping,2015-02-15 7:50,24,39.12684767,-77.17363358,0,1,눈길사고,등속 주행 사고
7098,N,Apparently Normal,No Misuse,N,Non-incapacitating Injury,ce7e69d6-5d69-40f4-a074-d015b26d2ec2,D,MCP1604000B,Shoulder/Lap Belt(s),M,eceed192-8c7a-444a-9f73-a0d11f52302d,Same Direction Rear End,N,Non Intersection,Left Turn Lane,Daylight,No Defects,"Two-way, Divided, Positive Median Barrier",Snow,Snow,Six o'clock,Van,Superficial,N,Stopped in Traffic Lane,2015-02-21 10:30,53,39.12286921,-77.17841864,0,1,눈길사고,등속 주행 사고
7099,N,Apparently Normal,No Misuse,N,No Injury,646ded00-49f4-4d87-95a4-a170e922491c,D,MCP20030007,Shoulder/Lap Belt(s),M,c0655ae8-b0e7-4a2d-813f-d9044e2859c5,Single Vehicle ,N,Non Intersection,Right Turn Lane,Dark Lights On,No Defects,"Two-way, Not Divided",Wet,Clear,Ten o'clock,Police Vehicle/Non Emergency,Superficial,N,Moving Constant Speed,2015-01-27 23:45,38,39.04341333,-77.08563333,2,2,기타,기타
7100,N,Apparently Normal,No Misuse,N,No Injury,7733b1f1-1294-4a15-8eb5-78da2325b5ec,D,MCP2008000W,Shoulder/Lap Belt(s),M,baa2e957-15da-445e-9087-a94fa15caa2d,Same Movement Angle,N,Intersection,Right Turn Lane,Dark Lights On,No Defects,"Two-way, Divided, Positive Median Barrier",Dry,Clear,Twelve o'clock,Passenger Car,Disabling,N,Moving Constant Speed,2015-03-02 18:36,50,38.96823167,-77.10864833,3,0,우회전 차선 사고,기타
7101,N,Apparently Normal,No Misuse,Y,No Injury,0f1be836-5404-4728-a669-088480f6168a,D,MCP2008000W,Shoulder/Lap Belt(s),M,60b6d8b8-ff7a-44f1-bcae-5d1a2c7729fb,Same Movement Angle,N,Intersection,Right Turn Lane,Dark Lights On,No Defects,"Two-way, Divided, Positive Median Barrier",Dry,Clear,Eleven o'clock,Passenger Car,Disabling,N,Making Left Turn,2015-03-02 18:36,66,38.96823167,-77.10864833,3,0,우회전 차선 사고,기타
7102,N,Apparently Normal,No Misuse,N,No Injury,c837b756-eaf1-4606-8a20-faa73e90434f,D,MCP2010000X,Shoulder/Lap Belt(s),M,0864bc8e-1fa8-4291-9954-56c5f7ef402b,Same Movement Angle,N,Intersection,Left Turn Lane,Dawn,No Defects,"Two-way, Divided, Positive Median Barrier",Ice,Wintry Mix,Five o'clock,Passenger Car,Functional,N,Moving Constant Speed,2015-03-05 6:56,40,39.04467833,-77.111325,1,0,좌회전 차선 사고,등속 주행 중 측면 추돌 사고
7103,N,Apparently Normal,No Misuse,Y,No Injury,e73fd5ca-67b8-4716-a4bc-29c654097279,D,MCP2046003D,Shoulder/Lap Belt(s),M,e7915a7a-edfa-4385-889d-375d4d399fa0,Single Vehicle ,N,Non Intersection,Right Turn Lane,Dark Lights On,No Defects,"Two-way, Not Divided",Wet,Clear,Twelve o'clock,Police Vehicle/Non Emergency,Superficial,N,Moving Constant Speed,2015-01-25 1:30,48,39.21857283,-77.23866105,2,2,기타,기타
7104,N,Apparently Normal,No Misuse,N,No Injury,cefbdb5b-55d5-4095-a6a2-002e66cd5983,D,MCP2059001K,Shoulder/Lap Belt(s),M,b647d28b-3ef6-45e6-b77b-b154226283ec,Same Direction Rear End,N,Non Intersection,Left Turn Lane,Daylight,No Defects,"Two-way, Divided, Unprotected (painted >4 feet) Median",Wet,Cloudy,Six o'clock,Passenger Car,Superficial,N,Stopped in Traffic Lane,2015-02-20 10:01,45,39.00467824,-77.09735155,4,3,빗길사고,기타
7105,N,Apparently Normal,No Misuse,Y,Possible Incapacitating Injury,87c29c57-dc1f-4d2e-89ab-c93d7cda16fb,D,MCP2059001K,Shoulder/Lap Belt(s),M,8df532ad-5428-4232-adef-b0f3d330d805,Same Direction Rear End,N,Non Intersection,Left Turn Lane,Daylight,No Defects,"Two-way, Divided, Unprotected (painted >4 feet) Median",Wet,Cloudy,Twelve o'clock,Passenger Car,Functional,N,Slowing or Stopping,2015-02-20 10:01,24,39.00467824,-77.09735155,4,3,빗길사고,기타
7106,N,Apparently Normal,No Misuse,N,No Injury,27ed42b0-69ef-477a-949e-eb7832da4157,D,MCP2064000F,Shoulder/Lap Belt(s),M,233f3d5b-9647-4281-906f-46bc374b6f6c,Same Direction Sideswipe,N,Intersection Related,Right Turn Lane,Daylight,No Defects,"Two-way, Divided, Positive Median Barrier",Wet,Clear,One o'clock,Passenger Car,Functional,N,Accelerating,2015-01-06 15:17,23,39.05289167,-77.05030667,4,0,빗길사고,등속 주행 중 사고
7107,N,Apparently Normal,No Misuse,Y,No Injury,94596f17-9ad2-475f-b622-62188de43c40,D,MCP2064000F,Shoulder/Lap Belt(s),M,2b1ab009-5983-4e21-a4b3-c256b4587ca3,Same Direction Sideswipe,N,Intersection Related,Right Turn Lane,Daylight,No Defects,"Two-way, Divided, Positive Median Barrier",Wet,Clear,Twelve o'clock,Passenger Car,Functional,N,Accelerating,2015-01-06 15:17,29,39.05289167,-77.05030667,4,0,빗길사고,등속 주행 중 사고
7108,N,Apparently Normal,No Misuse,N,No Injury,2f2e596c-ebc0-45c8-b158-ff4ad659af51,D,MCP2077000Q,Shoulder/Lap Belt(s),M,88398eb8-2891-4a6f-8218-15e2de211c73,Same Direction Rear End,N,Intersection Related,Left Turn Lane,Daylight,No Defects,"Two-way, Divided, Positive Median Barrier",Dry,Clear,Seven o'clock,(Sport) Utility Vehicle,Superficial,N,Stopped in Traffic Lane,2015-02-03 12:20,58,39.017115,-77.00634833,1,2,좌회전 차선 사고,기타
7109,N,Apparently Normal,No Misuse,Y,No Injury,ceecfb50-f972-4959-bc25-a48d88fd13c2,D,MCP2107000C,Shoulder/Lap Belt(s),M,e8a9111a-c3a4-4091-a82f-18673f5166c1,Single Vehicle ,N,Non Intersection,Right Turn Lane,Daylight,No Defects,"Two-way, Divided, Positive Median Barrier",Dry,Cloudy,Twelve o'clock,Passenger Car,Disabling,N,Slowing or Stopping,2015-02-28 10:13,36,39.06816167,-76.95902833,2,1,기타,등속 주행 사고
7110,N,Apparently Normal,No Misuse,N,No Injury,640b7bb8-39bb-405d-9379-037b6c8f9074,D,MCP2116001K,Shoulder/Lap Belt(s),M,fb69271d-5cde-4efc-93e0-e59882222307,Same Direction Rear End,N,Intersection,Right Turn Lane,Daylight,No Defects,"Two-way, Not Divided",Dry,Clear,Six o'clock,Passenger Car,Functional,N,Stopped in Traffic Lane,2015-02-13 8:43,60,39.04701167,-77.1997,3,3,우회전 차선 사고,동일 방향 운행 중 추돌 사고
7111,N,Apparently Normal,No Misuse,Y,No Injury,0be28390-47e2-4229-a436-674a00bd8fde,D,MCP2116001K,Shoulder/Lap Belt(s),M,561e9d14-1551-4b21-843d-6f22c638330b,Same Direction Rear End,N,Intersection,Right Turn Lane,Daylight,No Defects,"Two-way, Not Divided",Dry,Clear,Twelve o'clock,Passenger Car,Disabling,N,Moving Constant Speed,2015-02-13 8:43,46,39.04701167,-77.1997,3,2,우회전 차선 사고,기타
7112,N,Apparently Normal,No Misuse,Y,No Injury,afc7630d-2fa1-48d9-a98b-419117995990,D,MCP2116001Q,Shoulder/Lap Belt(s),M,505a36dd-9079-42e1-a923-07bf7c607dc3,Single Vehicle ,N,Intersection,Right Turn Lane,Daylight,No Defects,"Two-way, Not Divided",Wet,Cloudy,Twelve o'clock,Passenger Car,Disabling,N,Accelerating,2015-03-11 9:22,27,39.04387167,-77.19253333,4,0,빗길사고,등속 주행 중 사고
7113,N,Apparently Normal,No Misuse,N,No Injury,bd34a9f5-f4de-40b0-9142-803c59845d66,D,MCP2116001S,Shoulder/Lap Belt(s),M,863794aa-8def-45d1-ae3c-3bb226aa558a,Same Direction Rear End,N,Intersection,Right Turn Lane,Daylight,No Defects,"Two-way, Not Divided",Dry,Cloudy,Twelve o'clock,Passenger Car,Functional,N,Stopped in Traffic Lane,2015-03-26 9:09,61,39.089718,-77.138927,3,3,우회전 차선 사고,동일 방향 운행 중 추돌 사고
7114,Y,Apparently Normal,No Misuse,Y,No Injury,d7a75b41-cac7-4960-900b-1fca224f78ef,D,MCP2116001S,Shoulder/Lap Belt(s),M,6d0b5047-515a-45aa-9b83-f57e8f49124e,Same Direction Rear End,N,Intersection,Right Turn Lane,Daylight,No Defects,"Two-way, Not Divided",Dry,Cloudy,Six o'clock,Ambulance/Non Emergency,No Damage,N,Backing,2015-03-26 9:09,48,39.089718,-77.138927,3,3,우회전 차선 사고,동일 방향 운행 중 추돌 사고
7115,N,Apparently Normal,No Misuse,Y,No Injury,5348383f-9812-4410-a9b4-b7a08aa74881,D,MCP2162000W,Shoulder/Lap Belt(s),M,4768080d-16b6-4b7b-9107-bde9c7533bee,Single Vehicle ,N,Non Intersection,Right Turn Lane,Daylight,No Defects,"Two-way, Not Divided",Ice,Clear,Two o'clock,Pickup Truck,Disabling,N,Moving Constant Speed,2015-02-15 15:26,22,39.12925833,-77.01668,2,2,기타,기타
7116,N,Apparently Normal,No Misuse,N,No Injury,0ea74a0a-c85a-4fab-8161-782c37fb0b86,D,MCP2181000C,Shoulder/Lap Belt(s),M,655b3439-b614-4667-ada2-3743fe81d0df,Head On Left Turn,N,Intersection,Right Turn Lane,Daylight,No Defects,"Two-way, Not Divided",Wet,Raining,One o'clock,(Sport) Utility Vehicle,Functional,N,Moving Constant Speed,2015-01-03 12:00,31,39.05003833,-77.18844667,4,2,빗길사고,동일 방향 운행 중 추돌 사고
7117,N,Apparently Normal,No Misuse,Y,No Injury,1f0a08ac-289f-4d89-9476-ee533e22fa8a,D,MCP2181000C,Shoulder/Lap Belt(s),M,adc6e106-ba80-4035-ad22-60513d523ea2,Head On Left Turn,N,Intersection,Right Turn Lane,Daylight,No Defects,"Two-way, Not Divided",Wet,Raining,Two o'clock,Passenger Car,Disabling,N,Making Left Turn,2015-01-03 12:00,70,39.05003833,-77.18844667,4,0,빗길사고,등속 주행 중 사고
7118,N,Apparently Normal,No Misuse,N,No Injury,f5e581cd-dda2-47f8-ad4d-462ec7e5d253,D,MCP2198000S,Shoulder/Lap Belt(s),M,3b5fac3a-829b-4594-b0da-2239b49ec403,Same Direction Rear End,N,Intersection,Right Turn Lane,Dark Lights On,No Defects,"Two-way, Divided, Positive Median Barrier",Dry,Clear,Six o'clock,Passenger Car,Functional,N,Stopped in Traffic Lane,2015-01-15 21:49,45,39.16123,-77.22244667,3,3,우회전 차선 사고,동일 방향 운행 중 추돌 사고
7119,N,Had Been Drinking,No Misuse,Y,No Injury,f037b036-dbbe-4527-ad1e-3e8c1fe70396,D,MCP2198000S,Shoulder/Lap Belt(s),M,56fc322b-5574-4006-a750-f2821ee34e4d,Same Direction Rear End,N,Intersection,Right Turn Lane,Dark Lights On,No Defects,"Two-way, Divided, Positive Median Barrier",Dry,Clear,Twelve o'clock,Passenger Car,Functional,N,Slowing or Stopping,2015-01-15 21:49,67,39.16123,-77.22244667,3,3,우회전 차선 사고,동일 방향 운행 중 추돌 사고
7120,N,Apparently Normal,No Misuse,N,No Injury,ff8849b1-6f7c-478f-8d66-41339bde4d3a,D,MCP21990003,Shoulder/Lap Belt(s),M,dfc0e47f-8d60-435a-a58c-800fa3a54fab,Opposite Direction Sideswipe,N,Non Intersection,Right Turn Lane,Daylight,No Defects,"Two-way, Not Divided",Dry,Cloudy,Nine o'clock,Pickup Truck,Functional,N,Moving Constant Speed,2015-03-25 10:14,28,39.23834,-77.23542167,2,2,기타,기타
7121,N,Apparently Normal,No Misuse,Y,No Injury,773ce291-be70-46dd-a5c4-a7c5c1286ddb,D,MCP21990003,Shoulder/Lap Belt(s),M,0a0b9f3b-45cb-4618-899a-a735613a9d8b,Opposite Direction Sideswipe,N,Non Intersection,Right Turn Lane,Daylight,No Defects,"Two-way, Not Divided",Dry,Cloudy,Nine o'clock,Van,Functional,N,Moving Constant Speed,2015-03-25 10:14,58,39.23834,-77.23542167,2,2,기타,기타
7122,Y,Apparently Normal,No Misuse,N,No Injury,07dc5c94-430f-40b3-a5fb-0cb84f879640,D,MCP2201000C,Shoulder Belt Only,M,06376f14-5deb-4df6-bae2-7b96dc38a82a,Same Movement Angle,N,Non Intersection,Acceleration Lane,Dark Lights On,No Defects,"Two-way, Divided, Positive Median Barrier",Wet,Wintry Mix,Twelve o'clock,Transit Bus,Functional,N,Starting From Parked,2015-03-04 20:21,44,38.99446429,-77.02791452,4,1,빗길사고,자차 사고
7123,N,Apparently Normal,No Misuse,N,No Injury,d145b74e-8ae5-4aa6-9f09-0d74e23f9440,D,MCP2201000D,Shoulder/Lap Belt(s),M,50ba4805-8ba4-4841-b92e-98870f741850,Same Direction Rear End Left Turn,N,Intersection,Right Turn Lane,Dark Lights On,No Defects,"Two-way, Divided, Positive Median Barrier",Dry,Clear,Seven o'clock,Passenger Car,Functional,N,Making Left Turn,2015-03-17 21:11,56,39.01943376,-77.04425454,3,1,우회전 차선 사고,등속 주행 중 측면 추돌 사고
7124,N,Apparently Normal,No Misuse,Y,No Injury,7e3707f4-f34f-4d1c-8ed1-b0dbc870882b,D,MCP2201000D,Shoulder/Lap Belt(s),M,2e2b1bfb-763e-45a6-95c9-da45d27d2b2c,Same Direction Rear End Left Turn,N,Intersection,Right Turn Lane,Dark Lights On,No Defects,"Two-way, Divided, Positive Median Barrier",Dry,Clear,Twelve o'clock,Passenger Car,Disabling,N,Moving Constant Speed,2015-03-17 21:11,24,39.01943376,-77.04425454,3,2,우회전 차선 사고,기타
7125,N,Apparently Normal,No Misuse,Y,No Injury,701f0bb4-fc29-424b-a60f-3d831e4f099e,D,MCP2231000V,Shoulder/Lap Belt(s),M,09a4b87a-0835-43f6-9ca0-2019ac890611,Single Vehicle ,N,Non Intersection,Right Turn Lane,Daylight,No Defects,"Two-way, Divided, Unprotected (painted >4 feet) Median",Wet,Raining,Twelve o'clock,Passenger Car,Functional,N,Accelerating,2015-01-03 14:53,31,38.97798667,-77.205545,4,0,빗길사고,등속 주행 중 사고
7126,N,Apparently Normal,No Misuse,N,No Injury,21fe5c60-5b73-4e82-b920-01a231b81acc,D,MCP22310011,Shoulder/Lap Belt(s),M,e0b12fde-03de-4198-b968-7afee63df7c0,Same Direction Left Turn,N,Intersection Related,Acceleration Lane,Daylight,No Defects,"Two-way, Divided, Positive Median Barrier",Dry,Cloudy,One o'clock,Passenger Car,Functional,N,Stopped in Traffic Lane,2015-03-10 8:20,30,38.97482167,-77.12497667,1,2,좌회전 차선 사고,기타
7127,N,Apparently Normal,No Misuse,Y,No Injury,c7445e6d-913c-42ed-8a42-ad88a8c41783,D,MCP2251000Q,Shoulder/Lap Belt(s),M,bd0d9804-74bc-4b0f-8bae-b37a94ea47ff,Head On,N,Intersection,Left Turn Lane,Daylight,No Defects,"Two-way, Not Divided",Snow,Snow,Eleven o'clock,Passenger Car,Disabling,N,Moving Constant Speed,2015-02-17 8:46,55,39.11886167,-77.02138,0,0,눈길사고,감속 중 사고
7128,Y,Apparently Normal,No Misuse,N,Non-incapacitating Injury,170ce453-484d-4529-af50-9198bb6df0d1,D,MCP2251000Q,Shoulder/Lap Belt(s),M,28f27327-5986-4836-b5c8-7d7d9e1e1ea5,Head On,N,Intersection,Left Turn Lane,Daylight,No Defects,"Two-way, Not Divided",Snow,Snow,Twelve o'clock,"Other Light Trucks (10,000 lbs (4,536 kg))",Destroyed,N,Moving Constant Speed,2015-02-17 8:46,23,39.11886167,-77.02138,0,0,눈길사고,감속 중 사고