KEY_INDEX,CDL_FLAG,CONDITION_CODE,EQUIP_PROB_CODE,FAULT_FLAG,INJ_SEVER_CODE,PERSON_ID,PERSON_TYPE,REPORT_NO,SAF_EQUIP_CODE,SEX_CODE,VEHICLE_ID,COLLISION_TYPE_CODE,C_M_ZONE_FLAG,JUNCTION_CODE,LANE_CODE,LIGHT_CODE,RD_COND_CODE,RD_DIV_CODE,SURF_COND_CODE,WEATHER_CODE,AREA_DAMAGED_CODE_MAIN,BODY_TYPE_CODE,DAMAGE_CODE,HIT_AND_RUN_FLAG,MOVEMENT_CODE,TIME,AGE,LATITUDE,LONGITUDE,CLUSTER,SECOND_LABEL,FIRST_LABEL,SECOND_LABELING
7129,Y,Apparently Normal,No Misuse,N,No Injury,0ee3e096-3689-487c-bc18-46361ce81f45,D,MCP2252000R,Shoulder/Lap Belt(s),M,01179bac-b22c-4a8f-9364-9574d870ffb0,Same Direction Sideswipe,N,Non Intersection,Right Turn Lane,Daylight,No Defects,"Two-way, Divided, Unprotected (painted >4 feet) Median",Dry,Clear,Ten o'clock,Other Bus,Superficial,N,Stopped in Traffic Lane,2015-02-12 14:04,63,39.0867032,-77.15290546,2,0,기타,자차 사고
7130,N,Apparently Normal,No Misuse,N,No Injury,cdcdbfa6-c4b9-4ab0-8095-d46c4f88550c,D,MCP2252000S,Shoulder/Lap Belt(s),M,aa1458e3-3a3e-497d-8bc9-64e259197a50,Same Direction Right Turn,N,Commercial Driveway,Deceleration Lane,Daylight,No Defects,"Two-way, Divided, Unprotected (painted >4 feet) Median",Dry,Clear,Eleven o'clock,(Sport) Utility Vehicle,Destroyed,N,Moving Constant Speed,2015-02-20 12:28,54,39.112855,-77.15626167,1,0,좌회전 차선 사고,등속 주행 중 측면 추돌 사고
7131,N,Apparently Normal,No Misuse,N,No Injury,4dc56110-1521-41a6-848b-ed1fe009a564,D,MCP2252000S,Shoulder/Lap Belt(s),M,55f7becc-cfc2-45cc-ab5c-6420561146d9,Same Direction Right Turn,N,Commercial Driveway,Deceleration Lane,Daylight,No Defects,"Two-way, Divided, Unprotected (painted >4 feet) Median",Dry,Clear,Eleven o'clock,(Sport) Utility Vehicle,Superficial,N,Making Left Turn,2015-02-20 12:28,36,39.112855,-77.15626167,1,1,좌회전 차선 사고,등속 주행 사고
7132,N,Apparently Normal,No Misuse,Y,No Injury,906f88cf-17b9-4278-b8d5-5ce4081150f3,D,MCP2252000S,Shoulder/Lap Belt(s),M,3d05e385-c00e-4489-b7f6-94d902da9b3c,Same Direction Right Turn,N,Commercial Driveway,Deceleration Lane,Daylight,No Defects,"Two-way, Divided, Unprotected (painted >4 feet) Median",Dry,Clear,One o'clock,Passenger Car,Superficial,N,Moving Constant Speed,2015-02-20 12:28,23,39.112855,-77.15626167,1,0,좌회전 차선 사고,등속 주행 중 측면 추돌 사고
7133,N,Apparently Normal,No Misuse,N,No Injury,9ff3c1b1-2d5c-4705-9a4d-ce26abf39188,D,MCP22860009,Shoulder/Lap Belt(s),M,f9c9158a-7d7e-4f83-8ea5-35f0eff50c15,Same Movement Angle,N,Intersection,Right Turn Lane,Dusk,No Defects,"Two-way, Divided, Positive Median Barrier",Dry,Clear,Ten o'clock,Passenger Car,Disabling,N,Moving Constant Speed,2015-01-28 17:37,75,39.115155,-77.17829333,3,0,우회전 차선 사고,기타
7134,N,Apparently Normal,No Misuse,N,No Injury,b87efdc8-8c06-4d13-8369-d48af32dba8d,D,MCP22860009,Shoulder/Lap Belt(s),M,1dabfbd3-7115-416e-a9e1-071bd1432b2b,Same Movement Angle,N,Intersection,Right Turn Lane,Dusk,No Defects,"Two-way, Divided, Positive Median Barrier",Dry,Clear,Twelve o'clock,Passenger Car,Functional,N,Moving Constant Speed,2015-01-28 17:37,48,39.115155,-77.17829333,3,0,우회전 차선 사고,기타
7135,N,Apparently Normal,No Misuse,Y,No Injury,1d8d3f6d-f858-4462-a7ca-980bfed716f3,D,MCP22910011,Shoulder/Lap Belt(s),M,a45a2865-8029-4aaa-a0b9-8e6252d475e0,Same Direction Sideswipe,N,Intersection Related,Left Turn Lane,Dark Lights On,No Defects,"Two-way, Divided, Positive Median Barrier",Dry,Clear,Five o'clock,Transit Bus,No Damage,N,Making Left Turn,2015-02-24 18:51,48,38.99597833,-77.074925,1,1,좌회전 차선 사고,등속 주행 사고
7136,N,Apparently Normal,No Misuse,N,Non-incapacitating Injury,7cc41152-2f86-461b-961f-9012c4bf6564,D,MCP22910012,Shoulder/Lap Belt(s),M,cabeb2a1-fbdc-48e6-ac4f-67365123bc6e,Same Direction Rear End,N,Non Intersection,Right Turn Lane,Daylight,No Defects,"Two-way, Not Divided",Dry,Clear,Six o'clock,Passenger Car,Functional,N,Slowing or Stopping,2015-03-17 17:58,25,39.16934667,-77.264415,2,1,기타,등속 주행 사고
7137,N,Apparently Normal,No Misuse,N,No Injury,509c3b17-e8cb-476c-8d51-732b51f4b46d,D,MCP22980040,Shoulder/Lap Belt(s),M,15fd20bb-017e-4baf-b206-035d99536349,Same Direction Rear End,N,Intersection Related,Right Turn Lane,Daylight,No Defects,"Two-way, Divided, Positive Median Barrier",Dry,Clear,Six o'clock,Passenger Car,Superficial,N,Stopped in Traffic Lane,2015-01-15 16:28,50,39.18081167,-77.26907333,3,3,우회전 차선 사고,동일 방향 운행 중 추돌 사고
7138,N,Apparently Normal,No Misuse,Y,No Injury,83d39eeb-c421-4ea8-b64c-0810bd95648b,D,MCP22980040,Shoulder/Lap Belt(s),M,3a0007cb-9ce9-4740-9b7a-6c722d596506,Same Direction Rear End,N,Intersection Related,Right Turn Lane,Daylight,No Defects,"Two-way, Divided, Positive Median Barrier",Dry,Clear,Twelve o'clock,Passenger Car,Superficial,N,Slowing or Stopping,2015-01-15 16:28,49,39.18081167,-77.26907333,3,3,우회전 차선 사고,동일 방향 운행 중 추돌 사고
7139,N,Apparently Normal,No Misuse,N,No Injury,f96c0990-82b7-4ba9-b046-a6a69795390b,D,MCP22980045,Shoulder/Lap Belt(s),M,2ba7c446-4aa6-4d87-bac9-3ad9fce066de,Same Direction Sideswipe,N,Intersection Related,Acceleration Lane,Daylight,No Defects,"Two-way, Divided, Positive Median Barrier",Dry,Clear,One o'clock,"Cargo Van/Light Truck 2 axles (10,000 lbs (4,536 kg) or less)",Disabling,N,Moving Constant Speed,2015-01-27 15:44,55,39.20455731,-77.24557847,1,0,좌회전 차선 사고,등속 주행 중 측면 추돌 사고
7140,N,Apparently Normal,No Misuse,Y,No Injury,207f67f8-aaab-4afd-ada7-b8598145aac0,D,MCP22980045,Shoulder/Lap Belt(s),M,20903118-58af-45ae-9ba8-7081349c4b54,Same Direction Sideswipe,N,Intersection Related,Acceleration Lane,Daylight,No Defects,"Two-way, Divided, Positive Median Barrier",Dry,Clear,Twelve o'clock,(Sport) Utility Vehicle,Disabling,N,Entering Traffic Lane,2015-01-27 15:44,86,39.20455731,-77.24557847,1,1,좌회전 차선 사고,등속 주행 사고
7141,Y,Apparently Normal,No Misuse,N,No Injury,237f4319-da97-4bce-85c1-359404535c2a,D,MCP2298004T,Shoulder/Lap Belt(s),M,b885ee22-6584-475c-bb8b-5c4bbb2dd2d7,Same Direction Rear End,N,Non Intersection,Right Turn Lane,Daylight,No Defects,"Two-way, Not Divided",Snow,Snow,Six o'clock,Transit Bus,Functional,N,Slowing or Stopping,2015-03-05 14:36,45,39.1757028,-77.26795077,0,1,눈길사고,등속 주행 사고
7142,N,Apparently Normal,No Misuse,Y,No Injury,3f1bf977-9dfe-45b6-98a6-157d5645be0b,D,MCP2298004T,Shoulder/Lap Belt(s),M,1e3d3012-5889-4039-9b2e-62ad21372d85,Same Direction Rear End,N,Non Intersection,Right Turn Lane,Daylight,No Defects,"Two-way, Not Divided",Snow,Snow,Twelve o'clock,(Sport) Utility Vehicle,Disabling,N,Slowing or Stopping,2015-03-05 14:36,25,39.1757028,-77.26795077,0,1,눈길사고,등속 주행 사고
7143,N,Apparently Normal,No Misuse,N,No Injury,b9e133be-be89-40a0-a071-8dae919de2a7,D,MCP2298004X,Shoulder/Lap Belt(s),M,6709b47f-a1ee-49bd-9f19-00d30ef4429e,Same Direction Rear End,N,Intersection Related,Left Turn Lane,Daylight,No Defects,"Two-way, Divided, Positive Median Barrier",Dry,Clear,Six o'clock,Passenger Car,Superficial,N,Stopped in Traffic Lane,2015-03-18 13:53,20,39.20473833,-77.24565167,1,2,좌회전 차선 사고,기타
7144,Y,Apparently Normal,No Misuse,Y,No Injury,29df2b92-2568-496b-b5a7-abb2d81806d9,D,MCP2298004X,Shoulder/Lap Belt(s),M,fa915cf5-593b-4759-99de-89ab2e4b29c8,Same Direction Rear End,N,Intersection Related,Left Turn Lane,Daylight,No Defects,"Two-way, Divided, Positive Median Barrier",Dry,Clear,Twelve o'clock,School Bus,Superficial,N,Starting From Lane,2015-03-18 13:53,58,39.20473833,-77.24565167,1,3,좌회전 차선 사고,감속 중 사고
7145,N,Apparently Normal,No Misuse,Y,No Injury,00554e06-ce90-4036-843c-4672c6876846,D,MCP2298004Z,Shoulder/Lap Belt(s),M,cccc470f-fc2e-47fd-b56f-4dd2a3262d1c,Angle Meets Right Turn,N,Intersection,Right Turn Lane,Dusk,No Defects,"Two-way, Divided, Positive Median Barrier",Dry,Clear,Six o'clock,Van,Superficial,N,Making Right Turn,2015-03-23 19:28,46,39.18973667,-77.24154333,3,1,우회전 차선 사고,등속 주행 중 측면 추돌 사고
7146,N,Apparently Normal,No Misuse,N,Possible Incapacitating Injury,143c83da-09a5-46a5-a22a-22e7cb4c29f8,D,MCP2298004Z,MC/Bike Helmet,M,7a73c749-a06d-4cb9-ac5e-8c628ee37927,Angle Meets Right Turn,N,Intersection,Right Turn Lane,Dusk,No Defects,"Two-way, Divided, Positive Median Barrier",Dry,Clear,Twelve o'clock,Motorcycle,Disabling,N,Moving Constant Speed,2015-03-23 19:28,22,39.18973667,-77.24154333,3,2,우회전 차선 사고,기타
7147,N,Apparently Normal,No Misuse,N,No Injury,f5752ec8-c76f-4abb-88d0-19dfdaa672e0,D,MCP22980050,Shoulder/Lap Belt(s),M,af730cc1-73be-4bd6-a382-57407245c7d4,Same Direction Rear End,N,Intersection Related,Right Turn Lane,Daylight,No Defects,"Two-way, Divided, Positive Median Barrier",Dry,Cloudy,Six o'clock,Station Wagon,Functional,N,Stopped in Traffic Lane,2015-03-24 13:00,47,39.18176833,-77.26103,3,3,우회전 차선 사고,동일 방향 운행 중 추돌 사고
7148,N,Apparently Normal,No Misuse,Y,No Injury,c0884923-4b89-49ea-b3e8-7b32f1f67bf9,D,MCP22980050,Shoulder/Lap Belt(s),M,a85860be-7dfc-48fe-be08-a65f93f496ee,Same Direction Rear End,N,Intersection Related,Right Turn Lane,Daylight,No Defects,"Two-way, Divided, Positive Median Barrier",Dry,Cloudy,Twelve o'clock,Passenger Car,Disabling,N,Slowing or Stopping,2015-03-24 13:00,40,39.18176833,-77.26103,3,3,우회전 차선 사고,동일 방향 운행 중 추돌 사고
7149,N,Apparently Normal,No Misuse,N,No Injury,85a2dfe2-614b-4729-a808-9e5988dcadb1,D,MCP23000002,Shoulder/Lap Belt(s),M,d08e5fc7-8fa0-454b-a3ef-27002b08324b,Single Vehicle ,N,Non Intersection,Right Turn Lane,Dark No Lights,No Defects,"Two-way, Not Divided",Dry,Clear,One o'clock,Police Vehicle/Non Emergency,Functional,N,Moving Constant Speed,2015-01-01 2:00,32,39.148678,-77.093848,2,2,기타,기타
7150,N,Apparently Normal,No Misuse,N,No Injury,9e592945-37b1-49df-827a-77f71d784bb8,D,MCP2305000B,Shoulder/Lap Belt(s),M,4c859221-092d-4ecd-85d0-fbde5cf68cf4,Same Direction Rear End,N,Intersection Related,Right Turn Lane,Dark Lights On,No Defects,"Two-way, Not Divided",Dry,Clear,Six o'clock,Passenger Car,Functional,N,Stopped in Traffic Lane,2015-01-15 23:35,51,39.01193967,-77.16002941,3,3,우회전 차선 사고,동일 방향 운행 중 추돌 사고
7151,N,Apparently Normal,No Misuse,N,No Injury,905ad604-c6e9-4291-ba4c-659374954a2d,D,MCP23440002,Shoulder/Lap Belt(s),M,14f98c51-37d3-46da-a2bb-171b31799777,Same Movement Angle,N,Intersection,Left Turn Lane,Daylight,No Defects,"Two-way, Not Divided",Dry,Clear,Eleven o'clock,Passenger Car,Disabling,N,Moving Constant Speed,2015-01-30 13:56,35,39.05753272,-76.96818307,1,0,좌회전 차선 사고,등속 주행 중 측면 추돌 사고
7152,N,Apparently Normal,No Misuse,Y,No Injury,01c2da2c-fe8f-4f78-8cdd-f74ff53a973c,D,MCP2357000R,Shoulder/Lap Belt(s),M,fa9b1cf7-a66b-4fcd-af6e-e2c31e934b2e,Same Direction Rear End,N,Non Intersection,Right Turn Lane,Daylight,No Defects,"Two-way, Not Divided",Wet,Cloudy,Twelve o'clock,Passenger Car,Disabling,N,Slowing or Stopping,2015-03-25 11:03,50,38.99886667,-77.0319,4,3,빗길사고,기타
7153,N,Apparently Normal,No Misuse,Y,No Injury,ead6266a-5495-4b88-b48e-b77846c219ed,D,MCP2357000R,Shoulder/Lap Belt(s),M,1fc84f46-61df-45da-b9c8-9a1343928c94,Same Direction Rear End,N,Non Intersection,Right Turn Lane,Daylight,No Defects,"Two-way, Not Divided",Wet,Cloudy,Six o'clock,Recreational Vehicle,Superficial,N,Backing,2015-03-25 11:03,29,38.99886667,-77.0319,4,3,빗길사고,기타
7154,N,Apparently Normal,No Misuse,Y,No Injury,e76c6dff-d939-4827-b5d1-6a115c96d4b3,D,MCP2358000N,Shoulder/Lap Belt(s),M,1c568b2f-bc50-4013-8d32-db022b05e4c9,Single Vehicle ,N,Intersection,Right Turn Lane,Daylight,No Defects,"Two-way, Not Divided",Wet,Snow,Twelve o'clock,Passenger Car,Disabling,N,Moving Constant Speed,2015-01-26 11:02,17,39.02344833,-77.14320333,4,2,빗길사고,동일 방향 운행 중 추돌 사고
7155,Y,Apparently Normal,No Misuse,N,No Injury,328e7bc6-457f-4d5d-941d-019a8a92199b,D,MCP2358000P,Shoulder/Lap Belt(s),M,44920f25-072b-4bfd-8c68-214caf8aa3b5,Single Vehicle ,N,Non Intersection,Right Turn Lane,Daylight,No Defects,"Two-way, Not Divided",Snow,Snow,One o'clock,"Cargo Van/Light Truck 2 axles (10,000 lbs (4,536 kg) or less)",Disabling,N,Moving Constant Speed,2015-02-21 11:01,43,38.992555,-77.194591,0,0,눈길사고,감속 중 사고
7156,N,Apparently Normal,No Misuse,N,No Injury,1b033b2f-9554-4070-9ef9-0bf4ef5368d2,D,MCP23650007,Shoulder/Lap Belt(s),M,89e4883a-6b44-437e-9d8b-aa619bc2e648,Same Direction Rear End,N,Intersection,Acceleration Lane,Dark Lights On,No Defects,"Two-way, Divided, Positive Median Barrier",Dry,Clear,Six o'clock,Passenger Car,Functional,N,Stopped in Traffic Lane,2015-01-20 6:31,58,39.09591333,-76.93850167,1,2,좌회전 차선 사고,기타
7157,N,Apparently Normal,No Misuse,N,No Injury,2adffd18-1d8e-49b0-b868-3fbbb9597cff,D,MCP23650007,Shoulder/Lap Belt(s),M,6806980e-b93f-49d7-8523-baded10e8bd2,Same Direction Rear End,N,Intersection,Acceleration Lane,Dark Lights On,No Defects,"Two-way, Divided, Positive Median Barrier",Dry,Clear,Six o'clock,Passenger Car,Disabling,N,Stopped in Traffic Lane,2015-01-20 6:31,46,39.09591333,-76.93850167,1,2,좌회전 차선 사고,기타
7158,N,Apparently Normal,No Misuse,N,No Injury,a75225f0-7a21-4e1a-b411-b91167111335,D,MCP2394000X,Shoulder/Lap Belt(s),M,067f165b-2537-4482-96fe-eb4decaf77cc,Same Direction Rear End,N,Intersection Related,Crossover Area,Dark Lights On,No Defects,"Two-way, Divided, Positive Median Barrier",Wet,Clear,Six o'clock,Passenger Car,Superficial,N,Slowing or Stopping,2015-01-18 22:54,57,39.12289418,-77.17763543,4,3,빗길사고,기타
7159,N,Apparently Normal,No Misuse,Y,No Injury,2809a2c5-c454-4bcf-b56e-eb88e89dfc89,D,MCP2394000X,Shoulder/Lap Belt(s),M,08b36971-66f8-417b-bae9-bec6eaea8107,Same Direction Rear End,N,Intersection Related,Crossover Area,Dark Lights On,No Defects,"Two-way, Divided, Positive Median Barrier",Wet,Clear,Twelve o'clock,Police Vehicle/Non Emergency,Superficial,N,Slowing or Stopping,2015-01-18 22:54,24,39.12289418,-77.17763543,4,3,빗길사고,기타
7160,Y,Apparently Normal,No Misuse,Y,No Injury,b79d7659-dfff-4d29-9f37-e1170c2f95a8,D,MCP24250043,Shoulder/Lap Belt(s),M,f235b77d-4d88-4537-8a53-fd847102c692,Single Vehicle ,N,Intersection,Acceleration Lane,Dark Lights On,No Defects,"Two-way, Divided, Positive Median Barrier",Snow,Snow,Roof Top,"Medium/Heavy Truck 2 axles (10,000 lbs (4,536 kg) or less)",Functional,N,Moving Constant Speed,2015-01-06 12:13,46,39.01226833,-76.978565,0,0,눈길사고,감속 중 사고
7161,N,Apparently Normal,No Misuse,Y,No Injury,f8b72cd1-2d1f-4efb-804a-526dc2007f39,D,MCP2433000F,Shoulder/Lap Belt(s),M,0108869b-f444-4b31-9bba-e40a69a89f11,Angle Meets Right Turn,N,Commercial Driveway,Acceleration Lane,Daylight,No Defects,"Two-way, Not Divided",Dry,Clear,Eleven o'clock,Passenger Car,Functional,Y,Making Right Turn,2015-02-09 9:07,77,39.02654365,-77.02047944,1,1,좌회전 차선 사고,등속 주행 사고
7162,N,Apparently Normal,No Misuse,N,Possible Incapacitating Injury,054ac643-ba91-4114-9ace-6b1e4fc98f66,D,MCP2433000F,Shoulder/Lap Belt(s),M,4a6b3c72-d4c8-4949-8b87-0598d91b6b16,Angle Meets Right Turn,N,Commercial Driveway,Acceleration Lane,Daylight,No Defects,"Two-way, Not Divided",Dry,Clear,One o'clock,Passenger Car,Functional,N,Moving Constant Speed,2015-02-09 9:07,21,39.02654365,-77.02047944,1,0,좌회전 차선 사고,등속 주행 중 측면 추돌 사고
7163,N,Apparently Normal,No Misuse,Y,No Injury,7efb906e-d153-4fd4-9cb6-10680779aaee,D,MCP2437000P,Shoulder/Lap Belt(s),M,a8b105c5-a3cd-4410-a5fe-e85e80b14245,Head On Left Turn,N,Intersection,Right Turn Lane,Daylight,No Defects,"Two-way, Divided, Unprotected (painted >4 feet) Median",Dry,Cloudy,Twelve o'clock,Van,Functional,N,Making Left Turn,2015-01-07 14:50,60,39.05829333,-77.07119833,3,1,우회전 차선 사고,등속 주행 중 측면 추돌 사고
7164,N,Apparently Normal,No Misuse,N,Non-incapacitating Injury,62c43f0f-1ed9-4d1a-bcde-4d0aa36fedb5,D,MCP2437000P,Shoulder/Lap Belt(s),M,caa82d58-ceef-4e2f-a1f9-30c19573c3fb,Head On Left Turn,N,Intersection,Right Turn Lane,Daylight,No Defects,"Two-way, Divided, Unprotected (painted >4 feet) Median",Dry,Cloudy,Eight o'clock,(Sport) Utility Vehicle,Disabling,N,Moving Constant Speed,2015-01-07 14:50,44,39.05829333,-77.07119833,3,2,우회전 차선 사고,기타
7165,Y,Apparently Normal,No Misuse,Y,No Injury,de53c652-fe35-4d41-9ef0-bbe75976b7b9,D,MCP2437000R,Shoulder/Lap Belt(s),M,9f4347f7-2eb1-46be-ae6a-b353be93c187,Same Direction Rear End,N,Non Intersection,Left Turn Lane,Dawn,No Defects,"Two-way, Divided, Unprotected (painted >4 feet) Median",Wet,Cloudy,Twelve o'clock,"Medium/Heavy Truck 2 axles (10,000 lbs (4,536 kg) or less)",Functional,N,Skidding,2015-01-22 7:15,48,39.091325,-77.0661,4,3,빗길사고,기타
7166,N,Apparently Normal,No Misuse,N,Non-incapacitating Injury,2a79b0c0-8c3f-4587-a0ae-9b5738e3828b,D,MCP2437000R,Shoulder/Lap Belt(s),M,b5e8c083-b59b-472e-8628-9a87600216f0,Same Direction Rear End,N,Non Intersection,Left Turn Lane,Dawn,No Defects,"Two-way, Divided, Unprotected (painted >4 feet) Median",Wet,Cloudy,Six o'clock,Passenger Car,Disabling,N,Stopped in Traffic Lane,2015-01-22 7:15,34,39.091325,-77.0661,4,3,빗길사고,기타
7167,N,Apparently Normal,No Misuse,Y,No Injury,4f509641-8670-4e8b-8e1a-8ce4ffe5e6d8,D,MCP24940001,Shoulder/Lap Belt(s),M,ce98033a-8e8c-4034-9625-a038a571853b,Same Direction Right Turn,N,Interchange Related,Left Turn Lane,Daylight,No Defects,"Two-way, Not Divided",Dry,Clear,Four o'clock,"Other Light Trucks (10,000 lbs (4,536 kg))",Functional,N,Changing Lanes,2015-01-31 17:24,58,39.13,-77.16,1,1,좌회전 차선 사고,등속 주행 사고
7168,N,Apparently Normal,No Misuse,Y,No Injury,5c3a431c-4b5f-434f-9b6f-03929786550a,D,MCP24940001,Shoulder/Lap Belt(s),M,939ccab8-d239-4a35-9878-5249925a0093,Same Direction Right Turn,N,Interchange Related,Left Turn Lane,Daylight,No Defects,"Two-way, Not Divided",Dry,Clear,Eleven o'clock,Passenger Car,Functional,N,Moving Constant Speed,2015-01-31 17:24,32,39.13,-77.16,1,0,좌회전 차선 사고,등속 주행 중 측면 추돌 사고
7169,N,Apparently Normal,No Misuse,N,No Injury,e0acdae8-0ab6-4b8b-b563-8e668ba7e3f3,D,MCP2534000K,Shoulder/Lap Belt(s),M,36d81fea-5148-4b86-a56a-8fcdb76180a0,Same Direction Sideswipe,N,Non Intersection,Acceleration Lane,Dark Lights On,No Defects,"Two-way, Divided, Positive Median Barrier",Wet,Clear,Nine o'clock,Passenger Car,Functional,N,Stopped in Traffic Lane,2015-03-02 2:40,27,38.99980167,-76.99534333,4,0,빗길사고,등속 주행 중 사고
7170,N,Had Been Drinking,No Misuse,Y,No Injury,72537cfb-da12-41d3-832a-4cdc10d6fc24,D,MCP2534000K,Shoulder/Lap Belt(s),M,a1572e20-377c-4695-a776-b44e779d1e77,Same Direction Sideswipe,N,Non Intersection,Acceleration Lane,Dark Lights On,No Defects,"Two-way, Divided, Positive Median Barrier",Wet,Clear,Two o'clock,Van,Functional,Y,Moving Constant Speed,2015-03-02 2:40,49,38.99980167,-76.99534333,4,2,빗길사고,동일 방향 운행 중 추돌 사고
7171,Y,Apparently Normal,No Misuse,Y,No Injury,c327301f-0597-425d-b6cd-0819d275985a,D,MCP2539000B,Shoulder/Lap Belt(s),M,c858eb25-1e06-4417-8793-ac4a95829770,Angle Meets Left Turn,Y,Intersection,Right Turn Lane,Dark Lights On,View Obstructed,"Two-way, Divided, Positive Median Barrier",Dry,Cloudy,One o'clock,Van,Disabling,N,Making Left Turn,2015-01-15 2:04,55,38.98389167,-77.09188333,3,1,우회전 차선 사고,등속 주행 중 측면 추돌 사고
7172,N,Apparently Normal,No Misuse,N,Non-incapacitating Injury,8dab8e55-f2d1-4490-9a0f-8e16ca719e8c,D,MCP2539000B,Shoulder/Lap Belt(s),M,e93c6c04-5cbe-4609-9b74-62740b4af2ac,Angle Meets Left Turn,Y,Intersection,Right Turn Lane,Dark Lights On,View Obstructed,"Two-way, Divided, Positive Median Barrier",Dry,Cloudy,Twelve o'clock,Passenger Car,Disabling,N,Moving Constant Speed,2015-01-15 2:04,55,38.98389167,-77.09188333,3,2,우회전 차선 사고,기타
7173,N,Apparently Normal,No Misuse,Y,No Injury,ebdc2442-2483-4e71-bd83-4c4dc26a8d38,D,MCP2559000C,Shoulder/Lap Belt(s),M,68a827eb-7406-4129-9a09-463a75d3ba1f,Same Direction Sideswipe,N,Intersection Related,Right Turn Lane,Daylight,No Defects,"Two-way, Not Divided",Snow,Clear,Twelve o'clock,Passenger Car,Superficial,N,Starting From Parked,2015-01-11 12:06,16,39.11929667,-77.23037667,3,1,우회전 차선 사고,등속 주행 중 측면 추돌 사고
7174,N,Apparently Normal,No Misuse,N,No Injury,2624f929-5d5c-4bbe-b123-fea37ef99c69,D,MCP2582000L,Shoulder/Lap Belt(s),M,a7271fad-bd61-4989-ba8f-c411b7f8b28e,Same Direction Rear End,N,Non Intersection,Right Turn Lane,Dark Lights On,No Defects,"Two-way, Not Divided",Wet,Raining,Six o'clock,Passenger Car,Superficial,N,Slowing or Stopping,2015-01-04 0:06,74,39.07910798,-77.08763123,4,3,빗길사고,기타
7175,N,Apparently Normal,No Misuse,Y,No Injury,630675f9-4c03-48ca-a0c4-9135c6275418,D,MCP2582000L,Shoulder/Lap Belt(s),M,de6c892f-c78f-4ff2-b192-ebd6c6141c65,Same Direction Rear End,N,Non Intersection,Right Turn Lane,Dark Lights On,No Defects,"Two-way, Not Divided",Wet,Raining,Twelve o'clock,Passenger Car,Disabling,N,Slowing or Stopping,2015-01-04 0:06,27,39.07910798,-77.08763123,4,3,빗길사고,기타
7176,Y,Apparently Normal,No Misuse,N,No Injury,b26a7837-9ff4-4d74-9012-02a6a6b31e0f,D,MCP25970018,Shoulder/Lap Belt(s),M,a6f39c9d-d83c-4e34-9e3b-57a511481d55,Same Direction Rear End,N,Non Intersection,Acceleration Lane,Dark Lights On,No Defects,"Two-way, Not Divided",Dry,Clear,Six o'clock,Transit Bus,Superficial,N,Stopped in Traffic Lane,2015-02-12 18:39,35,38.99741333,-77.027485,2,0,기타,자차 사고
7177,Y,Apparently Normal,No Misuse,Y,No Injury,f0f8ff71-aae5-4ea0-ab74-f2958749a5f7,D,MCP2600000W,Shoulder/Lap Belt(s),M,10b96175-680e-47a9-aad5-695298c926b2,Single Vehicle ,N,Non Intersection,Acceleration Lane,Dark Lights On,No Defects,"Two-way, Divided, Positive Median Barrier",Wet,Clear,One o'clock,Transit Bus,Superficial,Y,Moving Constant Speed,2015-01-21 20:45,59,39.03779167,-76.98966,4,2,빗길사고,동일 방향 운행 중 추돌 사고
7178,N,Apparently Normal,No Misuse,N,No Injury,9693dc38-9f8c-470a-8aac-d9e1412ea1f9,D,MCP2608000X,Shoulder/Lap Belt(s),M,0d91c0d3-e70a-4991-b735-25d1ce99e61f,Same Direction Rear End,N,Intersection,Acceleration Lane,Dark Lights On,No Defects,"Two-way, Divided, Positive Median Barrier",Dry,Clear,Six o'clock,Passenger Car,Superficial,N,Slowing or Stopping,2015-03-30 20:32,47,38.99881667,-77.03062333,1,3,좌회전 차선 사고,감속 중 사고
7179,N,Had Been Drinking,No Misuse,Y,No Injury,7cac8b29-fc29-46c7-b364-fa01997d6224,D,MCP2608000X,Shoulder/Lap Belt(s),M,5bc58092-e9b3-48f1-b878-8e3519be5e7f,Same Direction Rear End,N,Intersection,Acceleration Lane,Dark Lights On,No Defects,"Two-way, Divided, Positive Median Barrier",Dry,Clear,Twelve o'clock,Pickup Truck,Superficial,Y,Moving Constant Speed,2015-03-30 20:32,50,38.99881667,-77.03062333,1,0,좌회전 차선 사고,등속 주행 중 측면 추돌 사고
7180,N,Apparently Normal,No Misuse,Y,No Injury,6cd0f992-88a3-4319-b15a-7f0efe2f9160,D,MCP2635001N,Shoulder/Lap Belt(s),M,c8f5eb4d-9912-493d-a9fb-103f906bd147,Single Vehicle ,N,Non Intersection,Right Turn Lane,Dark Lights On,No Defects,"Two-way, Not Divided",Wet,Raining,One o'clock,Passenger Car,Disabling,N,Moving Constant Speed,2015-01-03 21:05,24,39.14424833,-77.058465,4,2,빗길사고,동일 방향 운행 중 추돌 사고
7181,N,Apparently Normal,No Misuse,N,No Injury,c0f8bade-b77f-468a-b112-ab45118abb7e,D,MCP2639000L,Shoulder/Lap Belt(s),M,176ec78b-ed54-4dbf-acae-ace812880216,Same Direction Rear End,N,Non Intersection,Acceleration Lane,Dark Lights On,No Defects,"Two-way, Divided, Positive Median Barrier",Snow,Snow,Six o'clock,Passenger Car,Superficial,N,Moving Constant Speed,2015-02-14 22:40,43,39.022575,-77.045255,0,3,눈길사고,자차 사고