KEY_INDEX,CDL_FLAG,CONDITION_CODE,EQUIP_PROB_CODE,FAULT_FLAG,INJ_SEVER_CODE,PERSON_ID,PERSON_TYPE,REPORT_NO,SAF_EQUIP_CODE,SEX_CODE,VEHICLE_ID,COLLISION_TYPE_CODE,C_M_ZONE_FLAG,JUNCTION_CODE,LANE_CODE,LIGHT_CODE,RD_COND_CODE,RD_DIV_CODE,SURF_COND_CODE,WEATHER_CODE,AREA_DAMAGED_CODE_MAIN,BODY_TYPE_CODE,DAMAGE_CODE,HIT_AND_RUN_FLAG,MOVEMENT_CODE,TIME,AGE,LATITUDE,LONGITUDE,CLUSTER,SECOND_LABEL,FIRST_LABEL,SECOND_LABELING
7182,N,Apparently Normal,No Misuse,Y,No Injury,db19a6c1-1738-4500-bc4e-e5c9d67f3ac2,D,MCP2639000L,Shoulder/Lap Belt(s),M,5544a650-3f94-4207-827e-d193f2a3f0e3,Same Direction Rear End,N,Non Intersection,Acceleration Lane,Dark Lights On,No Defects,"Two-way, Divided, Positive Median Barrier",Snow,Snow,Twelve o'clock,Police Vehicle/Non Emergency,Functional,N,Slowing or Stopping,2015-02-14 22:40,28,39.022575,-77.045255,0,1,눈길사고,등속 주행 사고
7183,N,Apparently Normal,No Misuse,N,No Injury,610a2627-ea09-4d88-a94d-957f8e13f21a,D,MCP2639000P,Shoulder/Lap Belt(s),M,8450a2e7-c11b-472b-a872-9bd6e7f480f4,Same Direction Right Turn,N,Intersection,Right Turn Lane,Daylight,No Defects,"Two-way, Divided, Positive Median Barrier",Dry,Clear,Ten o'clock,Passenger Car,Superficial,Y,Stopped in Traffic Lane,2015-03-23 18:25,61,39.03233333,-77.04853,3,1,우회전 차선 사고,등속 주행 중 측면 추돌 사고
7184,N,Apparently Normal,No Misuse,Y,No Injury,143719ad-031d-4215-8f4d-1b8ca5325fba,D,MCP2639000P,Shoulder/Lap Belt(s),M,edff9522-fc00-418d-bfe8-de9d0aac7fdc,Same Direction Right Turn,N,Intersection,Right Turn Lane,Daylight,No Defects,"Two-way, Divided, Positive Median Barrier",Dry,Clear,Two o'clock,Fire Vehicle/Emergency,No Damage,Y,Accelerating,2015-03-23 18:25,51,39.03233333,-77.04853,3,1,우회전 차선 사고,등속 주행 중 측면 추돌 사고
7185,N,Apparently Normal,No Misuse,N,No Injury,97eb58ad-ed85-4e58-8b2a-4368c23d8ef8,D,MCP2651000F,Shoulder/Lap Belt(s),M,e0e637ca-d40f-46e3-802f-8feeda327655,Same Movement Angle,N,Intersection,Left Turn Lane,Dark Lights On,No Defects,"Two-way, Divided, Positive Median Barrier",Dry,Clear,Twelve o'clock,Passenger Car,Destroyed,N,Moving Constant Speed,2015-01-25 0:20,24,39.04644667,-76.98700833,1,0,좌회전 차선 사고,등속 주행 중 측면 추돌 사고
7186,N,Had Been Drinking,No Misuse,Y,No Injury,a27b25b8-f0c5-4d9d-85a3-b21298e94037,D,MCP2651000F,Shoulder/Lap Belt(s),M,976d1da5-6cbd-47b6-b51d-8668c117cae9,Same Movement Angle,N,Intersection,Left Turn Lane,Dark Lights On,No Defects,"Two-way, Divided, Positive Median Barrier",Dry,Clear,One o'clock,(Sport) Utility Vehicle,Destroyed,N,Accelerating,2015-01-25 0:20,62,39.04644667,-76.98700833,1,1,좌회전 차선 사고,등속 주행 사고
7187,Y,Apparently Normal,No Misuse,Y,No Injury,8f35d33f-431b-41f5-95ff-10fd31ed1582,D,MCP2664000Z,Shoulder/Lap Belt(s),M,8edec3bf-24f6-4e89-8026-d27fb5b12c59,Single Vehicle ,N,Non Intersection,Right Turn Lane,Daylight,No Defects,"Two-way, Not Divided",Snow,Clear,Twelve o'clock,"Medium/Heavy Truck 2 axles (10,000 lbs (4,536 kg) or less)",Superficial,N,Making Left Turn,2015-02-17 12:33,43,39.0430768,-77.04609149,2,0,기타,자차 사고
7188,N,Apparently Normal,No Misuse,N,No Injury,9b5677a2-3150-45f7-bac3-9801de472db2,D,MCP2665000P,Shoulder/Lap Belt(s),M,d7eab8a5-e5c6-47ac-b9a3-391c944e4b39,Same Direction Rear End,N,Intersection,Right Turn Lane,Dark Lights On,No Defects,"Two-way, Not Divided",Dry,Cloudy,Six o'clock,Passenger Car,Functional,N,Stopped in Traffic Lane,2015-02-09 18:28,24,39.11689833,-77.203245,3,3,우회전 차선 사고,동일 방향 운행 중 추돌 사고
7189,N,Apparently Normal,No Misuse,Y,No Injury,93fb86fc-ee25-4a12-87ef-25f24b2d7cad,D,MCP2665000P,Shoulder/Lap Belt(s),M,d62b8e3c-b2a5-43b8-a825-10d15a2964e0,Same Direction Rear End,N,Intersection,Right Turn Lane,Dark Lights On,No Defects,"Two-way, Not Divided",Dry,Cloudy,Twelve o'clock,"Other Light Trucks (10,000 lbs (4,536 kg))",Disabling,N,Moving Constant Speed,2015-02-09 18:28,64,39.11689833,-77.203245,3,2,우회전 차선 사고,기타
7190,N,Apparently Normal,No Misuse,N,No Injury,1df05481-b22e-47b1-80a6-0bdceb9758a8,D,MCP2666000H,Shoulder/Lap Belt(s),M,7bbb91ce-0b48-4a9b-a993-b97f5f11ed79,Single Vehicle ,N,Non Intersection,Left Turn Lane,Dark Lights On,No Defects,"Two-way, Divided, Positive Median Barrier",Wet,Raining,Twelve o'clock,Passenger Car,Functional,N,Moving Constant Speed,2015-01-13 0:05,47,39.097425,-76.93676,4,2,빗길사고,동일 방향 운행 중 추돌 사고
7191,N,Apparently Normal,No Misuse,N,No Injury,cb427460-84a4-4f2b-a7be-ee0c3c2a2cf5,D,MCP2671000N,Shoulder/Lap Belt(s),M,518fa200-e33b-454a-8ba8-337728608727,Same Direction Rear End,N,Non Intersection,Right Turn Lane,Dark Lights On,No Defects,"Two-way, Divided, Positive Median Barrier",Dry,Clear,Six o'clock,Passenger Car,Functional,N,Slowing or Stopping,2015-02-22 19:43,48,39.01419167,-77.05793667,2,1,기타,등속 주행 사고
7192,N,Apparently Normal,No Misuse,Y,No Injury,55041d63-34d0-4a64-b5b6-2d62a84c188d,D,MCP2671000N,Shoulder/Lap Belt(s),M,2126e37c-c03b-4b20-b91b-82ba22107024,Same Direction Rear End,N,Non Intersection,Right Turn Lane,Dark Lights On,No Defects,"Two-way, Divided, Positive Median Barrier",Dry,Clear,Twelve o'clock,Passenger Car,Functional,N,Slowing or Stopping,2015-02-22 19:43,67,39.01419167,-77.05793667,2,1,기타,등속 주행 사고
7193,N,Apparently Normal,No Misuse,Y,No Injury,64285dff-330e-420f-9e31-93e6a604de6f,D,MCP2671000N,Shoulder/Lap Belt(s),M,a529d4fe-7c7f-402b-ac1e-ed7eb165cf61,Same Direction Rear End,N,Non Intersection,Right Turn Lane,Dark Lights On,No Defects,"Two-way, Divided, Positive Median Barrier",Dry,Clear,Twelve o'clock,Passenger Car,Disabling,N,Slowing or Stopping,2015-02-22 19:43,61,39.01419167,-77.05793667,2,1,기타,등속 주행 사고
7194,N,Apparently Normal,No Misuse,N,No Injury,bcaaa2c1-b99e-432e-831c-50a093c8294f,D,MCP2671000P,Shoulder/Lap Belt(s),M,ff81fff2-c84d-4430-9a40-dee13dd97aee,Head On Left Turn,N,Intersection,Right Turn Lane,Dusk,No Defects,"Two-way, Not Divided",Wet,Clear,Twelve o'clock,Passenger Car,Superficial,N,Moving Constant Speed,2015-02-24 17:30,37,38.98730667,-77.02338667,3,2,우회전 차선 사고,기타
7195,N,Apparently Normal,No Misuse,Y,No Injury,e56b55fa-6127-4ca7-a7fc-2093d89241f2,D,MCP2671000P,Shoulder/Lap Belt(s),M,1c0b94de-d77a-42b1-96e8-4aaeacf08832,Head On Left Turn,N,Intersection,Right Turn Lane,Dusk,No Defects,"Two-way, Not Divided",Wet,Clear,Twelve o'clock,Passenger Car,Superficial,N,Making Left Turn,2015-02-24 17:30,20,38.98730667,-77.02338667,3,1,우회전 차선 사고,등속 주행 중 측면 추돌 사고
7196,N,Apparently Normal,No Misuse,N,No Injury,23e5c081-e5c7-4665-a1f0-f23b41ac830b,D,MCP2674000F,Shoulder/Lap Belt(s),M,bb074865-7baf-478e-b22b-e980bec04ec1,Single Vehicle ,N,Non Intersection,Left Turn Lane,Dark Lights On,No Defects,"Two-way, Divided, Positive Median Barrier",Dry,Clear,One o'clock,Police Vehicle/Non Emergency,Functional,N,Moving Constant Speed,2015-03-16 1:04,45,39.17439,-77.237467,1,0,좌회전 차선 사고,등속 주행 중 측면 추돌 사고
7197,N,Apparently Normal,No Misuse,Y,No Injury,47bb2b5d-6edd-4b15-ae1e-c1dc0e7c77f7,D,MCP2678000M,Shoulder/Lap Belt(s),M,4462a652-24d6-4941-b5d0-3d9c9c25cf20,Single Vehicle ,N,Non Intersection,Right Turn Lane,Dark No Lights,No Defects,"Two-way, Not Divided",Snow,Snow,One o'clock,Passenger Car,Destroyed,N,Moving Constant Speed,2015-02-02 0:08,19,39.16241,-77.01456167,0,0,눈길사고,감속 중 사고
7198,Y,Apparently Normal,No Misuse,N,No Injury,f40c7392-878e-4192-b0c7-918a7b400fb6,D,MCP2683000J,Shoulder/Lap Belt(s),M,c8abc775-53ed-456b-8666-1739aac129d9,Head On Left Turn,N,Intersection,Left Turn Lane,Daylight,No Defects,"Two-way, Divided, Unprotected (painted >4 feet) Median",Dry,Clear,Twelve o'clock,Transit Bus,Superficial,N,Moving Constant Speed,2015-01-23 7:47,66,39.15958833,-77.160925,1,0,좌회전 차선 사고,등속 주행 중 측면 추돌 사고
7199,N,Apparently Normal,No Misuse,N,No Injury,4c5411c9-ed94-4ca2-8152-7d842a863920,D,MCP2693000N,Shoulder/Lap Belt(s),M,3d78f70a-fd45-4fbe-94cc-d31dc7410bd9,Same Direction Rear End,N,Non Intersection,Right Turn Lane,Dark No Lights,No Defects,"Two-way, Divided, Positive Median Barrier",Snow,Blowing Snow,Twelve o'clock,Passenger Car,Superficial,N,Slowing or Stopping,2015-02-15 0:00,52,39.06751667,-77.08864833,0,1,눈길사고,등속 주행 사고
7200,N,Apparently Normal,No Misuse,Y,No Injury,325be3cd-ae12-4f42-9cf6-764c3c8a86ff,D,MCP2693000Q,Shoulder/Lap Belt(s),M,4f4c3e9c-9640-4ccc-bd48-b11652c91dad,Opposite Direction Sideswipe,N,Non Intersection,Right Turn Lane,Dark Lights On,No Defects,"Two-way, Not Divided",Snow,Snow,Twelve o'clock,Pickup Truck,No Damage,Y,Moving Constant Speed,2015-03-05 18:30,21,39.072765,-77.083495,0,0,눈길사고,감속 중 사고
7201,N,Apparently Normal,No Misuse,Y,No Injury,980bd6ba-663b-4b59-8e9a-f0806e56094c,D,MCP26940015,Shoulder/Lap Belt(s),M,3bdd3e3d-9ea2-4b7f-86d6-8517cb35dd39,Same Direction Sideswipe,N,Non Intersection,Deceleration Lane,Dark Lights On,Shoulder Defect,"Two-way, Divided, Positive Median Barrier",Dry,Clear,Eleven o'clock,(Sport) Utility Vehicle,Superficial,N,Moving Constant Speed,2015-02-23 18:25,38,39.04251167,-77.11066167,1,0,좌회전 차선 사고,등속 주행 중 측면 추돌 사고
7202,N,Apparently Normal,No Misuse,N,No Injury,6cd40661-08cf-4a56-8be1-25711daaefb6,D,MCP2698000M,Shoulder/Lap Belt(s),M,a7d0b185-9e5c-4213-a391-e1f45d8455f7,Same Direction Rear End,N,Non Intersection,Right Turn Lane,Daylight,No Defects,"Two-way, Not Divided",Dry,Clear,Twelve o'clock,Passenger Car,Superficial,N,Stopped in Traffic Lane,2015-01-25 12:09,59,39.17452176,-77.0646286,2,0,기타,자차 사고
7203,N,Apparently Normal,No Misuse,Y,No Injury,b535e292-7a78-4a0d-a1a0-d83558feead4,D,MCP2704000H,Shoulder/Lap Belt(s),M,8767bd92-a359-49d4-9db8-345a03c237d5,Same Direction Sideswipe,N,Non Intersection,Right Turn Lane,Dark Lights On,No Defects,"Two-way, Not Divided",Ice,Wintry Mix,Five o'clock,Passenger Car,Functional,N,Leaving Traffic Lane,2015-02-22 5:14,39,39.07593667,-77.06875667,0,2,눈길사고,미끌어짐에 의한 사고
7204,N,Apparently Normal,No Misuse,N,No Injury,b54607f7-c296-4832-bf61-b1d64c8c7397,D,MCP27170010,Shoulder/Lap Belt(s),M,2cd9624d-f242-438a-ab22-61b485758096,Angle Meets Right Turn,N,Intersection,Left Turn Lane,Dark Lights On,No Defects,"Two-way, Divided, Positive Median Barrier",Ice,Clear,Twelve o'clock,Passenger Car,Disabling,N,Moving Constant Speed,2015-02-17 23:06,46,39.07582833,-76.94105,1,0,좌회전 차선 사고,등속 주행 중 측면 추돌 사고
7205,N,Apparently Normal,No Misuse,Y,No Injury,93ebb7c7-cc67-44dc-93a7-4bd42e9fc47e,D,MCP27170010,Shoulder/Lap Belt(s),M,a9025659-ba9f-4d18-b280-345e13c4d8f3,Angle Meets Right Turn,N,Intersection,Left Turn Lane,Dark Lights On,No Defects,"Two-way, Divided, Positive Median Barrier",Ice,Clear,Eleven o'clock,Passenger Car,Disabling,N,Starting From Lane,2015-02-17 23:06,27,39.07582833,-76.94105,1,1,좌회전 차선 사고,등속 주행 사고
7206,N,Apparently Normal,No Misuse,N,No Injury,d40a237e-d9dc-4889-909d-a3416b6c7722,D,MCP2720000W,Shoulder/Lap Belt(s),M,5530643e-e4db-4afc-ba64-1e420392e71b,Same Movement Angle,N,Intersection,Right Turn Lane,Dark Lights On,No Defects,"Two-way, Not Divided",Dry,Clear,One o'clock,Passenger Car,Disabling,N,Moving Constant Speed,2015-02-12 22:37,40,39.08679667,-77.073845,3,0,우회전 차선 사고,기타
7207,Y,Apparently Normal,No Misuse,N,No Injury,3cd0b155-b68e-44a2-82ff-cda9f12ffe37,D,MCP2720000Y,Shoulder/Lap Belt(s),M,4aa7b701-4b72-4d52-86bf-ac9a4a42a311,Same Direction Rear End,Y,Non Intersection,Right Turn Lane,Dark - Unknown Lighting,No Defects,"Two-way, Divided, Positive Median Barrier",Dry,Clear,Six o'clock,Passenger Car,Disabling,N,Parked  ,2015-02-19 19:00,60,39.066245,-77.08871167,2,0,기타,자차 사고
7208,N,Had Been Drinking,No Misuse,Y,No Injury,abd1889e-30a6-4c54-b7cf-beaca67e6ca1,D,MCP2720000Y,Shoulder/Lap Belt(s),M,df6487d4-9bb6-4e6f-9f3f-a3b045b2695d,Same Direction Rear End,Y,Non Intersection,Right Turn Lane,Dark - Unknown Lighting,No Defects,"Two-way, Divided, Positive Median Barrier",Dry,Clear,Twelve o'clock,Passenger Car,Disabling,N,Moving Constant Speed,2015-02-19 19:00,54,39.066245,-77.08871167,2,3,기타,등속 주행 중 측면 추돌 사고
7209,N,Apparently Normal,No Misuse,N,No Injury,144ff7b1-8ea2-450e-b29a-237c3c19d9d5,D,MCP2725000L,Shoulder/Lap Belt(s),M,c20746f4-3ea2-4678-a19e-15cf16fb83e7,Same Movement Angle,N,Non Intersection,Acceleration Lane,Dark No Lights,No Defects,"Two-way, Divided, Positive Median Barrier",Wet,Raining,Six o'clock,Passenger Car,Disabling,N,Moving Constant Speed,2015-01-23 22:00,76,39.087605,-77.079345,4,1,빗길사고,자차 사고
7210,N,Apparently Normal,No Misuse,N,No Injury,5c7a35c9-9e1b-4b98-a8a8-3c07c1c092f6,D,MCP2728000W,Shoulder/Lap Belt(s),M,8d474264-f904-4c61-8a7e-82abde691aac,Same Direction Sideswipe,N,Intersection Related,Acceleration Lane,Daylight,No Defects,"Two-way, Divided, Positive Median Barrier",Dry,Clear,One o'clock,Passenger Car,Superficial,N,Moving Constant Speed,2015-01-14 16:33,49,39.015265,-76.97686333,1,0,좌회전 차선 사고,등속 주행 중 측면 추돌 사고
7211,N,Apparently Normal,No Misuse,N,No Injury,1ea9a1cc-8206-49fc-84d6-5eb3820ddddc,D,MCP2728000W,Shoulder/Lap Belt(s),M,9dbca175-e0f1-47eb-8364-10c6d4b3d00e,Same Direction Sideswipe,N,Intersection Related,Acceleration Lane,Daylight,No Defects,"Two-way, Divided, Positive Median Barrier",Dry,Clear,Two o'clock,Passenger Car,Superficial,N,Moving Constant Speed,2015-01-14 16:33,35,39.015265,-76.97686333,1,0,좌회전 차선 사고,등속 주행 중 측면 추돌 사고
7212,N,Apparently Normal,No Misuse,Y,No Injury,4f28cf2c-d60b-4133-a708-d86b6096107b,D,MCP2728000W,Shoulder/Lap Belt(s),M,f55ce8c1-ec8a-48bc-af48-7b04592d3683,Same Direction Sideswipe,N,Intersection Related,Acceleration Lane,Daylight,No Defects,"Two-way, Divided, Positive Median Barrier",Dry,Clear,Eleven o'clock,Passenger Car,Functional,Y,Changing Lanes,2015-01-14 16:33,20,39.015265,-76.97686333,1,1,좌회전 차선 사고,등속 주행 사고
7213,N,Apparently Normal,No Misuse,N,No Injury,dea28c67-6acf-44fd-b1de-b41493fea3c5,D,MCP27280013,Shoulder/Lap Belt(s),M,69791439-2bfc-4e26-9aaf-037c17f0ab2e,Same Movement Angle,N,Intersection,Right Turn Lane,Daylight,No Defects,"Two-way, Divided, Unprotected (painted >4 feet) Median",Dry,Clear,Twelve o'clock,Passenger Car,Superficial,N,Moving Constant Speed,2015-03-21 17:35,24,38.99885667,-76.99834,3,0,우회전 차선 사고,기타
7214,N,Apparently Normal,No Misuse,N,No Injury,f8d5b0f9-c3f4-4db6-b340-ada9159e8d04,D,MCP2732000L,Shoulder/Lap Belt(s),M,67f1b98d-d8ef-4b44-a83d-f0fc555f2a6d,Head On Left Turn,N,Intersection,Right Turn Lane,Dark Lights On,No Defects,"Two-way, Divided, Positive Median Barrier",Dry,Clear,Twelve o'clock,Passenger Car,Functional,N,Moving Constant Speed,2015-02-07 19:02,30,39.07523333,-76.99388833,3,2,우회전 차선 사고,기타
7215,N,Apparently Normal,No Misuse,Y,No Injury,899ea605-c4a4-4006-a460-4d1dabd4bc13,D,MCP2732000L,Shoulder/Lap Belt(s),M,21807c7b-9c6c-46e4-8a98-b3a9624962b3,Head On Left Turn,N,Intersection,Right Turn Lane,Dark Lights On,No Defects,"Two-way, Divided, Positive Median Barrier",Dry,Clear,Twelve o'clock,Passenger Car,Disabling,N,Making Left Turn,2015-02-07 19:02,49,39.07523333,-76.99388833,3,1,우회전 차선 사고,등속 주행 중 측면 추돌 사고
7216,N,Apparently Normal,No Misuse,N,No Injury,092e7252-9bc6-47d8-b43b-39339d5791e1,D,MCP2732000N,Shoulder/Lap Belt(s),M,dd1e06c6-9d6f-4257-878c-241ae59d8687,Same Direction Sideswipe,N,Non Intersection,Deceleration Lane,Daylight,No Defects,"Two-way, Divided, Positive Median Barrier",Wet,Clear,Nine o'clock,Passenger Car,Superficial,N,Slowing or Stopping,2015-02-23 16:10,43,39.06451667,-77.03892,4,0,빗길사고,등속 주행 중 사고
7217,N,Apparently Normal,No Misuse,Y,No Injury,d6b98523-e3ac-4fc1-acfe-ef969b0d90b6,D,MCP27360020,Shoulder/Lap Belt(s),M,d304535e-71e1-4937-b355-75ac22dc1698,Same Direction Rear End,N,Non Intersection,Right Turn Lane,Dark Lights On,No Defects,One-way Trafficway,Snow,Sleet,Six o'clock,Pickup Truck,Superficial,Y,Backing,2015-03-01 22:22,33,38.96617436,-77.11939931,0,1,눈길사고,등속 주행 사고
7218,N,Apparently Normal,No Misuse,N,No Injury,6849e3d8-b8d4-4508-8b8b-3c92e6eb02b5,D,MCP2737000T,Shoulder/Lap Belt(s),M,af6e2e4b-83c3-4093-b498-b8091af8d713,Single Vehicle ,N,Intersection Related,Right Turn Lane,Dark Lights On,No Defects,"Two-way, Divided, Positive Median Barrier",Snow,Snow,Eleven o'clock,(Sport) Utility Vehicle,Functional,N,Making Right Turn,2015-01-06 5:28,48,39.109474,-77.076195,0,2,눈길사고,미끌어짐에 의한 사고
7219,N,Apparently Normal,No Misuse,N,No Injury,db65c235-058f-421e-98e2-84d3584f4cc3,D,MCP27470012,Shoulder/Lap Belt(s),M,0cc87abb-a2a2-4427-8f8c-04e129bcc044,Angle Meets Left Turn,N,Intersection,Left Turn Lane,Daylight,No Defects,"Two-way, Not Divided",Dry,Clear,Eleven o'clock,Passenger Car,Disabling,N,Making Left Turn,2015-03-09 18:30,73,39.09072667,-77.058545,1,1,좌회전 차선 사고,등속 주행 사고
7220,N,Apparently Normal,No Misuse,Y,No Injury,5b759734-37aa-416d-aec9-9790f610bf82,D,MCP27470012,Shoulder/Lap Belt(s),M,089db9c7-8c4a-4cea-8d10-0c79cbc80de0,Angle Meets Left Turn,N,Intersection,Left Turn Lane,Daylight,No Defects,"Two-way, Not Divided",Dry,Clear,Twelve o'clock,Passenger Car,Functional,N,Moving Constant Speed,2015-03-09 18:30,21,39.09072667,-77.058545,1,0,좌회전 차선 사고,등속 주행 중 측면 추돌 사고
7221,N,Apparently Normal,No Misuse,Y,No Injury,6d5e068a-ec16-46c8-95d5-b4a341b37d6a,D,MCP27500013,Shoulder/Lap Belt(s),M,d81a6c07-ba59-49df-a3df-4e94b6adc3f1,Same Direction Rear End,N,Non Intersection,Acceleration Lane,Daylight,No Defects,"Two-way, Divided, Positive Median Barrier",Wet,Clear,Six o'clock,Passenger Car,Functional,N,Moving Constant Speed,2015-02-22 15:40,19,39.05923833,-77.058915,4,2,빗길사고,동일 방향 운행 중 추돌 사고
7222,N,Apparently Normal,No Misuse,N,No Injury,eeabd8e1-b51f-4cb9-b4e9-0838ee9ed6d8,D,MCP27500014,Shoulder/Lap Belt(s),M,565a6e3d-c7a3-47a2-98bf-759be5b15a00,Same Direction Sideswipe,N,Non Intersection,Left Turn Lane,Dark No Lights,No Defects,"Two-way, Not Divided",Snow,Wintry Mix,Five o'clock,Passenger Car,Functional,N,Moving Constant Speed,2015-03-04 19:53,27,39.03856167,-77.05434667,0,0,눈길사고,감속 중 사고
7223,N,Apparently Normal,No Misuse,N,No Injury,107716ee-281f-4810-b53c-892beeb80da4,D,MCP2753000L,Shoulder/Lap Belt(s),M,18af44cc-c9c9-47cd-84b0-79c3669dee55,Same Movement Angle,N,Intersection,Right Turn Lane,Dark Lights On,No Defects,"Two-way, Not Divided",Dry,Clear,Five o'clock,Passenger Car,Functional,N,Moving Constant Speed,2015-01-05 6:55,55,39.04077,-77.02405667,3,0,우회전 차선 사고,기타
7224,N,Apparently Normal,No Misuse,N,No Injury,526b3f65-e5c9-45c9-9929-6bf3b345e3f5,D,MCP2756000N,Shoulder/Lap Belt(s),M,78299790-93b8-47b6-a874-4a1bf373e8a1,Single Vehicle ,N,Non Intersection,Right Turn Lane,Dark Lights On,No Defects,"Two-way, Not Divided",Wet,Raining,Twelve o'clock,Passenger Car,Disabling,N,Moving Constant Speed,2015-01-23 20:12,40,39.05030333,-77.07400333,4,2,빗길사고,동일 방향 운행 중 추돌 사고
7225,N,Apparently Normal,No Misuse,N,Non-incapacitating Injury,13c43ac4-30e9-404c-8d97-a50c353e29e6,D,MCP27650016,Shoulder/Lap Belt(s),M,717f6389-c5e3-4351-8b6e-656ada9b6420,Same Movement Angle,N,Intersection,Right Turn Lane,Daylight,No Defects,"Two-way, Divided, Positive Median Barrier",Dry,Clear,Six o'clock,Passenger Car,Superficial,N,Moving Constant Speed,2015-01-28 15:36,22,39.07342769,-77.1118784,3,0,우회전 차선 사고,기타
7226,N,Apparently Normal,No Misuse,Y,No Injury,a918f4f4-a4e6-4e4d-b7fb-0735fea78674,D,MCP2766000V,Shoulder/Lap Belt(s),M,4c421784-2b8c-4920-a79b-b84df2cee0d5,Same Movement Angle,N,Intersection,Acceleration Lane,Daylight,No Defects,"Two-way, Divided, Positive Median Barrier",Dry,Clear,One o'clock,(Sport) Utility Vehicle,Functional,N,Moving Constant Speed,2015-01-05 15:23,42,39.056425,-76.693275,1,0,좌회전 차선 사고,등속 주행 중 측면 추돌 사고
7227,N,Apparently Normal,No Misuse,N,No Injury,e6ca314b-defe-4e4a-afc6-6e1e52a1b016,D,MCP2766000Y,Shoulder/Lap Belt(s),M,e9bdb7a2-1686-444c-833d-9d0020291eee,Same Movement Angle,N,Intersection,Left Turn Lane,Dark Lights On,No Defects,"Two-way, Divided, Positive Median Barrier",Wet,Sleet,Twelve o'clock,Passenger Car,Disabling,N,Moving Constant Speed,2015-01-23 18:10,24,39.09945,-77.09971833,4,1,빗길사고,자차 사고
7228,N,Apparently Normal,No Misuse,Y,No Injury,9c635788-2e73-45ba-bf33-f3a87a0ff3b9,D,MCP2766000Y,Shoulder/Lap Belt(s),M,e59b9834-6b29-4ae2-a50c-90bf888ada55,Same Movement Angle,N,Intersection,Left Turn Lane,Dark Lights On,No Defects,"Two-way, Divided, Positive Median Barrier",Wet,Sleet,Four o'clock,Passenger Car,Disabling,N,Making Right Turn,2015-01-23 18:10,61,39.09945,-77.09971833,4,1,빗길사고,자차 사고
7229,N,Apparently Normal,No Misuse,Y,No Injury,62898e23-8534-47f8-abc6-fa933812eff1,D,MCP27840018,Shoulder/Lap Belt(s),M,b8eb722c-aebf-4e72-bfd2-3388fb41ea24,Single Vehicle ,N,Non Intersection,Right Turn Lane,Dark Lights On,No Defects,"Two-way, Not Divided",Snow,Snow,Two o'clock,Passenger Car,Disabling,N,Moving Constant Speed,2015-01-26 19:46,34,39.16730333,-77.06011,0,0,눈길사고,감속 중 사고
7230,N,Apparently Normal,No Misuse,N,No Injury,43723585-c033-4322-97a9-24c4da68091b,D,MCP2786000M,Shoulder/Lap Belt(s),M,a5d3892f-fd84-41fc-9f75-01d025c5796d,Same Movement Angle,N,Intersection,Left Turn Lane,Dark Lights On,No Defects,"Two-way, Divided, Positive Median Barrier",Ice,Cloudy,Twelve o'clock,Police Vehicle/Emergency,Functional,N,Moving Constant Speed,2015-02-15 1:09,34,38.99286833,-76.99135333,1,0,좌회전 차선 사고,등속 주행 중 측면 추돌 사고
7231,N,Apparently Normal,No Misuse,N,No Injury,273d759c-0831-4d05-8c9f-f875a79f3b55,D,MCP2790000J,Shoulder/Lap Belt(s),M,3dbd23af-846b-4177-8bd9-20a2c04030b2,Same Direction Rear End,N,Intersection,Left Turn Lane,Dark Lights On,No Defects,"Two-way, Divided, Positive Median Barrier",Dry,Clear,Six o'clock,Pickup Truck,Superficial,N,Stopped in Traffic Lane,2015-02-19 23:54,43,39.19202833,-77.243195,1,2,좌회전 차선 사고,기타
7232,N,Apparently Normal,No Misuse,N,No Injury,0d9c3ab5-d75e-4f6b-ba8f-81dadcb131ae,D,MCP2790000J,Shoulder/Lap Belt(s),M,e1ed6687-b073-4979-88dc-bd05b982018f,Same Direction Rear End,N,Intersection,Left Turn Lane,Dark Lights On,No Defects,"Two-way, Divided, Positive Median Barrier",Dry,Clear,Six o'clock,Police Vehicle/Emergency,Functional,N,Stopped in Traffic Lane,2015-02-19 23:54,31,39.19202833,-77.243195,1,2,좌회전 차선 사고,기타
7233,N,Had Been Drinking,No Misuse,Y,No Injury,4f8e1873-f6f6-420b-b92f-abe9c47ce9df,D,MCP2790000J,Shoulder/Lap Belt(s),M,ec17cd94-d2c4-4d16-9bd9-801b1c04dda8,Same Direction Rear End,N,Intersection,Left Turn Lane,Dark Lights On,No Defects,"Two-way, Divided, Positive Median Barrier",Dry,Clear,Twelve o'clock,Passenger Car,Disabling,N,Moving Constant Speed,2015-02-19 23:54,26,39.19202833,-77.243195,1,0,좌회전 차선 사고,등속 주행 중 측면 추돌 사고
7234,N,Apparently Normal,No Misuse,N,No Injury,88c49125-4878-4c38-9391-25c806d90fac,D,MCP27920007,Shoulder/Lap Belt(s),M,ae81e017-4468-449d-b229-3ad5d1b593e9,Single Vehicle ,N,Non Intersection,Right Turn Lane,Dark Lights On,No Defects,"Two-way, Not Divided",Dry,Clear,Twelve o'clock,Police Vehicle/Emergency,Superficial,N,Moving Constant Speed,2015-01-06 2:29,49,39.225745,-77.291885,2,2,기타,기타
7235,N,Apparently Normal,No Misuse,Y,No Injury,93fa218e-599c-4472-841a-6b3057c7a053,D,MCP2796001G,Shoulder/Lap Belt(s),M,3642ffcd-f589-49c3-bc83-3dbab07bda1f,Single Vehicle ,N,Intersection,Right Turn Lane,Daylight,No Defects,"Two-way, Divided, Positive Median Barrier",Wet,Clear,One o'clock,Passenger Car,Disabling,N,Moving Constant Speed,2015-03-08 8:40,28,39.07795667,-77.12777667,4,2,빗길사고,동일 방향 운행 중 추돌 사고