KEY_INDEX,CDL_FLAG,CONDITION_CODE,EQUIP_PROB_CODE,FAULT_FLAG,INJ_SEVER_CODE,PERSON_ID,PERSON_TYPE,REPORT_NO,SAF_EQUIP_CODE,SEX_CODE,VEHICLE_ID,COLLISION_TYPE_CODE,C_M_ZONE_FLAG,JUNCTION_CODE,LANE_CODE,LIGHT_CODE,RD_COND_CODE,RD_DIV_CODE,SURF_COND_CODE,WEATHER_CODE,AREA_DAMAGED_CODE_MAIN,BODY_TYPE_CODE,DAMAGE_CODE,HIT_AND_RUN_FLAG,MOVEMENT_CODE,TIME,AGE,LATITUDE,LONGITUDE,CLUSTER,SECOND_LABEL,FIRST_LABEL,SECOND_LABELING
7236,N,Apparently Normal,No Misuse,N,No Injury,4809631e-de3a-4b4d-918f-8ef3baefec98,D,MCP2796001M,Shoulder/Lap Belt(s),M,c343e1b1-133b-478a-9577-2842963891fc,Angle Meets Left Turn,N,Crossover Related,Right Turn Lane,Daylight,No Defects,"Two-way, Divided, Positive Median Barrier",Dry,Clear,Eight o'clock,"Medium/Heavy Truck 2 axles (10,000 lbs (4,536 kg) or less)",Functional,N,Moving Constant Speed,2015-03-30 14:01,39,39.085665,-77.07891667,3,2,우회전 차선 사고,기타
7237,N,Apparently Normal,No Misuse,N,No Injury,308152f8-d31f-4388-8d09-e3c62c330670,D,MCP2798000V,Shoulder/Lap Belt(s),M,5bfef655-cf6a-45ce-bd8b-4fda106d6c71,Same Direction Sideswipe,N,Intersection,Right Turn Lane,Dark Lights On,No Defects,"Two-way, Divided, Positive Median Barrier",Dry,Clear,One o'clock,Passenger Car,Disabling,N,Moving Constant Speed,2015-03-29 3:15,28,39.02675,-77.04663,3,2,우회전 차선 사고,기타
7238,N,Apparently Normal,No Misuse,Y,No Injury,33bc443a-89a4-4099-824e-d0806c9d7787,D,MCP2813000V,Shoulder/Lap Belt(s),M,58533280-e039-463a-bd36-eeed722964eb,Single Vehicle ,N,Intersection,Right Turn Lane,Daylight,No Defects,"Two-way, Not Divided",Ice,Snow,Twelve o'clock,Passenger Car,No Damage,N,Slowing or Stopping,2015-01-06 8:04,28,39.05038833,-77.07255167,0,1,눈길사고,등속 주행 사고
7239,N,Apparently Normal,No Misuse,N,No Injury,75c585a2-1b75-48b3-8a4d-929c56d12d4a,D,MCP28180011,Shoulder/Lap Belt(s),M,1a44ba86-32c2-4a6e-b425-3790ba8db422,Same Direction Rear End,N,Non Intersection,Deceleration Lane,Dawn,No Defects,"Two-way, Divided, Positive Median Barrier",Dry,Clear,Six o'clock,Passenger Car,Functional,N,Slowing or Stopping,2015-03-24 19:25,47,39.01672167,-77.04260833,1,3,좌회전 차선 사고,감속 중 사고
7240,N,Apparently Normal,No Misuse,N,No Injury,dbcea6a0-f647-496c-987f-a302f2128e11,D,MCP28180011,Shoulder/Lap Belt(s),M,17e7dec0-373e-402f-be8a-0f7846e9fdb0,Same Direction Rear End,N,Non Intersection,Deceleration Lane,Dawn,No Defects,"Two-way, Divided, Positive Median Barrier",Dry,Clear,Six o'clock,Passenger Car,Disabling,N,Slowing or Stopping,2015-03-24 19:25,35,39.01672167,-77.04260833,1,3,좌회전 차선 사고,감속 중 사고
7241,N,Apparently Normal,No Misuse,Y,No Injury,dbe77c88-9da5-4896-a905-08e425434b77,D,MCP28180011,Shoulder/Lap Belt(s),M,a082f8fe-9fb1-4ef8-ac77-d0d815010391,Same Direction Rear End,N,Non Intersection,Deceleration Lane,Dawn,No Defects,"Two-way, Divided, Positive Median Barrier",Dry,Clear,Twelve o'clock,Pickup Truck,Functional,N,Slowing or Stopping,2015-03-24 19:25,36,39.01672167,-77.04260833,1,3,좌회전 차선 사고,감속 중 사고
7242,Y,Apparently Normal,No Misuse,N,No Injury,602ad6d6-2c5d-4552-b050-11134935a09b,D,MCP28660011,Shoulder/Lap Belt(s),M,03f723cd-dd48-400d-ac9e-940a013501b3,Same Direction Rear End,N,Non Intersection,Acceleration Lane,Daylight,No Defects,"Two-way, Divided, Unprotected (painted >4 feet) Median",Dry,Clear,Six o'clock,Transit Bus,Superficial,N,Stopped in Traffic Lane,2015-03-19 15:02,36,38.98055167,-77.07695167,1,2,좌회전 차선 사고,기타
7243,N,Apparently Normal,No Misuse,N,No Injury,ba2827c6-2eca-4255-96ac-c095fd092114,D,MCP2868000T,Shoulder/Lap Belt(s),M,9701e387-b814-4f38-99c3-6e9e80227d20,Single Vehicle ,N,Intersection,Right Turn Lane,Daylight,No Defects,"Two-way, Not Divided",Ice,Blowing Snow,Eleven o'clock,Passenger Car,No Damage,N,Moving Constant Speed,2015-01-06 16:13,64,39.01712,-77.22163167,0,0,눈길사고,감속 중 사고
7244,N,Apparently Normal,No Misuse,N,No Injury,6b87f583-ad14-4882-9fc6-ea9cb0d68eb9,D,MCP2869000H,Shoulder/Lap Belt(s),M,e5491588-07f9-4f0d-844e-07ad0ff587f2,Same Movement Angle,N,Intersection,Acceleration Lane,Daylight,No Defects,"Two-way, Divided, Positive Median Barrier",Dry,Clear,Twelve o'clock,Passenger Car,Functional,N,Moving Constant Speed,2015-02-27 7:22,49,39.031955,-77.04846167,1,0,좌회전 차선 사고,등속 주행 중 측면 추돌 사고
7245,N,Apparently Normal,No Misuse,Y,No Injury,0481e67f-cf0d-4013-a1b8-935fcf218ef5,D,MCP2869000H,Shoulder/Lap Belt(s),M,4fa3953f-39f8-44d5-ad3f-1de8272e9c0d,Same Movement Angle,N,Intersection,Acceleration Lane,Daylight,No Defects,"Two-way, Divided, Positive Median Barrier",Dry,Clear,Four o'clock,Passenger Car,Superficial,N,Making Left Turn,2015-02-27 7:22,35,39.031955,-77.04846167,1,1,좌회전 차선 사고,등속 주행 사고
7246,N,Apparently Normal,No Misuse,Y,No Injury,8d0e079d-57ad-482c-bc6e-1e1fbd0de6bb,D,MCP2871001B,Shoulder/Lap Belt(s),M,97ccc124-55a9-44bf-8449-352cfb178334,Single Vehicle ,N,Intersection Related,Acceleration Lane,Dark Lights On,No Defects,"Two-way, Divided, Positive Median Barrier",Wet,Raining,Twelve o'clock,Passenger Car,Disabling,N,Accelerating,2015-03-31 20:21,27,39.0342,-77.12535167,4,0,빗길사고,등속 주행 중 사고
7247,N,Apparently Normal,No Misuse,Y,No Injury,b5758745-3920-4d1d-9aa4-9a73f4d5d6a6,D,MCP2872000W,Shoulder/Lap Belt(s),M,e10cf36b-689d-4d9d-88c3-7829cade5da0,Same Direction Rear End,N,Non Intersection,Right Turn Lane,Daylight,No Defects,"Two-way, Divided, Positive Median Barrier",Dry,Clear,Twelve o'clock,Van,Functional,N,Slowing or Stopping,2015-02-12 7:55,46,39.15136667,-77.21067333,2,1,기타,등속 주행 사고
7248,N,Apparently Normal,No Misuse,N,Non-incapacitating Injury,cde19962-d9d3-49d9-9239-332a1fef5792,D,MCP2872000W,Shoulder/Lap Belt(s),M,bbc002e4-3ffc-4c6b-a1dc-b50a1b2619ff,Same Direction Rear End,N,Non Intersection,Right Turn Lane,Daylight,No Defects,"Two-way, Divided, Positive Median Barrier",Dry,Clear,Six o'clock,Passenger Car,Functional,N,Slowing or Stopping,2015-02-12 7:55,52,39.15136667,-77.21067333,2,1,기타,등속 주행 사고
7249,N,Apparently Normal,No Misuse,N,No Injury,621ea69f-1761-4adf-bb6e-e2ff92e2a7ba,D,MCP2885000T,Shoulder/Lap Belt(s),M,8a2d0e81-0be4-48d2-bcf0-4d04ebfb46a6,Same Direction Rear End,N,Non Intersection,Deceleration Lane,Daylight,No Defects,"Two-way, Divided, Positive Median Barrier",Dry,Clear,Six o'clock,Passenger Car,Functional,N,Stopped in Traffic Lane,2015-03-12 9:19,26,39.03534,-77.02574167,1,2,좌회전 차선 사고,기타
7250,Y,Apparently Normal,No Misuse,Y,No Injury,f0b527b4-26a7-4690-bb9e-bbe2e15e8d70,D,MCP2885000T,Shoulder/Lap Belt(s),M,57e2c80c-b484-487a-8c75-7e550a658a44,Same Direction Rear End,N,Non Intersection,Deceleration Lane,Daylight,No Defects,"Two-way, Divided, Positive Median Barrier",Dry,Clear,Twelve o'clock,Fire Vehicle/Emergency,Disabling,N,Slowing or Stopping,2015-03-12 9:19,28,39.03534,-77.02574167,1,3,좌회전 차선 사고,감속 중 사고
7251,N,Apparently Normal,No Misuse,Y,No Injury,527a6bbf-1c50-4e09-82f0-3910387b2c35,D,MCP2895000T,Shoulder/Lap Belt(s),M,7e085525-2e41-4ad1-b05b-308f9a15b2ee,Same Direction Sideswipe,N,Non Intersection,Right Turn Lane,Dawn,No Defects,"Two-way, Not Divided",Wet,Raining,Two o'clock,Police Vehicle/Emergency,Superficial,N,Moving Constant Speed,2015-01-24 7:32,31,39.18522,-77.23744833,4,2,빗길사고,동일 방향 운행 중 추돌 사고
7252,N,Apparently Normal,No Misuse,N,No Injury,25f4ab9b-bd1a-4f37-81a8-ca00696feba6,D,MCP2895000V,Shoulder/Lap Belt(s),M,6f02c5bf-5382-46db-ae2b-d65bf085d457,Head On Left Turn,N,Intersection,Right Turn Lane,Dark No Lights,No Defects,"Two-way, Divided, Positive Median Barrier",Dry,Clear,Two o'clock,Van,Superficial,N,Accelerating,2015-02-12 6:23,57,39.18549,-77.240085,3,1,우회전 차선 사고,등속 주행 중 측면 추돌 사고
7253,N,Apparently Normal,No Misuse,Y,No Injury,789b34d8-2c3e-4d7c-8dbf-eddaa200e981,D,MCP2895000V,Shoulder/Lap Belt(s),M,b385eb08-6ba3-4e04-bf2f-ad16cf0c6d0a,Head On Left Turn,N,Intersection,Right Turn Lane,Dark No Lights,No Defects,"Two-way, Divided, Positive Median Barrier",Dry,Clear,Twelve o'clock,Passenger Car,Functional,N,Moving Constant Speed,2015-02-12 6:23,50,39.18549,-77.240085,3,2,우회전 차선 사고,기타
7254,N,Apparently Normal,No Misuse,N,No Injury,9df37837-ca38-4489-b83d-8d24652a546c,D,MCP2902000N,Shoulder/Lap Belt(s),M,6eb69d58-f1b2-4d9e-9322-a44c31df648f,Same Direction Rear End,N,Non Intersection,Acceleration Lane,Daylight,No Defects,"Two-way, Not Divided",Dry,Clear,Six o'clock,Passenger Car,Functional,N,Moving Constant Speed,2015-02-11 8:19,52,39.17406,-77.25093,2,3,기타,등속 주행 중 측면 추돌 사고
7255,N,Apparently Normal,No Misuse,N,No Injury,cfea73ab-7703-434e-a167-406f13afe9c0,D,MCP2905000Y,Shoulder/Lap Belt(s),M,00ce3b3b-f8d8-4f7f-9141-a9ea705663e9,Head On Left Turn,N,Intersection Related,Left Turn Lane,Dark Lights On,No Defects,"Two-way, Divided, Positive Median Barrier",Dry,Clear,Six o'clock,Passenger Car,Superficial,N,Moving Constant Speed,2015-02-06 18:45,25,39.01293167,-77.117455,1,0,좌회전 차선 사고,등속 주행 중 측면 추돌 사고
7256,N,Apparently Normal,No Misuse,Y,No Injury,b8409825-dec7-4318-b5d1-6d7707bee8ea,D,MCP2905000Y,Shoulder/Lap Belt(s),M,15d43895-0a5f-4ded-8c52-fdf5f0834b5e,Head On Left Turn,N,Intersection Related,Left Turn Lane,Dark Lights On,No Defects,"Two-way, Divided, Positive Median Barrier",Dry,Clear,Twelve o'clock,Passenger Car,Disabling,N,Making Left Turn,2015-02-06 18:45,23,39.01293167,-77.117455,1,1,좌회전 차선 사고,등속 주행 사고
7257,N,Apparently Normal,No Misuse,N,No Injury,0924b12d-a74b-47b2-8cb1-5740a5704fdc,D,MCP29100013,Shoulder/Lap Belt(s),M,f3a1db49-3840-4383-83c2-e83f74de34ae,Head On Left Turn,N,Intersection,Right Turn Lane,Daylight,No Defects,"Two-way, Not Divided",Dry,Clear,Two o'clock,Passenger Car,Disabling,N,Moving Constant Speed,2015-02-18 12:24,75,39.01575833,-77.04201667,3,2,우회전 차선 사고,기타
7258,N,Apparently Normal,No Misuse,Y,No Injury,1416cecd-dfdd-4d77-a30a-9ec2161f6479,D,MCP29100013,Shoulder/Lap Belt(s),M,a18595fc-16eb-4265-b851-ae54f5520a3b,Head On Left Turn,N,Intersection,Right Turn Lane,Daylight,No Defects,"Two-way, Not Divided",Dry,Clear,Twelve o'clock,Passenger Car,Functional,N,Making Left Turn,2015-02-18 12:24,58,39.01575833,-77.04201667,3,1,우회전 차선 사고,등속 주행 중 측면 추돌 사고
7259,N,Apparently Normal,No Misuse,N,No Injury,6b39e08d-19ed-4de5-815a-7683e70131be,D,MCP9112001B,Shoulder/Lap Belt(s),M,30e997ff-0935-4571-8f49-e4c657f7c858,Same Movement Angle,N,Intersection,Left Turn Lane,Daylight,No Defects,"Two-way, Divided, Positive Median Barrier",Dry,Clear,Four o'clock,Police Vehicle/Emergency,Disabling,N,Accelerating,2015-02-24 10:38,32,39.07597667,-77.00205833,1,1,좌회전 차선 사고,등속 주행 사고
7260,N,Apparently Normal,No Misuse,N,No Injury,07eefcb6-dd9e-4bb7-8b1f-5242cba34cc1,D,MCP9113000H,Shoulder/Lap Belt(s),M,bfc5f5d0-0797-45de-a10e-0cff2cb3822d,Same Direction Rear End,N,Non Intersection,Right Turn Lane,Daylight,No Defects,"Two-way, Not Divided",Dry,Clear,Six o'clock,Pickup Truck,Superficial,N,Stopped in Traffic Lane,2015-01-05 16:32,41,39.20656,-77.063575,2,0,기타,자차 사고
7261,N,Apparently Normal,No Misuse,N,Possible Incapacitating Injury,a749c7b9-0d03-4bff-97b6-311b9fc46c91,D,MCP9113000H,Shoulder/Lap Belt(s),M,3d4028ac-c3db-4eb9-b27f-69262deb7b22,Same Direction Rear End,N,Non Intersection,Right Turn Lane,Daylight,No Defects,"Two-way, Not Divided",Dry,Clear,Six o'clock,Passenger Car,Disabling,N,Stopped in Traffic Lane,2015-01-05 16:32,29,39.20656,-77.063575,2,0,기타,자차 사고
7262,N,Apparently Normal,No Misuse,Y,No Injury,ffc63084-9941-4ab7-b29b-e16456be0b3c,D,MCP91330007,Shoulder/Lap Belt(s),M,f2197f7f-cc67-4b0c-8dd0-ebabad332f8d,Same Direction Rear End Right Turn,N,Intersection Related,Left Turn Lane,Daylight,No Defects,"Two-way, Divided, Positive Median Barrier",Dry,Clear,Twelve o'clock,"Other Light Trucks (10,000 lbs (4,536 kg))",Disabling,N,Moving Constant Speed,2015-01-15 7:39,39,39.16792833,-77.267475,1,0,좌회전 차선 사고,등속 주행 중 측면 추돌 사고
7263,N,Apparently Normal,No Misuse,Y,No Injury,e759c284-06bc-4615-88fe-4e43569dc197,D,MCP91330008,Shoulder/Lap Belt(s),M,61aa071d-f42e-4951-8c37-4a79236572d2,Single Vehicle ,N,Non Intersection,Right Turn Lane,Daylight,Foreign Material,"Two-way, Not Divided",Ice,Clear,Three o'clock,Passenger Car,Disabling,N,Skidding,2015-01-15 8:46,57,39.13366833,-77.26814667,2,0,기타,자차 사고
7264,N,Apparently Normal,No Misuse,N,No Injury,6774ba23-0b9b-413c-9afd-66286fa7423c,D,MCP93170008,Shoulder/Lap Belt(s),M,66c9643b-3aab-4f0c-b8e7-01704a6c7d0a,Same Direction Sideswipe,N,Non Intersection,Acceleration Lane,Daylight,No Defects,"Two-way, Not Divided",Slush,Clear,Nine o'clock,Passenger Car,Superficial,N,Moving Constant Speed,2015-03-06 12:07,54,38.99535333,-77.01938167,2,2,기타,기타
7265,N,Apparently Normal,No Misuse,Y,No Injury,55b0d40e-e756-44aa-a684-41c4a03d6b64,D,MCP9366000C,Shoulder/Lap Belt(s),M,6b9cbf9a-9f3c-480c-adea-ec08a73ea1fd,Single Vehicle ,N,Non Intersection,Right Turn Lane,Dark Lights On,No Defects,"Two-way, Not Divided",Snow,Snow,Twelve o'clock,Police Vehicle/Emergency,Disabling,N,Skidding,2015-02-02 0:18,28,39.17432667,-77.05345167,0,2,눈길사고,미끌어짐에 의한 사고
7266,N,Apparently Normal,No Misuse,N,No Injury,dc27fb65-5605-482b-86f0-90aac43e4ac9,D,MCP93690006,Shoulder/Lap Belt(s),M,a0614cbc-339a-4f16-a609-b0a1fa46a6db,Same Direction Rear End,N,Intersection,Right Turn Lane,Dark Lights On,No Defects,"Two-way, Divided, Positive Median Barrier",Dry,Clear,Six o'clock,Passenger Car,Superficial,N,Slowing or Stopping,2015-03-28 5:41,38,39.13351833,-77.15837,3,3,우회전 차선 사고,동일 방향 운행 중 추돌 사고
7267,N,Had Been Drinking,No Misuse,Y,No Injury,88a2f48d-6810-4d7e-9e91-607b4d1f94c6,D,MCP93690006,Shoulder/Lap Belt(s),M,2ac97d8d-93c1-48e3-b246-94be701c76ac,Same Direction Rear End,N,Intersection,Right Turn Lane,Dark Lights On,No Defects,"Two-way, Divided, Positive Median Barrier",Dry,Clear,Twelve o'clock,Passenger Car,Superficial,N,Moving Constant Speed,2015-03-28 5:41,40,39.13351833,-77.15837,3,2,우회전 차선 사고,기타
7268,N,Apparently Normal,No Misuse,N,No Injury,72cee0ae-3e5e-4038-8aaa-85b8c85d4d22,D,MCP93850005,Shoulder/Lap Belt(s),M,58db6040-590f-4698-b5f8-9b106bfc37b6,Head On Left Turn,N,Intersection,Acceleration Lane,Dark Lights On,No Defects,"Two-way, Divided, Positive Median Barrier",Dry,Clear,Twelve o'clock,Passenger Car,Disabling,N,Moving Constant Speed,2015-03-27 23:46,18,39.03459455,-77.12499976,1,0,좌회전 차선 사고,등속 주행 중 측면 추돌 사고
7269,N,Had Been Drinking,No Misuse,Y,Possible Incapacitating Injury,39cbbb20-7e43-4f9b-8373-ee50cd715d4c,D,MCP93850005,Shoulder/Lap Belt(s),M,73759601-f505-4388-8035-b08a284be779,Head On Left Turn,N,Intersection,Acceleration Lane,Dark Lights On,No Defects,"Two-way, Divided, Positive Median Barrier",Dry,Clear,One o'clock,Passenger Car,Disabling,N,Making Left Turn,2015-03-27 23:46,36,39.03459455,-77.12499976,1,1,좌회전 차선 사고,등속 주행 사고
7270,N,Apparently Normal,No Misuse,N,No Injury,498f0316-2d1f-48ce-a7c0-afba2b514ad1,D,MCP93990008,Shoulder/Lap Belt(s),M,1a781b0b-0dd0-4f2a-bd43-07ca2a0a76c0,Single Vehicle ,N,Non Intersection,Right Turn Lane,Dark Lights On,No Defects,"Two-way, Not Divided",Dry,Clear,Twelve o'clock,Police Vehicle/Non Emergency,Superficial,N,Slowing or Stopping,2015-02-25 3:07,43,39.10343667,-77.28769,2,1,기타,등속 주행 사고
7271,N,Apparently Normal,No Misuse,Y,No Injury,4392ae19-ef5a-46ef-8d9d-f3e8b6d2cd64,D,MCP9406000D,Shoulder/Lap Belt(s),M,4475fae9-b034-4438-b518-380b18141f21,Single Vehicle ,N,Non Intersection,Left Turn Lane,Daylight,No Defects,"Two-way, Divided, Unprotected (painted >4 feet) Median",Wet,Cloudy,Underside,Passenger Car,Destroyed,N,Moving Constant Speed,2015-01-07 14:44,22,39.09053667,-77.05072833,4,2,빗길사고,동일 방향 운행 중 추돌 사고
7272,N,Apparently Normal,No Misuse,Y,No Injury,e647e250-2e4c-441e-a846-96446495d17c,D,MCP94210002,Shoulder/Lap Belt(s),M,0521f567-a56c-40d5-8e29-22b511fba6f4,Single Vehicle ,N,Non Intersection,Right Turn Lane,Dark Lights On,No Defects,"Two-way, Not Divided",Ice,Clear,One o'clock,Passenger Car,Disabling,N,Moving Constant Speed,2015-01-31 1:14,24,39.09134667,-77.24874333,2,2,기타,기타
7273,N,Apparently Normal,No Misuse,N,No Injury,78ff2a14-6dd9-4c22-be5f-37f17431a833,D,MCP9432000P,Shoulder/Lap Belt(s),M,edbaa031-ef00-4154-aab6-0e92d3164225,Same Direction Rear End,N,Intersection Related,Left Turn Lane,Dark Lights On,No Defects,"Two-way, Divided, Positive Median Barrier",Dry,Clear,Six o'clock,(Sport) Utility Vehicle,Functional,N,Stopped in Traffic Lane,2015-02-19 23:32,48,39.20465333,-77.24621,1,2,좌회전 차선 사고,기타
7274,N,Had Been Drinking,No Misuse,Y,No Injury,5edab753-c363-411a-a433-c39a7f76d83b,D,MCP9432000P,Shoulder/Lap Belt(s),M,4072aea5-7ddc-4e2c-a61d-d0af27da6832,Same Direction Rear End,N,Intersection Related,Left Turn Lane,Dark Lights On,No Defects,"Two-way, Divided, Positive Median Barrier",Dry,Clear,Twelve o'clock,Station Wagon,Functional,N,Moving Constant Speed,2015-02-19 23:32,32,39.20465333,-77.24621,1,0,좌회전 차선 사고,등속 주행 중 측면 추돌 사고
7275,Y,Apparently Normal,No Misuse,Y,No Injury,58f387af-ef49-4460-adaa-c374b9e9dd38,D,MCP9432000R,Shoulder/Lap Belt(s),M,3b9ba494-eb04-4a5c-8571-432b1b20ba3c,Same Direction Rear End,N,Non Intersection,Right Turn Lane,Dark No Lights,No Defects,"Two-way, Not Divided",Ice,Wintry Mix,Twelve o'clock,"Medium/Heavy Truck 2 axles (10,000 lbs (4,536 kg) or less)",Superficial,N,Slowing or Stopping,2015-03-03 20:18,36,39.20334833,-77.240735,0,1,눈길사고,등속 주행 사고
7276,N,Apparently Normal,No Misuse,Y,No Injury,e7c24819-b6f8-4b0f-8122-0cf8c02d9815,D,MCP9432000S,Shoulder/Lap Belt(s),M,df5b6a35-9e57-4d96-b5f6-0e0501fadfbb,Same Direction Left Turn,N,Non Intersection,Right Turn Lane,Daylight,No Defects,"Two-way, Not Divided",Wet,Raining,Ten o'clock,(Sport) Utility Vehicle,Functional,N,Making U Turn,2015-03-10 17:56,22,39.17839667,-77.230815,4,0,빗길사고,등속 주행 중 사고
7277,N,Apparently Normal,No Misuse,N,Possible Incapacitating Injury,674a654c-8a9c-4d24-a4f1-51eb255f49b9,D,MCP9432000S,Shoulder/Lap Belt(s),M,5571699a-226f-4571-8584-49511274b06b,Same Direction Left Turn,N,Non Intersection,Right Turn Lane,Daylight,No Defects,"Two-way, Not Divided",Wet,Raining,Twelve o'clock,Passenger Car,Disabling,N,Moving Constant Speed,2015-03-10 17:56,29,39.17839667,-77.230815,4,2,빗길사고,동일 방향 운행 중 추돌 사고
7278,N,Apparently Normal,No Misuse,N,No Injury,cd438e95-269e-416e-a9eb-90f2f0fe9ef9,D,MCP9432000V,Shoulder/Lap Belt(s),M,5ad8af8b-b3cf-40fa-af41-b5e67c154a1b,Same Direction Left Turn,N,Non Intersection,Right Turn Lane,Dark Lights On,No Defects,"Two-way, Divided, Positive Median Barrier",Dry,Clear,One o'clock,Passenger Car,Superficial,N,Moving Constant Speed,2015-03-30 19:40,26,39.15104167,-77.218515,2,2,기타,기타
7279,N,Apparently Normal,No Misuse,N,No Injury,3c57e314-678c-4e11-9ab0-3095dc3c68a9,D,MDTA05270001,Shoulder/Lap Belt(s),M,08c2524b-71a4-4d15-91ea-0d575570ad41,Single Vehicle ,N,Non Intersection,Right Turn Lane,Dawn,No Defects,"Two-way, Divided, Unprotected (painted >4 feet) Median",Dry,Clear,One o'clock,Police Vehicle/Emergency,Superficial,N,Moving Constant Speed,2015-01-19 17:10,48,39.19492937,-76.54528856,2,2,기타,기타
7280,N,Apparently Normal,No Misuse,N,No Injury,d479af0c-11b0-4693-a536-d0ea851c2b05,D,MDTA0540000D,Shoulder/Lap Belt(s),M,02844f1d-7885-4999-a65f-41947ca4393b,Same Direction Sideswipe,N,Non Intersection,Left Turn Lane,Daylight,No Defects,"Two-way, Divided, Positive Median Barrier",Wet,Raining,Nine o'clock,Passenger Car,Superficial,N,Moving Constant Speed,2015-01-18 15:51,38,39.02291795,-76.42707825,4,2,빗길사고,동일 방향 운행 중 추돌 사고
7281,N,Apparently Normal,No Misuse,Y,No Injury,4252ac03-e6e3-4a6a-92b3-48c53a028313,D,MDTA0540000D,Shoulder/Lap Belt(s),M,1cb4f524-0739-48c4-86e1-27e6a8491f51,Same Direction Sideswipe,N,Non Intersection,Left Turn Lane,Daylight,No Defects,"Two-way, Divided, Positive Median Barrier",Wet,Raining,Two o'clock,Passenger Car,Superficial,Y,Moving Constant Speed,2015-01-18 15:51,56,39.02291795,-76.42707825,4,2,빗길사고,동일 방향 운행 중 추돌 사고
7282,N,Apparently Normal,No Misuse,N,No Injury,43c9ffaa-0515-406c-a0d0-2282412fd7f1,D,MDTA11620004,Shoulder/Lap Belt(s),M,405638f4-3831-4204-8656-14cc36be6f5d,Same Direction Rear End,N,Interchange Related,Deceleration Lane,Daylight,No Defects,"Two-way, Divided, Positive Median Barrier",Wet,Raining,Six o'clock,Passenger Car,Superficial,N,Moving Constant Speed,2015-01-03 13:00,40,39.08019068,-76.90107822,4,2,빗길사고,동일 방향 운행 중 추돌 사고
7283,N,Apparently Normal,No Misuse,N,No Injury,260ef46d-777e-4b5a-9f18-fb8d9510f71e,D,MDTA12290004,Shoulder Belt Only,M,5feadb94-87e4-402e-add2-f41da311e349,Same Direction Sideswipe,N,Non Intersection,Right Turn Lane,Dark Lights On,No Defects,"Two-way, Not Divided",Dry,Clear,One o'clock,Passenger Car,Superficial,N,Moving Constant Speed,2015-01-22 23:59,18,39.271829,-76.551403,2,2,기타,기타
7284,N,Apparently Normal,No Misuse,Y,No Injury,f23caf96-6b73-4129-91b5-0639f81e56d6,D,MDTA12290004,Shoulder/Lap Belt(s),M,63867fd7-88bb-4eb4-b04e-9c397280c8d5,Same Direction Sideswipe,N,Non Intersection,Right Turn Lane,Dark Lights On,No Defects,"Two-way, Not Divided",Dry,Clear,Nine o'clock,Police Vehicle/Non Emergency,Superficial,N,Moving Constant Speed,2015-01-22 23:59,23,39.271829,-76.551403,2,2,기타,기타
7285,N,Apparently Normal,No Misuse,N,No Injury,9876e62a-2e13-4a21-8ae2-dc5b0fbc2f75,D,MDTA1380000D,Shoulder/Lap Belt(s),M,cd05f70a-00b5-4795-95ca-39b1d046ca1c,Same Direction Sideswipe,N,Non Intersection,Left Turn Lane,Dusk,No Defects,One-way Trafficway,Dry,Cloudy,Eight o'clock,(Sport) Utility Vehicle,Disabling,N,Slowing or Stopping,2015-03-27 20:13,72,38.99683656,-76.39533162,1,3,좌회전 차선 사고,감속 중 사고
7286,N,Apparently Normal,No Misuse,N,No Injury,87271f0e-71d9-4b7e-9146-aa59e04eec03,D,MDTA1380000G,Shoulder/Lap Belt(s),M,79e91f5a-594c-43ba-b600-e5266a7f988f,Same Direction Sideswipe,N,Non Intersection,Right Turn Lane,Dusk,No Defects,One-way Trafficway,Dry,Cloudy,Five o'clock,Pickup Truck,Superficial,N,Slowing or Stopping,2015-03-27 20:13,51,38.99656556,-76.39489174,2,1,기타,등속 주행 사고
7287,N,Apparently Normal,No Misuse,Y,No Injury,ec50c238-c9a7-434c-a5d9-03a4889c20dd,D,MDTA14040001,Shoulder Belt Only,M,0d53169f-64c9-4216-9ec9-20872f5f1be3,Single Vehicle ,N,Non Intersection,Right Turn Lane,Dark Lights On,No Defects,"Two-way, Divided, Positive Median Barrier",Dry,Clear,Twelve o'clock,Passenger Car,Functional,N,Accelerating,2015-01-16 1:20,27,39.20377582,-76.55101776,2,0,기타,자차 사고
7288,N,Apparently Normal,No Misuse,N,No Injury,fdebecaf-6021-4ce2-b873-d536e52f004e,D,MDTA14060007,Shoulder/Lap Belt(s),M,5d48c41e-72f6-4bed-bfbc-4985bed5b67c,Same Direction Sideswipe,N,Non Intersection,Deceleration Lane,Dawn,No Defects,"Two-way, Divided, Positive Median Barrier",Dry,Clear,Five o'clock,Passenger Car,Superficial,N,Moving Constant Speed,2015-01-20 7:02,68,39.27079487,-76.64528131,1,0,좌회전 차선 사고,등속 주행 중 측면 추돌 사고
7289,N,Apparently Normal,No Misuse,Y,No Injury,ed19938a-e1a2-4f8e-a1ab-aca2c45543a3,D,MDTA14060009,Shoulder/Lap Belt(s),M,14bfeb3d-b6d8-497b-bf34-d98e8e7cbe2d,Same Direction Rear End,N,Non Intersection,Acceleration Lane,Dark Lights On,No Defects,"Two-way, Divided, Positive Median Barrier",Dry,Cloudy,Twelve o'clock,"Cargo Van/Light Truck 2 axles (10,000 lbs (4,536 kg) or less)",Disabling,N,Stopped in Traffic Lane,2015-03-30 4:38,36,39.2710868,-76.6455467,1,2,좌회전 차선 사고,기타