KEY_INDEX,CDL_FLAG,CONDITION_CODE,EQUIP_PROB_CODE,FAULT_FLAG,INJ_SEVER_CODE,PERSON_ID,PERSON_TYPE,REPORT_NO,SAF_EQUIP_CODE,SEX_CODE,VEHICLE_ID,COLLISION_TYPE_CODE,C_M_ZONE_FLAG,JUNCTION_CODE,LANE_CODE,LIGHT_CODE,RD_COND_CODE,RD_DIV_CODE,SURF_COND_CODE,WEATHER_CODE,AREA_DAMAGED_CODE_MAIN,BODY_TYPE_CODE,DAMAGE_CODE,HIT_AND_RUN_FLAG,MOVEMENT_CODE,TIME,AGE,LATITUDE,LONGITUDE,CLUSTER,SECOND_LABEL,FIRST_LABEL,SECOND_LABELING
7290,N,Apparently Normal,No Misuse,Y,No Injury,d3574665-91cc-4f1f-bec7-f6153594a78d,D,MDTA14060009,Shoulder/Lap Belt(s),M,d178988c-2c8c-4b1f-adee-aaa7db1400db,Same Direction Rear End,N,Non Intersection,Acceleration Lane,Dark Lights On,No Defects,"Two-way, Divided, Positive Median Barrier",Dry,Cloudy,Six o'clock,Passenger Car,Disabling,N,Stopped in Traffic Lane,2015-03-30 4:38,24,39.2710868,-76.6455467,1,2,좌회전 차선 사고,기타
7291,N,Apparently Normal,No Misuse,Y,No Injury,9f9f96fa-b6da-4d9b-accb-09be5e44f040,D,MDTA1434000C,Shoulder/Lap Belt(s),M,96d087e6-60d2-451a-88af-6466af04bf46,Single Vehicle ,N,Non Intersection,Acceleration Lane,Dark No Lights,No Defects,"Two-way, Divided, Positive Median Barrier",Wet,Clear,One o'clock,Passenger Car,Disabling,N,Moving Constant Speed,2015-01-13 7:10,24,39.135012,-77.1459,4,2,빗길사고,동일 방향 운행 중 추돌 사고
7292,N,Apparently Normal,No Misuse,N,No Injury,6a13962c-be14-4b56-8cf8-e0b2d545d052,D,MDTA1573000N,Shoulder/Lap Belt(s),M,cb53b964-7dc6-4f37-bd7e-07f5748576c0,Same Direction Left Turn,N,Non Intersection,Acceleration Lane,Dark Lights On,No Defects,"Two-way, Divided, Positive Median Barrier",Wet,Wintry Mix,Twelve o'clock,Passenger Car,Disabling,N,Slowing or Stopping,2015-03-01 20:10,54,39.278248,-76.551663,4,0,빗길사고,등속 주행 중 사고
7293,N,Apparently Normal,No Misuse,Y,No Injury,6c055feb-8dad-4939-9996-7d381541bee6,D,MDTA1573000N,Shoulder/Lap Belt(s),M,45ff3319-9204-48e2-a65b-97c0912f2c28,Same Direction Left Turn,N,Non Intersection,Acceleration Lane,Dark Lights On,No Defects,"Two-way, Divided, Positive Median Barrier",Wet,Wintry Mix,Six o'clock,Passenger Car,Functional,N,Slowing or Stopping,2015-03-01 20:10,25,39.278248,-76.551663,4,0,빗길사고,등속 주행 중 사고
7294,N,Apparently Normal,No Misuse,Y,No Injury,988a66e6-cad4-41fa-97da-b573975ff382,D,MSP0486001X,Shoulder/Lap Belt(s),M,cddb98c4-b296-4f17-9a99-a15c1f6453d4,Single Vehicle ,N,Non Intersection,Right Turn Lane,Daylight,No Defects,"Two-way, Not Divided",Slush,Raining,Six o'clock,Passenger Car,Disabling,N,Skidding,2015-01-12 10:00,18,39.6639155,-77.5287005,0,2,눈길사고,미끌어짐에 의한 사고
7295,N,Apparently Normal,No Misuse,N,No Injury,0119194d-ccbd-488a-ab8e-91ca8a533734,D,MSP04860020,Shoulder/Lap Belt(s),M,162d01b5-60f1-4398-aba3-5028a95bfeef,Same Direction Rear End,N,Non Intersection,Right Turn Lane,Daylight,No Defects,"Two-way, Divided, Positive Median Barrier",Snow,Snow,Six o'clock,Recreational Vehicle,Superficial,N,Moving Constant Speed,2015-01-14 11:20,61,39.56320429,-77.61548996,0,3,눈길사고,자차 사고
7296,N,Apparently Normal,No Misuse,Y,No Injury,b9c63147-92c3-4840-9165-b01bbabf8716,D,MSP12050012,Shoulder/Lap Belt(s),M,27eed78c-d4b9-4f94-9a47-6879b1862030,Same Direction Sideswipe,N,Intersection Related,Left Turn Lane,Dark Lights On,No Defects,"Two-way, Divided, Positive Median Barrier",Dry,Clear,Eleven o'clock,Pickup Truck,Functional,N,Making Right Turn,2015-02-11 4:54,24,38.6146315,-76.88079883,1,1,좌회전 차선 사고,등속 주행 사고
7297,Y,Apparently Normal,No Misuse,N,Possible Incapacitating Injury,8170e7ca-3d28-4c84-bcfc-c730748e2b54,D,MSP12050012,Shoulder/Lap Belt(s),M,89437b2b-09bc-43d5-8b5d-218053e81989,Same Direction Sideswipe,N,Intersection Related,Left Turn Lane,Dark Lights On,No Defects,"Two-way, Divided, Positive Median Barrier",Dry,Clear,One o'clock,Pickup Truck,Functional,N,Making Left Turn,2015-02-11 4:54,62,38.6146315,-76.88079883,1,1,좌회전 차선 사고,등속 주행 사고
7298,N,Apparently Normal,No Misuse,Y,No Injury,1368b828-4f5f-4ddc-a79a-9472a2d6f656,D,MSP12190010,Shoulder/Lap Belt(s),M,3044f77b-e4ce-4286-b6de-e181889df4dc,Same Direction Left Turn,N,Non Intersection,Right Turn Lane,Daylight,No Defects,"Two-way, Not Divided",Wet,Cloudy,Eleven o'clock,Station Wagon,Disabling,N,Making U Turn,2015-02-09 16:15,26,39.70822664,-76.07017279,4,0,빗길사고,등속 주행 중 사고
7299,N,Apparently Normal,No Misuse,N,Possible Incapacitating Injury,d3bd3241-7155-4b9c-897e-0360f0a4fa86,D,MSP12190010,Shoulder/Lap Belt(s),M,c21ec53d-f2fe-47e9-a357-46569dbffda2,Same Direction Left Turn,N,Non Intersection,Right Turn Lane,Daylight,No Defects,"Two-way, Not Divided",Wet,Cloudy,Twelve o'clock,Passenger Car,Disabling,N,Moving Constant Speed,2015-02-09 16:15,30,39.70822664,-76.07017279,4,2,빗길사고,동일 방향 운행 중 추돌 사고
7300,N,Apparently Normal,No Misuse,Y,No Injury,5bc73d9e-8c2e-4284-a9ac-49da6d83a34a,D,MSP12190016,Shoulder/Lap Belt(s),M,b138c2b4-bf34-4002-bce9-785f103e6716,Same Direction Rear End,N,Intersection Related,Right Turn Lane,Daylight,No Defects,"Two-way, Not Divided",Dry,Clear,Twelve o'clock,Passenger Car,Superficial,N,Slowing or Stopping,2015-03-23 10:50,22,39.62767467,-76.08518717,3,3,우회전 차선 사고,동일 방향 운행 중 추돌 사고
7301,N,Apparently Normal,No Misuse,Y,No Injury,48c25a37-8d16-415c-82da-f028c8aacbda,D,MSP1281000J,Shoulder/Lap Belt(s),M,118131fe-daf0-4f61-be0b-bd1f2d818afe,Single Vehicle ,N,Non Intersection,Right Turn Lane,Dark No Lights,No Defects,"Two-way, Not Divided",Dry,Clear,Nine o'clock,Passenger Car,Disabling,N,Moving Constant Speed,2015-02-03 4:30,22,39.56758783,-79.06311035,2,2,기타,기타
7302,N,Apparently Normal,No Misuse,N,No Injury,70cc4179-5eec-419d-96a5-b32e26ffbe5b,D,MSP14050007,Shoulder/Lap Belt(s),M,56a4532e-6122-4165-88f6-5a692a00eebd,Same Direction Rear End,N,Non Intersection,Acceleration Lane,Dark No Lights,No Defects,"Two-way, Divided, Positive Median Barrier",Dry,Clear,Six o'clock,(Sport) Utility Vehicle,No Damage,N,Slowing or Stopping,2015-02-23 7:02,31,39.03255783,-76.94537733,1,3,좌회전 차선 사고,감속 중 사고
7303,N,Apparently Normal,No Misuse,Y,No Injury,091a9a41-879a-4ed0-8e99-4aab4bee93fe,D,MSP14050007,Shoulder/Lap Belt(s),M,4d236a03-7ec6-4498-a9c3-028906644e16,Same Direction Rear End,N,Non Intersection,Acceleration Lane,Dark No Lights,No Defects,"Two-way, Divided, Positive Median Barrier",Dry,Clear,Twelve o'clock,(Sport) Utility Vehicle,Superficial,N,Slowing or Stopping,2015-02-23 7:02,55,39.03255783,-76.94537733,1,3,좌회전 차선 사고,감속 중 사고
7304,Y,Apparently Normal,No Misuse,N,No Injury,f8a4222f-6b49-484f-9a46-e8e93c8fc2f5,D,MSP16050001,Shoulder/Lap Belt(s),M,f3fa2f83-a156-4444-b047-5ff9074c4393,Same Direction Rear End,N,Non Intersection,Acceleration Lane,Daylight,No Defects,"Two-way, Divided, Positive Median Barrier",Dry,Clear,Six o'clock,"Medium/Heavy Truck 2 axles (10,000 lbs (4,536 kg) or less)",Functional,N,Slowing or Stopping,2015-03-30 12:52,38,39.31657167,-76.97536833,1,3,좌회전 차선 사고,감속 중 사고
7305,Y,Apparently Normal,No Misuse,Y,No Injury,5d8c8693-2e2b-4571-883c-d8cfad839fc5,D,MSP16050001,Shoulder/Lap Belt(s),M,ab185f0a-99d6-4933-82e5-d299a1680537,Same Direction Rear End,N,Non Intersection,Acceleration Lane,Daylight,No Defects,"Two-way, Divided, Positive Median Barrier",Dry,Clear,Twelve o'clock,Truck Tractor,Disabling,N,Slowing or Stopping,2015-03-30 12:52,49,39.31657167,-76.97536833,1,3,좌회전 차선 사고,감속 중 사고
7306,Y,Apparently Normal,No Misuse,N,Possible Incapacitating Injury,7c148ecb-49ab-4567-8ece-a2fe3a7ace3c,D,MSP16050001,Shoulder/Lap Belt(s),M,96d55d58-f70e-475f-aae4-2396a9eecff0,Same Direction Rear End,N,Non Intersection,Acceleration Lane,Daylight,No Defects,"Two-way, Divided, Positive Median Barrier",Dry,Clear,Twelve o'clock,"Medium/Heavy Truck 2 axles (10,000 lbs (4,536 kg) or less)",Disabling,N,Slowing or Stopping,2015-03-30 12:52,51,39.31657167,-76.97536833,1,3,좌회전 차선 사고,감속 중 사고
7307,N,Apparently Normal,No Misuse,N,No Injury,c695802c-c978-4de2-8d89-6bfc79e31bec,D,MSP16700007,Shoulder/Lap Belt(s),M,a3ade10a-276a-4a40-8ae6-bbd4b959ca58,Same Direction Sideswipe,N,Non Intersection,Left Turn Lane,Daylight,No Defects,"Two-way, Divided, Positive Median Barrier",Dry,Clear,Seven o'clock,(Sport) Utility Vehicle,Superficial,N,Moving Constant Speed,2015-02-04 8:45,44,39.30715661,-76.75383568,1,0,좌회전 차선 사고,등속 주행 중 측면 추돌 사고
7308,N,Apparently Normal,No Misuse,Y,No Injury,a2b51740-1ff2-46ec-851f-f593a79fa38f,D,MSP16700007,Shoulder/Lap Belt(s),M,d4441a13-2afa-4310-8424-2ea9315fd43e,Same Direction Sideswipe,N,Non Intersection,Left Turn Lane,Daylight,No Defects,"Two-way, Divided, Positive Median Barrier",Dry,Clear,Seven o'clock,Passenger Car,Superficial,Y,Moving Constant Speed,2015-02-04 8:45,56,39.30715661,-76.75383568,1,0,좌회전 차선 사고,등속 주행 중 측면 추돌 사고
7309,N,Apparently Normal,No Misuse,N,No Injury,8ddbead7-28c2-42f4-81b4-5b545ec8b39d,D,MSP17610013,Shoulder/Lap Belt(s),M,6844b720-fcf9-4560-881d-1faa854964f6,Head On,N,Non Intersection,Right Turn Lane,Daylight,No Defects,"Two-way, Not Divided",Snow,Snow,Twelve o'clock,(Sport) Utility Vehicle,Disabling,N,Moving Constant Speed,2015-03-05 10:48,50,39.582333,-78.951209,0,0,눈길사고,감속 중 사고
7310,N,Apparently Normal,No Misuse,Y,Non-incapacitating Injury,73710453-3ef0-4e18-87e2-649dd877b310,D,MSP17610013,Shoulder/Lap Belt(s),M,c476b3ec-358a-4b0b-91cb-309ea48ebe2b,Head On,N,Non Intersection,Right Turn Lane,Daylight,No Defects,"Two-way, Not Divided",Snow,Snow,Twelve o'clock,(Sport) Utility Vehicle,Disabling,N,Moving Constant Speed,2015-03-05 10:48,32,39.582333,-78.951209,0,0,눈길사고,감속 중 사고
7311,N,Apparently Normal,No Misuse,Y,No Injury,02fe9326-fa91-4fb8-bcf7-f32af1f8dafd,D,MSP1866000X,Shoulder/Lap Belt(s),M,80097143-a613-4cc7-aeea-af8d0eea3881,Same Direction Rear End,N,Non Intersection,Right Turn Lane,Dark No Lights,No Defects,"Two-way, Not Divided",Snow,Blowing Snow,Twelve o'clock,Pickup Truck,Disabling,N,Skidding,2015-02-19 22:57,27,38.50494617,-75.8294815,0,2,눈길사고,미끌어짐에 의한 사고
7312,N,Apparently Normal,No Misuse,Y,No Injury,306b1737-5ee1-430f-9902-0c3922a2d4cc,D,MSP2074000L,Shoulder/Lap Belt(s),M,7344fd75-ab0a-4767-8392-5f93a8766306,Single Vehicle ,N,Intersection Related,Right Turn Lane,Daylight,No Defects,"Two-way, Divided, Positive Median Barrier",Dry,Clear,Underside,Passenger Car,Disabling,N,Accelerating,2015-02-03 15:03,31,39.405085,-76.95059558,3,1,우회전 차선 사고,등속 주행 중 측면 추돌 사고
7313,N,Apparently Normal,No Misuse,Y,No Injury,f67df9cb-1c95-4aa6-aa8d-517dd4d1c434,D,MSP2110000R,Shoulder/Lap Belt(s),M,6e26d543-9334-4ef1-88af-4cfa74a64742,Single Vehicle ,N,Non Intersection,Right Turn Lane,Dark No Lights,No Defects,"Two-way, Not Divided",Snow,Snow,Eleven o'clock,(Sport) Utility Vehicle,Destroyed,N,Skidding,2015-01-09 3:43,39,39.637118,-79.460287,0,2,눈길사고,미끌어짐에 의한 사고
7314,Y,Apparently Normal,No Misuse,N,No Injury,e8a8ee6f-7c69-4ac0-86f8-8a5fc45676d8,D,MSP2110000T,Shoulder/Lap Belt(s),M,c064a1fe-9f60-4632-8e9d-5996111c0f13,Single Vehicle ,N,Non Intersection,Right Turn Lane,Dark No Lights,No Defects,"Two-way, Divided, Unprotected (painted >4 feet) Median",Ice,Snow,Six o'clock,Pickup Truck,Superficial,N,Backing,2015-02-27 3:37,49,39.45935,-79.199581,0,2,눈길사고,미끌어짐에 의한 사고
7315,Y,Apparently Normal,No Misuse,N,No Injury,3637a6c8-09d5-491e-8bf0-5bd4d97ad452,D,MSP24150002,Shoulder/Lap Belt(s),M,13b95e1f-0a32-431d-9d22-2c5ff98e147b,Same Direction Left Turn,N,Non Intersection,Right Turn Lane,Daylight,No Defects,"Two-way, Divided, Positive Median Barrier",Dry,Clear,Twelve o'clock,(Sport) Utility Vehicle,Superficial,N,Accelerating,2015-02-11 7:45,41,39.58404433,-76.9899559,2,0,기타,자차 사고
7316,Y,Apparently Normal,No Misuse,Y,No Injury,14211b68-1c4e-41e4-a901-35242f7788a2,D,MSP24150002,Shoulder/Lap Belt(s),M,7d118cdf-c869-49a6-a36a-94c1bd02c337,Same Direction Left Turn,N,Non Intersection,Right Turn Lane,Daylight,No Defects,"Two-way, Divided, Positive Median Barrier",Dry,Clear,Twelve o'clock,Pickup Truck,Superficial,N,Changing Lanes,2015-02-11 7:45,64,39.58404433,-76.9899559,2,0,기타,자차 사고
7317,N,Apparently Normal,No Misuse,Y,No Injury,20cb349b-d921-441f-aa3f-ce307d46f39d,D,MSP2467001K,Shoulder/Lap Belt(s),M,d29860b8-5215-4fd5-af8e-d64352271799,Single Vehicle ,N,Non Intersection,Acceleration Lane,Dark No Lights,No Defects,"Two-way, Divided, Positive Median Barrier",Ice,Wintry Mix,Eleven o'clock,Ambulance/Non Emergency,Disabling,N,Moving Constant Speed,2015-01-12 5:36,22,39.71917583,-78.287631,0,0,눈길사고,감속 중 사고
7318,N,Apparently Normal,No Misuse,Y,No Injury,8c35ad4f-0850-41d2-a62a-630ea4c6c1ec,D,MSP2467001N,Shoulder/Lap Belt(s),M,6bce827c-4ab9-47ee-a4af-0bc0adaeab42,Single Vehicle ,N,Non Intersection,Left Turn Lane,Daylight,No Defects,"Two-way, Divided, Positive Median Barrier",Snow,Snow,Six o'clock,Pickup Truck,Disabling,N,Moving Constant Speed,2015-01-14 10:30,75,39.53606067,-77.60611067,0,0,눈길사고,감속 중 사고
7319,N,Apparently Normal,No Misuse,Y,No Injury,9f978802-37dd-478f-84b5-826476e939a2,D,MSP2467001R,Shoulder/Lap Belt(s),M,a0f8f416-98b1-402b-9d93-f596e303ec4d,Single Vehicle ,N,Non Intersection,Right Turn Lane,Dark No Lights,No Defects,One-way Trafficway,Snow,Snow,Twelve o'clock,Pickup Truck,Disabling,N,Slowing or Stopping,2015-02-21 21:20,55,39.70309467,-78.229666,0,1,눈길사고,등속 주행 사고
7320,N,Apparently Normal,No Misuse,Y,No Injury,b64feba4-78a9-4135-965a-5469ce62a2d1,D,MSP2467001T,Shoulder/Lap Belt(s),M,7f0d49b2-0d46-4adb-8a2a-a3a21274683c,Single Vehicle ,N,Non Intersection,Right Turn Lane,Daylight,No Defects,"Two-way, Not Divided",Dry,Clear,Two o'clock,Passenger Car,Disabling,N,Moving Constant Speed,2015-03-29 7:30,18,39.70865933,-77.78355,2,2,기타,기타
7321,N,Apparently Normal,No Misuse,Y,No Injury,5f648417-012f-4fda-9a84-7b3a6a6f893d,D,MSP30530015,Shoulder/Lap Belt(s),M,81a45efb-0fe8-493d-843e-365fc5b4d08c,Single Vehicle ,N,Non Intersection,Right Turn Lane,Daylight,No Defects,One-way Trafficway,Wet,Cloudy,Eleven o'clock,Passenger Car,Disabling,N,Moving Constant Speed,2015-01-04 12:46,21,39.627683,-77.77374333,4,2,빗길사고,동일 방향 운행 중 추돌 사고
7322,N,Apparently Normal,No Misuse,N,No Injury,66892715-d0eb-43f2-949d-126bab187217,D,MSP30530016,Shoulder/Lap Belt(s),M,02ed2918-1d34-45d1-99b6-16a840285e62,Same Direction Rear End,N,Non Intersection,Right Turn Lane,Dark No Lights,No Defects,"Two-way, Divided, Positive Median Barrier",Wet,Raining,Six o'clock,Pickup Truck,Superficial,N,Slowing or Stopping,2015-01-12 17:50,48,39.600849,-77.80596417,4,3,빗길사고,기타
7323,N,Apparently Normal,No Misuse,Y,No Injury,b99d9a88-e653-4f65-80d2-e796768a92e8,D,MSP30530016,Shoulder/Lap Belt(s),M,f6584039-3ae5-4984-abd5-0bedbf3de03c,Same Direction Rear End,N,Non Intersection,Right Turn Lane,Dark No Lights,No Defects,"Two-way, Divided, Positive Median Barrier",Wet,Raining,Twelve o'clock,Passenger Car,Disabling,N,Moving Constant Speed,2015-01-12 17:50,27,39.600849,-77.80596417,4,2,빗길사고,동일 방향 운행 중 추돌 사고
7324,N,Apparently Normal,No Misuse,N,No Injury,216766ad-2e5f-459e-b5df-737ef0698157,D,MSP30530018,Shoulder/Lap Belt(s),M,15bb66ca-61db-414a-aa52-6d8a4d065805,Same Direction Left Turn,N,Non Intersection,Right Turn Lane,Daylight,No Defects,"Two-way, Divided, Positive Median Barrier",Wet,Raining,Two o'clock,(Sport) Utility Vehicle,Disabling,N,Moving Constant Speed,2015-03-26 18:10,49,39.58469617,-77.83209967,4,2,빗길사고,동일 방향 운행 중 추돌 사고
7325,N,Apparently Normal,No Misuse,Y,No Injury,d738c634-f7bf-4b06-a5f8-2e78b345053a,D,MSP30530018,Shoulder Belt Only,M,2475cafe-be53-4f3a-b810-4da6dbaa4833,Same Direction Left Turn,N,Non Intersection,Right Turn Lane,Daylight,No Defects,"Two-way, Divided, Positive Median Barrier",Wet,Raining,Ten o'clock,Truck Tractor,Superficial,N,Changing Lanes,2015-03-26 18:10,59,39.58469617,-77.83209967,4,0,빗길사고,등속 주행 중 사고
7326,N,Apparently Normal,No Misuse,Y,No Injury,ebce3eab-56e3-444a-9696-0b4dc3e2a9b7,D,MSP34700001,Shoulder/Lap Belt(s),M,a6b1dc45-8b3e-4d25-882f-be9424b63f68,Same Direction Rear End,N,Non Intersection,Acceleration Lane,Daylight,No Defects,"Two-way, Divided, Positive Median Barrier",Dry,Cloudy,Twelve o'clock,Passenger Car,Disabling,N,Moving Constant Speed,2015-01-29 9:09,31,39.13022669,-77.20569134,1,0,좌회전 차선 사고,등속 주행 중 측면 추돌 사고
7327,Y,Apparently Normal,No Misuse,Y,No Injury,2ef6beb9-71b7-4121-be56-23994131bb6b,D,MSP4151000J,Shoulder/Lap Belt(s),M,53a35479-baf8-4709-953a-27871e3627cc,Single Vehicle ,N,Non Intersection,Right Turn Lane,Daylight,No Defects,"Two-way, Divided, Positive Median Barrier",Snow,Snow,Eleven o'clock,Truck Tractor,Superficial,N,Moving Constant Speed,2015-03-05 11:57,25,39.65572267,-77.74748933,0,0,눈길사고,감속 중 사고
7328,N,Apparently Normal,No Misuse,Y,No Injury,7ae6b241-f356-4fe8-a31b-78e7343b90ff,D,MSP4488000F,Shoulder/Lap Belt(s),M,8b7bb4a9-df11-4718-a86b-e3f6268795c4,Single Vehicle ,N,Non Intersection,Left Turn Lane,Dark No Lights,No Defects,"Two-way, Divided, Positive Median Barrier",Snow,Wintry Mix,Twelve o'clock,Pickup Truck,Functional,N,Moving Constant Speed,2015-02-20 6:02,36,39.68203777,-79.02906423,0,0,눈길사고,감속 중 사고
7329,Y,Apparently Normal,No Misuse,N,No Injury,3e0ddfbd-a29a-4563-83fd-a1c0b360bb30,D,MSP4488000K,Shoulder/Lap Belt(s),M,0ddc690d-f79b-49eb-b4e8-83ad909d8c1d,Single Vehicle ,N,Non Intersection,Right Turn Lane,Daylight,No Defects,"Two-way, Not Divided",Snow,Snow,Two o'clock,"Medium/Heavy Truck 2 axles (10,000 lbs (4,536 kg) or less)",Disabling,N,Slowing or Stopping,2015-03-05 12:11,30,39.69087087,-79.10364707,0,1,눈길사고,등속 주행 사고
7330,N,Apparently Normal,No Misuse,Y,No Injury,4a32aa0e-6389-4620-8659-0aea99b0c5ff,D,MSP45900010,Shoulder Belt Only,M,f312df63-a3f5-4839-b280-65f698a7c18b,Single Vehicle ,N,Non Intersection,Right Turn Lane,Daylight,No Defects,"Two-way, Not Divided",Wet,Cloudy,Three o'clock,"Other Light Trucks (10,000 lbs (4,536 kg))",No Damage,Y,Moving Constant Speed,2015-03-05 14:30,36,39.567634,-78.978901,4,2,빗길사고,동일 방향 운행 중 추돌 사고
7331,N,Apparently Normal,No Misuse,Y,No Injury,8659df19-9e83-45d5-b89d-af87606f3ad4,D,MSP4641004P,Shoulder/Lap Belt(s),M,0a6369b4-6060-4c7f-8574-5191c75b6e1d,Single Vehicle ,N,Non Intersection,Left Turn Lane,Dark No Lights,Foreign Material,One-way Trafficway,Wet,Snow,Twelve o'clock,Pickup Truck,Disabling,N,Moving Constant Speed,2015-01-29 17:38,40,39.3788955,-76.5198695,4,2,빗길사고,동일 방향 운행 중 추돌 사고
7332,N,Apparently Normal,No Misuse,N,No Injury,b3436712-5564-4cef-aaaa-c96351525a85,D,MSP4641004T,Shoulder/Lap Belt(s),M,23e86369-4c78-4950-bc26-96eb019fa3a1,Same Direction Rear End,Y,Non Intersection,Acceleration Lane,Daylight,No Defects,One-way Trafficway,Dry,Clear,Six o'clock,Passenger Car,Destroyed,N,Slowing or Stopping,2015-03-13 10:05,49,39.34164833,-76.4939495,1,3,좌회전 차선 사고,감속 중 사고
7333,N,Apparently Normal,No Misuse,N,No Injury,f914ae09-6492-427d-999c-0110e0653615,D,MSP4641004X,Shoulder/Lap Belt(s),M,4a197d66-bd65-4efb-b1da-650e876e9d4a,Same Direction Rear End,N,Non Intersection,Left Turn Lane,Daylight,No Defects,One-way Trafficway,Dry,Clear,Six o'clock,Passenger Car,Superficial,N,Stopped in Traffic Lane,2015-03-22 16:20,37,39.34826483,-76.49487167,1,2,좌회전 차선 사고,기타
7334,N,Apparently Normal,No Misuse,Y,No Injury,19348010-1de6-4d6d-9df3-3a8edc7dfbfe,D,MSP4641004X,Shoulder/Lap Belt(s),M,23caaf87-98a1-438b-939a-666b13050a63,Same Direction Rear End,N,Non Intersection,Left Turn Lane,Daylight,No Defects,One-way Trafficway,Dry,Clear,Twelve o'clock,(Sport) Utility Vehicle,Disabling,N,Moving Constant Speed,2015-03-22 16:20,51,39.34826483,-76.49487167,1,0,좌회전 차선 사고,등속 주행 중 측면 추돌 사고
7335,N,Apparently Normal,No Misuse,N,No Injury,47989c5d-a571-4a0d-b3e2-9e2c4cda1a1f,D,MSP47250001,Shoulder/Lap Belt(s),M,cfaee298-1cc3-4866-b797-92a9655aedb8,Angle Meets Left Turn,N,Commercial Driveway,Left Turn Lane,Daylight,No Defects,"Two-way, Not Divided",Dry,Clear,Nine o'clock,Police Vehicle/Non Emergency,Superficial,N,Moving Constant Speed,2015-03-18 12:40,26,39.03079473,-76.9129437,1,0,좌회전 차선 사고,등속 주행 중 측면 추돌 사고
7336,N,Apparently Normal,No Misuse,N,No Injury,b40b82bc-3234-44c5-bf0a-63ed7185532b,D,MSP4739000W,Shoulder/Lap Belt(s),M,16139193-0b25-47d0-8652-e655784684b7,Single Vehicle ,N,Non Intersection,Left Turn Lane,Dark No Lights,No Defects,"Two-way, Divided, Positive Median Barrier",Dry,Clear,Twelve o'clock,Passenger Car,Disabling,N,Moving Constant Speed,2015-02-05 5:50,63,39.16568483,-75.91940917,1,0,좌회전 차선 사고,등속 주행 중 측면 추돌 사고
7337,N,Apparently Normal,No Misuse,Y,No Injury,7646e35d-1afb-4b2a-87f5-4904254c48c7,D,MSP4767000C,Shoulder/Lap Belt(s),M,566b017f-1fdd-488f-bc3a-72a7b9e0d2c9,Single Vehicle ,N,Non Intersection,Right Turn Lane,Dark No Lights,No Defects,"Two-way, Divided, Positive Median Barrier",Snow,Snow,Two o'clock,Police Vehicle/Non Emergency,Superficial,N,Moving Constant Speed,2015-02-17 5:25,34,38.39635762,-75.56943655,0,0,눈길사고,감속 중 사고
7338,N,Apparently Normal,No Misuse,N,No Injury,0108a5c0-387b-4729-99e1-c86e5cfbb0f3,D,MSP4772004D,Shoulder/Lap Belt(s),M,24a2d173-ca33-4741-98b7-b77cf188464e,Same Direction Right Turn,N,Non Intersection,Acceleration Lane,Daylight,No Defects,"Two-way, Divided, Positive Median Barrier",Dry,Clear,Twelve o'clock,(Sport) Utility Vehicle,Disabling,N,Moving Constant Speed,2015-02-24 17:32,56,39.44750567,-76.63658133,1,0,좌회전 차선 사고,등속 주행 중 측면 추돌 사고
7339,N,Apparently Normal,No Misuse,Y,No Injury,2a2b83d3-3f4d-4d1e-843f-f28d303e7102,D,MSP4772004D,Shoulder/Lap Belt(s),M,21e2a71e-8583-4afc-ac5b-a62f4e0392b1,Same Direction Right Turn,N,Non Intersection,Acceleration Lane,Daylight,No Defects,"Two-way, Divided, Positive Median Barrier",Dry,Clear,Three o'clock,Passenger Car,Disabling,N,Skidding,2015-02-24 17:32,34,39.44750567,-76.63658133,1,1,좌회전 차선 사고,등속 주행 사고
7340,N,Apparently Normal,No Misuse,Y,No Injury,b091126e-68e5-4611-bb6f-07e66a7fb372,D,MSP47780002,Shoulder/Lap Belt(s),M,8b584b36-4817-4c22-ba1c-6c9bffe467c0,Same Direction Rear End,N,Non Intersection,Right Turn Lane,Daylight,No Defects,"Two-way, Divided, Unprotected (painted >4 feet) Median",Dry,Clear,One o'clock,Passenger Car,Disabling,N,Changing Lanes,2015-03-06 12:13,19,39.60043078,-77.67728806,2,0,기타,자차 사고
7341,N,Apparently Normal,No Misuse,N,Possible Incapacitating Injury,ba25d99d-fbe9-453a-9ae5-c66527945ffd,D,MSP47780002,Shoulder/Lap Belt(s),M,a02944d6-7bde-4616-804f-c6b0f77a32f8,Same Direction Rear End,N,Non Intersection,Right Turn Lane,Daylight,No Defects,"Two-way, Divided, Unprotected (painted >4 feet) Median",Dry,Clear,Seven o'clock,Passenger Car,Disabling,N,Stopped in Traffic Lane,2015-03-06 12:13,57,39.60043078,-77.67728806,2,0,기타,자차 사고
7342,N,Influenced by Medications and/or Drugs and/or Alcohol,No Misuse,Y,No Injury,38c25cb9-813f-4786-a11f-a343788c7ff7,D,MSP48390003,Shoulder Belt Only,M,ed27ec0a-71f0-47d6-a887-b571eed0743c,Opposite Direction Sideswipe,N,Intersection,Right Turn Lane,Daylight,No Defects,"Two-way, Not Divided",Dry,Clear,Twelve o'clock,Passenger Car,Functional,N,Making Right Turn,2015-03-12 13:22,71,38.32157546,-75.12303114,3,1,우회전 차선 사고,등속 주행 중 측면 추돌 사고