KEY_INDEX,CDL_FLAG,CONDITION_CODE,EQUIP_PROB_CODE,FAULT_FLAG,INJ_SEVER_CODE,PERSON_ID,PERSON_TYPE,REPORT_NO,SAF_EQUIP_CODE,SEX_CODE,VEHICLE_ID,COLLISION_TYPE_CODE,C_M_ZONE_FLAG,JUNCTION_CODE,LANE_CODE,LIGHT_CODE,RD_COND_CODE,RD_DIV_CODE,SURF_COND_CODE,WEATHER_CODE,AREA_DAMAGED_CODE_MAIN,BODY_TYPE_CODE,DAMAGE_CODE,HIT_AND_RUN_FLAG,MOVEMENT_CODE,TIME,AGE,LATITUDE,LONGITUDE,CLUSTER,SECOND_LABEL,FIRST_LABEL,SECOND_LABELING
7396,Y,Apparently Normal,No Misuse,Y,No Injury,26c40083-b5b1-484e-a174-36a71935c994,D,MSP54610013,Shoulder Belt Only,M,272cc86a-4043-4ede-bed6-db3ae33e26d8,Single Vehicle ,Y,Non Intersection,Right Turn Lane,Daylight,No Defects,"Two-way, Divided, Positive Median Barrier",Dry,Cloudy,Six o'clock,"Medium/Heavy Truck 2 axles (10,000 lbs (4,536 kg) or less)",No Damage,N,Starting From Parked,2015-02-09 13:45,37,39.057109,-77.160753,2,0,기타,자차 사고
7397,N,Apparently Normal,No Misuse,Y,No Injury,c4d36d0b-c419-4496-aff1-23938b0ac909,D,MSP54660046,Shoulder/Lap Belt(s),M,52bd2bd4-4aca-499e-86c5-e236ecc50a16,Same Direction Rear End,N,Non Intersection,Deceleration Lane,Daylight,No Defects,"Two-way, Divided, Positive Median Barrier",Dry,Clear,Twelve o'clock,Passenger Car,Disabling,N,Skidding,2015-01-09 16:51,43,38.81971551,-76.92519665,1,3,좌회전 차선 사고,감속 중 사고
7398,N,Apparently Normal,No Misuse,Y,No Injury,4913188a-84f7-4a2f-816c-e4c764ffa3d8,D,MSP5467000V,Shoulder/Lap Belt(s),M,811c06b1-1b31-4197-8cdc-f9d762861804,Single Vehicle ,N,Non Intersection,Right Turn Lane,Daylight,No Defects,"Two-way, Divided, Positive Median Barrier",Snow,Snow,Six o'clock,(Sport) Utility Vehicle,Disabling,N,Moving Constant Speed,2015-01-12 8:08,50,38.97539151,-76.12778664,0,0,눈길사고,감속 중 사고
7399,N,Apparently Normal,No Misuse,Y,No Injury,b70acd5c-66d8-4a96-9b58-f425237c6cb0,D,MSP54960009,Shoulder/Lap Belt(s),M,78969f93-19ff-4b0d-9a61-a52a9c2a2330,Single Vehicle ,N,Non Intersection,Right Turn Lane,Daylight,No Defects,"Two-way, Not Divided",Snow,Snow,One o'clock,Pickup Truck,Disabling,N,Moving Constant Speed,2015-02-26 8:54,36,38.669309,-75.745834,0,0,눈길사고,감속 중 사고
7400,N,Apparently Normal,No Misuse,N,No Injury,315af946-3953-44c4-b9bf-f0ee0e3d9620,D,MSP5496000C,Shoulder/Lap Belt(s),M,3ab0c064-b3f1-4eca-a45d-c5f59f5e5b60,Single Vehicle ,N,Non Intersection,Right Turn Lane,Daylight,No Defects,"Two-way, Not Divided",Dry,Clear,Ten o'clock,Passenger Car,Disabling,N,Moving Constant Speed,2015-03-23 8:02,39,38.587336,-76.176344,2,2,기타,기타
7401,N,Apparently Normal,No Misuse,Y,No Injury,4efa8bb0-5638-408a-a9cc-56ab9fa31ebc,D,MSP5516002G,Shoulder/Lap Belt(s),M,e95e8c8e-706f-48c3-a800-7b82fb3a90c6,Same Direction Rear End,N,Non Intersection,Right Turn Lane,Dawn,No Defects,"Two-way, Divided, Positive Median Barrier",Snow,Snow,Twelve o'clock,Truck Tractor,Disabling,N,Skidding,2015-01-06 7:20,49,39.36423141,-77.18174458,0,2,눈길사고,미끌어짐에 의한 사고
7402,N,Apparently Normal,No Misuse,N,Possible Incapacitating Injury,15970823-08e3-457c-b498-5fedfdef9f28,D,MSP5516002G,Shoulder/Lap Belt(s),M,1bc7b67c-f3f1-4c6b-86b2-58909fc7a40e,Same Direction Rear End,N,Non Intersection,Right Turn Lane,Dawn,No Defects,"Two-way, Divided, Positive Median Barrier",Snow,Snow,Six o'clock,"Medium/Heavy Truck 2 axles (10,000 lbs (4,536 kg) or less)",Functional,N,Moving Constant Speed,2015-01-06 7:20,38,39.36423141,-77.18174458,0,3,눈길사고,자차 사고
7403,N,Apparently Normal,No Misuse,N,No Injury,0d3071bc-7f63-4a48-a499-50be5a9fc29c,D,MSP5516002H,Shoulder/Lap Belt(s),M,a6ecef42-5ff8-4a9c-a585-0ae0ffb89053,Same Movement Angle,N,Intersection,Right Turn Lane,Daylight,No Defects,"Two-way, Not Divided",Dry,Clear,Twelve o'clock,Passenger Car,Disabling,N,Skidding,2015-01-11 12:44,17,39.46642,-77.59230133,3,0,우회전 차선 사고,기타
7404,N,Apparently Normal,No Misuse,Y,Possible Incapacitating Injury,3d27bca2-9b8c-4733-93f3-ef03f38e4e2c,D,MSP5516002H,Shoulder/Lap Belt(s),M,05f6a56b-dac2-4aca-a046-77c4bb4d6f87,Same Movement Angle,N,Intersection,Right Turn Lane,Daylight,No Defects,"Two-way, Not Divided",Dry,Clear,Ten o'clock,Van,Disabling,N,Accelerating,2015-01-11 12:44,49,39.46642,-77.59230133,3,0,우회전 차선 사고,기타
7405,N,Apparently Normal,No Misuse,N,No Injury,7511b62e-f605-43e8-ac3c-3bedb1d44439,D,MSP5516002W,Shoulder/Lap Belt(s),M,3e91da0d-b4dd-4a35-909c-afc2f306358a,Same Direction Rear End,N,Non Intersection,Right Turn Lane,Daylight,No Defects,"Two-way, Divided, Positive Median Barrier",Dry,Clear,Six o'clock,Passenger Car,Disabling,N,Slowing or Stopping,2015-03-28 15:31,60,39.398727,-77.43757167,2,1,기타,등속 주행 사고
7406,N,Apparently Normal,No Misuse,Y,No Injury,802b182d-c68d-4443-8c30-d1e997789e1a,D,MSP5516002W,Shoulder/Lap Belt(s),M,b41060c3-2495-476c-b2de-9613eecd2aee,Same Direction Rear End,N,Non Intersection,Right Turn Lane,Daylight,No Defects,"Two-way, Divided, Positive Median Barrier",Dry,Clear,Twelve o'clock,Pickup Truck,Functional,N,Skidding,2015-03-28 15:31,37,39.398727,-77.43757167,2,0,기타,자차 사고
7407,N,Apparently Normal,No Misuse,Y,No Injury,7b31d5b5-658a-4e4d-9526-5f48a64e9eb8,D,MSP55170012,Shoulder/Lap Belt(s),M,01079a5c-0db7-4f6c-bf73-2feefa9b20d6,Single Vehicle ,N,Non Intersection,Right Turn Lane,Dark No Lights,No Defects,"Two-way, Divided, Positive Median Barrier",Wet,Raining,Twelve o'clock,Passenger Car,Disabling,N,Moving Constant Speed,2015-03-01 18:24,26,39.686509,-78.500567,4,2,빗길사고,동일 방향 운행 중 추돌 사고
7408,N,Apparently Normal,No Misuse,Y,No Injury,b47c1a1a-66d5-46de-9df5-e367c25dc25d,D,MSP5544001X,Shoulder/Lap Belt(s),M,1796e48a-14aa-4ed4-993f-fb2904daf115,Single Vehicle ,N,Intersection,Right Turn Lane,Dark No Lights,No Defects,"Two-way, Not Divided",Dry,Clear,Twelve o'clock,Passenger Car,Disabling,N,Moving Constant Speed,2015-03-02 21:45,55,39.5941809,-79.302535,3,2,우회전 차선 사고,기타
7409,N,Apparently Normal,No Misuse,N,No Injury,74f3e0f6-b3ff-4907-b799-fb0f1ebdf923,D,MSP5562001T,Shoulder/Lap Belt(s),M,e8a3478c-73d4-45cb-bab7-be1a43e0adb9,Single Vehicle ,N,Non Intersection,Right Turn Lane,Dark No Lights,No Defects,"Two-way, Not Divided",Dry,Clear,Twelve o'clock,Passenger Car,Disabling,N,Moving Constant Speed,2015-03-22 20:52,61,39.48580133,-76.997307,2,2,기타,기타
7410,N,Apparently Normal,No Misuse,N,No Injury,e286dea9-e167-496c-a54d-a24ce44e284d,D,MSP5563002M,Shoulder/Lap Belt(s),M,33a60d22-bde2-4a00-8fc1-4ac2cc9a9701,Same Direction Rear End,N,Non Intersection,Right Turn Lane,Dark No Lights,No Defects,"Two-way, Divided, Positive Median Barrier",Dry,Clear,Six o'clock,Passenger Car,Functional,N,Slowing or Stopping,2015-01-14 18:05,48,39.20804267,-76.74632433,2,1,기타,등속 주행 사고
7411,N,Apparently Normal,No Misuse,Y,No Injury,a2c99883-f480-4405-a5b6-137272d79e4d,D,MSP5563002M,Shoulder/Lap Belt(s),M,de3595a2-7973-439f-b5a3-bcefae0b97a7,Same Direction Rear End,N,Non Intersection,Right Turn Lane,Dark No Lights,No Defects,"Two-way, Divided, Positive Median Barrier",Dry,Clear,Twelve o'clock,Passenger Car,Disabling,N,Skidding,2015-01-14 18:05,24,39.20804267,-76.74632433,2,0,기타,자차 사고
7412,N,Apparently Normal,No Misuse,N,No Injury,7181ed21-ad54-4961-a323-eb97b245ec74,D,MSP5574000S,Shoulder/Lap Belt(s),M,68737731-92cd-4598-891d-fcb8c004a24e,Same Direction Rear End,N,Non Intersection,Right Turn Lane,Daylight,No Defects,"Two-way, Not Divided",Wet,Raining,Six o'clock,Passenger Car,Disabling,N,Slowing or Stopping,2015-01-24 11:00,26,38.005934,-75.82167867,4,3,빗길사고,기타
7413,N,Apparently Normal,No Misuse,Y,No Injury,c126baf6-8aa0-4d09-85bf-d8394815e7f3,D,MSP5574000T,Shoulder/Lap Belt(s),M,e57d6c14-8235-4fc5-99ea-7c9bd04adbc5,Single Vehicle ,N,Non Intersection,Right Turn Lane,Daylight,No Defects,"Two-way, Not Divided",Ice,Severe Winds,Twelve o'clock,Passenger Car,Disabling,N,Moving Constant Speed,2015-02-15 9:43,20,38.07194685,-75.62780142,0,0,눈길사고,감속 중 사고
7414,N,Apparently Normal,No Misuse,Y,No Injury,7613db3a-d781-45a4-9911-03387a29b255,D,MSP5574000W,Shoulder/Lap Belt(s),M,1248042a-89ad-42c4-a107-fdea56564ddb,Single Vehicle ,N,Non Intersection,Left Turn Lane,Dark No Lights,No Defects,"Two-way, Divided, Unprotected (painted >4 feet) Median",Snow,Snow,Twelve o'clock,Passenger Car,Disabling,N,Moving Constant Speed,2015-02-24 18:54,22,38.10513263,-75.63726425,0,0,눈길사고,감속 중 사고
7415,N,Apparently Normal,No Misuse,Y,No Injury,78c248cf-8b1f-4962-8190-9e43cebb89d5,D,MSP5574000X,Shoulder/Lap Belt(s),M,88b36dec-ba27-4dca-840c-eff8368cc97d,Single Vehicle ,N,Intersection,Right Turn Lane,Dark No Lights,No Defects,"Two-way, Not Divided",Dry,Clear,Twelve o'clock,Pickup Truck,Disabling,N,Moving Constant Speed,2015-03-27 23:46,27,37.99932474,-75.78707099,3,2,우회전 차선 사고,기타
7416,N,Apparently Normal,No Misuse,N,No Injury,0f7ba078-0747-4c54-a434-27491bc74653,D,MSP5634001M,Shoulder/Lap Belt(s),M,be6ef724-90a6-4c07-ae27-857638951596,Same Direction Rear End,N,Intersection Related,Left Turn Lane,Daylight,No Defects,"Two-way, Divided, Positive Median Barrier",Dry,Clear,Six o'clock,(Sport) Utility Vehicle,Functional,N,Slowing or Stopping,2015-01-09 12:12,34,38.75010567,-76.87940367,1,3,좌회전 차선 사고,감속 중 사고
7417,N,Apparently Normal,No Misuse,Y,No Injury,d3b0bfe3-8ab6-45db-bb7e-2d74255ca3c1,D,MSP5634001M,Shoulder/Lap Belt(s),M,638da812-66b3-466c-978a-96d6d0a25e3c,Same Direction Rear End,N,Intersection Related,Left Turn Lane,Daylight,No Defects,"Two-way, Divided, Positive Median Barrier",Dry,Clear,Twelve o'clock,Passenger Car,Disabling,N,Slowing or Stopping,2015-01-09 12:12,31,38.75010567,-76.87940367,1,3,좌회전 차선 사고,감속 중 사고
7418,N,Apparently Normal,No Misuse,N,No Injury,6503454e-ff71-4151-b502-4da06688361f,D,MSP5634001P,Shoulder/Lap Belt(s),M,839fff7e-f0bf-45ae-bcef-4037bb48a8ff,Same Direction Rear End,N,Non Intersection,Right Turn Lane,Daylight,No Defects,"Two-way, Divided, Positive Median Barrier",Dry,Clear,Six o'clock,Pickup Truck,Superficial,N,Slowing or Stopping,2015-02-04 7:57,35,38.92142233,-76.852894,2,1,기타,등속 주행 사고
7419,N,Had Been Drinking,No Misuse,Y,No Injury,619b28ae-d23b-4476-968a-4ddab041ca75,D,MSP5634001P,Shoulder/Lap Belt(s),M,053cf309-d5d3-48ce-a7cf-ee9b2a30eb41,Same Direction Rear End,N,Non Intersection,Right Turn Lane,Daylight,No Defects,"Two-way, Divided, Positive Median Barrier",Dry,Clear,Twelve o'clock,Passenger Car,Disabling,N,Moving Constant Speed,2015-02-04 7:57,23,38.92142233,-76.852894,2,3,기타,등속 주행 중 측면 추돌 사고
7420,N,Apparently Normal,No Misuse,N,No Injury,c3a0f6fc-2cf4-4c78-bc74-4daefd6482d1,D,MSP5634001R,Shoulder/Lap Belt(s),M,4224b8ef-0039-434a-8e89-312b726fee71,Same Direction Rear End,N,Non Intersection,Left Turn Lane,Daylight,No Defects,"Two-way, Divided, Positive Median Barrier",Dry,Clear,Six o'clock,Van,Functional,N,Moving Constant Speed,2015-02-13 15:00,57,38.71891717,-76.87934017,1,0,좌회전 차선 사고,등속 주행 중 측면 추돌 사고
7421,N,Emotional Depressed Angry Disturbed,No Misuse,Y,No Injury,06135b88-3da8-4880-ab89-a45a7d1ee141,D,MSP5634001R,Shoulder/Lap Belt(s),M,a685a6c1-1af3-4dea-800d-29e61dd663f4,Same Direction Rear End,N,Non Intersection,Left Turn Lane,Daylight,No Defects,"Two-way, Divided, Positive Median Barrier",Dry,Clear,Twelve o'clock,Passenger Car,Superficial,N,Moving Constant Speed,2015-02-13 15:00,29,38.71891717,-76.87934017,1,0,좌회전 차선 사고,등속 주행 중 측면 추돌 사고
7422,N,Apparently Normal,No Misuse,N,No Injury,a6260599-ead1-40f7-a9ed-8009013ca812,D,MSP5634001S,Shoulder/Lap Belt(s),M,9b7fcd1d-3d84-4a4e-94f9-22a75d732ed5,Same Direction Sideswipe,N,Non Intersection,Left Turn Lane,Daylight,No Defects,"Two-way, Divided, Positive Median Barrier",Dry,Clear,Eight o'clock,(Sport) Utility Vehicle,Functional,N,Moving Constant Speed,2015-02-13 15:00,35,38.71892717,-76.87937517,1,0,좌회전 차선 사고,등속 주행 중 측면 추돌 사고
7423,N,Emotional Depressed Angry Disturbed,No Misuse,Y,No Injury,4c3b2000-f443-4a97-aeb5-09654ee6fd99,D,MSP5634001S,Shoulder/Lap Belt(s),M,c41df603-e06c-484c-a958-13a0034125a5,Same Direction Sideswipe,N,Non Intersection,Left Turn Lane,Daylight,No Defects,"Two-way, Divided, Positive Median Barrier",Dry,Clear,Two o'clock,Passenger Car,Functional,N,Changing Lanes,2015-02-13 15:00,29,38.71892717,-76.87937517,1,1,좌회전 차선 사고,등속 주행 사고
7424,N,Apparently Normal,No Misuse,Y,No Injury,12f287ef-9f32-4695-9290-72c672fae47b,D,MSP56350005,Shoulder/Lap Belt(s),M,4ea59069-da8c-41a3-b350-67e4df853148,Single Vehicle ,N,Non Intersection,Right Turn Lane,Daylight,No Defects,"Two-way, Divided, Positive Median Barrier",Dry,Clear,Twelve o'clock,Passenger Car,Disabling,N,Slowing or Stopping,2015-02-27 15:38,23,39.60216467,-76.04099517,2,1,기타,등속 주행 사고
7425,N,Apparently Normal,No Misuse,N,No Injury,06950d6c-f429-4d00-9c19-9742ab28bf5d,D,MSP5638001C,Shoulder/Lap Belt(s),M,87bc970c-f2f4-4d93-94b1-34b6d12d3b80,Opposite Direction Sideswipe,N,Non Intersection,Right Turn Lane,Daylight,No Defects,"Two-way, Not Divided",Dry,Cloudy,Ten o'clock,Pickup Truck,Functional,N,Slowing or Stopping,2015-01-13 8:17,64,38.51758264,-76.71143532,2,1,기타,등속 주행 사고
7426,N,Apparently Normal,No Misuse,Y,No Injury,1e1da7c6-12d2-4310-bce4-a1c862d203ef,D,MSP5638001C,Shoulder/Lap Belt(s),M,72b01c57-a0ef-46ee-98df-fd180d9840d0,Opposite Direction Sideswipe,N,Non Intersection,Right Turn Lane,Daylight,No Defects,"Two-way, Not Divided",Dry,Cloudy,Ten o'clock,"Cargo Van/Light Truck 2 axles (10,000 lbs (4,536 kg) or less)",Superficial,Y,Moving Constant Speed,2015-01-13 8:17,48,38.51758264,-76.71143532,2,2,기타,기타
7427,N,Apparently Normal,No Misuse,Y,No Injury,5b7285d9-0f05-4310-bdd0-85918045e445,D,MSP56570028,Shoulder/Lap Belt(s),M,3a52b19b-c9f5-44b7-8b0b-ff1ebfaf44f5,Single Vehicle ,N,Non Intersection,Left Turn Lane,Dark Lights On,No Defects,One-way Trafficway,Ice,Cloudy,Two o'clock,Passenger Car,Disabling,N,Skidding,2015-02-11 4:59,43,39.09974,-76.88944,0,2,눈길사고,미끌어짐에 의한 사고
7428,N,Apparently Normal,No Misuse,N,No Injury,2d97dc7d-3a80-454c-a5cb-2930a385af77,D,MSP56620026,Shoulder/Lap Belt(s),M,7b822d3c-2918-46d1-b73f-d1d7122a45be,Same Direction Sideswipe,N,Non Intersection,Right Turn Lane,Daylight,No Defects,"Two-way, Divided, Positive Median Barrier",Dry,Clear,Twelve o'clock,Passenger Car,Disabling,N,Moving Constant Speed,2015-01-07 11:17,22,39.68928467,-78.126854,2,2,기타,기타
7429,N,Apparently Normal,No Misuse,Y,No Injury,9d9cbd57-e8db-41cf-80b7-a39104de6837,D,MSP56790062,Shoulder/Lap Belt(s),M,928e5266-03b5-4dd6-addc-04e79b5eabac,Single Vehicle ,N,Non Intersection,Acceleration Lane,Dark - Unknown Lighting,No Defects,"Two-way, Divided, Positive Median Barrier",Snow,Snow,Roof Top,"Medium/Heavy Truck 2 axles (10,000 lbs (4,536 kg) or less)",Functional,N,Slowing or Stopping,2015-01-06 6:15,58,39.31862012,-76.45712972,0,1,눈길사고,등속 주행 사고
7430,N,Apparently Normal,No Misuse,N,No Injury,dddae810-1b47-4773-b3ea-9e2ec0680df3,D,MSP56790064,Shoulder/Lap Belt(s),M,dcc22174-fb17-4cde-b45b-a3f015db5706,Same Direction Sideswipe,N,Non Intersection,Left Turn Lane,Daylight,No Defects,"Two-way, Divided, Positive Median Barrier",Dry,Clear,One o'clock,Passenger Car,Disabling,N,Moving Constant Speed,2015-01-07 12:42,38,39.24343667,-76.690917,1,0,좌회전 차선 사고,등속 주행 중 측면 추돌 사고
7431,N,Apparently Normal,No Misuse,N,No Injury,9ba156e7-c0db-419b-9af9-ce9cc109bbc6,D,MSP5679006B,Shoulder/Lap Belt(s),M,50add587-7059-4299-8542-3af4578df28c,Same Direction Rear End,N,Non Intersection,Right Turn Lane,Daylight,No Defects,"Two-way, Divided, Positive Median Barrier",Dry,Clear,Six o'clock,Passenger Car,Functional,N,Slowing or Stopping,2015-02-10 15:56,38,39.41835875,-76.63367271,2,1,기타,등속 주행 사고
7432,N,Apparently Normal,No Misuse,Y,No Injury,ebdaf6fc-5f02-4bf0-8d56-3593eb2255cf,D,MSP5679006B,Shoulder/Lap Belt(s),M,1e6c1a62-878c-4cb2-80b9-2f3b41507a2b,Same Direction Rear End,N,Non Intersection,Right Turn Lane,Daylight,No Defects,"Two-way, Divided, Positive Median Barrier",Dry,Clear,Twelve o'clock,Passenger Car,Disabling,N,Moving Constant Speed,2015-02-10 15:56,32,39.41835875,-76.63367271,2,3,기타,등속 주행 중 측면 추돌 사고
7433,N,Apparently Normal,No Misuse,N,No Injury,3595e4cb-85bb-4a17-bd44-8939134bfaaa,D,MSP5680000M,Shoulder/Lap Belt(s),M,d73757bf-4817-412d-b36f-8fa9d48ba004,Same Direction Rear End,N,Non Intersection,Right Turn Lane,Daylight,No Defects,"Two-way, Divided, Positive Median Barrier",Ice,Raining,One o'clock,Pickup Truck,Disabling,N,Slowing or Stopping,2015-01-18 8:04,25,39.60660183,-75.8506765,0,1,눈길사고,등속 주행 사고
7434,N,Apparently Normal,No Misuse,Y,No Injury,eeecdd44-48ef-4ce0-a08d-dfb18d844de8,D,MSP57020014,Shoulder/Lap Belt(s),M,5fbba458-fd9c-4ab1-ab7f-5b5636548b7b,Single Vehicle ,N,Non Intersection,Right Turn Lane,Dark Lights On,No Defects,"Two-way, Not Divided",Ice,Clear,Two o'clock,Truck Tractor,Disabling,N,Slowing or Stopping,2015-02-10 6:00,31,39.064448,-75.766096,2,1,기타,등속 주행 사고
7435,N,Apparently Normal,No Misuse,Y,No Injury,55d082d1-7ead-4843-8608-08eb5ae2e789,D,MSP5730003K,Shoulder/Lap Belt(s),M,659b2ec8-2449-4e4c-aee9-221cfaf4df10,Single Vehicle ,N,Intersection,Right Turn Lane,Daylight,No Defects,"Two-way, Not Divided",Wet,Cloudy,Twelve o'clock,Passenger Car,Disabling,N,Moving Constant Speed,2015-03-14 12:32,29,39.34049317,-77.64069127,4,2,빗길사고,동일 방향 운행 중 추돌 사고
7436,N,Apparently Normal,No Misuse,Y,No Injury,f891fdf3-4f7d-4947-810b-845c441c1559,D,MSP5731002W,Shoulder/Lap Belt(s),M,a23210b8-6ad6-4d4d-824c-20b851b6b0f3,Single Vehicle ,N,Non Intersection,Left Turn Lane,Daylight,No Defects,"Two-way, Divided, Positive Median Barrier",Snow,Snow,Roof Top,Passenger Car,Destroyed,N,Moving Constant Speed,2015-02-21 11:28,29,39.661595,-77.741451,0,0,눈길사고,감속 중 사고
7437,N,Apparently Normal,No Misuse,Y,No Injury,32eceb1a-2af9-4cf1-9608-452c6e11b8cb,D,MSP57330017,Shoulder/Lap Belt(s),M,fe2e4073-83f1-409d-80c0-7a65b240b97f,Single Vehicle ,N,Non Intersection,Acceleration Lane,Dark No Lights,No Defects,"Two-way, Divided, Positive Median Barrier",Ice,Sleet,One o'clock,Pickup Truck,Disabling,N,Moving Constant Speed,2015-03-03 6:15,48,39.64437583,-75.91684633,0,0,눈길사고,감속 중 사고
7438,N,Apparently Normal,No Misuse,Y,No Injury,fc88519b-ab62-43fb-b0d0-026e2feb91a3,D,MSP57410011,Shoulder/Lap Belt(s),M,b8996a8d-b41e-4169-954f-51bd3bb3ff81,Single Vehicle ,N,Non Intersection,Right Turn Lane,Daylight,No Defects,"Two-way, Divided, Positive Median Barrier",Snow,Snow,Twelve o'clock,Passenger Car,Disabling,N,Moving Constant Speed,2015-03-05 11:30,22,39.60684541,-75.85774183,0,0,눈길사고,감속 중 사고
7439,N,Apparently Normal,No Misuse,N,No Injury,353328e5-37ed-4a41-8719-0cd1b99b5689,D,MSP57430025,Shoulder/Lap Belt(s),M,4f79e635-cc95-4189-8a28-aeaa4bb33209,Same Direction Rear End,N,Non Intersection,Right Turn Lane,Daylight,No Defects,"Two-way, Divided, Positive Median Barrier",Dry,Clear,Twelve o'clock,Passenger Car,Disabling,N,Moving Constant Speed,2015-03-06 14:44,57,39.648481,-77.75444783,2,3,기타,등속 주행 중 측면 추돌 사고
7440,N,Apparently Normal,No Misuse,Y,No Injury,79fb5020-dffc-44ef-8a15-fcfb6c27e947,D,MSP57430025,Shoulder/Lap Belt(s),M,2fb4cbc0-db16-4726-8b26-8c6251e5684d,Same Direction Rear End,N,Non Intersection,Right Turn Lane,Daylight,No Defects,"Two-way, Divided, Positive Median Barrier",Dry,Clear,Twelve o'clock,Passenger Car,Disabling,N,Moving Constant Speed,2015-03-06 14:44,27,39.648481,-77.75444783,2,3,기타,등속 주행 중 측면 추돌 사고
7441,N,Apparently Normal,No Misuse,Y,No Injury,fb138b71-6c0a-4606-93e1-74f600ad2c94,D,MSP57470023,Shoulder/Lap Belt(s),M,6d58d69b-5788-4b79-8e81-2044891f294d,Single Vehicle ,N,Non Intersection,Right Turn Lane,Daylight,No Defects,"Two-way, Not Divided",Ice,Wintry Mix,Seven o'clock,Passenger Car,Disabling,N,Moving Constant Speed,2015-01-03 9:48,39,39.636027,-77.532278,0,0,눈길사고,감속 중 사고
7442,Y,Apparently Normal,No Misuse,N,No Injury,533c5688-1a69-4be6-8519-2f012cc3a9c3,D,MSP57470026,Shoulder/Lap Belt(s),M,efbe119a-4d3d-4a92-b33e-641c3a01fbef,Opposite Direction Sideswipe,N,Non Intersection,Right Turn Lane,Daylight,No Defects,"Two-way, Not Divided",Dry,Clear,Twelve o'clock,"Medium/Heavy Truck 2 axles (10,000 lbs (4,536 kg) or less)",Superficial,N,Moving Constant Speed,2015-02-23 7:39,41,39.629082,-77.601391,2,2,기타,기타
7443,N,Apparently Normal,No Misuse,Y,No Injury,6c7edb3a-c341-4bee-ba0d-2b253a2b25fb,D,MSP57470026,Shoulder/Lap Belt(s),M,da9c727f-9e03-4e26-8909-bf30c83145c3,Opposite Direction Sideswipe,N,Non Intersection,Right Turn Lane,Daylight,No Defects,"Two-way, Not Divided",Dry,Clear,Seven o'clock,Van,Disabling,N,Moving Constant Speed,2015-02-23 7:39,63,39.629082,-77.601391,2,2,기타,기타
7444,N,Apparently Normal,No Misuse,N,No Injury,0da08bda-059a-4509-96a3-f0206cf7c1f7,D,MSP5763002V,Shoulder/Lap Belt(s),M,30d75c90-9ef9-477c-8098-e47359b31935,Same Direction Rear End,N,Non Intersection,Acceleration Lane,Daylight,No Defects,"Two-way, Divided, Positive Median Barrier",Dry,Clear,Six o'clock,Pickup Truck,Functional,N,Slowing or Stopping,2015-01-13 8:19,36,39.20742083,-76.74789917,1,3,좌회전 차선 사고,감속 중 사고
7445,N,Apparently Normal,No Misuse,Y,No Injury,2d122112-5336-4c75-8a7b-2578b4ab0082,D,MSP5763002V,Shoulder/Lap Belt(s),M,07f7d247-b316-424a-ac7a-c358ff4e6e9e,Same Direction Rear End,N,Non Intersection,Acceleration Lane,Daylight,No Defects,"Two-way, Divided, Positive Median Barrier",Dry,Clear,Twelve o'clock,Passenger Car,Disabling,N,Moving Constant Speed,2015-01-13 8:19,34,39.20742083,-76.74789917,1,0,좌회전 차선 사고,등속 주행 중 측면 추돌 사고
7446,N,Apparently Normal,No Misuse,N,No Injury,6a065a39-cef4-49d6-afdf-d73d5d56d92b,D,MSP5773000P,Shoulder/Lap Belt(s),M,629282ee-c746-4a64-8cad-cdcb27933e00,Head On Left Turn,N,Non Intersection,Right Turn Lane,Daylight,No Defects,"Two-way, Not Divided",Dry,Clear,Twelve o'clock,Passenger Car,Functional,N,Moving Constant Speed,2015-02-28 16:39,56,39.58045233,-78.8472285,2,2,기타,기타
7447,N,Apparently Normal,No Misuse,N,No Injury,9e7e3cff-e556-4fd7-be4c-370d2415e72c,D,MSP57780027,Shoulder/Lap Belt(s),M,efe900e7-d57f-4690-85c3-fde70f2146da,Single Vehicle ,N,Non Intersection,Right Turn Lane,Dark No Lights,No Defects,"Two-way, Not Divided",Dry,Foggy,One o'clock,Passenger Car,Disabling,N,Moving Constant Speed,2015-01-04 2:11,26,39.5512,-76.9907,2,2,기타,기타
7448,N,Apparently Normal,No Misuse,Y,No Injury,17d6791d-c3c8-48c4-af29-7023432a412f,D,MSP5778002G,Shoulder/Lap Belt(s),M,fb67ed3c-94f0-478b-93fa-19892f2d370e,Single Vehicle ,N,Non Intersection,Right Turn Lane,Dark No Lights,No Defects,"Two-way, Not Divided",Wet,Snow,Twelve o'clock,Passenger Car,Disabling,N,Moving Constant Speed,2015-02-16 19:07,47,39.45161283,-77.090799,0,0,눈길사고,감속 중 사고
7449,N,Apparently Normal,No Misuse,Y,No Injury,e3aeeaf3-483a-463c-9741-716746422e04,D,MSP5780002P,Shoulder/Lap Belt(s),M,d3be00d2-6863-4e6e-bd1e-f5dea8eba01d,Single Vehicle ,N,Non Intersection,Right Turn Lane,Dark No Lights,No Defects,"Two-way, Divided, Positive Median Barrier",Wet,Raining,Eleven o'clock,Passenger Car,No Damage,N,Moving Constant Speed,2015-02-02 5:29,36,39.4384335,-77.49103733,4,2,빗길사고,동일 방향 운행 중 추돌 사고
7450,N,Apparently Normal,No Misuse,Y,No Injury,bbf81b3b-3267-4fd7-be79-3efe899afb12,D,MSP5780002S,Shoulder/Lap Belt(s),M,61ef1206-0bc5-4185-9b30-e1450866ed5d,Single Vehicle ,N,Non Intersection,Right Turn Lane,Dark No Lights,No Defects,"Two-way, Divided, Positive Median Barrier",Dry,Clear,Five o'clock,Passenger Car,Disabling,N,Moving Constant Speed,2015-02-17 21:58,27,39.40437267,-77.43630367,2,2,기타,기타