KEY_INDEX,CDL_FLAG,CONDITION_CODE,EQUIP_PROB_CODE,FAULT_FLAG,INJ_SEVER_CODE,PERSON_ID,PERSON_TYPE,REPORT_NO,SAF_EQUIP_CODE,SEX_CODE,VEHICLE_ID,COLLISION_TYPE_CODE,C_M_ZONE_FLAG,JUNCTION_CODE,LANE_CODE,LIGHT_CODE,RD_COND_CODE,RD_DIV_CODE,SURF_COND_CODE,WEATHER_CODE,AREA_DAMAGED_CODE_MAIN,BODY_TYPE_CODE,DAMAGE_CODE,HIT_AND_RUN_FLAG,MOVEMENT_CODE,TIME,AGE,LATITUDE,LONGITUDE,CLUSTER,SECOND_LABEL,FIRST_LABEL,SECOND_LABELING
7505,N,Apparently Normal,No Misuse,N,No Injury,6ae85ed3-9f51-49da-8e64-76543456478b,D,MSP6029003P,Shoulder/Lap Belt(s),M,55ece69f-2478-4a3d-98a6-e9f86afcc079,Same Direction Rear End,N,Non Intersection,Left Turn Lane,Daylight,No Defects,"Two-way, Divided, Positive Median Barrier",Dry,Clear,Six o'clock,Passenger Car,Disabling,N,Stopped in Traffic Lane,2015-01-20 15:52,61,39.418902,-77.43340217,1,2,좌회전 차선 사고,기타
7506,N,Apparently Normal,No Misuse,Y,No Injury,377ce8a3-f7db-45fa-b8d2-22f04db0a60d,D,MSP6029003P,Shoulder/Lap Belt(s),M,16621670-7c48-4c16-a94d-0906664a7865,Same Direction Rear End,N,Non Intersection,Left Turn Lane,Daylight,No Defects,"Two-way, Divided, Positive Median Barrier",Dry,Clear,Twelve o'clock,Passenger Car,Disabling,N,Changing Lanes,2015-01-20 15:52,19,39.418902,-77.43340217,1,3,좌회전 차선 사고,감속 중 사고
7507,N,Apparently Normal,No Misuse,N,No Injury,d4b0b5b0-038a-408c-a601-5eb48d6655b4,D,MSP60290040,Shoulder/Lap Belt(s),M,d4e033cd-d1b9-4290-8adf-97323070a77d,Single Vehicle ,N,Non Intersection,Right Turn Lane,Dawn,No Defects,"Two-way, Not Divided",Dry,Clear,One o'clock,Passenger Car,Disabling,N,Slowing or Stopping,2015-03-03 6:51,49,39.3312765,-77.56159683,2,1,기타,등속 주행 사고
7508,N,Apparently Normal,No Misuse,N,No Injury,c08e9a99-779f-4e18-9468-d9c35bda60cf,D,MSP60310012,Shoulder/Lap Belt(s),M,64716935-5155-45fe-958f-04480a2d5454,Single Vehicle ,N,Non Intersection,Right Turn Lane,Dawn,No Defects,"Two-way, Not Divided",Wet,Raining,Eight o'clock,Pickup Truck,Disabling,N,Moving Constant Speed,2015-01-19 7:20,45,39.14239133,-75.81150133,4,2,빗길사고,동일 방향 운행 중 추돌 사고
7509,N,Apparently Normal,No Misuse,Y,No Injury,c963a86b-701c-463f-9839-5e40e6eecbe5,D,MSP6033008T,Shoulder/Lap Belt(s),M,e632faf1-cc76-47ee-943b-54fe7691190d,Single Vehicle ,N,Non Intersection,Right Turn Lane,Dusk,No Defects,"Two-way, Not Divided",Ice,Cloudy,Seven o'clock,Passenger Car,Disabling,N,Skidding,2015-01-15 7:12,17,39.67526144,-76.53848648,0,2,눈길사고,미끌어짐에 의한 사고
7510,N,Apparently Normal,No Misuse,N,No Injury,fc7e8373-c126-406f-a7aa-d21a3a0d68c6,D,MSP6033008X,Shoulder/Lap Belt(s),M,bbc33cf4-ddf1-457c-ad41-41e6d12a7b8c,Same Direction Rear End,N,Non Intersection,Right Turn Lane,Daylight,No Defects,"Two-way, Not Divided",Dry,Clear,Six o'clock,(Sport) Utility Vehicle,Functional,N,Stopped in Traffic Lane,2015-02-06 12:21,22,39.61331667,-76.51696033,2,0,기타,자차 사고
7511,N,Apparently Normal,No Misuse,Y,No Injury,68a2cb2e-94dd-4e53-9e6e-1f81301fd108,D,MSP6033008X,Shoulder/Lap Belt(s),M,e2cade3b-e734-4fe6-aa5c-f6be05cbc159,Same Direction Rear End,N,Non Intersection,Right Turn Lane,Daylight,No Defects,"Two-way, Not Divided",Dry,Clear,Twelve o'clock,Pickup Truck,Disabling,N,Slowing or Stopping,2015-02-06 12:21,28,39.61331667,-76.51696033,2,1,기타,등속 주행 사고
7512,N,Apparently Normal,No Misuse,N,No Injury,3458a47a-7a25-4462-a65a-10ecedcd8973,D,MSP6033008Y,Shoulder/Lap Belt(s),M,78d4e8b4-d40e-44cc-b7e1-a3a5513d7db0,Same Movement Angle,N,Intersection,Right Turn Lane,Daylight,No Defects,"Two-way, Not Divided",Wet,Cloudy,Twelve o'clock,Pickup Truck,Disabling,N,Slowing or Stopping,2015-02-17 14:36,26,39.69803017,-76.46563633,4,1,빗길사고,자차 사고
7513,N,Apparently Normal,No Misuse,Y,Possible Incapacitating Injury,7003f1f9-ab99-4c65-873c-0f92042d4b00,D,MSP6033008Y,Shoulder/Lap Belt(s),M,709ba6ac-e948-487e-bb14-94ddf612d310,Same Movement Angle,N,Intersection,Right Turn Lane,Daylight,No Defects,"Two-way, Not Divided",Wet,Cloudy,Seven o'clock,Passenger Car,Disabling,N,Starting From Parked,2015-02-17 14:36,83,39.69803017,-76.46563633,4,1,빗길사고,자차 사고
7514,N,Apparently Normal,No Misuse,Y,No Injury,88841298-7c23-4e0c-ad81-6d6a97aa7e02,D,MSP60390016,Shoulder/Lap Belt(s),M,5a4bae4a-977e-41d4-9b50-2627713cadc9,Single Vehicle ,N,Non Intersection,Acceleration Lane,Daylight,No Defects,"Two-way, Divided, Positive Median Barrier",Dry,Clear,One o'clock,Passenger Car,Disabling,N,Moving Constant Speed,2015-01-05 8:59,70,39.417625,-76.4082825,1,0,좌회전 차선 사고,등속 주행 중 측면 추돌 사고
7515,N,Apparently Normal,No Misuse,Y,No Injury,c675e90a-0d3a-4838-9472-4540bf597969,D,MSP6043001C,Shoulder/Lap Belt(s),M,12f6632a-b426-428e-aad0-ab1b3229386d,Single Vehicle ,N,Non Intersection,Right Turn Lane,Dark No Lights,No Defects,"Two-way, Not Divided",Dry,Clear,Twelve o'clock,Pickup Truck,Destroyed,N,Moving Constant Speed,2015-01-10 21:53,22,39.078971,-75.83620367,2,2,기타,기타
7516,N,Apparently Normal,No Misuse,Y,No Injury,cfbb0992-960c-4d12-9a21-453bc24477b4,D,MSP60440026,Shoulder/Lap Belt(s),M,47d6d11e-e2f7-4a12-87c1-34b6b9bb49ed,Single Vehicle ,N,Non Intersection,Left Turn Lane,Dark Lights On,No Defects,"Two-way, Divided, Positive Median Barrier",Dry,Clear,Ten o'clock,"Medium/Heavy Truck 2 axles (10,000 lbs (4,536 kg) or less)",Disabling,N,Moving Constant Speed,2015-02-28 5:00,29,39.4598805,-76.30347667,1,0,좌회전 차선 사고,등속 주행 중 측면 추돌 사고
7517,Y,Apparently Normal,No Misuse,N,No Injury,84fdba42-87cd-4832-a862-45cfabdd8324,D,MSP60440027,Shoulder/Lap Belt(s),M,b9284c17-6375-478f-9ac3-3579b9b9bb34,Same Direction Rear End,N,Non Intersection,Left Turn Lane,Daylight,No Defects,"Two-way, Divided, Positive Median Barrier",Dry,Clear,Six o'clock,Passenger Car,Disabling,N,Moving Constant Speed,2015-03-17 17:56,51,39.383124,-76.445135,1,0,좌회전 차선 사고,등속 주행 중 측면 추돌 사고
7518,N,Apparently Normal,No Misuse,Y,No Injury,bc2cac12-0251-43d8-8721-b577b9e336c7,D,MSP6046001H,Shoulder/Lap Belt(s),M,fdf573b5-ece5-4f8d-8c50-92eb3252dc5b,Single Vehicle ,N,Non Intersection,Right Turn Lane,Dark Lights On,No Defects,"Two-way, Divided, Positive Median Barrier",Slush,Wintry Mix,Twelve o'clock,(Sport) Utility Vehicle,Disabling,N,Moving Constant Speed,2015-02-10 1:46,25,39.34140267,-76.51391583,0,0,눈길사고,감속 중 사고
7519,N,Apparently Normal,No Misuse,Y,No Injury,8af9954c-7dd9-4f1c-a269-6ea05da944ea,D,MSP6050002V,Shoulder/Lap Belt(s),M,00a9403c-6f5c-4080-b16f-7f874f36d8f7,Single Vehicle ,N,Non Intersection,Deceleration Lane,Dark Lights On,No Defects,"Two-way, Divided, Positive Median Barrier",Dry,Clear,Twelve o'clock,Passenger Car,Disabling,N,Moving Constant Speed,2015-01-11 2:23,49,39.01339,-77.041916,1,0,좌회전 차선 사고,등속 주행 중 측면 추돌 사고
7520,N,Apparently Normal,No Misuse,N,No Injury,459b59f4-d06f-49bf-ac0e-b91f14ac4654,D,MSP60510029,Shoulder/Lap Belt(s),M,b1da0e79-1caf-4383-aac1-6800499dd29c,Same Direction Right Turn,N,Non Intersection,Left Turn Lane,Daylight,No Defects,"Two-way, Divided, Positive Median Barrier",Wet,Raining,Ten o'clock,Passenger Car,Superficial,N,Moving Constant Speed,2015-01-24 13:55,30,39.5429,-76.1699,4,2,빗길사고,동일 방향 운행 중 추돌 사고
7521,N,Apparently Normal,No Misuse,Y,No Injury,81555105-c61d-4155-abfb-fbe7689f3165,D,MSP60510029,Shoulder/Lap Belt(s),M,1b407a46-0dc8-478a-af30-5a616136ba81,Same Direction Right Turn,N,Non Intersection,Left Turn Lane,Daylight,No Defects,"Two-way, Divided, Positive Median Barrier",Wet,Raining,One o'clock,Passenger Car,Superficial,N,Moving Constant Speed,2015-01-24 13:55,40,39.5429,-76.1699,4,2,빗길사고,동일 방향 운행 중 추돌 사고
7522,N,Apparently Normal,No Misuse,Y,No Injury,627839d2-5ec4-45ce-9886-3c2f7556adbf,D,MSP6052003G,Shoulder/Lap Belt(s),M,2dfefc69-02b5-4336-a908-eb41d87aedca,Same Direction Rear End,N,Intersection,Right Turn Lane,Dusk,No Defects,"Two-way, Not Divided",Dry,Clear,Twelve o'clock,(Sport) Utility Vehicle,Disabling,N,Moving Constant Speed,2015-01-08 16:45,34,39.462334,-76.3649675,3,2,우회전 차선 사고,기타
7523,N,Apparently Normal,No Misuse,N,Possible Incapacitating Injury,19ff4840-6db1-46bb-a03d-edf5b5a3db22,D,MSP6052003G,Shoulder/Lap Belt(s),M,8a7b906d-5b89-43c7-b375-7ae67b0eca42,Same Direction Rear End,N,Intersection,Right Turn Lane,Dusk,No Defects,"Two-way, Not Divided",Dry,Clear,Six o'clock,Passenger Car,Disabling,N,Stopped in Traffic Lane,2015-01-08 16:45,54,39.462334,-76.3649675,3,3,우회전 차선 사고,동일 방향 운행 중 추돌 사고
7524,N,Apparently Normal,No Misuse,N,No Injury,bfbab026-9eaa-4974-963f-15a8b516134b,D,MSP6052003J,Shoulder/Lap Belt(s),M,8621435c-63be-449c-947d-ec194135eee9,Same Direction Rear End,N,Non Intersection,Right Turn Lane,Dusk,No Defects,"Two-way, Not Divided",Dry,Clear,Six o'clock,Passenger Car,Functional,N,Slowing or Stopping,2015-02-02 17:51,29,39.46127533,-76.36377617,2,1,기타,등속 주행 사고
7525,Y,Apparently Normal,No Misuse,N,Possible Incapacitating Injury,f221ec82-018f-4ba2-8c13-c07d3ec1e48e,D,MSP6052003J,Shoulder/Lap Belt(s),M,e4bc7d32-be43-45d5-9c4f-e85b6bc9985d,Same Direction Rear End,N,Non Intersection,Right Turn Lane,Dusk,No Defects,"Two-way, Not Divided",Dry,Clear,Six o'clock,Passenger Car,Functional,N,Stopped in Traffic Lane,2015-02-02 17:51,62,39.46127533,-76.36377617,2,0,기타,자차 사고
7526,N,Apparently Normal,No Misuse,N,No Injury,69ef2977-ce36-47ce-96a0-f505e950bd51,D,MSP6052003L,Shoulder/Lap Belt(s),M,b412f71c-1df1-4199-90f5-769cd29c0dd4,Same Direction Rear End,N,Intersection Related,Right Turn Lane,Daylight,No Defects,"Two-way, Not Divided",Ice,Blowing Snow,Six o'clock,(Sport) Utility Vehicle,Functional,N,Stopped in Traffic Lane,2015-02-15 8:54,32,39.42610583,-76.2991595,0,1,눈길사고,등속 주행 사고
7527,N,Apparently Normal,No Misuse,N,No Injury,9424c7ee-6c47-428b-ba17-c171f1be34c2,D,MSP6052003L,Shoulder/Lap Belt(s),M,322679e8-b458-4e9a-9ec6-0e058c66d3c4,Same Direction Rear End,N,Intersection Related,Right Turn Lane,Daylight,No Defects,"Two-way, Not Divided",Ice,Blowing Snow,Twelve o'clock,Pickup Truck,Disabling,N,Skidding,2015-02-15 8:54,20,39.42610583,-76.2991595,0,2,눈길사고,미끌어짐에 의한 사고
7528,N,Apparently Normal,No Misuse,Y,No Injury,d41434b1-ac8c-4219-8ef7-e8d35947033d,D,MSP6052003Q,Shoulder/Lap Belt(s),M,e2feeb57-9207-4950-a9b0-7f10d2881222,Head On,N,Non Intersection,Right Turn Lane,Daylight,No Defects,"Two-way, Not Divided",Dry,Clear,Twelve o'clock,Passenger Car,Disabling,N,Skidding,2015-02-27 16:04,20,39.55328367,-76.32262533,2,0,기타,자차 사고
7529,N,Apparently Normal,No Misuse,N,No Injury,0c0dc982-41a0-4932-a201-38eb6e847898,D,MSP6052003R,Shoulder/Lap Belt(s),M,dd467dad-c150-4c1c-8a1e-a64a7e7585df,Single Vehicle ,N,Non Intersection,Right Turn Lane,Dark No Lights,No Defects,"Two-way, Not Divided",Dry,Clear,Twelve o'clock,Passenger Car,Disabling,N,Moving Constant Speed,2015-02-27 22:29,23,39.65948767,-76.34145967,2,2,기타,기타
7530,N,Apparently Normal,No Misuse,N,No Injury,76db23b1-5332-4da6-bc4d-293bdfbff22a,D,MSP6052003S,Shoulder/Lap Belt(s),M,b5fc94c4-3270-496a-9e54-f9d68c2a1a4b,Head On,N,Non Intersection,Right Turn Lane,Dark No Lights,No Defects,"Two-way, Not Divided",Dry,Clear,Twelve o'clock,Passenger Car,Functional,N,Slowing or Stopping,2015-03-16 5:50,52,39.60465083,-76.19482667,2,1,기타,등속 주행 사고
7531,N,Apparently Normal,No Misuse,Y,Non-incapacitating Injury,bad5f58b-a582-4e2c-9aad-dfa692c1b4ff,D,MSP6052003S,Shoulder/Lap Belt(s),M,e5d1bdc6-f14b-47b5-8d7a-ecead32bee08,Head On,N,Non Intersection,Right Turn Lane,Dark No Lights,No Defects,"Two-way, Not Divided",Dry,Clear,Twelve o'clock,Passenger Car,Functional,N,Moving Constant Speed,2015-03-16 5:50,50,39.60465083,-76.19482667,2,2,기타,기타
7532,Y,Apparently Normal,No Misuse,Y,No Injury,ba1177d3-4af6-4d5d-879d-33492fdd4e54,D,MSP60530011,Shoulder/Lap Belt(s),M,43118d41-8dde-487c-9c4e-b3b3b7e97be7,Single Vehicle ,N,Intersection Related,Left Turn Lane,Dark Lights On,No Defects,"Two-way, Divided, Positive Median Barrier",Dry,Clear,Twelve o'clock,"Medium/Heavy Truck 2 axles (10,000 lbs (4,536 kg) or less)",Disabling,N,Moving Constant Speed,2015-01-29 5:13,25,38.55118607,-76.01856709,1,0,좌회전 차선 사고,등속 주행 중 측면 추돌 사고
7533,Y,Apparently Normal,No Misuse,Y,No Injury,9a34b2e1-60e1-4f89-8d47-d34dc2a0c847,D,MSP6056002K,Shoulder/Lap Belt(s),M,bf3b2562-9c95-44ef-aa59-30d76d0d127f,Single Vehicle ,N,Non Intersection,Right Turn Lane,Dark Lights On,No Defects,"Two-way, Divided, Positive Median Barrier",Snow,Snow,Twelve o'clock,(Sport) Utility Vehicle,Disabling,N,Moving Constant Speed,2015-01-06 6:08,39,39.20333667,-76.629141,0,0,눈길사고,감속 중 사고
7534,N,Apparently Normal,No Misuse,N,No Injury,d405beab-bc55-427d-809f-4fc4fb1406e4,D,MSP6056002L,Shoulder/Lap Belt(s),M,e1070806-6644-4e52-bd90-d2e4f5e51702,Same Direction Rear End,N,Interchange Related,Acceleration Lane,Daylight,No Defects,"Two-way, Divided, Positive Median Barrier",Dry,Clear,Six o'clock,Station Wagon,Functional,N,Moving Constant Speed,2015-01-09 9:31,70,39.218035,-76.657835,1,0,좌회전 차선 사고,등속 주행 중 측면 추돌 사고
7535,N,Apparently Normal,No Misuse,Y,No Injury,307c04c8-0238-478f-af59-e167560bd5e7,D,MSP6056002L,Shoulder/Lap Belt(s),M,a74379f0-dac3-44a7-8c59-da0ba2ce5393,Same Direction Rear End,N,Interchange Related,Acceleration Lane,Daylight,No Defects,"Two-way, Divided, Positive Median Barrier",Dry,Clear,Twelve o'clock,(Sport) Utility Vehicle,Disabling,N,Moving Constant Speed,2015-01-09 9:31,48,39.218035,-76.657835,1,0,좌회전 차선 사고,등속 주행 중 측면 추돌 사고
7536,N,Apparently Normal,No Misuse,N,No Injury,aa49ba99-6a20-4a54-bad9-4d34e7b51af4,D,MSP6056002M,Shoulder/Lap Belt(s),M,daab25e9-c103-4738-a093-6fd86a68e3a9,Single Vehicle ,N,Non Intersection,Right Turn Lane,Dark Lights On,No Defects,"Two-way, Divided, Positive Median Barrier",Dry,Clear,Twelve o'clock,Passenger Car,Disabling,N,Moving Constant Speed,2015-01-14 22:32,29,39.177737,-76.60624767,2,2,기타,기타
7537,Y,Apparently Normal,No Misuse,Y,No Injury,891c0ee4-2b32-43e7-bf6d-1bb491dfcaf0,D,MSP6056002P,Shoulder/Lap Belt(s),M,a4b9d2cf-cfcf-4140-8206-c50f3f83e714,Same Direction Sideswipe,N,Intersection,Right Turn Lane,Daylight,No Defects,"Two-way, Not Divided",Snow,Snow,Twelve o'clock,"Medium/Heavy Truck 2 axles (10,000 lbs (4,536 kg) or less)",Superficial,N,Moving Constant Speed,2015-01-24 8:07,52,39.222101,-76.628394,0,0,눈길사고,감속 중 사고
7538,Y,Apparently Normal,No Misuse,Y,No Injury,37c92484-8456-4b29-94bf-88d4731db7bf,D,MSP6056002S,Shoulder/Lap Belt(s),M,1cb6876e-1c4e-4907-b28b-259c4278afee,Single Vehicle ,N,Non Intersection,Right Turn Lane,Dark Lights On,No Defects,"Two-way, Divided, Positive Median Barrier",Snow,Snow,Twelve o'clock,"Cargo Van/Light Truck 2 axles (10,000 lbs (4,536 kg) or less)",Disabling,N,Skidding,2015-02-17 2:06,57,39.22368767,-76.66138427,0,2,눈길사고,미끌어짐에 의한 사고
7539,Y,Apparently Normal,No Misuse,Y,No Injury,c9ee2098-4e4c-4fce-9c2a-4f6768469638,D,MSP6056002Z,Shoulder/Lap Belt(s),M,f0e90b96-830b-4812-84e4-749fa8248a05,Same Direction Rear End,Y,Non Intersection,Left Turn Lane,Daylight,No Defects,"Two-way, Divided, Positive Median Barrier",Dry,Clear,Eleven o'clock,"Medium/Heavy Truck 2 axles (10,000 lbs (4,536 kg) or less)",No Damage,N,Moving Constant Speed,2015-02-24 13:44,39,39.11618183,-76.63590547,1,0,좌회전 차선 사고,등속 주행 중 측면 추돌 사고
7540,N,Apparently Normal,No Misuse,N,No Injury,52a50740-1a91-4ff7-9498-16fa43fdec14,D,MSP6060001K,Shoulder/Lap Belt(s),M,712a8bce-1261-4c85-bf66-075489cae2c8,Same Direction Rear End,N,Non Intersection,Right Turn Lane,Dawn,No Defects,"Two-way, Divided, Positive Median Barrier",Dry,Clear,Six o'clock,Van,Functional,N,Slowing or Stopping,2015-03-12 6:57,41,39.49868617,-76.89441367,2,1,기타,등속 주행 사고
7541,N,Apparently Normal,No Misuse,N,No Injury,79694b8c-e42f-498c-b54c-317afbad8aba,D,MSP6060001K,Shoulder/Lap Belt(s),M,20fe9d01-b622-4ca5-91d4-104ffbe6ce16,Same Direction Rear End,N,Non Intersection,Right Turn Lane,Dawn,No Defects,"Two-way, Divided, Positive Median Barrier",Dry,Clear,Six o'clock,(Sport) Utility Vehicle,Superficial,N,Slowing or Stopping,2015-03-12 6:57,35,39.49868617,-76.89441367,2,1,기타,등속 주행 사고
7542,N,Apparently Normal,No Misuse,Y,Non-incapacitating Injury,8865d0c3-003c-434b-8919-1c50c48ac135,D,MSP6060001K,Shoulder/Lap Belt(s),M,49dba614-1c3b-4edb-ba61-ef1808c136c3,Same Direction Rear End,N,Non Intersection,Right Turn Lane,Dawn,No Defects,"Two-way, Divided, Positive Median Barrier",Dry,Clear,Twelve o'clock,Pickup Truck,Functional,N,Moving Constant Speed,2015-03-12 6:57,25,39.49868617,-76.89441367,2,3,기타,등속 주행 중 측면 추돌 사고
7543,N,Apparently Normal,No Misuse,Y,No Injury,9de9d7f8-805a-44c6-82df-46e673d060e5,D,MSP6061002N,Shoulder/Lap Belt(s),M,3a8eda89-e7b4-4162-80f6-cc3205411131,Single Vehicle ,N,Non Intersection,Right Turn Lane,Dark No Lights,No Defects,"Two-way, Divided, Unprotected (painted >4 feet) Median",Wet,Clear,Twelve o'clock,(Sport) Utility Vehicle,Disabling,N,Moving Constant Speed,2015-01-04 18:19,35,38.595291,-76.86989583,2,2,기타,기타
7544,N,Apparently Normal,No Misuse,Y,No Injury,85f31ee2-8f0a-4d2d-9cde-03a78f6377ad,D,MSP60670014,Shoulder/Lap Belt(s),M,8c3b532e-4835-4e37-8b7e-33944b1582b2,Same Movement Angle,N,Intersection,Right Turn Lane,Daylight,No Defects,"Two-way, Not Divided",Dry,Clear,Twelve o'clock,Passenger Car,Superficial,N,Moving Constant Speed,2015-03-11 17:58,28,38.98551367,-76.3099385,3,0,우회전 차선 사고,기타
7545,N,Apparently Normal,No Misuse,N,Possible Incapacitating Injury,db20ac2c-02b9-480b-b449-dd67630409d0,D,MSP60670014,Shoulder/Lap Belt(s),M,5ad02915-a70f-4f2c-99d6-05e743102605,Same Movement Angle,N,Intersection,Right Turn Lane,Daylight,No Defects,"Two-way, Not Divided",Dry,Clear,Eleven o'clock,Passenger Car,Disabling,N,Moving Constant Speed,2015-03-11 17:58,46,38.98551367,-76.3099385,3,0,우회전 차선 사고,기타
7546,N,Apparently Normal,No Misuse,N,No Injury,4b66f0b6-6557-48cc-b3bb-3c5646f07431,D,MSP6068003Q,Shoulder/Lap Belt(s),M,4fde5ee5-ae51-4629-9f09-2b39bbf8c533,Same Direction Sideswipe,N,Non Intersection,Right Turn Lane,Dark No Lights,No Defects,"Two-way, Divided, Positive Median Barrier",Ice,Sleet,Five o'clock,Truck Tractor,Functional,N,Slowing or Stopping,2015-02-10 7:32,42,38.81549833,-76.9151685,0,1,눈길사고,등속 주행 사고
7547,N,Apparently Normal,No Misuse,Y,No Injury,21bd4ef0-3c47-42fc-ab3f-e7235826344d,D,MSP6068003Q,Shoulder/Lap Belt(s),M,ad2949cb-6df5-4229-b83c-ec1bd31bb7c0,Same Direction Sideswipe,N,Non Intersection,Right Turn Lane,Dark No Lights,No Defects,"Two-way, Divided, Positive Median Barrier",Ice,Sleet,Seven o'clock,"Other Light Trucks (10,000 lbs (4,536 kg))",Functional,N,Slowing or Stopping,2015-02-10 7:32,60,38.81549833,-76.9151685,0,1,눈길사고,등속 주행 사고
7548,N,Apparently Normal,No Misuse,Y,No Injury,cbd8d14e-9ec1-474b-8130-084dba093b92,D,MSP6068003R,Shoulder/Lap Belt(s),M,26d53895-9573-40f0-9782-afbb55fca3ce,Single Vehicle ,N,Non Intersection,Right Turn Lane,Daylight,No Defects,"Two-way, Divided, Positive Median Barrier",Ice,Sleet,Twelve o'clock,Passenger Car,Functional,N,Moving Constant Speed,2015-02-10 12:53,28,38.78751633,-76.896864,0,0,눈길사고,감속 중 사고
7549,N,Apparently Normal,No Misuse,Y,No Injury,061bf52b-ebed-402c-a383-43a25b70a3d6,D,MSP6068003T,Shoulder/Lap Belt(s),M,f78be2a6-21c0-45a1-80c0-86534292ed14,Same Movement Angle,N,Non Intersection,Acceleration Lane,Daylight,No Defects,"Two-way, Divided, Positive Median Barrier",Snow,Snow,Eleven o'clock,(Sport) Utility Vehicle,Disabling,N,Moving Constant Speed,2015-03-05 9:11,54,38.86416633,-76.84703433,0,0,눈길사고,감속 중 사고
7550,N,Apparently Normal,No Misuse,Y,Non-incapacitating Injury,32ccdcf2-7726-439d-b7b1-772f516d8670,D,MSP6068003T,Shoulder/Lap Belt(s),M,46c94b10-351f-4579-af1c-5420a5e27c16,Same Movement Angle,N,Non Intersection,Acceleration Lane,Daylight,No Defects,"Two-way, Divided, Positive Median Barrier",Snow,Snow,Four o'clock,Pickup Truck,Disabling,N,Changing Lanes,2015-03-05 9:11,43,38.86416633,-76.84703433,0,2,눈길사고,미끌어짐에 의한 사고
7551,N,Apparently Normal,No Misuse,N,No Injury,8e8cdb3f-1b90-42da-94c1-5d8dd16d34e5,D,MSP60700042,Shoulder/Lap Belt(s),M,6dd96a50-c695-4592-9ac1-727ccbb38a79,Same Direction Rear End,N,Intersection Related,Right Turn Lane,Dark Lights On,No Defects,"Two-way, Divided, Positive Median Barrier",Wet,Cloudy,Six o'clock,Passenger Car,Functional,N,Stopped in Traffic Lane,2015-01-21 18:24,37,38.78389967,-76.79471117,4,3,빗길사고,기타
7552,N,Apparently Normal,No Misuse,Y,No Injury,b2e0c186-841e-457d-8fba-bd815b1bd614,D,MSP60700042,Shoulder/Lap Belt(s),M,99a2b950-965a-464d-a22d-ae16c1253a1e,Same Direction Rear End,N,Intersection Related,Right Turn Lane,Dark Lights On,No Defects,"Two-way, Divided, Positive Median Barrier",Wet,Cloudy,Twelve o'clock,Passenger Car,Functional,N,Skidding,2015-01-21 18:24,19,38.78389967,-76.79471117,4,3,빗길사고,기타
7553,N,Apparently Normal,No Misuse,Y,No Injury,14d32260-c9d1-46fe-acc6-d83df6935a80,D,MSP60700048,Shoulder/Lap Belt(s),M,1144fb14-ec1e-4357-b9f8-512e65cfee4d,Same Direction Rear End,N,Non Intersection,Left Turn Lane,Dark No Lights,No Defects,"Two-way, Divided, Positive Median Barrier",Snow,Snow,One o'clock,Recreational Vehicle,Disabling,N,Moving Constant Speed,2015-02-18 21:14,65,38.81306467,-76.8026085,0,3,눈길사고,자차 사고
7554,N,Apparently Normal,No Misuse,N,No Injury,dfc0c6c0-56ef-45ca-bf6a-241b2e9d5f52,D,MSP60700049,Shoulder/Lap Belt(s),M,34f3b6b8-92bc-4cf4-8297-7823c664cf3a,Same Direction Rear End,N,Non Intersection,Deceleration Lane,Dark Lights On,No Defects,"Two-way, Divided, Positive Median Barrier",Dry,Clear,Six o'clock,Passenger Car,Disabling,N,Moving Constant Speed,2015-02-24 4:19,32,38.89268183,-76.84741967,1,0,좌회전 차선 사고,등속 주행 중 측면 추돌 사고
7555,N,Apparently Normal,No Misuse,N,No Injury,fd15518c-1836-4701-8f49-b58e06d98e5d,D,MSP6072000V,Shoulder/Lap Belt(s),M,1e43aef6-c986-4b67-ab86-e2da5c252828,Single Vehicle ,N,Non Intersection,Right Turn Lane,Dark No Lights,No Defects,"Two-way, Not Divided",Dry,Clear,Twelve o'clock,Passenger Car,Functional,N,Moving Constant Speed,2015-01-10 18:30,36,38.72993858,-76.65984403,2,2,기타,기타
7556,N,Apparently Normal,No Misuse,N,No Injury,d0570b58-3638-4954-9563-860b22a75c4a,D,MSP6079002B,Shoulder/Lap Belt(s),M,d90e1f53-19e5-4f4c-b02d-1f4876a2711a,Same Direction Sideswipe,N,Non Intersection,Acceleration Lane,Dark No Lights,No Defects,"Two-way, Divided, Positive Median Barrier",Wet,Raining,Seven o'clock,Passenger Car,Functional,N,Moving Constant Speed,2015-01-03 22:05,69,39.184525,-76.63284533,4,2,빗길사고,동일 방향 운행 중 추돌 사고
7557,N,Apparently Normal,No Misuse,Y,No Injury,f64fc52a-a161-4283-8d4c-306537b5a55f,D,MSP6079002B,Shoulder/Lap Belt(s),M,c923866f-fe50-4d05-a024-2aab3a30f748,Same Direction Sideswipe,N,Non Intersection,Acceleration Lane,Dark No Lights,No Defects,"Two-way, Divided, Positive Median Barrier",Wet,Raining,Twelve o'clock,Passenger Car,Disabling,N,Moving Constant Speed,2015-01-03 22:05,23,39.184525,-76.63284533,4,2,빗길사고,동일 방향 운행 중 추돌 사고
7558,N,Apparently Normal,No Misuse,Y,No Injury,76199923-3acc-4805-b01b-c5456a2a3d0c,D,MSP6079002T,Shoulder/Lap Belt(s),M,118e48dd-c7e0-4565-8742-bd3726c377c5,Single Vehicle ,N,Non Intersection,Right Turn Lane,Daylight,No Defects,"Two-way, Divided, Positive Median Barrier",Wet,Raining,Six o'clock,(Sport) Utility Vehicle,Functional,N,Starting From Lane,2015-03-14 9:50,46,39.184706,-76.63272767,4,0,빗길사고,등속 주행 중 사고