KEY_INDEX,CDL_FLAG,CONDITION_CODE,EQUIP_PROB_CODE,FAULT_FLAG,INJ_SEVER_CODE,PERSON_ID,PERSON_TYPE,REPORT_NO,SAF_EQUIP_CODE,SEX_CODE,VEHICLE_ID,COLLISION_TYPE_CODE,C_M_ZONE_FLAG,JUNCTION_CODE,LANE_CODE,LIGHT_CODE,RD_COND_CODE,RD_DIV_CODE,SURF_COND_CODE,WEATHER_CODE,AREA_DAMAGED_CODE_MAIN,BODY_TYPE_CODE,DAMAGE_CODE,HIT_AND_RUN_FLAG,MOVEMENT_CODE,TIME,AGE,LATITUDE,LONGITUDE,CLUSTER,SECOND_LABEL,FIRST_LABEL,SECOND_LABELING
7559,N,Apparently Normal,No Misuse,Y,No Injury,3ad3f379-89be-4f48-8c9c-4391fa273ae9,D,MSP6079002W,Shoulder/Lap Belt(s),M,528e73a0-f71d-42eb-94e0-0b08f96ef213,Single Vehicle ,N,Non Intersection,Left Turn Lane,Daylight,No Defects,"Two-way, Divided, Positive Median Barrier",Wet,Sleet,Seven o'clock,Passenger Car,Functional,N,Starting From Lane,2015-03-20 14:10,43,39.216051,-76.66906583,4,0,빗길사고,등속 주행 중 사고
7560,Y,Apparently Normal,No Misuse,Y,No Injury,3299dbe9-4dc1-466a-84ae-999ae3701814,D,MSP6080001G,Shoulder/Lap Belt(s),M,2a8fe568-eb6a-4ffd-8dc7-8a827f2c1b5b,Single Vehicle ,N,Intersection,Right Turn Lane,Dark No Lights,No Defects,"Two-way, Not Divided",Dry,Clear,Six o'clock,Truck Tractor,No Damage,N,Making Right Turn,2015-01-08 17:30,37,38.70758653,-75.90316772,3,1,우회전 차선 사고,등속 주행 중 측면 추돌 사고
7561,N,Apparently Normal,No Misuse,Y,No Injury,e712d7bc-cd5a-41d0-acfd-83201160d350,D,MSP60820010,Shoulder/Lap Belt(s),M,473a9506-960b-49d6-ab3b-634e158edb62,Single Vehicle ,N,Non Intersection,Right Turn Lane,Dawn,No Defects,"Two-way, Not Divided",Snow,Snow,Twelve o'clock,Passenger Car,Disabling,N,Moving Constant Speed,2015-02-26 6:54,27,38.77181417,-76.03683717,0,0,눈길사고,감속 중 사고
7562,N,Apparently Normal,No Misuse,N,No Injury,be5d40fe-1bfb-4d9f-afde-57ec6b186f82,D,MSP6084001B,Shoulder/Lap Belt(s),M,0d2c9553-e193-4285-b266-0de1149f71cb,Same Movement Angle,N,Intersection,Left Turn Lane,Daylight,No Defects,"Two-way, Divided, Positive Median Barrier",Dry,Clear,Eleven o'clock,Passenger Car,Disabling,N,Making Left Turn,2015-03-21 16:49,19,39.35671683,-77.16853567,1,1,좌회전 차선 사고,등속 주행 사고
7563,N,Apparently Normal,No Misuse,Y,No Injury,a2c8545a-1e1d-4072-926d-fcc12dc8bf65,D,MSP6084001B,Shoulder/Lap Belt(s),M,11206855-47a4-405e-b9d7-ec3b4b5d383d,Same Movement Angle,N,Intersection,Left Turn Lane,Daylight,No Defects,"Two-way, Divided, Positive Median Barrier",Dry,Clear,Twelve o'clock,Passenger Car,Disabling,N,Accelerating,2015-03-21 16:49,20,39.35671683,-77.16853567,1,1,좌회전 차선 사고,등속 주행 사고
7564,N,Apparently Normal,No Misuse,Y,No Injury,8a208855-d91d-43dd-bad3-9dd3995294bf,D,MSP6085002S,Shoulder/Lap Belt(s),M,8b14646f-4a7e-4c5d-92b8-72476d724bd2,Single Vehicle ,N,Non Intersection,Right Turn Lane,Dark Lights On,No Defects,"Two-way, Not Divided",Dry,Clear,Twelve o'clock,(Sport) Utility Vehicle,Disabling,N,Moving Constant Speed,2015-03-13 6:34,46,39.4232927,-76.32870047,2,2,기타,기타
7565,N,Apparently Normal,No Misuse,Y,No Injury,77299792-fcde-4aeb-af0f-3a6cb6d79476,D,MSP6086001P,Shoulder/Lap Belt(s),M,d41bcf64-c44a-403e-95ad-abdb8bc9ea22,Single Vehicle ,N,Non Intersection,Right Turn Lane,Daylight,No Defects,"Two-way, Not Divided",Snow,Snow,Twelve o'clock,Pickup Truck,Disabling,N,Moving Constant Speed,2015-01-26 16:44,63,39.50431133,-77.050504,0,0,눈길사고,감속 중 사고
7566,N,Apparently Normal,No Misuse,N,No Injury,8f43fe4a-4d77-47c7-8201-bc7f9a740b5d,D,MSP60900038,Shoulder/Lap Belt(s),M,28e99acc-952d-4e0a-b5b2-5230f9dd4d99,Same Direction Rear End,N,Intersection,Right Turn Lane,Dark Lights On,No Defects,"Two-way, Not Divided",Dry,Clear,Six o'clock,(Sport) Utility Vehicle,Superficial,N,Stopped in Traffic Lane,2015-03-29 21:01,63,39.57613483,-76.38631233,3,3,우회전 차선 사고,동일 방향 운행 중 추돌 사고
7567,N,Apparently Normal,No Misuse,Y,No Injury,f6329fc1-7c94-4c89-ad82-cef72a8bf184,D,MSP60900038,Shoulder/Lap Belt(s),M,b4602b39-e413-4b27-8e6e-e258f5990578,Same Direction Rear End,N,Intersection,Right Turn Lane,Dark Lights On,No Defects,"Two-way, Not Divided",Dry,Clear,Twelve o'clock,Passenger Car,Disabling,N,Starting From Lane,2015-03-29 21:01,49,39.57613483,-76.38631233,3,3,우회전 차선 사고,동일 방향 운행 중 추돌 사고
7568,N,Apparently Normal,Air Bag Failed,Y,No Injury,f24fe872-646b-40fc-9f22-4376ebdc169b,D,MSP6092007B,Shoulder/Lap Belt(s),M,f2d5fc9a-a434-4ae7-9659-9ed612c87db3,Single Vehicle ,N,Non Intersection,Right Turn Lane,Daylight,No Defects,One-way Trafficway,Dry,Clear,One o'clock,Passenger Car,Disabling,N,Skidding,2015-02-01 16:34,31,39.41224483,-76.60206967,2,0,기타,자차 사고
7569,Y,Apparently Normal,No Misuse,N,No Injury,80c391b3-58b3-4d9f-8641-d4ca39c792ed,D,MSP6092007D,Shoulder/Lap Belt(s),M,5c9e4cad-368b-4f88-9c94-9d2d445d0d60,Same Direction Left Turn,N,Non Intersection,Right Turn Lane,Dark No Lights,Foreign Material,"Two-way, Divided, Positive Median Barrier",Ice,Sleet,Eight o'clock,Passenger Car,Functional,N,Moving Constant Speed,2015-02-10 5:32,66,39.250115,-76.67923583,0,0,눈길사고,감속 중 사고
7570,N,Apparently Normal,No Misuse,N,No Injury,01402e44-8195-423f-a127-55158c8d0024,D,MSP6092007D,Shoulder/Lap Belt(s),M,4d9ca15f-0aa7-4434-aad7-506d8f9ed75b,Same Direction Left Turn,N,Non Intersection,Right Turn Lane,Dark No Lights,Foreign Material,"Two-way, Divided, Positive Median Barrier",Ice,Sleet,Nine o'clock,Passenger Car,Functional,N,Moving Constant Speed,2015-02-10 5:32,35,39.250115,-76.67923583,0,0,눈길사고,감속 중 사고
7571,Y,Apparently Normal,No Misuse,N,No Injury,c578f2bd-04dc-4f51-8e59-748f8b2905bc,D,MSP6092007S,Shoulder/Lap Belt(s),M,cef80383-c517-4605-83fa-ad955b84f896,Head On,N,Non Intersection,Left Turn Lane,Dark No Lights,No Defects,"Two-way, Not Divided",Dry,Clear,Twelve o'clock,"Other Light Trucks (10,000 lbs (4,536 kg))",Superficial,N,Slowing or Stopping,2015-03-07 0:00,73,39.2517145,-76.68116467,1,3,좌회전 차선 사고,감속 중 사고
7572,N,Apparently Normal,No Misuse,Y,No Injury,f86033c1-8a7c-4d84-b9f4-bdab655ec551,D,MSP60940034,Shoulder/Lap Belt(s),M,268f293b-d4c4-4592-bf2f-0bf5155ef59d,Single Vehicle ,N,Non Intersection,Right Turn Lane,Daylight,No Defects,One-way Trafficway,Wet,Raining,Roof Top,Passenger Car,Disabling,N,Skidding,2015-01-03 9:54,34,39.01766783,-76.95253833,4,0,빗길사고,등속 주행 중 사고
7573,Y,Apparently Normal,No Misuse,N,No Injury,1eb7fc65-2067-407e-b69d-5ade5c1557b8,D,MSP60940037,Shoulder/Lap Belt(s),M,65a2e73d-f6cf-4363-83ae-12701f11337d,Single Vehicle ,N,Non Intersection,Left Turn Lane,Daylight,No Defects,"Two-way, Divided, Positive Median Barrier",Dry,Clear,Eleven o'clock,Truck Tractor,Disabling,N,Changing Lanes,2015-01-05 8:40,56,39.00920433,-76.90058717,1,1,좌회전 차선 사고,등속 주행 사고
7574,N,Apparently Normal,No Misuse,Y,No Injury,2a5eaba6-ed90-44ba-8d54-7f45336b9433,D,MSP60940039,Shoulder/Lap Belt(s),M,62bb5707-508c-4ba4-9ae4-57ffc3c4ac84,Single Vehicle ,N,Non Intersection,Left Turn Lane,Dusk,No Defects,"Two-way, Divided, Positive Median Barrier",Dry,Clear,Twelve o'clock,Passenger Car,Disabling,N,Moving Constant Speed,2015-02-07 17:35,34,39.06114467,-76.8862595,1,0,좌회전 차선 사고,등속 주행 중 측면 추돌 사고
7575,N,Apparently Normal,No Misuse,Y,No Injury,3622a63f-6fd7-4fbc-ba7d-3310eb477328,D,MSP6094003B,Shoulder/Lap Belt(s),M,93e6dc8f-eabe-477e-985e-1f36ff59ba15,Single Vehicle ,N,Non Intersection,Left Turn Lane,Dark Lights On,No Defects,"Two-way, Divided, Positive Median Barrier",Dry,Clear,One o'clock,Passenger Car,Disabling,N,Leaving Traffic Lane,2015-02-13 2:41,33,38.916876,-76.918889,1,1,좌회전 차선 사고,등속 주행 사고
7576,Y,Apparently Normal,No Misuse,N,No Injury,1697e405-2d3b-45ab-8acf-22950c806caa,D,MSP6094003C,Shoulder/Lap Belt(s),M,87bf8e5d-c166-4e04-9c8a-9f2dcfe3b74e,Same Direction Sideswipe,N,Non Intersection,Left Turn Lane,Dawn,No Defects,"Two-way, Divided, Positive Median Barrier",Ice,Cloudy,Eleven o'clock,Truck Tractor,Disabling,N,Slowing or Stopping,2015-02-22 5:44,30,39.06875467,-76.90870567,0,1,눈길사고,등속 주행 사고
7577,N,Apparently Normal,No Misuse,Y,No Injury,b65c8232-6b86-4501-9c8a-5c70bd334bf0,D,MSP6094003C,Shoulder/Lap Belt(s),M,298c5b53-f303-4b9e-96aa-ebdef1d2352a,Same Direction Sideswipe,N,Non Intersection,Left Turn Lane,Dawn,No Defects,"Two-way, Divided, Positive Median Barrier",Ice,Cloudy,One o'clock,Passenger Car,Functional,N,Skidding,2015-02-22 5:44,31,39.06875467,-76.90870567,0,2,눈길사고,미끌어짐에 의한 사고
7578,N,Apparently Normal,No Misuse,N,Possible Incapacitating Injury,549bb761-3b1f-4fac-8744-b0d52a097d7c,D,MSP6094003C,Shoulder/Lap Belt(s),M,074434fb-9a52-45b0-a5f6-cd0ab90479bc,Same Direction Sideswipe,N,Non Intersection,Left Turn Lane,Dawn,No Defects,"Two-way, Divided, Positive Median Barrier",Ice,Cloudy,Two o'clock,Passenger Car,Disabling,N,Moving Constant Speed,2015-02-22 5:44,41,39.06875467,-76.90870567,0,0,눈길사고,감속 중 사고
7579,Y,Apparently Normal,No Misuse,N,No Injury,f81a544e-a033-44c7-91ad-0aa6866d0d27,D,MSP6094003F,Shoulder/Lap Belt(s),M,a96f3558-55cc-48e9-8af0-50603f2d3832,Single Vehicle ,N,Non Intersection,Deceleration Lane,Daylight,No Defects,"Two-way, Not Divided",Wet,Cloudy,One o'clock,"Medium/Heavy Truck 2 axles (10,000 lbs (4,536 kg) or less)",Functional,N,Moving Constant Speed,2015-02-22 10:59,43,39.091996,-76.856925,4,2,빗길사고,동일 방향 운행 중 추돌 사고
7580,N,Apparently Normal,No Misuse,Y,No Injury,164fdf8a-41f3-4759-a22e-8c5da4b6164e,D,MSP6094003G,Shoulder/Lap Belt(s),M,d6007554-6e8d-41e8-b3b4-b8c279fde9b5,Single Vehicle ,N,Non Intersection,Left Turn Lane,Daylight,No Defects,One-way Trafficway,Dry,Clear,Roof Top,Passenger Car,Disabling,N,Negotiating a Curve,2015-02-23 13:04,21,38.94600017,-76.85689433,1,1,좌회전 차선 사고,등속 주행 사고
7581,N,Apparently Normal,No Misuse,Y,No Injury,b575246d-0bb2-4307-a070-1bc98318dd72,D,MSP6094003H,Shoulder/Lap Belt(s),M,4776cac4-2165-484e-822b-2e634868601a,Single Vehicle ,N,Non Intersection,Right Turn Lane,Daylight,No Defects,"Two-way, Divided, Positive Median Barrier",Wet,Cloudy,Nine o'clock,Passenger Car,Superficial,N,Slowing or Stopping,2015-02-26 12:58,19,39.05837867,-76.92563083,4,0,빗길사고,등속 주행 중 사고
7582,N,Apparently Normal,No Misuse,Y,Possible Incapacitating Injury,bf46eebd-5230-419a-a6a4-1d3a5a570d57,D,MSP6094003J,Shoulder/Lap Belt(s),M,cd89a834-6f48-4cb5-84e5-87bb2c2130c8,Same Direction Rear End,N,Non Intersection,Acceleration Lane,Dark Lights On,No Defects,"Two-way, Divided, Positive Median Barrier",Dry,Cloudy,Twelve o'clock,Passenger Car,Disabling,N,Slowing or Stopping,2015-03-06 21:06,26,39.04422267,-76.93421683,1,3,좌회전 차선 사고,감속 중 사고
7583,N,Apparently Normal,No Misuse,N,No Injury,c9c4a13c-6124-46a7-8c13-b1160a156d21,D,MSP6094003L,Shoulder/Lap Belt(s),M,1065b8d6-2e02-49fc-bba9-3bb7be2c72c0,Same Direction Sideswipe,N,Non Intersection,Acceleration Lane,Daylight,No Defects,"Two-way, Divided, Positive Median Barrier",Wet,Snow,Ten o'clock,Passenger Car,Disabling,N,Moving Constant Speed,2015-03-20 9:47,60,39.102988,-76.887901,4,2,빗길사고,동일 방향 운행 중 추돌 사고
7584,Y,Apparently Normal,No Misuse,Y,No Injury,68a198ab-4384-4f1d-9be7-0f96c5c4a7a4,D,MSP6094003L,Shoulder/Lap Belt(s),M,e63220e5-d33c-4f45-8575-198ed9ce8f86,Same Direction Sideswipe,N,Non Intersection,Acceleration Lane,Daylight,No Defects,"Two-way, Divided, Positive Median Barrier",Wet,Snow,Three o'clock,Truck Tractor,Superficial,N,Changing Lanes,2015-03-20 9:47,25,39.102988,-76.887901,4,0,빗길사고,등속 주행 중 사고
7585,N,Apparently Normal,No Misuse,Y,No Injury,62f7612a-6368-4179-954f-798cbe8565c9,D,MSP6094003N,Shoulder/Lap Belt(s),M,8c7954a5-2e20-4706-b4cf-45c50da7820d,Same Direction Rear End,N,Non Intersection,Right Turn Lane,Dawn,No Defects,"Two-way, Divided, Positive Median Barrier",Dry,Cloudy,Twelve o'clock,Passenger Car,Disabling,N,Slowing or Stopping,2015-03-23 6:59,56,38.98689217,-76.88181233,2,1,기타,등속 주행 사고
7586,N,Apparently Normal,No Misuse,N,No Injury,4b37b3dd-1d24-4953-b208-f99fa8f4b94b,D,MSP6094003P,Shoulder/Lap Belt(s),M,6d5ba926-1a89-4425-994f-86cb8c876ee1,Same Direction Rear End,N,Non Intersection,Right Turn Lane,Daylight,No Defects,One-way Trafficway,Dry,Clear,Six o'clock,Passenger Car,Disabling,N,Slowing or Stopping,2015-03-30 14:56,61,39.02261067,-76.94982133,2,1,기타,등속 주행 사고
7587,N,Apparently Normal,No Misuse,N,No Injury,a7cffe25-f098-46e9-a4f4-5a35ae0ee600,D,MSP6094003P,Shoulder/Lap Belt(s),M,6612816b-89c3-4090-92ee-acce877f1700,Same Direction Rear End,N,Non Intersection,Right Turn Lane,Daylight,No Defects,One-way Trafficway,Dry,Clear,Twelve o'clock,Passenger Car,Superficial,N,Slowing or Stopping,2015-03-30 14:56,54,39.02261067,-76.94982133,2,1,기타,등속 주행 사고
7588,N,Apparently Normal,No Misuse,Y,No Injury,716c62da-3c11-4840-bb72-2e6e3c6c0b1c,D,MSP6094003P,Shoulder/Lap Belt(s),M,002f24c3-ffd8-4b0b-8c0c-bb44b6fd3fc6,Same Direction Rear End,N,Non Intersection,Right Turn Lane,Daylight,No Defects,One-way Trafficway,Dry,Clear,Twelve o'clock,Passenger Car,Disabling,N,Slowing or Stopping,2015-03-30 14:56,35,39.02261067,-76.94982133,2,1,기타,등속 주행 사고
7589,Y,Apparently Normal,No Misuse,N,No Injury,72b67977-612f-499f-8dc3-e2fc0590d1c4,D,MSP6099003B,Shoulder/Lap Belt(s),M,f231b881-2351-4b38-8c95-9389badcb45b,Same Direction Sideswipe,N,Non Intersection,Acceleration Lane,Dark Lights On,No Defects,"Two-way, Divided, Positive Median Barrier",Dry,Clear,Eleven o'clock,Truck Tractor,Functional,N,Moving Constant Speed,2015-01-11 19:31,24,38.89482183,-76.8478735,1,0,좌회전 차선 사고,등속 주행 중 측면 추돌 사고
7590,N,Apparently Normal,No Misuse,Y,No Injury,93a1fcbc-0205-4c1a-bbd7-d9fda74f12b4,D,MSP6099003B,Shoulder/Lap Belt(s),M,9321694f-6be7-497b-bf6a-97c6c2e0fe19,Same Direction Sideswipe,N,Non Intersection,Acceleration Lane,Dark Lights On,No Defects,"Two-way, Divided, Positive Median Barrier",Dry,Clear,Two o'clock,Passenger Car,Disabling,N,Changing Lanes,2015-01-11 19:31,25,38.89482183,-76.8478735,1,1,좌회전 차선 사고,등속 주행 사고
7591,N,Apparently Normal,No Misuse,N,No Injury,4b4d1d5e-fd59-41c4-8cc6-faa4517f4c1a,D,MSP6111000C,Shoulder/Lap Belt(s),M,d4c1837a-1e75-4d90-b2f6-0a4060c88317,Same Direction Rear End,N,Non Intersection,Left Turn Lane,Daylight,No Defects,"Two-way, Divided, Positive Median Barrier",Snow,Snow,Five o'clock,Passenger Car,Functional,N,Slowing or Stopping,2015-03-12 8:33,67,39.58411874,-76.99014902,0,1,눈길사고,등속 주행 사고
7592,N,Apparently Normal,No Misuse,Y,No Injury,0af490c4-799e-49b2-b448-17e7db5fa1eb,D,MSP6111000C,Shoulder/Lap Belt(s),M,b77f0668-c58e-4cf5-b4a0-87980dea1359,Same Direction Rear End,N,Non Intersection,Left Turn Lane,Daylight,No Defects,"Two-way, Divided, Positive Median Barrier",Snow,Snow,Eleven o'clock,Pickup Truck,Functional,Y,Slowing or Stopping,2015-03-12 8:33,27,39.58411874,-76.99014902,0,1,눈길사고,등속 주행 사고
7593,N,Apparently Normal,No Misuse,N,No Injury,8c0cfc86-4adf-4971-89f4-1d931f5f253d,D,MSP6111000D,Shoulder/Lap Belt(s),M,47c8bc13-26c2-4011-8c5d-69374fb7129d,Same Direction Sideswipe,N,Non Intersection,Left Turn Lane,Dark No Lights,No Defects,"Two-way, Divided, Positive Median Barrier",Dry,Clear,Ten o'clock,Passenger Car,Functional,N,Moving Constant Speed,2015-03-12 0:00,31,39.55430401,-76.9575119,1,0,좌회전 차선 사고,등속 주행 중 측면 추돌 사고
7594,N,Apparently Normal,No Misuse,Y,No Injury,384cd714-91c3-439d-a6ad-ec1087850a1a,D,MSP61210013,Shoulder/Lap Belt(s),M,7e99dc21-7051-4289-bdaa-b360e1c6b902,Single Vehicle ,N,Non Intersection,Left Turn Lane,Dark No Lights,No Defects,One-way Trafficway,Ice,Snow,One o'clock,Passenger Car,Superficial,N,Negotiating a Curve,2015-01-14 5:59,76,38.37215683,-75.5367735,0,2,눈길사고,미끌어짐에 의한 사고
7595,N,Apparently Normal,No Misuse,Y,No Injury,8d194009-a805-404c-a8dc-94a07f3956fe,D,MSP61210014,Shoulder/Lap Belt(s),M,ed00eac6-7921-447e-924a-50b1058688ba,Single Vehicle ,N,Intersection,Right Turn Lane,Daylight,No Defects,"Two-way, Not Divided",Wet,Wintry Mix,Six o'clock,Passenger Car,Functional,N,Moving Constant Speed,2015-01-14 10:49,42,38.44241617,-75.56862683,4,2,빗길사고,동일 방향 운행 중 추돌 사고
7596,N,Apparently Normal,No Misuse,Y,No Injury,035cda07-8eb1-4705-995b-b5bbc8e6b861,D,MSP61210018,Shoulder/Lap Belt(s),M,fd605948-8b81-4e0c-8e6b-93c95b5dcd3d,Single Vehicle ,N,Non Intersection,Left Turn Lane,Daylight,No Defects,"Two-way, Divided, Positive Median Barrier",Ice,Snow,Eleven o'clock,Passenger Car,Superficial,N,Accelerating,2015-03-05 17:21,52,38.3805735,-75.46945533,0,2,눈길사고,미끌어짐에 의한 사고
7597,N,Apparently Normal,No Misuse,Y,No Injury,a2288f15-61c8-48f7-9d55-a3d33437536d,D,MSP61510035,Shoulder/Lap Belt(s),M,ab08bc51-5815-476e-b01b-deab71ee29c1,Single Vehicle ,N,Non Intersection,Right Turn Lane,Dark No Lights,No Defects,"Two-way, Divided, Positive Median Barrier",Dry,Clear,Eight o'clock,Van,Disabling,N,Moving Constant Speed,2015-01-15 6:45,25,39.13326233,-76.85685533,2,2,기타,기타
7598,N,Apparently Normal,No Misuse,N,No Injury,2616f588-0c08-48c7-a557-c0baabb43bca,D,MSP6151003H,Shoulder/Lap Belt(s),M,1267a55c-c8cf-4422-b05f-a15165e70c3d,Same Direction Rear End,N,Non Intersection,Left Turn Lane,Daylight,No Defects,"Two-way, Divided, Positive Median Barrier",Dry,Clear,Six o'clock,Passenger Car,Functional,N,Slowing or Stopping,2015-02-20 16:50,34,39.18045,-76.7849,1,3,좌회전 차선 사고,감속 중 사고
7599,N,Apparently Normal,No Misuse,Y,No Injury,b955494e-4808-49f6-b29e-e355b86f1b85,D,MSP61540015,Shoulder/Lap Belt(s),M,7bd365d5-8ea9-4884-9511-68b37efafd7d,Same Direction Rear End,Y,Intersection,Left Turn Lane,Daylight,No Defects,"Two-way, Divided, Positive Median Barrier",Dry,Clear,Twelve o'clock,Passenger Car,Superficial,N,Moving Constant Speed,2015-01-16 11:23,29,38.65177,-76.056802,1,0,좌회전 차선 사고,등속 주행 중 측면 추돌 사고
7600,N,Apparently Normal,No Misuse,N,Non-incapacitating Injury,cf2fd70d-8d31-47b0-b315-465fd0708ccc,D,MSP61540015,Shoulder/Lap Belt(s),M,d9e54fe7-fe7b-414b-a890-010ac9b3ec92,Same Direction Rear End,Y,Intersection,Left Turn Lane,Daylight,No Defects,"Two-way, Divided, Positive Median Barrier",Dry,Clear,Six o'clock,Van,Superficial,N,Moving Constant Speed,2015-01-16 11:23,53,38.65177,-76.056802,1,0,좌회전 차선 사고,등속 주행 중 측면 추돌 사고
7601,N,Apparently Normal,No Misuse,Y,No Injury,c3356da0-86cb-40b6-bb18-55b45119c7c3,D,MSP6154001B,Shoulder/Lap Belt(s),M,2cebb7b0-9cfe-4744-802c-255248e31c28,Same Movement Angle,N,Intersection Related,Right Turn Lane,Daylight,No Defects,"Two-way, Not Divided",Dry,Clear,Twelve o'clock,Pickup Truck,Functional,N,Accelerating,2015-03-23 7:43,53,38.552568,-76.009252,3,0,우회전 차선 사고,기타
7602,Y,Apparently Normal,No Misuse,N,No Injury,da11c04b-cf37-48b4-9dc0-7ff456437f47,D,MSP6156001S,Shoulder/Lap Belt(s),M,3d3769e8-5e23-45cd-b940-1bdd847033b3,Head On Left Turn,N,Non Intersection,Right Turn Lane,Daylight,No Defects,"Two-way, Not Divided",Snow,Snow,Twelve o'clock,"Medium/Heavy Truck 2 axles (10,000 lbs (4,536 kg) or less)",Superficial,N,Moving Constant Speed,2015-01-06 7:58,41,39.697156,-76.320956,0,0,눈길사고,감속 중 사고
7603,N,Apparently Normal,No Misuse,Y,Non-incapacitating Injury,a9f88d8e-07e9-433c-aded-67c7ac442b6c,D,MSP6156001S,Shoulder/Lap Belt(s),M,08c7ba13-f552-449e-9e87-3c9e6c607e29,Head On Left Turn,N,Non Intersection,Right Turn Lane,Daylight,No Defects,"Two-way, Not Divided",Snow,Snow,Seven o'clock,Passenger Car,Disabling,N,Skidding,2015-01-06 7:58,59,39.697156,-76.320956,0,2,눈길사고,미끌어짐에 의한 사고
7604,N,Apparently Normal,No Misuse,Y,No Injury,1d2498b4-731b-4b00-bc3a-288b29c6a4d8,D,MSP6158000Y,Shoulder/Lap Belt(s),M,56e83342-2124-4b85-b18c-2d19dbe353ec,Single Vehicle ,N,Non Intersection,Right Turn Lane,Dawn,No Defects,"Two-way, Not Divided",Ice,Clear,Six o'clock,Passenger Car,Destroyed,N,Skidding,2015-01-16 7:32,41,38.38995002,-75.11798859,2,0,기타,자차 사고
7605,N,Apparently Normal,No Misuse,Y,No Injury,101b4b67-802e-4c00-b14c-5f08c8ee7b0a,D,MSP6159002B,Shoulder/Lap Belt(s),M,13f7dd62-a542-4091-8346-6b30544182a4,Single Vehicle ,N,Non Intersection,Right Turn Lane,Dawn,No Defects,One-way Trafficway,Wet,Clear,Eleven o'clock,Passenger Car,Functional,N,Moving Constant Speed,2015-01-15 7:21,23,39.19665884,-76.69117928,2,2,기타,기타
7606,N,Apparently Normal,No Misuse,N,No Injury,d083e68e-1979-40fc-b803-6c83907511b6,D,MSP61620026,Shoulder/Lap Belt(s),M,32d29219-a9f1-4578-bd77-221697882c9f,Same Movement Angle,N,Non Intersection,Right Turn Lane,Daylight,No Defects,"Two-way, Divided, Positive Median Barrier",Dry,Clear,Twelve o'clock,Passenger Car,Disabling,N,Moving Constant Speed,2015-01-08 9:45,37,38.63042833,-76.90672783,2,2,기타,기타
7607,Y,Apparently Normal,No Misuse,Y,No Injury,479138a4-0217-41ff-87fe-5e2f433a8d98,D,MSP61620026,Shoulder/Lap Belt(s),M,265277bb-e487-48e1-ae59-9551f93b29c9,Same Movement Angle,N,Non Intersection,Right Turn Lane,Daylight,No Defects,"Two-way, Divided, Positive Median Barrier",Dry,Clear,Five o'clock,Passenger Car,Disabling,N,Moving Constant Speed,2015-01-08 9:45,57,38.63042833,-76.90672783,2,2,기타,기타
7608,N,Apparently Normal,No Misuse,Y,No Injury,bd518fb3-1464-4953-8c4e-f9e2273e7b68,D,MSP61660023,Shoulder/Lap Belt(s),M,2a27177c-5c17-4a77-9dcb-49b6cc67278e,Single Vehicle ,N,Non Intersection,Right Turn Lane,Dark Lights On,No Defects,"Two-way, Divided, Positive Median Barrier",Ice,Sleet,Twelve o'clock,Van,Disabling,N,Moving Constant Speed,2015-02-10 4:49,22,39.38832867,-76.43944567,0,0,눈길사고,감속 중 사고
7609,N,Apparently Normal,No Misuse,Y,No Injury,494608d9-7136-413e-b3a6-86b54000214d,D,MSP6167002J,Shoulder/Lap Belt(s),M,5339358a-ef01-449c-81f3-9f44195c0ca6,Single Vehicle ,N,Non Intersection,Right Turn Lane,Daylight,No Defects,One-way Trafficway,Wet,Raining,Twelve o'clock,Passenger Car,Disabling,N,Skidding,2015-01-04 13:53,59,39.1516945,-76.64292733,4,0,빗길사고,등속 주행 중 사고
7610,Y,Apparently Normal,No Misuse,N,No Injury,1f912ed2-2501-4d73-98a2-1f1c801cb8de,D,MSP61680010,Shoulder/Lap Belt(s),M,177ac5a6-de99-4c68-a46c-2a4c5ed52d54,Same Movement Angle,N,Intersection,Right Turn Lane,Dark Lights On,No Defects,"Two-way, Divided, Positive Median Barrier",Dry,Clear,Twelve o'clock,School Bus,Functional,N,Moving Constant Speed,2015-03-19 6:20,35,38.30851633,-76.531751,3,0,우회전 차선 사고,기타
7611,N,Apparently Normal,No Misuse,Y,No Injury,f78d3478-4dc9-4958-9726-4054c73a2219,D,MSP61680010,Shoulder/Lap Belt(s),M,b08194aa-f067-4a67-a316-b98fe77292a2,Same Movement Angle,N,Intersection,Right Turn Lane,Dark Lights On,No Defects,"Two-way, Divided, Positive Median Barrier",Dry,Clear,Four o'clock,Passenger Car,Disabling,N,Accelerating,2015-03-19 6:20,49,38.30851633,-76.531751,3,0,우회전 차선 사고,기타
7612,N,Apparently Normal,No Misuse,N,No Injury,0616d18e-97d0-44c8-b19b-ec403dd993ac,D,MSP6169000Z,Shoulder/Lap Belt(s),M,f79c57dc-bb11-4805-a588-38bfd3136c53,Single Vehicle ,N,Non Intersection,Right Turn Lane,Daylight,No Defects,"Two-way, Not Divided",Dry,Clear,Twelve o'clock,"Medium/Heavy Truck 2 axles (10,000 lbs (4,536 kg) or less)",Destroyed,N,Slowing or Stopping,2015-01-08 12:20,44,38.1854785,-75.40112867,2,1,기타,등속 주행 사고