KEY_INDEX,CDL_FLAG,CONDITION_CODE,EQUIP_PROB_CODE,FAULT_FLAG,INJ_SEVER_CODE,PERSON_ID,PERSON_TYPE,REPORT_NO,SAF_EQUIP_CODE,SEX_CODE,VEHICLE_ID,COLLISION_TYPE_CODE,C_M_ZONE_FLAG,JUNCTION_CODE,LANE_CODE,LIGHT_CODE,RD_COND_CODE,RD_DIV_CODE,SURF_COND_CODE,WEATHER_CODE,AREA_DAMAGED_CODE_MAIN,BODY_TYPE_CODE,DAMAGE_CODE,HIT_AND_RUN_FLAG,MOVEMENT_CODE,TIME,AGE,LATITUDE,LONGITUDE,CLUSTER,SECOND_LABEL,FIRST_LABEL,SECOND_LABELING
7613,N,Apparently Normal,No Misuse,N,No Injury,fc6aecf6-72c6-484d-b657-55620f4ceeb9,D,MSP61690010,Shoulder/Lap Belt(s),M,c3297365-c5c6-4812-8967-6ccda482c8b8,Single Vehicle ,N,Non Intersection,Left Turn Lane,Daylight,No Defects,"Two-way, Not Divided",Dry,Clear,Twelve o'clock,(Sport) Utility Vehicle,Disabling,N,Moving Constant Speed,2015-03-24 9:55,35,38.373088,-75.27793617,1,0,좌회전 차선 사고,등속 주행 중 측면 추돌 사고
7614,N,Apparently Normal,No Misuse,N,No Injury,4375a8d7-d6c7-4770-8caa-dd4b2bcf107d,D,MSP6172002R,Shoulder/Lap Belt(s),M,dba2d1d1-a142-47a4-bc66-c1c0126017ac,Same Direction Sideswipe,N,Non Intersection,Right Turn Lane,Daylight,No Defects,"Two-way, Divided, Positive Median Barrier",Wet,Raining,Ten o'clock,Passenger Car,Functional,N,Moving Constant Speed,2015-01-12 10:27,42,39.13564483,-76.55824567,4,2,빗길사고,동일 방향 운행 중 추돌 사고
7615,N,Apparently Normal,No Misuse,Y,No Injury,03a9b171-490c-437c-a311-ae12974a1791,D,MSP6172002Z,Shoulder/Lap Belt(s),M,5c98a07a-c151-42a3-82d8-fe74f2dcbf59,Single Vehicle ,N,Non Intersection,Right Turn Lane,Daylight,No Defects,"Two-way, Divided, Positive Median Barrier",Slush,Snow,Seven o'clock,Pickup Truck,Superficial,N,Moving Constant Speed,2015-03-05 14:50,37,39.4748975,-76.65556,0,0,눈길사고,감속 중 사고
7616,N,Apparently Normal,No Misuse,N,No Injury,dd3ef0d7-0423-4330-8c81-60676544d02f,D,MSP6184003M,Shoulder/Lap Belt(s),M,1adb80f4-e809-47c9-9393-3c8367092590,Single Vehicle ,N,Non Intersection,Left Turn Lane,Dark No Lights,No Defects,"Two-way, Divided, Positive Median Barrier",Dry,Clear,Twelve o'clock,Passenger Car,Disabling,N,Moving Constant Speed,2015-02-03 6:20,52,38.49969833,-76.53604767,1,0,좌회전 차선 사고,등속 주행 중 측면 추돌 사고
7617,N,Apparently Normal,No Misuse,Y,No Injury,f9af6a00-45ff-4123-a382-7138449e38cd,D,MSP6187000X,Shoulder/Lap Belt(s),M,f83396fc-6801-42b0-9277-8eb153669a31,Same Direction Rear End,N,Non Intersection,Left Turn Lane,Daylight,No Defects,"Two-way, Divided, Positive Median Barrier",Wet,Cloudy,Twelve o'clock,Passenger Car,Functional,N,Moving Constant Speed,2015-01-18 11:59,30,38.65583347,-76.87684232,4,2,빗길사고,동일 방향 운행 중 추돌 사고
7618,N,Apparently Normal,No Misuse,Y,No Injury,b35e99ca-da67-4d43-8a85-eda50b2373f7,D,MSP6187000X,Shoulder/Lap Belt(s),M,2a6f8148-f413-4b87-872c-9af5f7af4cd9,Same Direction Rear End,N,Non Intersection,Left Turn Lane,Daylight,No Defects,"Two-way, Divided, Positive Median Barrier",Wet,Cloudy,Twelve o'clock,(Sport) Utility Vehicle,Superficial,N,Moving Constant Speed,2015-01-18 11:59,22,38.65583347,-76.87684232,4,2,빗길사고,동일 방향 운행 중 추돌 사고
7619,N,Apparently Normal,No Misuse,N,No Injury,249a1b63-decd-41c3-8251-17bc21179e4a,D,MSP6187000Y,Shoulder/Lap Belt(s),M,d6f67e0f-09a3-419e-bf2e-ca8b42bc1f38,Single Vehicle ,N,Non Intersection,Right Turn Lane,Dark No Lights,No Defects,"Two-way, Divided, Positive Median Barrier",Dry,Cloudy,Non-collision,Passenger Car,Disabling,N,Moving Constant Speed,2015-02-01 3:37,25,38.65214517,-76.969598,2,2,기타,기타
7620,N,Apparently Normal,No Misuse,N,No Injury,08264c9e-c5ba-4056-8b1b-8d893f37995f,D,MSP61870010,Shoulder/Lap Belt(s),M,4abfe47b-4e6f-473f-b048-e727e072338c,Same Movement Angle,N,Intersection,Right Turn Lane,Daylight,No Defects,"Two-way, Not Divided",Dry,Clear,Twelve o'clock,Recreational Vehicle,Disabling,N,Moving Constant Speed,2015-02-20 16:21,30,38.53300867,-76.783891,3,0,우회전 차선 사고,기타
7621,Y,Apparently Normal,No Misuse,Y,No Injury,de6330d4-cac4-4249-aba6-d216b82bb086,D,MSP61870015,Shoulder/Lap Belt(s),M,042333f7-d21b-4cba-8d27-d2475a2b359b,Single Vehicle ,N,Non Intersection,Left Turn Lane,Daylight,No Defects,"Two-way, Divided, Positive Median Barrier",Wet,Cloudy,Twelve o'clock,Passenger Car,Disabling,N,Moving Constant Speed,2015-03-08 13:25,47,38.65315767,-76.87385933,4,2,빗길사고,동일 방향 운행 중 추돌 사고
7622,N,Apparently Normal,No Misuse,Y,No Injury,462753a7-a0e6-44ed-86d6-2b82f46b5814,D,MSP61870019,Shoulder/Lap Belt(s),M,66fae967-417c-4fb0-8336-9adaf785220c,Single Vehicle ,N,Non Intersection,Right Turn Lane,Daylight,No Defects,"Two-way, Divided, Positive Median Barrier",Wet,Cloudy,Twelve o'clock,Passenger Car,Disabling,N,Moving Constant Speed,2015-03-11 13:36,29,38.64857633,-76.87270533,4,2,빗길사고,동일 방향 운행 중 추돌 사고
7623,N,Apparently Normal,No Misuse,Y,No Injury,3f6b1052-53a6-48f8-8778-428afae9e0e1,D,MSP6188000K,Shoulder/Lap Belt(s),M,f9857fe4-3384-4dae-b4be-4333dd1ff998,Same Direction Sideswipe,N,Non Intersection,Right Turn Lane,Dark No Lights,No Defects,"Two-way, Not Divided",Dry,Clear,Eleven o'clock,Pickup Truck,Disabling,Y,Moving Constant Speed,2015-02-14 0:05,56,38.313507,-76.551329,2,2,기타,기타
7624,N,Apparently Normal,No Misuse,Y,No Injury,72857d83-4b1e-44b8-b14c-201b9e5a625f,D,MSP61910024,Shoulder/Lap Belt(s),M,1fc6654b-e295-4ac4-9321-042d83783aae,Single Vehicle ,N,Non Intersection,Right Turn Lane,Dark No Lights,No Defects,"Two-way, Divided, Positive Median Barrier",Dry,Clear,Twelve o'clock,Passenger Car,Destroyed,N,Skidding,2015-01-20 21:57,51,39.05910033,-76.63471033,2,0,기타,자차 사고
7625,N,Apparently Normal,No Misuse,Y,No Injury,b8204805-e5af-47b8-b774-d9d75f254dda,D,MSP61910025,Shoulder/Lap Belt(s),M,21009530-6862-4db6-8923-81aa3bc46f34,Single Vehicle ,N,Intersection Related,Right Turn Lane,Dark No Lights,No Defects,One-way Trafficway,Dry,Clear,Twelve o'clock,Passenger Car,Disabling,N,Skidding,2015-01-22 21:45,24,39.0153785,-76.48827667,3,1,우회전 차선 사고,등속 주행 중 측면 추돌 사고
7626,N,Apparently Normal,No Misuse,N,No Injury,7fb4c816-595d-49ff-b7eb-446c55fa6816,D,MSP61910027,Shoulder/Lap Belt(s),M,64a6f745-0b9f-4464-8694-c293945498e4,Same Direction Rear End,N,Non Intersection,Right Turn Lane,Daylight,No Defects,"Two-way, Divided, Positive Median Barrier",Dry,Clear,Six o'clock,Passenger Car,Disabling,N,Stopped in Traffic Lane,2015-02-12 17:32,36,39.2062625,-76.6886565,2,0,기타,자차 사고
7627,N,Apparently Normal,No Misuse,Y,No Injury,0e8218da-0a54-4840-b331-76849451a595,D,MSP61910027,Shoulder/Lap Belt(s),M,437f95b5-2c85-44a2-986b-360ce238e1ce,Same Direction Rear End,N,Non Intersection,Right Turn Lane,Daylight,No Defects,"Two-way, Divided, Positive Median Barrier",Dry,Clear,Twelve o'clock,Passenger Car,Disabling,N,Moving Constant Speed,2015-02-12 17:32,37,39.2062625,-76.6886565,2,3,기타,등속 주행 중 측면 추돌 사고
7628,N,Apparently Normal,No Misuse,Y,No Injury,875c4d14-65ef-484c-8a86-f2c62571d92c,D,MSP6191002B,Shoulder/Lap Belt(s),M,dff012e7-32a0-4ce6-9ced-02cb599657a2,Single Vehicle ,N,Non Intersection,Right Turn Lane,Daylight,No Defects,"Two-way, Divided, Positive Median Barrier",Snow,Snow,Eleven o'clock,Pickup Truck,Functional,N,Skidding,2015-03-05 12:51,30,39.03317617,-76.61274633,0,2,눈길사고,미끌어짐에 의한 사고
7629,N,Apparently Normal,No Misuse,N,No Injury,bb7b766d-359d-460d-97db-419e7ef14af7,D,MSP6191002F,Shoulder/Lap Belt(s),M,9f12fcef-89e8-4004-b516-c8df357d75d1,Same Direction Rear End,N,Non Intersection,Left Turn Lane,Daylight,No Defects,"Two-way, Divided, Positive Median Barrier",Dry,Clear,Six o'clock,Truck Tractor,Superficial,N,Moving Constant Speed,2015-03-30 12:40,35,39.04236833,-76.61487617,1,0,좌회전 차선 사고,등속 주행 중 측면 추돌 사고
7630,N,Apparently Normal,No Misuse,Y,No Injury,3f104b14-2633-4451-bc12-592c7fb810f0,D,MSP6191002F,Shoulder/Lap Belt(s),M,0eb28a59-c9cd-4790-b882-d38d5b77fab6,Same Direction Rear End,N,Non Intersection,Left Turn Lane,Daylight,No Defects,"Two-way, Divided, Positive Median Barrier",Dry,Clear,Twelve o'clock,Pickup Truck,Disabling,N,Moving Constant Speed,2015-03-30 12:40,65,39.04236833,-76.61487617,1,0,좌회전 차선 사고,등속 주행 중 측면 추돌 사고
7631,N,Apparently Normal,No Misuse,Y,No Injury,40b8a03d-977f-41ef-9521-e6429b7620c9,D,MSP6192001M,Shoulder/Lap Belt(s),M,3d512170-8a57-47e8-b931-7ef52108de47,Single Vehicle ,N,Non Intersection,Right Turn Lane,Dawn,No Defects,"Two-way, Divided, Positive Median Barrier",Snow,Snow,Twelve o'clock,Pickup Truck,Disabling,N,Moving Constant Speed,2015-01-06 6:30,44,38.971166,-76.17885233,0,0,눈길사고,감속 중 사고
7632,N,Apparently Normal,No Misuse,Y,No Injury,ff888ce9-71f3-4fc1-939a-07f5b68918a0,D,MSP6192001N,Shoulder/Lap Belt(s),M,8899263c-6a7d-48fe-af96-7580fbd26d7a,Single Vehicle ,N,Intersection Related,Right Turn Lane,Daylight,No Defects,One-way Trafficway,Snow,Snow,Roof Top,Passenger Car,Disabling,N,Moving Constant Speed,2015-01-06 11:40,57,38.9803395,-76.14026383,0,0,눈길사고,감속 중 사고
7633,N,Apparently Normal,No Misuse,Y,No Injury,00f0447c-f806-49d4-a96a-bde5e6779f37,D,MSP6194002D,Shoulder/Lap Belt(s),M,5c464e35-9ed7-4819-815e-a8ef0e5d270c,Same Direction Rear End,N,Non Intersection,Deceleration Lane,Daylight,No Defects,"Two-way, Divided, Positive Median Barrier",Wet,Raining,Twelve o'clock,Van,Functional,N,Slowing or Stopping,2015-01-03 13:22,57,38.98426167,-76.54314133,4,3,빗길사고,기타
7634,N,Apparently Normal,No Misuse,Y,No Injury,e341e55d-1b48-41a4-8339-e3e5ab619024,D,MSP6195002V,Shoulder/Lap Belt(s),M,9889f485-9f92-432d-a0ff-c6c87cbf16f7,Single Vehicle ,N,Non Intersection,Left Turn Lane,Dusk,No Defects,"Two-way, Divided, Positive Median Barrier",Dry,Clear,One o'clock,Passenger Car,Disabling,N,Moving Constant Speed,2015-03-01 6:22,30,39.30231983,-76.8730165,1,0,좌회전 차선 사고,등속 주행 중 측면 추돌 사고
7635,N,Apparently Normal,No Misuse,N,No Injury,48931f14-dd28-452b-903d-bbf1e8ca876a,D,MSP61990019,Shoulder/Lap Belt(s),M,41b6e7e8-a607-4bd2-8ca9-623c0fbb8029,Same Movement Angle,N,Intersection Related,Right Turn Lane,Dark Lights On,No Defects,"Two-way, Not Divided",Dry,Clear,Twelve o'clock,Passenger Car,Disabling,N,Moving Constant Speed,2015-02-05 18:47,44,38.37447,-75.163168,3,0,우회전 차선 사고,기타
7636,N,Apparently Normal,No Misuse,Y,Possible Incapacitating Injury,cd9d784c-711c-459b-a4b0-387c0a5bfd21,D,MSP61990019,Shoulder/Lap Belt(s),M,11ea38ae-de28-4bae-a767-615a7fa57eb6,Same Movement Angle,N,Intersection Related,Right Turn Lane,Dark Lights On,No Defects,"Two-way, Not Divided",Dry,Clear,Twelve o'clock,Passenger Car,Disabling,N,Making Right Turn,2015-02-05 18:47,62,38.37447,-75.163168,3,0,우회전 차선 사고,기타
7637,N,Apparently Normal,No Misuse,N,No Injury,559fa07c-2380-413e-b5ea-23f526a70dac,D,MSP6199001B,Shoulder/Lap Belt(s),M,70791fba-d69c-49dd-a049-8de2d69d50b9,Same Movement Angle,N,Intersection Related,Right Turn Lane,Dark Lights On,No Defects,"Two-way, Not Divided",Dry,Clear,Ten o'clock,Passenger Car,Functional,N,Moving Constant Speed,2015-02-13 22:31,57,38.343594,-75.190226,3,0,우회전 차선 사고,기타
7638,N,Apparently Normal,No Misuse,Y,No Injury,87eeed41-98c0-4a02-9ab5-805b9baf0b10,D,MSP6199001B,Shoulder/Lap Belt(s),M,a1f9c49f-3f25-4e05-95cd-1913ae84aa7f,Same Movement Angle,N,Intersection Related,Right Turn Lane,Dark Lights On,No Defects,"Two-way, Not Divided",Dry,Clear,One o'clock,Passenger Car,Functional,N,Starting From Lane,2015-02-13 22:31,27,38.343594,-75.190226,3,0,우회전 차선 사고,기타
7639,N,Apparently Normal,No Misuse,N,No Injury,a70f0205-7ed7-46a6-9daf-6318e974cb1c,D,MSP6202003J,Shoulder/Lap Belt(s),M,4a44713f-b3ac-4c62-a92e-13eff0706fcf,Same Direction Rear End,N,Intersection Related,Left Turn Lane,Dark Lights On,No Defects,"Two-way, Divided, Positive Median Barrier",Dry,Clear,Six o'clock,Passenger Car,Disabling,N,Stopped in Traffic Lane,2015-02-07 1:22,29,38.70156,-76.87601,1,2,좌회전 차선 사고,기타
7640,N,Apparently Normal,No Misuse,Y,No Injury,488f8f97-8d8a-4478-bfba-366640b90611,D,MSP6202003J,Shoulder/Lap Belt(s),M,ecbe66a0-06b5-400a-83fa-6f0b5e96f0fb,Same Direction Rear End,N,Intersection Related,Left Turn Lane,Dark Lights On,No Defects,"Two-way, Divided, Positive Median Barrier",Dry,Clear,Twelve o'clock,Passenger Car,Disabling,Y,Moving Constant Speed,2015-02-07 1:22,38,38.70156,-76.87601,1,0,좌회전 차선 사고,등속 주행 중 측면 추돌 사고
7641,N,Apparently Normal,No Misuse,N,No Injury,8d196662-a009-4ae6-a650-82b6bf0d1cab,D,MSP62070006,Shoulder/Lap Belt(s),M,50278027-7fff-4ddf-9620-c920f5b063d0,Same Direction Rear End,N,Non Intersection,Left Turn Lane,Daylight,No Defects,"Two-way, Divided, Positive Median Barrier",Dry,Clear,Six o'clock,Passenger Car,Superficial,N,Slowing or Stopping,2015-02-11 7:35,54,39.5096155,-76.90576617,1,3,좌회전 차선 사고,감속 중 사고
7642,N,Apparently Normal,No Misuse,Y,Incapacitating/Disabled Injury,c6d10bee-85b6-4181-9073-664757f87d11,D,MSP62070008,MC/Bike Helmet,M,bbf2c0a4-cde5-4233-a821-aba3ec01cb15,Opposite Direction Sideswipe,N,Non Intersection,Right Turn Lane,Daylight,No Defects,"Two-way, Not Divided",Snow,Snow,Twelve o'clock,Snowmobile,Destroyed,N,Moving Constant Speed,2015-02-21 16:52,33,39.35790221,-77.16632724,0,0,눈길사고,감속 중 사고
7643,N,Apparently Normal,No Misuse,Y,No Injury,7f1231f7-4637-469a-b9a1-98d6fc8766f9,D,MSP62250030,Shoulder/Lap Belt(s),M,60112941-cb1a-4ff1-ab83-09c8e3f516ca,Single Vehicle ,N,Non Intersection,Left Turn Lane,Dark Lights On,No Defects,One-way Trafficway,Dry,Clear,Twelve o'clock,Passenger Car,Destroyed,N,Moving Constant Speed,2015-01-15 23:24,31,38.799475,-76.755424,1,0,좌회전 차선 사고,등속 주행 중 측면 추돌 사고
7644,N,Apparently Normal,No Misuse,Y,No Injury,2319460c-4396-41d0-a946-ade5ebca928d,D,MSP62250032,Shoulder/Lap Belt(s),M,6800c371-7e22-48bb-9f66-5807b29f9aed,Single Vehicle ,N,Non Intersection,Left Turn Lane,Daylight,No Defects,"Two-way, Divided, Positive Median Barrier",Dry,Cloudy,One o'clock,Passenger Car,Disabling,N,Changing Lanes,2015-01-27 12:42,28,38.798207,-77.009494,1,1,좌회전 차선 사고,등속 주행 사고
7645,N,Apparently Normal,No Misuse,Y,No Injury,fa4abc6b-7954-427c-b722-3919f62b109d,D,MSP62250035,Shoulder/Lap Belt(s),M,1616453c-b28a-4966-9973-6ec6ee22a78e,Single Vehicle ,N,Non Intersection,Right Turn Lane,Dark Lights On,No Defects,One-way Trafficway,Dry,Clear,Eleven o'clock,Passenger Car,Disabling,N,Moving Constant Speed,2015-02-08 5:41,29,38.917526,-76.848659,2,2,기타,기타
7646,N,Apparently Normal,No Misuse,Y,No Injury,6726b82c-d651-44a3-a042-169cc5c3c2bf,D,MSP62250037,Shoulder/Lap Belt(s),M,0ef06f22-88df-4f7b-9c4e-8ba802ec6642,Same Direction Rear End,N,Intersection,Deceleration Lane,Daylight,No Defects,"Two-way, Divided, Positive Median Barrier",Dry,Clear,Twelve o'clock,Passenger Car,Superficial,N,Starting From Lane,2015-02-25 16:37,42,38.916062,-76.844268,1,3,좌회전 차선 사고,감속 중 사고
7647,N,Apparently Normal,No Misuse,N,Non-incapacitating Injury,86103116-deeb-407a-b546-81b614f52e36,D,MSP62250037,Shoulder/Lap Belt(s),M,9f532e31-d04f-4d1c-8057-69d99dae0ea3,Same Direction Rear End,N,Intersection,Deceleration Lane,Daylight,No Defects,"Two-way, Divided, Positive Median Barrier",Dry,Clear,Six o'clock,Passenger Car,Disabling,N,Starting From Lane,2015-02-25 16:37,50,38.916062,-76.844268,1,3,좌회전 차선 사고,감속 중 사고
7648,N,Apparently Normal,No Misuse,Y,No Injury,dec22102-b8b1-4ba2-9813-55f1959e2d05,D,MSP62250039,Shoulder/Lap Belt(s),M,d505b558-de05-4fb0-bc13-9e45d245ccb6,Single Vehicle ,N,Non Intersection,Right Turn Lane,Daylight,No Defects,"Two-way, Divided, Positive Median Barrier",Dry,Clear,Eleven o'clock,Passenger Car,Disabling,N,Moving Constant Speed,2015-03-23 16:51,55,38.940852,-76.856246,2,2,기타,기타
7649,N,Apparently Normal,No Misuse,N,No Injury,08a1c830-7ca8-4332-97a7-b57b6a179980,D,MSP6226000G,Shoulder/Lap Belt(s),M,bdc18ea8-6c3b-490c-b3ac-fe0e8c349215,Same Direction Left Turn,N,Non Intersection,Left Turn Lane,Daylight,No Defects,"Two-way, Divided, Positive Median Barrier",Dry,Clear,One o'clock,(Sport) Utility Vehicle,Functional,N,Moving Constant Speed,2015-02-25 17:35,50,39.09921022,-76.88961983,1,0,좌회전 차선 사고,등속 주행 중 측면 추돌 사고
7650,N,Apparently Normal,No Misuse,Y,No Injury,c4176b62-4ca7-4f76-b83d-66c0d3fd5869,D,MSP62660049,Shoulder/Lap Belt(s),M,51a1cefd-0e5b-468a-a25d-a388761bc096,Single Vehicle ,N,Non Intersection,Right Turn Lane,Dark Lights On,No Defects,"Two-way, Divided, Positive Median Barrier",Wet,Raining,Six o'clock,Passenger Car,Disabling,N,Moving Constant Speed,2015-01-04 6:00,24,39.26261,-76.70511,4,2,빗길사고,동일 방향 운행 중 추돌 사고
7651,N,Apparently Normal,No Misuse,N,No Injury,37f749b2-c391-4b70-b4fb-f6357aa298b4,D,MSP6266004B,Shoulder/Lap Belt(s),M,b8d336fa-c54b-4dc7-a77a-8ff4ec0d7198,Same Direction Rear End,N,Non Intersection,Deceleration Lane,Daylight,No Defects,"Two-way, Divided, Positive Median Barrier",Dry,Clear,Six o'clock,Passenger Car,Superficial,N,Entering Traffic Lane,2015-01-11 10:43,26,39.257,-76.694044,1,3,좌회전 차선 사고,감속 중 사고
7652,N,Apparently Normal,No Misuse,Y,No Injury,4a48b7ee-4958-467f-b698-6f5573c46161,D,MSP6266004B,Shoulder/Lap Belt(s),M,eb7e1b95-7e9c-40d2-abc6-4d41312e1a31,Same Direction Rear End,N,Non Intersection,Deceleration Lane,Daylight,No Defects,"Two-way, Divided, Positive Median Barrier",Dry,Clear,Twelve o'clock,Passenger Car,Disabling,Y,Moving Constant Speed,2015-01-11 10:43,31,39.257,-76.694044,1,0,좌회전 차선 사고,등속 주행 중 측면 추돌 사고
7653,N,Apparently Normal,No Misuse,Y,No Injury,c95cfcbb-c41b-42a4-8c1e-41275bd4ddd2,D,MSP6266004N,Shoulder/Lap Belt(s),M,f35cdf0f-2407-4244-b8fe-1cc83d869a75,Single Vehicle ,N,Non Intersection,Right Turn Lane,Dark Lights On,No Defects,"Two-way, Divided, Positive Median Barrier",Wet,Wintry Mix,Twelve o'clock,(Sport) Utility Vehicle,Destroyed,N,Moving Constant Speed,2015-02-22 2:00,27,39.40821004,-76.66382,4,2,빗길사고,동일 방향 운행 중 추돌 사고
7654,N,Apparently Normal,No Misuse,Y,No Injury,d30d189b-7866-493f-99fd-e3979a187283,D,MSP6266004V,Shoulder/Lap Belt(s),M,4b8b341c-a7a4-4e30-8328-970cf4df91a0,Single Vehicle ,N,Non Intersection,Deceleration Lane,Daylight,No Defects,"Two-way, Divided, Positive Median Barrier",Dry,Cloudy,One o'clock,Passenger Car,Functional,N,Moving Constant Speed,2015-03-28 9:30,31,39.47137,-76.66072,1,0,좌회전 차선 사고,등속 주행 중 측면 추돌 사고
7655,N,Apparently Normal,No Misuse,Y,No Injury,d888b9d2-5de1-40db-b00a-8282b8197c4e,D,MSP62690039,Shoulder/Lap Belt(s),M,80c8c005-27a2-434d-af8d-5017c572c1bf,Single Vehicle ,N,Non Intersection,Left Turn Lane,Dark Lights On,No Defects,"Two-way, Divided, Positive Median Barrier",Wet,Raining,Six o'clock,Passenger Car,Disabling,N,Moving Constant Speed,2015-01-04 1:39,26,39.01160867,-77.09205883,4,2,빗길사고,동일 방향 운행 중 추돌 사고
7656,N,Apparently Normal,No Misuse,Y,No Injury,99eb414e-63de-4f0b-b6ce-49a85715fdc9,D,MSP6269003B,Shoulder/Lap Belt(s),M,a311e000-c836-43e6-80a3-558a45a60da7,Same Direction Sideswipe,N,Non Intersection,Left Turn Lane,Dark Lights On,No Defects,"Two-way, Divided, Positive Median Barrier",Wet,Raining,Twelve o'clock,Passenger Car,Disabling,N,Moving Constant Speed,2015-01-04 3:09,33,39.009188,-77.0883475,4,2,빗길사고,동일 방향 운행 중 추돌 사고
7657,N,Apparently Normal,No Misuse,N,Non-incapacitating Injury,50eb3066-67db-4fa0-8a05-b7211ad54499,D,MSP6269003B,Shoulder/Lap Belt(s),M,77ff89d0-950d-46b6-b902-26ccf5e59e41,Same Direction Sideswipe,N,Non Intersection,Left Turn Lane,Dark Lights On,No Defects,"Two-way, Divided, Positive Median Barrier",Wet,Raining,Twelve o'clock,Passenger Car,Disabling,N,Moving Constant Speed,2015-01-04 3:09,51,39.009188,-77.0883475,4,2,빗길사고,동일 방향 운행 중 추돌 사고
7658,N,Apparently Normal,No Misuse,Y,No Injury,e7849895-c8ff-438c-b088-583619f712ca,D,MSP6269003C,Shoulder/Lap Belt(s),M,3d8e7fa4-fa9c-4637-9d47-92b7f1a8e282,Same Direction Sideswipe,N,Non Intersection,Right Turn Lane,Dark Lights On,No Defects,"Two-way, Divided, Positive Median Barrier",Dry,Clear,Nine o'clock,Pickup Truck,Disabling,N,Changing Lanes,2015-01-22 19:52,54,39.14949917,-77.21751067,2,0,기타,자차 사고
7659,N,Apparently Normal,No Misuse,Y,No Injury,348186de-f0ca-4284-9b97-5da7d67cb9f2,D,MSP6269003C,Shoulder/Lap Belt(s),M,d551b3fc-c9c8-44b6-8bb0-c65550cfcd89,Same Direction Sideswipe,N,Non Intersection,Right Turn Lane,Dark Lights On,No Defects,"Two-way, Divided, Positive Median Barrier",Dry,Clear,Two o'clock,Passenger Car,Disabling,N,Changing Lanes,2015-01-22 19:52,32,39.14949917,-77.21751067,2,0,기타,자차 사고
7660,N,Apparently Normal,No Misuse,N,Non-incapacitating Injury,79a6c2b6-f444-46df-932c-5639ba0d316e,D,MSP6269003C,Shoulder/Lap Belt(s),M,be71ff68-6c82-4681-87d6-7ff4d8a9ece1,Same Direction Sideswipe,N,Non Intersection,Right Turn Lane,Dark Lights On,No Defects,"Two-way, Divided, Positive Median Barrier",Dry,Clear,Six o'clock,Passenger Car,Disabling,N,Slowing or Stopping,2015-01-22 19:52,68,39.14949917,-77.21751067,2,1,기타,등속 주행 사고
7661,N,Apparently Normal,No Misuse,N,No Injury,ea2bd738-aa6b-4522-bd0a-58c38bc5aed3,D,MSP6269003D,Shoulder/Lap Belt(s),M,063025b5-4387-4638-afb6-787f1e81fa8f,Same Direction Rear End,N,Non Intersection,Deceleration Lane,Dark Lights On,No Defects,"Two-way, Divided, Positive Median Barrier",Wet,Wintry Mix,Twelve o'clock,Passenger Car,Functional,N,Moving Constant Speed,2015-01-26 23:58,61,39.01221417,-77.0631025,4,2,빗길사고,동일 방향 운행 중 추돌 사고
7662,N,Apparently Normal,No Misuse,Y,Non-incapacitating Injury,80a08114-dffd-4e66-bffe-3540e5cc12c4,D,MSP6269003D,Shoulder/Lap Belt(s),M,2d4bbd48-d908-4580-bc0a-35cdd6f8bce3,Same Direction Rear End,N,Non Intersection,Deceleration Lane,Dark Lights On,No Defects,"Two-way, Divided, Positive Median Barrier",Wet,Wintry Mix,One o'clock,(Sport) Utility Vehicle,Disabling,N,Moving Constant Speed,2015-01-26 23:58,56,39.01221417,-77.0631025,4,2,빗길사고,동일 방향 운행 중 추돌 사고
7663,N,Apparently Normal,No Misuse,N,No Injury,33b58a1c-6370-45c2-b75b-8f1b88afebcb,D,MSP6269003G,Shoulder/Lap Belt(s),M,14ed4e92-1179-4d83-83d6-de11a0ad47e5,Same Direction Sideswipe,N,Non Intersection,Left Turn Lane,Dark Lights On,No Defects,"Two-way, Divided, Positive Median Barrier",Ice,Snow,Eleven o'clock,Pickup Truck,Functional,N,Moving Constant Speed,2015-02-14 23:24,41,39.03606267,-77.0361285,0,0,눈길사고,감속 중 사고
7664,N,Apparently Normal,No Misuse,Y,No Injury,8469dbbb-c8eb-4203-a081-131a3c7ba924,D,MSP62710031,Shoulder/Lap Belt(s),M,faf5cf0c-e1c9-40cd-a16a-eefb39b8b8e4,Single Vehicle ,N,Non Intersection,Left Turn Lane,Daylight,No Defects,"Two-way, Divided, Positive Median Barrier",Dry,Clear,Twelve o'clock,Passenger Car,Disabling,N,Moving Constant Speed,2015-03-08 15:35,32,39.08188966,-77.17131615,1,0,좌회전 차선 사고,등속 주행 중 측면 추돌 사고
7665,N,Apparently Normal,No Misuse,N,No Injury,c42df8fe-95d0-47c0-833e-ea0dd60e6909,D,MSP6272003R,Shoulder/Lap Belt(s),M,126ec65b-78b8-4777-ad63-3a0237c17ebd,Same Direction Right Turn,N,Non Intersection,Shoulder Area,Daylight,No Defects,"Two-way, Divided, Positive Median Barrier",Dry,Clear,Eleven o'clock,Recreational Vehicle,Functional,N,Moving Constant Speed,2015-01-12 15:49,32,39.42014667,-76.6399175,1,0,좌회전 차선 사고,등속 주행 중 측면 추돌 사고
7666,N,Had Been Drinking,No Misuse,Y,No Injury,b2712166-061c-4dca-ba63-448fd39f8042,D,MSP6272003R,Shoulder/Lap Belt(s),M,53ab28f2-70fe-4477-bd8b-2038cd686329,Same Direction Right Turn,N,Non Intersection,Shoulder Area,Daylight,No Defects,"Two-way, Divided, Positive Median Barrier",Dry,Clear,Five o'clock,Recreational Vehicle,Functional,N,Changing Lanes,2015-01-12 15:49,39,39.42014667,-76.6399175,1,1,좌회전 차선 사고,등속 주행 사고