KEY_INDEX,CDL_FLAG,CONDITION_CODE,EQUIP_PROB_CODE,FAULT_FLAG,INJ_SEVER_CODE,PERSON_ID,PERSON_TYPE,REPORT_NO,SAF_EQUIP_CODE,SEX_CODE,VEHICLE_ID,COLLISION_TYPE_CODE,C_M_ZONE_FLAG,JUNCTION_CODE,LANE_CODE,LIGHT_CODE,RD_COND_CODE,RD_DIV_CODE,SURF_COND_CODE,WEATHER_CODE,AREA_DAMAGED_CODE_MAIN,BODY_TYPE_CODE,DAMAGE_CODE,HIT_AND_RUN_FLAG,MOVEMENT_CODE,TIME,AGE,LATITUDE,LONGITUDE,CLUSTER,SECOND_LABEL,FIRST_LABEL,SECOND_LABELING
7667,N,Apparently Normal,No Misuse,Y,No Injury,836847a3-dafc-4845-8d7f-3dee23495111,D,MSP6272003W,Shoulder/Lap Belt(s),M,9aaabfce-bada-444d-98f4-6d4625b282ed,Single Vehicle ,N,Non Intersection,Right Turn Lane,Dark No Lights,No Defects,"Two-way, Divided, Positive Median Barrier",Dry,Clear,Eleven o'clock,Passenger Car,Disabling,N,Skidding,2015-01-20 1:18,26,39.32943467,-76.48489317,2,0,기타,자차 사고
7668,N,Apparently Normal,No Misuse,N,No Injury,e6e28a51-813f-4033-8c62-5cb7de4f66e1,D,MSP6272003Y,Shoulder/Lap Belt(s),M,4487f56a-995c-40f6-9ae3-85acab9cc704,Same Direction Rear End,N,Non Intersection,Right Turn Lane,Daylight,No Defects,"Two-way, Divided, Positive Median Barrier",Dry,Clear,Six o'clock,Recreational Vehicle,Functional,N,Slowing or Stopping,2015-01-28 7:38,48,39.61966417,-76.66581383,2,1,기타,등속 주행 사고
7669,N,Apparently Normal,No Misuse,Y,No Injury,d5f09425-f7a3-4fd1-880d-5bddfbb45dc0,D,MSP6272003Y,Shoulder/Lap Belt(s),M,898c9e4e-c487-424c-927e-5dd8d5be7286,Same Direction Rear End,N,Non Intersection,Right Turn Lane,Daylight,No Defects,"Two-way, Divided, Positive Median Barrier",Dry,Clear,Twelve o'clock,Passenger Car,Disabling,N,Slowing or Stopping,2015-01-28 7:38,29,39.61966417,-76.66581383,2,1,기타,등속 주행 사고
7670,N,Apparently Normal,No Misuse,Y,No Injury,c3c85723-9d84-4ac0-bd8f-915334b7b099,D,MSP62720043,Shoulder/Lap Belt(s),M,cbfef7ed-89f5-4242-8908-2bc76b8c4715,Single Vehicle ,N,Non Intersection,Right Turn Lane,Dark Lights On,No Defects,"Two-way, Divided, Positive Median Barrier",Dry,Clear,Eleven o'clock,Passenger Car,Disabling,N,Moving Constant Speed,2015-02-13 2:57,32,39.39522767,-76.69381117,2,2,기타,기타
7671,N,Apparently Normal,No Misuse,N,No Injury,de4bd292-679b-4fe1-9661-e3335812560e,D,MSP62720046,Shoulder/Lap Belt(s),M,2d1bf13e-d5b2-4686-b578-a60f0aca6139,Same Direction Rear End,N,Non Intersection,Right Turn Lane,Daylight,No Defects,"Two-way, Divided, Positive Median Barrier",Dry,Clear,Seven o'clock,Recreational Vehicle,Functional,N,Changing Lanes,2015-02-23 10:38,20,39.39591267,-76.54698117,2,0,기타,자차 사고
7672,N,Apparently Normal,No Misuse,Y,No Injury,6c0efc45-1001-4ba7-a1c2-87701d518a8d,D,MSP62720046,Shoulder/Lap Belt(s),M,80610793-0b55-41b9-9723-9218c239582c,Same Direction Rear End,N,Non Intersection,Right Turn Lane,Daylight,No Defects,"Two-way, Divided, Positive Median Barrier",Dry,Clear,One o'clock,Passenger Car,Disabling,N,Moving Constant Speed,2015-02-23 10:38,29,39.39591267,-76.54698117,2,3,기타,등속 주행 중 측면 추돌 사고
7673,N,Apparently Normal,No Misuse,N,No Injury,e7dd37ee-0cf3-427e-9d92-fd50e766239c,D,MSP6272004F,Shoulder/Lap Belt(s),M,b3cc22bd-2bcf-42c5-b36f-d2b3537a64ec,Same Direction Rear End,N,Non Intersection,Left Turn Lane,Daylight,No Defects,"Two-way, Divided, Positive Median Barrier",Dry,Clear,Seven o'clock,Truck Tractor,Functional,N,Slowing or Stopping,2015-03-27 17:30,42,39.41278483,-76.61827283,1,3,좌회전 차선 사고,감속 중 사고
7674,N,Apparently Normal,No Misuse,N,No Injury,d9e09695-8958-44b9-be87-802f797f807f,D,MSP6272004F,Shoulder/Lap Belt(s),M,1270358a-eb9b-466c-9be7-008438a0fcaf,Same Direction Rear End,N,Non Intersection,Left Turn Lane,Daylight,No Defects,"Two-way, Divided, Positive Median Barrier",Dry,Clear,Five o'clock,Passenger Car,Functional,N,Slowing or Stopping,2015-03-27 17:30,33,39.41278483,-76.61827283,1,3,좌회전 차선 사고,감속 중 사고
7675,N,Apparently Normal,No Misuse,Y,No Injury,ef5e97c6-6be0-4d13-bd11-281158e7125a,D,MSP6272004F,Shoulder/Lap Belt(s),M,a5406d0f-5b0f-471a-a5d5-ad22e10235cc,Same Direction Rear End,N,Non Intersection,Left Turn Lane,Daylight,No Defects,"Two-way, Divided, Positive Median Barrier",Dry,Clear,Eleven o'clock,Passenger Car,Disabling,N,Accelerating,2015-03-27 17:30,30,39.41278483,-76.61827283,1,3,좌회전 차선 사고,감속 중 사고
7676,N,Apparently Normal,No Misuse,Y,No Injury,39dd8f1f-9b40-4e25-9751-63ab561ad681,D,MSP6273001P,Shoulder/Lap Belt(s),M,3e658cda-c711-4055-8aee-b786c87b4788,Single Vehicle ,N,Non Intersection,Deceleration Lane,Daylight,No Defects,"Two-way, Divided, Positive Median Barrier",Wet,Snow,Twelve o'clock,"Cargo Van/Light Truck 2 axles (10,000 lbs (4,536 kg) or less)",Disabling,N,Moving Constant Speed,2015-02-14 13:30,55,39.5220335,-76.19683767,4,2,빗길사고,동일 방향 운행 중 추돌 사고
7677,N,Apparently Normal,No Misuse,Y,No Injury,8d443941-68db-4479-96d6-ca968d0fb1b4,D,MSP62780032,Shoulder/Lap Belt(s),M,db0634f2-05e0-4b23-8c5f-ea4e0f644f19,Single Vehicle ,N,Non Intersection,Right Turn Lane,Daylight,No Defects,"Two-way, Divided, Positive Median Barrier",Wet,Clear,Two o'clock,(Sport) Utility Vehicle,Destroyed,N,Moving Constant Speed,2015-01-04 13:30,23,38.97617467,-76.7140645,4,2,빗길사고,동일 방향 운행 중 추돌 사고
7678,N,Apparently Normal,No Misuse,Y,No Injury,e1eec3b2-071b-4c39-9fbd-70f01bb4cde0,D,MSP62780034,Shoulder/Lap Belt(s),M,fab87467-454e-480e-8efa-8b85719f16ce,Single Vehicle ,N,Non Intersection,Right Turn Lane,Dark No Lights,No Defects,"Two-way, Divided, Positive Median Barrier",Snow,Snow,Five o'clock,(Sport) Utility Vehicle,Disabling,N,Moving Constant Speed,2015-01-06 6:07,24,38.94988733,-76.75233483,0,0,눈길사고,감속 중 사고
7679,N,Apparently Normal,No Misuse,Y,No Injury,8d2e4d2c-8dd4-4157-96c8-37881762f7bb,D,MSP62780036,Shoulder/Lap Belt(s),M,e531a57e-dd4d-42d5-81d8-4570ca881616,Single Vehicle ,N,Non Intersection,Right Turn Lane,Dark No Lights,No Defects,One-way Trafficway,Dry,Clear,Twelve o'clock,Passenger Car,Disabling,N,Moving Constant Speed,2015-01-23 0:00,24,38.98929967,-76.88953567,2,2,기타,기타
7680,N,Apparently Normal,No Misuse,N,No Injury,829e4229-b37e-48ea-8f7d-46bcde5e7bad,D,MSP6278003F,Shoulder/Lap Belt(s),M,f1c05c0a-c565-4a88-aad8-017c993bed12,Same Direction Rear End,N,Non Intersection,Right Turn Lane,Dark No Lights,No Defects,"Two-way, Divided, Positive Median Barrier",Dry,Clear,Twelve o'clock,Passenger Car,Disabling,N,Moving Constant Speed,2015-02-16 2:09,18,39.0208445,-76.95586167,2,3,기타,등속 주행 중 측면 추돌 사고
7681,N,Apparently Normal,No Misuse,N,No Injury,8dfcf04d-f6e3-4cd4-be35-44e8982517c9,D,MSP6278003X,Shoulder/Lap Belt(s),M,7e9d8dc3-86a1-4afc-a183-d5ddb9b26aff,Same Direction Sideswipe,N,Non Intersection,Left Turn Lane,Dark Lights On,No Defects,"Two-way, Divided, Positive Median Barrier",Wet,Snow,Nine o'clock,Passenger Car,Disabling,N,Moving Constant Speed,2015-03-20 6:45,60,39.019596,-76.92376033,4,2,빗길사고,동일 방향 운행 중 추돌 사고
7682,N,Apparently Normal,No Misuse,N,No Injury,a1bccc48-0d09-4676-ae79-7acb2eeec70e,D,MSP6279003M,Shoulder/Lap Belt(s),M,36e84324-0e1d-4025-8439-a94d79609fd8,Same Direction Left Turn,N,Non Intersection,Right Turn Lane,Daylight,No Defects,"Two-way, Not Divided",Dry,Clear,One o'clock,Passenger Car,Superficial,N,Moving Constant Speed,2015-02-19 15:03,59,39.4030905,-76.56770183,2,2,기타,기타
7683,Y,Apparently Normal,No Misuse,N,No Injury,faa6b9b7-42e8-403a-970f-7b1d49e553c8,D,MSP62860021,Shoulder/Lap Belt(s),M,6c20e2c4-67cb-4099-8dab-80af1134ec45,Same Direction Sideswipe,N,Non Intersection,Left Turn Lane,Daylight,No Defects,"Two-way, Divided, Positive Median Barrier",Dry,Clear,One o'clock,Truck Tractor,Superficial,N,Moving Constant Speed,2015-02-04 11:04,62,39.09463068,-76.62723541,1,0,좌회전 차선 사고,등속 주행 중 측면 추돌 사고
7684,N,Apparently Normal,No Misuse,Y,Non-incapacitating Injury,c9452f63-db6a-419a-957d-0514087d5681,D,MSP62860021,Shoulder/Lap Belt(s),M,9e4ceef5-9960-4ad4-95fb-572e9f5179c4,Same Direction Sideswipe,N,Non Intersection,Left Turn Lane,Daylight,No Defects,"Two-way, Divided, Positive Median Barrier",Dry,Clear,Seven o'clock,(Sport) Utility Vehicle,Destroyed,N,Moving Constant Speed,2015-02-04 11:04,68,39.09463068,-76.62723541,1,0,좌회전 차선 사고,등속 주행 중 측면 추돌 사고
7685,N,Apparently Normal,No Misuse,Y,No Injury,31c43ee0-e161-4e19-8763-77810fb4e655,D,MSP62860024,Shoulder/Lap Belt(s),M,1fa269a6-8c91-40fb-9564-12799efca36c,Single Vehicle ,N,Non Intersection,Acceleration Lane,Daylight,No Defects,"Two-way, Divided, Positive Median Barrier",Ice,Blowing Snow,Twelve o'clock,(Sport) Utility Vehicle,Disabling,N,Moving Constant Speed,2015-02-15 7:40,29,39.1584105,-76.74246667,0,0,눈길사고,감속 중 사고
7686,N,Apparently Normal,No Misuse,N,No Injury,549763a2-cb27-4a93-8a95-c9d074a4e9a7,D,MSP6286002B,Shoulder/Lap Belt(s),M,f5c5983a-cd34-4148-94d8-d0251ad5e439,Same Direction Rear End,N,Non Intersection,Left Turn Lane,Dark Lights On,No Defects,"Two-way, Divided, Positive Median Barrier",Wet,Raining,Six o'clock,"Medium/Heavy Truck 2 axles (10,000 lbs (4,536 kg) or less)",Functional,N,Moving Constant Speed,2015-02-22 0:47,49,39.10203233,-76.69476233,4,2,빗길사고,동일 방향 운행 중 추돌 사고
7687,N,Apparently Normal,No Misuse,Y,No Injury,5e1647b2-5eb1-4147-9453-e89ce0f6cd7d,D,MSP6286002B,Shoulder/Lap Belt(s),M,26482f57-3660-4d56-a269-c7faec357401,Same Direction Rear End,N,Non Intersection,Left Turn Lane,Dark Lights On,No Defects,"Two-way, Divided, Positive Median Barrier",Wet,Raining,Twelve o'clock,"Medium/Heavy Truck 2 axles (10,000 lbs (4,536 kg) or less)",Functional,N,Moving Constant Speed,2015-02-22 0:47,37,39.10203233,-76.69476233,4,2,빗길사고,동일 방향 운행 중 추돌 사고
7688,N,Apparently Normal,No Misuse,Y,No Injury,a87f327c-24e7-4e10-a4ba-cb472cd8e5e3,D,MSP6286002D,Shoulder/Lap Belt(s),M,80b7f156-7256-4fec-8f41-0b469fb3d638,Single Vehicle ,N,Non Intersection,Right Turn Lane,Daylight,No Defects,"Two-way, Divided, Positive Median Barrier",Wet,Blowing Snow,One o'clock,Passenger Car,Disabling,N,Moving Constant Speed,2015-03-01 10:17,43,39.1899855,-76.63276267,4,2,빗길사고,동일 방향 운행 중 추돌 사고
7689,N,Apparently Normal,No Misuse,Y,No Injury,4be41730-5823-48b3-87ba-539bae996c28,D,MSP6286002F,Shoulder/Lap Belt(s),M,185ed246-6aee-4495-922c-33f889369ff2,Single Vehicle ,N,Non Intersection,Right Turn Lane,Daylight,No Defects,One-way Trafficway,Wet,Blowing Snow,Twelve o'clock,Passenger Car,Disabling,N,Moving Constant Speed,2015-03-01 11:22,51,39.21839267,-76.66050783,4,2,빗길사고,동일 방향 운행 중 추돌 사고
7690,N,Apparently Normal,No Misuse,N,No Injury,dc3d6d36-87e4-4d52-84d5-96806177a058,D,MSP6288002J,Shoulder/Lap Belt(s),M,19993d5b-a0f5-4cad-9356-29905731cae1,Head On Left Turn,N,Commercial Driveway,Left Turn Lane,Daylight,No Defects,"Two-way, Not Divided",Dry,Clear,Twelve o'clock,Van,Disabling,N,Moving Constant Speed,2015-01-02 11:55,58,38.62414483,-76.90877233,1,0,좌회전 차선 사고,등속 주행 중 측면 추돌 사고
7691,N,Apparently Normal,No Misuse,Y,No Injury,4b07792e-a758-4b63-8b67-0df975cb3e70,D,MSP6288002J,Shoulder/Lap Belt(s),M,b347b3e6-1ab2-44bd-a95c-97efa9caff3d,Head On Left Turn,N,Commercial Driveway,Left Turn Lane,Daylight,No Defects,"Two-way, Not Divided",Dry,Clear,Four o'clock,Pickup Truck,Destroyed,N,Making Left Turn,2015-01-02 11:55,57,38.62414483,-76.90877233,1,1,좌회전 차선 사고,등속 주행 사고
7692,Y,Apparently Normal,No Misuse,N,No Injury,31045bbc-7434-4e43-a8d6-79947261b87f,D,MSP6288002N,Shoulder/Lap Belt(s),M,032611fc-5da9-4bda-b60e-407f7fa9f039,Single Vehicle ,N,Non Intersection,Right Turn Lane,Dark No Lights,No Defects,"Two-way, Divided, Positive Median Barrier",Dry,Clear,Non-collision,Truck Tractor,Functional,N,Moving Constant Speed,2015-03-09 5:21,29,38.37478967,-76.9578725,2,2,기타,기타
7693,N,Apparently Normal,No Misuse,N,No Injury,12f064e8-4335-4973-af49-f45a37461f2e,D,MSP6288002P,Shoulder/Lap Belt(s),M,110d27a5-c2a4-4989-bc87-332d2aff4a47,Same Movement Angle,N,Intersection,Right Turn Lane,Daylight,No Defects,"Two-way, Divided, Positive Median Barrier",Wet,Clear,Eleven o'clock,Pickup Truck,Disabling,N,Making Left Turn,2015-03-27 16:30,74,38.54621433,-76.79725133,4,1,빗길사고,자차 사고
7694,N,Apparently Normal,No Misuse,Y,No Injury,01794975-1162-45da-b585-da48355d84ff,D,MSP6288002P,Shoulder/Lap Belt(s),M,572936f9-e042-490c-9b1e-b5b4598eeda9,Same Movement Angle,N,Intersection,Right Turn Lane,Daylight,No Defects,"Two-way, Divided, Positive Median Barrier",Wet,Clear,Twelve o'clock,Passenger Car,Destroyed,N,Moving Constant Speed,2015-03-27 16:30,25,38.54621433,-76.79725133,4,1,빗길사고,자차 사고
7695,N,Apparently Normal,No Misuse,N,No Injury,4624c006-e135-4bd3-80a6-1953cfae3a41,D,MSP63000021,Shoulder/Lap Belt(s),M,189da16b-96bc-4648-bcd2-28384668f117,Single Vehicle ,N,Non Intersection,Left Turn Lane,Daylight,Foreign Material,"Two-way, Divided, Positive Median Barrier",Wet,Wintry Mix,One o'clock,Passenger Car,Disabling,N,Moving Constant Speed,2015-01-14 13:11,48,38.4584639,-76.9913903,4,2,빗길사고,동일 방향 운행 중 추돌 사고
7696,N,Apparently Normal,No Misuse,N,No Injury,0746ba90-76d9-41fb-9a46-46e9d40c1fdc,D,MSP63000024,Shoulder/Lap Belt(s),M,0daf0c48-04bc-45eb-9cb5-77fc247e54f5,Same Direction Rear End,N,Non Intersection,Acceleration Lane,Daylight,No Defects,"Two-way, Divided, Positive Median Barrier",Dry,Clear,Six o'clock,Pickup Truck,Functional,N,Slowing or Stopping,2015-02-15 15:14,22,38.64158,-76.895368,1,3,좌회전 차선 사고,감속 중 사고
7697,N,Apparently Normal,No Misuse,Y,No Injury,7e51f2b0-d796-489b-bee7-d447d2be27cd,D,MSP63000024,Shoulder/Lap Belt(s),M,54e5095a-6588-487a-83af-4c87b4d3005c,Same Direction Rear End,N,Non Intersection,Acceleration Lane,Daylight,No Defects,"Two-way, Divided, Positive Median Barrier",Dry,Clear,Twelve o'clock,Passenger Car,Disabling,N,Moving Constant Speed,2015-02-15 15:14,29,38.64158,-76.895368,1,0,좌회전 차선 사고,등속 주행 중 측면 추돌 사고
7698,N,Apparently Normal,No Misuse,N,No Injury,f4c299f6-6aaa-4129-adfc-46bfc1579f87,D,MSP6301000L,Shoulder/Lap Belt(s),M,8b751fa1-ecbe-4128-bad3-30a7ab417dde,Same Direction Rear End,N,Intersection,Left Turn Lane,Daylight,No Defects,"Two-way, Divided, Positive Median Barrier",Dry,Clear,Six o'clock,Passenger Car,Destroyed,N,Stopped in Traffic Lane,2015-03-23 14:09,54,38.446598,-76.74286433,1,2,좌회전 차선 사고,기타
7699,Y,Apparently Normal,No Misuse,Y,No Injury,67aa24c5-1b68-4ccb-b909-fe0aacdc0ebd,D,MSP6301000L,Shoulder/Lap Belt(s),M,db1368b3-6a2a-4df1-ac75-fd3615e160d0,Same Direction Rear End,N,Intersection,Left Turn Lane,Daylight,No Defects,"Two-way, Divided, Positive Median Barrier",Dry,Clear,Twelve o'clock,"Medium/Heavy Truck 2 axles (10,000 lbs (4,536 kg) or less)",Disabling,N,Moving Constant Speed,2015-03-23 14:09,41,38.446598,-76.74286433,1,0,좌회전 차선 사고,등속 주행 중 측면 추돌 사고
7700,N,Apparently Normal,No Misuse,N,No Injury,6fa0efb6-f2aa-4869-931f-c4335f7fe58e,D,MSP6304003B,Shoulder/Lap Belt(s),M,a60b15b7-cf87-4173-8f9b-4826287f94fa,Single Vehicle ,N,Non Intersection,Right Turn Lane,Dark Lights On,No Defects,"Two-way, Divided, Positive Median Barrier",Dry,Clear,Ten o'clock,Passenger Car,Superficial,N,Moving Constant Speed,2015-02-01 7:07,43,39.0135105,-77.0529215,2,2,기타,기타
7701,N,Apparently Normal,No Misuse,Y,No Injury,cd5b5472-428e-4bc6-8cce-78537f918f5a,D,MSP63070035,Shoulder/Lap Belt(s),M,21e0272c-22cd-4b3c-a85c-a2d88aa39d42,Single Vehicle ,N,Non Intersection,Right Turn Lane,Dark No Lights,No Defects,One-way Trafficway,Snow,Snow,Twelve o'clock,Passenger Car,Disabling,N,Moving Constant Speed,2015-01-26 17:52,62,38.90043233,-76.83190683,0,0,눈길사고,감속 중 사고
7702,N,Apparently Normal,No Misuse,Y,No Injury,4a62a80e-4dfe-43a8-bd98-1a0958144ad8,D,MSP63070038,Shoulder/Lap Belt(s),M,fe27a445-8ea6-496b-9f02-c4e1ab47af0d,Same Movement Angle,N,Intersection Related,Deceleration Lane,Daylight,No Defects,"Two-way, Divided, Unprotected (painted >4 feet) Median",Ice,Sleet,Eleven o'clock,Passenger Car,Functional,N,Moving Constant Speed,2015-02-15 10:17,30,38.91249617,-76.83909733,0,0,눈길사고,감속 중 사고
7703,N,Apparently Normal,No Misuse,N,Incapacitating/Disabled Injury,bcf9fb1e-55c8-4b93-a051-b81b8c4d4ecf,D,MSP63070038,Shoulder/Lap Belt(s),M,bc680aa5-7cbc-4a08-a6cc-0dc08dfdd3ed,Same Movement Angle,N,Intersection Related,Deceleration Lane,Daylight,No Defects,"Two-way, Divided, Unprotected (painted >4 feet) Median",Ice,Sleet,Five o'clock,Recreational Vehicle,Functional,N,Moving Constant Speed,2015-02-15 10:17,53,38.91249617,-76.83909733,0,0,눈길사고,감속 중 사고
7704,N,Apparently Normal,No Misuse,Y,No Injury,548b9766-9282-4b54-91c6-2e3426d7fa6f,D,MSP63070039,Shoulder/Lap Belt(s),M,0766befb-310b-48f0-bd9c-940aeb270ee6,Single Vehicle ,N,Non Intersection,Right Turn Lane,Daylight,No Defects,One-way Trafficway,Ice,Sleet,Twelve o'clock,Passenger Car,Disabling,N,Moving Constant Speed,2015-02-15 11:45,36,38.89598833,-76.83314017,0,0,눈길사고,감속 중 사고
7705,N,Apparently Normal,No Misuse,N,No Injury,be848638-56a1-4fb5-b092-c8184a422f06,D,MSP6307003F,Shoulder/Lap Belt(s),M,97540b32-e731-4f5f-8fb7-1cfe6caecaec,Same Direction Rear End,N,Non Intersection,Deceleration Lane,Daylight,No Defects,"Two-way, Divided, Positive Median Barrier",Dry,Clear,Six o'clock,Recreational Vehicle,Functional,N,Slowing or Stopping,2015-03-13 8:05,24,38.82978317,-76.87505733,1,3,좌회전 차선 사고,감속 중 사고
7706,N,Apparently Normal,No Misuse,Y,No Injury,f7712fc3-b424-4786-ba60-81bafef362a0,D,MSP6307003F,Shoulder/Lap Belt(s),M,1bd4ec81-f726-4f16-a914-25e88d014e6f,Same Direction Rear End,N,Non Intersection,Deceleration Lane,Daylight,No Defects,"Two-way, Divided, Positive Median Barrier",Dry,Clear,Twelve o'clock,Passenger Car,Disabling,N,Moving Constant Speed,2015-03-13 8:05,32,38.82978317,-76.87505733,1,0,좌회전 차선 사고,등속 주행 중 측면 추돌 사고
7707,N,Apparently Normal,No Misuse,N,No Injury,2749ac44-5f13-4888-a4f5-1915be560271,D,MSP6307003J,Shoulder/Lap Belt(s),M,a43dcfbe-e827-4191-b7c5-a2cf1392f906,Same Direction Rear End,N,Non Intersection,Left Turn Lane,Dark No Lights,No Defects,"Two-way, Divided, Unprotected (painted >4 feet) Median",Dry,Clear,Six o'clock,Recreational Vehicle,Disabling,N,Slowing or Stopping,2015-03-25 23:05,55,38.84001133,-76.86818833,1,3,좌회전 차선 사고,감속 중 사고
7708,N,Apparently Normal,No Misuse,Y,No Injury,773354a6-cd9b-476f-9964-c4a67ccc23ad,D,MSP6307003J,Shoulder/Lap Belt(s),M,d2bf6a03-ac8c-45f2-9bdf-0eab81e5cc0e,Same Direction Rear End,N,Non Intersection,Left Turn Lane,Dark No Lights,No Defects,"Two-way, Divided, Unprotected (painted >4 feet) Median",Dry,Clear,Twelve o'clock,Passenger Car,Disabling,N,Moving Constant Speed,2015-03-25 23:05,27,38.84001133,-76.86818833,1,0,좌회전 차선 사고,등속 주행 중 측면 추돌 사고
7709,N,Apparently Normal,No Misuse,N,No Injury,dc763b82-dc11-4877-8fec-a0d2d1e32a96,D,MSP63090019,Shoulder/Lap Belt(s),M,644c88d3-949b-4296-97be-23d96482f152,Same Direction Sideswipe,N,Non Intersection,Deceleration Lane,Dawn,No Defects,"Two-way, Divided, Positive Median Barrier",Dry,Clear,Ten o'clock,Passenger Car,Disabling,N,Moving Constant Speed,2015-03-08 8:00,24,38.96728033,-76.8681435,1,0,좌회전 차선 사고,등속 주행 중 측면 추돌 사고
7710,N,Apparently Normal,No Misuse,N,No Injury,4f90ea32-6bb7-49b7-915c-d742aa93eb42,D,MSP6315003W,Shoulder/Lap Belt(s),M,0862cb7a-720f-45cc-94f5-b3ffea377584,Same Direction Rear End,N,Non Intersection,Right Turn Lane,Daylight,No Defects,"Two-way, Divided, Positive Median Barrier",Dry,Clear,Six o'clock,Passenger Car,Functional,N,Slowing or Stopping,2015-02-06 7:58,31,39.093873,-76.787795,2,1,기타,등속 주행 사고
7711,N,Apparently Normal,No Misuse,Y,No Injury,db307321-526c-4c4b-bd5e-0f05be5506cb,D,MSP6317001L,Shoulder/Lap Belt(s),M,bbfabe3d-3a7a-416d-abef-127fd5f4dd30,Single Vehicle ,N,Non Intersection,Right Turn Lane,Daylight,No Defects,"Two-way, Not Divided",Dry,Clear,Twelve o'clock,Passenger Car,Superficial,N,Moving Constant Speed,2015-01-16 11:14,19,38.59422233,-77.01449083,2,2,기타,기타
7712,N,Apparently Normal,No Misuse,Y,No Injury,16cca8f7-429f-4f92-ae33-d45fb355b61e,D,MSP6317001M,Shoulder/Lap Belt(s),M,e7118b37-dc09-478d-8133-94981abb0238,Single Vehicle ,N,Non Intersection,Left Turn Lane,Dark No Lights,No Defects,"Two-way, Divided, Positive Median Barrier",Wet,Snow,Twelve o'clock,Pickup Truck,Disabling,N,Moving Constant Speed,2015-01-27 6:50,39,38.6496825,-76.959149,4,2,빗길사고,동일 방향 운행 중 추돌 사고
7713,N,Apparently Normal,No Misuse,Y,No Injury,55c6e0a5-d2fc-4b9f-9b37-8de96d1ecdd3,D,MSP6317001R,Shoulder/Lap Belt(s),M,9bcaa4c0-65c5-4f7f-a0b5-65480c2d6fa8,Single Vehicle ,N,Non Intersection,Left Turn Lane,Daylight,No Defects,"Two-way, Divided, Positive Median Barrier",Wet,Raining,Twelve o'clock,Pickup Truck,Functional,N,Moving Constant Speed,2015-03-01 14:29,18,38.56328933,-76.85860317,4,2,빗길사고,동일 방향 운행 중 추돌 사고
7714,N,Apparently Normal,No Misuse,Y,No Injury,018a9ec2-ebd8-4959-b95d-48e7482f2c43,D,MSP6317001S,Shoulder/Lap Belt(s),M,2dee3f06-2611-4a34-bbc1-b930947f49dc,Single Vehicle ,N,Non Intersection,Right Turn Lane,Dark No Lights,No Defects,"Two-way, Divided, Positive Median Barrier",Ice,Raining,Eleven o'clock,Van,Functional,N,Moving Constant Speed,2015-03-01 22:35,59,38.53364,-76.7787155,0,0,눈길사고,감속 중 사고
7715,N,Apparently Normal,No Misuse,Y,No Injury,c7cc46db-02ff-46b2-9b25-72e085fefbee,D,MSP6319000R,Shoulder/Lap Belt(s),M,889b4f07-be4f-48c6-8e84-1d6d5ede1682,Single Vehicle ,N,Non Intersection,Right Turn Lane,Daylight,No Defects,"Two-way, Not Divided",Wet,Raining,One o'clock,Pickup Truck,Disabling,N,Moving Constant Speed,2015-02-02 10:11,68,38.79280233,-75.78666,4,2,빗길사고,동일 방향 운행 중 추돌 사고
7716,N,Apparently Normal,No Misuse,N,No Injury,f4bb2001-92f5-4969-a47c-6a07651cb7d3,D,MSP6321001B,Shoulder/Lap Belt(s),M,b79702bd-e249-4767-825e-a9b573817e89,Same Direction Left Turn,N,Non Intersection,Right Turn Lane,Daylight,No Defects,"Two-way, Not Divided",Dry,Clear,Twelve o'clock,(Sport) Utility Vehicle,Disabling,N,Slowing or Stopping,2015-01-05 13:50,83,38.47364121,-76.81691051,2,1,기타,등속 주행 사고
7717,N,Apparently Normal,No Misuse,Y,No Injury,7665a5c6-ac2b-45f3-8909-5c4d51d4954f,D,MSP6321001B,Shoulder/Lap Belt(s),M,0778852c-5bfc-45ec-9542-ee41c83c52f1,Same Direction Left Turn,N,Non Intersection,Right Turn Lane,Daylight,No Defects,"Two-way, Not Divided",Dry,Clear,Twelve o'clock,Pickup Truck,Functional,N,Moving Constant Speed,2015-01-05 13:50,64,38.47364121,-76.81691051,2,2,기타,기타
7718,N,Apparently Normal,No Misuse,N,No Injury,1e9a6991-242f-47ae-b667-24a2ff62e0a8,D,MSP6325003D,Shoulder/Lap Belt(s),M,4aa54f13-732d-41d0-a491-0883d183faed,Same Direction Rear End,N,Non Intersection,Deceleration Lane,Daylight,No Defects,"Two-way, Divided, Positive Median Barrier",Wet,Raining,Six o'clock,Van,Superficial,N,Slowing or Stopping,2015-01-12 10:35,26,38.82785983,-76.87845633,4,3,빗길사고,기타
7719,N,Apparently Normal,No Misuse,Y,No Injury,4af7543b-0b73-4008-a3ad-e5e923bd2137,D,MSP6325003M,Shoulder/Lap Belt(s),M,f6790e8c-2588-4ef6-8413-796abbedefcc,Single Vehicle ,N,Non Intersection,Deceleration Lane,Dark Lights On,No Defects,"Two-way, Divided, Positive Median Barrier",Snow,Snow,Six o'clock,Passenger Car,Disabling,N,Moving Constant Speed,2015-01-27 5:46,46,38.82077967,-76.89228983,0,0,눈길사고,감속 중 사고