KEY_INDEX,CDL_FLAG,CONDITION_CODE,EQUIP_PROB_CODE,FAULT_FLAG,INJ_SEVER_CODE,PERSON_ID,PERSON_TYPE,REPORT_NO,SAF_EQUIP_CODE,SEX_CODE,VEHICLE_ID,COLLISION_TYPE_CODE,C_M_ZONE_FLAG,JUNCTION_CODE,LANE_CODE,LIGHT_CODE,RD_COND_CODE,RD_DIV_CODE,SURF_COND_CODE,WEATHER_CODE,AREA_DAMAGED_CODE_MAIN,BODY_TYPE_CODE,DAMAGE_CODE,HIT_AND_RUN_FLAG,MOVEMENT_CODE,TIME,AGE,LATITUDE,LONGITUDE,CLUSTER,SECOND_LABEL,FIRST_LABEL,SECOND_LABELING
7720,N,Apparently Normal,No Misuse,N,No Injury,35a34bb8-07b1-464c-87d5-eec8aee4d078,D,MSP6325003Q,Shoulder/Lap Belt(s),M,24f8c152-1455-4f23-b79f-8970e96f931d,Same Direction Rear End Left Turn,N,Non Intersection,Acceleration Lane,Daylight,No Defects,"Two-way, Divided, Positive Median Barrier",Dry,Clear,Nine o'clock,Passenger Car,Disabling,N,Moving Constant Speed,2015-02-06 14:01,31,38.86120267,-76.848978,1,0,좌회전 차선 사고,등속 주행 중 측면 추돌 사고
7721,N,Apparently Normal,No Misuse,N,No Injury,1f9b32e0-74d9-491b-a4ef-b31960c03186,D,MSP6325003W,Shoulder/Lap Belt(s),M,3af8c182-cc21-4dda-a206-58fa2abfa2df,Same Movement Angle,N,Intersection,Left Turn Lane,Daylight,No Defects,"Two-way, Divided, Positive Median Barrier",Dry,Cloudy,Twelve o'clock,"Medium/Heavy Truck 2 axles (10,000 lbs (4,536 kg) or less)",Destroyed,N,Skidding,2015-03-25 10:15,43,38.71457083,-76.878159,1,1,좌회전 차선 사고,등속 주행 사고
7722,N,Apparently Normal,No Misuse,Y,No Injury,9cb52936-5585-4a52-93dc-d178e21d12f8,D,MSP63280029,Shoulder/Lap Belt(s),M,992299bc-557a-4e1f-9bf9-f119a6f00880,Single Vehicle ,N,Intersection,Left Turn Lane,Dark Lights On,No Defects,"Two-way, Divided, Positive Median Barrier",Dry,Clear,Twelve o'clock,Passenger Car,Disabling,N,Slowing or Stopping,2015-03-23 5:59,24,38.6063995,-76.93114533,1,3,좌회전 차선 사고,감속 중 사고
7723,Y,Apparently Normal,No Misuse,N,No Injury,11a0fc5c-7e3d-4d88-ada3-ef8d59b8da4a,D,MSP63570031,Shoulder/Lap Belt(s),M,ceb8dd80-edb6-44cf-843d-bc16d5d251f0,Same Direction Rear End,N,Non Intersection,Acceleration Lane,Daylight,No Defects,"Two-way, Divided, Positive Median Barrier",Dry,Clear,Six o'clock,Truck Tractor,Functional,N,Stopped in Traffic Lane,2015-03-19 16:10,49,38.98632633,-77.15723167,1,2,좌회전 차선 사고,기타
7724,N,Fatigued Fainted,No Misuse,Y,Possible Incapacitating Injury,88e1cfe4-1414-42db-8124-7d8e5d676cf8,D,MSP63570031,Shoulder/Lap Belt(s),M,4a7857b3-bd86-47cf-9fc2-b9b111c7275a,Same Direction Rear End,N,Non Intersection,Acceleration Lane,Daylight,No Defects,"Two-way, Divided, Positive Median Barrier",Dry,Clear,Twelve o'clock,Passenger Car,Disabling,N,Slowing or Stopping,2015-03-19 16:10,25,38.98632633,-77.15723167,1,3,좌회전 차선 사고,감속 중 사고
7725,N,Apparently Normal,No Misuse,Y,No Injury,2210da87-9bca-41db-bfd7-37f1484f45e2,D,MSP63580010,Shoulder/Lap Belt(s),M,b606a2b0-f329-4bc6-b237-2cfc9e8fa604,Single Vehicle ,N,Non Intersection,Right Turn Lane,Dark No Lights,No Defects,"Two-way, Not Divided",Slush,Snow,Twelve o'clock,Pickup Truck,Functional,N,Skidding,2015-01-21 17:14,30,39.09117517,-76.06557283,0,2,눈길사고,미끌어짐에 의한 사고
7726,Y,Apparently Normal,No Misuse,Y,No Injury,f6f376cb-fa33-469b-8efa-99cfb7e978f0,D,MSP63580011,Shoulder/Lap Belt(s),M,8ab4f07c-5487-4f1d-b468-dbccefffe661,Single Vehicle ,N,Intersection,Right Turn Lane,Dark No Lights,No Defects,"Two-way, Not Divided",Dry,Clear,Five o'clock,Truck Tractor,No Damage,N,Making Left Turn,2015-01-29 1:47,51,39.255201,-75.81254417,3,1,우회전 차선 사고,등속 주행 중 측면 추돌 사고
7727,N,Apparently Normal,No Misuse,N,No Injury,2a4e8a0e-6c4b-489e-890e-4244d0cfbfb5,D,MSP63600008,Shoulder/Lap Belt(s),M,b7b14f88-eb14-48e3-9ae8-aca075b107d7,Same Direction Rear End,Y,Non Intersection,Right Turn Lane,Dark Lights On,No Defects,"Two-way, Not Divided",Dry,Clear,Six o'clock,Passenger Car,Superficial,N,Stopped in Traffic Lane,2015-01-27 17:39,48,38.07885968,-75.57343841,2,0,기타,자차 사고
7728,N,Apparently Normal,No Misuse,N,No Injury,24f14f54-bd7d-46f8-9bc5-24e59bb8e204,D,MSP6367003W,Shoulder/Lap Belt(s),M,df3d1925-fe21-4ee4-91c4-d7960651153c,Same Direction Sideswipe,N,Non Intersection,Acceleration Lane,Daylight,No Defects,"Two-way, Divided, Positive Median Barrier",Wet,Raining,Seven o'clock,Passenger Car,Disabling,N,Moving Constant Speed,2015-01-12 15:56,37,38.84916567,-76.8609495,4,2,빗길사고,동일 방향 운행 중 추돌 사고
7729,N,Apparently Normal,No Misuse,N,No Injury,792609b3-c99f-4b09-b108-4ceb482bec50,D,MSP63670040,Shoulder/Lap Belt(s),M,51328a9f-739f-47ce-b4bc-79ad24d00ac5,Single Vehicle ,N,Non Intersection,Left Turn Lane,Daylight,No Defects,"Two-way, Divided, Positive Median Barrier",Dry,Clear,Non-collision,Passenger Car,Disabling,N,Moving Constant Speed,2015-01-30 12:07,22,38.85275767,-76.8575895,1,0,좌회전 차선 사고,등속 주행 중 측면 추돌 사고
7730,N,Apparently Normal,No Misuse,N,No Injury,077b7b50-a149-463f-a78d-c5f818426b3f,D,MSP6367004C,Shoulder/Lap Belt(s),M,5d48da0c-f2e8-4b67-93bf-80bbce6562b8,Same Direction Sideswipe,N,Non Intersection,Right Turn Lane,Dark Lights On,No Defects,"Two-way, Divided, Positive Median Barrier",Dry,Clear,One o'clock,Pickup Truck,Disabling,N,Moving Constant Speed,2015-03-11 23:20,29,38.8845145,-76.71979883,2,2,기타,기타
7731,N,Apparently Normal,No Misuse,N,No Injury,58ec0cf7-913e-4137-840f-3e0afdbb6b13,D,MSP6367004L,Shoulder/Lap Belt(s),M,120c4d08-d05a-4a9d-b065-dbc4b90ad061,Same Direction Sideswipe,N,Non Intersection,Right Turn Lane,Daylight,No Defects,"Two-way, Divided, Positive Median Barrier",Dry,Clear,One o'clock,Passenger Car,Functional,N,Moving Constant Speed,2015-03-31 14:31,28,38.87964633,-76.843777,2,2,기타,기타
7732,N,Apparently Normal,No Misuse,Y,No Injury,d66ebaee-9370-431f-8096-a43d0fcb60cb,D,MSP6367004L,Shoulder/Lap Belt(s),M,7073cdf0-7ccd-4903-8987-fdae82b4974a,Same Direction Sideswipe,N,Non Intersection,Right Turn Lane,Daylight,No Defects,"Two-way, Divided, Positive Median Barrier",Dry,Clear,Seven o'clock,Passenger Car,Functional,Y,Changing Lanes,2015-03-31 14:31,52,38.87964633,-76.843777,2,0,기타,자차 사고
7733,N,Apparently Normal,No Misuse,N,No Injury,b410ef53-505b-400c-aff1-d81a46ec4ea9,D,MSP6368001Q,Shoulder/Lap Belt(s),M,e61af874-77bf-4e42-be60-22e9a7afdf61,Single Vehicle ,N,Non Intersection,Left Turn Lane,Daylight,Foreign Material,"Two-way, Divided, Unprotected (painted >4 feet) Median",Dry,Clear,Twelve o'clock,(Sport) Utility Vehicle,Disabling,N,Moving Constant Speed,2015-01-09 10:25,70,38.56584279,-76.98357224,1,0,좌회전 차선 사고,등속 주행 중 측면 추돌 사고
7734,N,Apparently Normal,No Misuse,Y,No Injury,3484db1d-3665-473f-862f-129070f59aa7,D,MSP6368001X,Shoulder/Lap Belt(s),M,93335076-0ca0-44a7-af87-3400d2a64470,Same Movement Angle,N,Intersection,Right Turn Lane,Dark - Unknown Lighting,No Defects,"Two-way, Not Divided",Wet,Raining,Two o'clock,Passenger Car,Destroyed,N,Slowing or Stopping,2015-02-09 20:02,29,38.41916009,-76.92906171,4,1,빗길사고,자차 사고
7735,N,Apparently Normal,No Misuse,N,Incapacitating/Disabled Injury,4e7d5ce8-63d9-4465-b44b-51e25ef1fefd,D,MSP6368001X,Shoulder/Lap Belt(s),M,92a026c9-252c-48f4-88f6-3b0835376fed,Same Movement Angle,N,Intersection,Right Turn Lane,Dark - Unknown Lighting,No Defects,"Two-way, Not Divided",Wet,Raining,Twelve o'clock,Pickup Truck,Destroyed,N,Moving Constant Speed,2015-02-09 20:02,49,38.41916009,-76.92906171,4,1,빗길사고,자차 사고
7736,N,Apparently Normal,No Misuse,N,No Injury,afb16629-4181-4851-b8e4-f04dae3ea131,D,MSP63680028,Shoulder/Lap Belt(s),M,cd2d68f5-52d9-4438-a8cd-49743df4e39d,Head On,N,Non Intersection,Left Turn Lane,Daylight,No Defects,"Two-way, Divided, Unprotected (painted >4 feet) Median",Dry,Clear,Eight o'clock,(Sport) Utility Vehicle,Disabling,N,Moving Constant Speed,2015-03-23 12:44,58,38.49083033,-76.92691533,1,0,좌회전 차선 사고,등속 주행 중 측면 추돌 사고
7737,N,Apparently Normal,No Misuse,Y,No Injury,51d7f789-2b9b-46d6-bb55-570cded41b0b,D,MSP63680028,Shoulder/Lap Belt(s),M,752a5ab4-d118-4c6d-b66e-3115bbaf0f64,Head On,N,Non Intersection,Left Turn Lane,Daylight,No Defects,"Two-way, Divided, Unprotected (painted >4 feet) Median",Dry,Clear,Twelve o'clock,(Sport) Utility Vehicle,Disabling,N,Moving Constant Speed,2015-03-23 12:44,43,38.49083033,-76.92691533,1,0,좌회전 차선 사고,등속 주행 중 측면 추돌 사고
7738,N,Apparently Normal,No Misuse,N,No Injury,511bf9ba-259e-43da-8a2a-9e4e538f3ee2,D,MSP6369000D,Shoulder/Lap Belt(s),M,00ca09ed-8fe7-4b8b-b129-65bc39c98beb,Same Direction Rear End,N,Non Intersection,Right Turn Lane,Daylight,No Defects,"Two-way, Not Divided",Dry,Clear,Six o'clock,Pickup Truck,Superficial,N,Moving Constant Speed,2015-01-08 16:25,50,38.31803967,-76.48737217,2,3,기타,등속 주행 중 측면 추돌 사고
7739,N,Apparently Normal,No Misuse,Y,No Injury,6cb80f35-7c0b-4fb2-946b-14c98a842946,D,MSP6369000D,Shoulder/Lap Belt(s),M,54d4948a-2608-4926-93cd-55c081beba16,Same Direction Rear End,N,Non Intersection,Right Turn Lane,Daylight,No Defects,"Two-way, Not Divided",Dry,Clear,Twelve o'clock,Pickup Truck,Superficial,N,Moving Constant Speed,2015-01-08 16:25,44,38.31803967,-76.48737217,2,3,기타,등속 주행 중 측면 추돌 사고
7740,N,Apparently Normal,No Misuse,N,No Injury,405c293f-e41d-4022-a273-27244280ff5c,D,MSP6375001N,Shoulder/Lap Belt(s),M,56a9693f-0867-4f9b-9edf-7c79ec6a8141,Same Direction Left Turn,N,Non Intersection,Right Turn Lane,Dark Lights On,No Defects,"Two-way, Divided, Unprotected (painted >4 feet) Median",Dry,Clear,Five o'clock,Passenger Car,Superficial,N,Moving Constant Speed,2015-01-11 19:21,53,39.28662,-77.530703,2,2,기타,기타
7741,N,Apparently Normal,No Misuse,Y,No Injury,c82d13c0-1a73-4f7f-a66e-cfda3cd722bc,D,MSP6375001N,Shoulder/Lap Belt(s),M,627cfc79-118b-43b8-9cce-c59f3eeba526,Same Direction Left Turn,N,Non Intersection,Right Turn Lane,Dark Lights On,No Defects,"Two-way, Divided, Unprotected (painted >4 feet) Median",Dry,Clear,Eleven o'clock,Passenger Car,Disabling,N,Moving Constant Speed,2015-01-11 19:21,29,39.28662,-77.530703,2,2,기타,기타
7742,N,Apparently Normal,No Misuse,N,No Injury,b1dd1fce-138c-45b1-ab0f-28f65d2ff791,D,MSP6375001P,Shoulder/Lap Belt(s),M,cbfc9eb7-1fed-4695-a21d-ef33bc8d2a4e,Same Direction Rear End,N,Non Intersection,Right Turn Lane,Daylight,No Defects,"Two-way, Divided, Positive Median Barrier",Dry,Clear,Six o'clock,Passenger Car,Disabling,N,Stopped in Traffic Lane,2015-01-13 15:39,31,39.486314,-77.553497,2,0,기타,자차 사고
7743,N,Apparently Normal,No Misuse,Y,Non-incapacitating Injury,6711bd1f-ef28-48d1-99a4-db73d2145691,D,MSP6375001P,Shoulder/Lap Belt(s),M,83ac4e12-2a64-42d5-ad47-74750421b265,Same Direction Rear End,N,Non Intersection,Right Turn Lane,Daylight,No Defects,"Two-way, Divided, Positive Median Barrier",Dry,Clear,Twelve o'clock,Passenger Car,Disabling,N,Slowing or Stopping,2015-01-13 15:39,55,39.486314,-77.553497,2,1,기타,등속 주행 사고
7744,N,Apparently Normal,No Misuse,N,No Injury,dc268e6a-12d1-49c3-927e-0e53927fd1dd,D,MSP6375001T,Shoulder/Lap Belt(s),M,37fd8dea-0a1a-4280-84e8-f86825c50764,Single Vehicle ,N,Non Intersection,Right Turn Lane,Daylight,No Defects,"Two-way, Divided, Positive Median Barrier",Snow,Snow,Eleven o'clock,Van,Disabling,N,Moving Constant Speed,2015-01-14 10:02,44,39.551501,-77.608971,0,0,눈길사고,감속 중 사고
7745,N,Apparently Normal,No Misuse,N,No Injury,f04f044d-8d15-4c23-8004-4bc67f78f19a,D,MSP6375001Z,Shoulder/Lap Belt(s),M,c1587d7e-193f-4b16-ada6-2a54093dfae5,Single Vehicle ,N,Non Intersection,Right Turn Lane,Daylight,No Defects,"Two-way, Divided, Positive Median Barrier",Dry,Clear,Twelve o'clock,Passenger Car,Disabling,N,Moving Constant Speed,2015-02-06 16:45,28,39.40449,-77.390764,2,2,기타,기타
7746,N,Apparently Normal,No Misuse,N,No Injury,4b150472-95c8-492d-a062-54400c8e5693,D,MSP63750024,Shoulder/Lap Belt(s),M,eaf6a909-2457-4846-8698-4d28df746a85,Same Direction Rear End Right Turn,N,Non Intersection,Left Turn Lane,Dark Lights On,No Defects,"Two-way, Divided, Positive Median Barrier",Dry,Clear,Ten o'clock,Passenger Car,Functional,N,Moving Constant Speed,2015-02-13 23:34,26,39.296558,-77.334698,1,0,좌회전 차선 사고,등속 주행 중 측면 추돌 사고
7747,Y,Apparently Normal,No Misuse,N,No Injury,51b722e0-6afd-4ea2-ab1e-d2ca5588e001,D,MSP6375002F,Shoulder/Lap Belt(s),M,69fac222-6e8b-4662-8aed-8bd15f5180fd,Same Direction Sideswipe,N,Non Intersection,Left Turn Lane,Daylight,No Defects,"Two-way, Divided, Positive Median Barrier",Snow,Snow,Seven o'clock,Truck Tractor,No Damage,N,Moving Constant Speed,2015-03-05 16:19,59,39.42201417,-77.485951,0,0,눈길사고,감속 중 사고
7748,Y,Apparently Normal,No Misuse,Y,Non-incapacitating Injury,02caafda-4374-40b1-a1c2-c30d363057ae,D,MSP6375002F,Shoulder/Lap Belt(s),M,f7d304d9-e0d2-40ef-8ef5-95aa1edfe3ff,Same Direction Sideswipe,N,Non Intersection,Left Turn Lane,Daylight,No Defects,"Two-way, Divided, Positive Median Barrier",Snow,Snow,Twelve o'clock,Pickup Truck,Destroyed,N,Moving Constant Speed,2015-03-05 16:19,67,39.42201417,-77.485951,0,0,눈길사고,감속 중 사고
7749,N,Apparently Normal,No Misuse,N,No Injury,490caf24-0e89-47db-aea7-70cf080c3ddf,D,MSP63760018,Shoulder/Lap Belt(s),M,8f3c41eb-3e3f-45bb-9551-d0718c2f12b9,Same Direction Rear End,N,Non Intersection,Left Turn Lane,Dark No Lights,No Defects,"Two-way, Divided, Positive Median Barrier",Dry,Clear,Six o'clock,Pickup Truck,Functional,N,Slowing or Stopping,2015-01-11 20:15,35,38.67680417,-76.8757925,1,3,좌회전 차선 사고,감속 중 사고
7750,N,Apparently Normal,No Misuse,Y,Possible Incapacitating Injury,99edb3c9-19d2-43d6-81ea-b08a7d494931,D,MSP63760018,Shoulder/Lap Belt(s),M,d4a60799-38b0-4e9a-ac0c-84f97468446e,Same Direction Rear End,N,Non Intersection,Left Turn Lane,Dark No Lights,No Defects,"Two-way, Divided, Positive Median Barrier",Dry,Clear,Twelve o'clock,Passenger Car,Disabling,N,Moving Constant Speed,2015-01-11 20:15,39,38.67680417,-76.8757925,1,0,좌회전 차선 사고,등속 주행 중 측면 추돌 사고
7751,N,Apparently Normal,No Misuse,N,No Injury,199a0531-08e2-4cd0-ad73-18ac1448f81d,D,MSP6376001D,Shoulder/Lap Belt(s),M,9050402f-030c-4e50-8228-adaf0a237a55,Same Direction Right Turn,N,Crossover Related,Left Turn Lane,Daylight,No Defects,"Two-way, Divided, Positive Median Barrier",Dry,Clear,Twelve o'clock,Van,Disabling,N,Moving Constant Speed,2015-01-28 8:56,30,38.69291933,-76.87192867,1,0,좌회전 차선 사고,등속 주행 중 측면 추돌 사고
7752,N,Apparently Normal,No Misuse,Y,No Injury,db66545f-0d73-41fa-87fb-3039a4f3b578,D,MSP6376001D,Shoulder/Lap Belt(s),M,eb0167bb-88b4-4b71-add4-c29fb7dfa805,Same Direction Right Turn,N,Crossover Related,Left Turn Lane,Daylight,No Defects,"Two-way, Divided, Positive Median Barrier",Dry,Clear,Twelve o'clock,(Sport) Utility Vehicle,Functional,N,Making U Turn,2015-01-28 8:56,72,38.69291933,-76.87192867,1,1,좌회전 차선 사고,등속 주행 사고
7753,N,Apparently Normal,No Misuse,N,No Injury,f295dfe8-b1e3-468e-8405-d5dabcc974e2,D,MSP6376001H,Shoulder/Lap Belt(s),M,7c70c207-1856-45c2-88bc-4238bab4b1c8,Same Direction Rear End,N,Non Intersection,Right Turn Lane,Daylight,No Defects,"Two-way, Divided, Positive Median Barrier",Dry,Clear,Six o'clock,(Sport) Utility Vehicle,Functional,N,Slowing or Stopping,2015-02-05 17:00,36,38.88311317,-76.84402917,2,1,기타,등속 주행 사고
7754,N,Apparently Normal,No Misuse,Y,No Injury,100b5f54-f59c-425f-9403-d4ae343ba3c9,D,MSP6376001H,Shoulder/Lap Belt(s),M,866190b0-5d6b-45ae-99a0-3ac818fe2124,Same Direction Rear End,N,Non Intersection,Right Turn Lane,Daylight,No Defects,"Two-way, Divided, Positive Median Barrier",Dry,Clear,Twelve o'clock,(Sport) Utility Vehicle,Disabling,N,Slowing or Stopping,2015-02-05 17:00,58,38.88311317,-76.84402917,2,1,기타,등속 주행 사고
7755,N,Apparently Normal,No Misuse,N,No Injury,f4a2ae5a-11be-4a9c-80a5-a1729755fc11,D,MSP6376001M,Shoulder/Lap Belt(s),M,5f339ceb-e5dc-4374-bf73-be3f70343cb2,Single Vehicle ,N,Non Intersection,Right Turn Lane,Dark Lights On,Foreign Material,"Two-way, Divided, Positive Median Barrier",Wet,Foggy,Five o'clock,(Sport) Utility Vehicle,Superficial,N,Moving Constant Speed,2015-03-11 5:28,57,38.87370133,-76.7843855,4,2,빗길사고,동일 방향 운행 중 추돌 사고
7756,N,Apparently Normal,No Misuse,N,No Injury,86d9f3fa-8a8e-4e67-b47e-79362d5a5a31,D,MSP6376001P,Shoulder/Lap Belt(s),M,889c4912-4638-446d-94f4-f86aa65450f4,Single Vehicle ,N,Non Intersection,Right Turn Lane,Dark Lights On,Foreign Material,"Two-way, Divided, Positive Median Barrier",Wet,Foggy,Ten o'clock,Pickup Truck,Functional,N,Moving Constant Speed,2015-03-11 6:13,61,38.87361183,-76.78427617,4,2,빗길사고,동일 방향 운행 중 추돌 사고
7757,Y,Apparently Normal,No Misuse,N,No Injury,fc965249-c378-4456-acd5-035b5e542209,D,MSP6376001Q,Shoulder/Lap Belt(s),M,f12b081b-e1d0-43ee-a451-7d9b287381de,Same Movement Angle,N,Intersection,Left Turn Lane,Dark No Lights,No Defects,"Two-way, Divided, Positive Median Barrier",Dry,Clear,Eleven o'clock,Passenger Car,Disabling,N,Moving Constant Speed,2015-03-12 4:51,51,38.82075667,-76.84879033,1,0,좌회전 차선 사고,등속 주행 중 측면 추돌 사고
7758,Y,Apparently Normal,No Misuse,Y,No Injury,f4f2127b-cd09-4a76-b181-e35c2580b8c1,D,MSP6376001Q,Shoulder/Lap Belt(s),M,bd6c8f0a-9132-463b-a149-afc3ed5f5709,Same Movement Angle,N,Intersection,Left Turn Lane,Dark No Lights,No Defects,"Two-way, Divided, Positive Median Barrier",Dry,Clear,Twelve o'clock,Pickup Truck,Functional,N,Making Left Turn,2015-03-12 4:51,24,38.82075667,-76.84879033,1,1,좌회전 차선 사고,등속 주행 사고
7759,N,Apparently Normal,No Misuse,N,No Injury,7bede295-c577-4bd6-a537-61e9a48e8d83,D,MSP6376001W,Shoulder/Lap Belt(s),M,6b0108be-bc63-4bdc-b78c-49003d98228b,Same Direction Left Turn,N,Non Intersection,Right Turn Lane,Daylight,No Defects,"Two-way, Divided, Positive Median Barrier",Dry,Clear,Twelve o'clock,Passenger Car,Functional,N,Slowing or Stopping,2015-03-30 16:03,53,38.84215683,-76.86493817,2,1,기타,등속 주행 사고
7760,N,Apparently Normal,No Misuse,N,Possible Incapacitating Injury,ecd2c81d-e09c-40e1-a0b0-b25a7294e6dc,D,MSP6376001W,Shoulder/Lap Belt(s),M,8b1323ad-c099-4ea9-a6c3-9dd7678f3b6f,Same Direction Left Turn,N,Non Intersection,Right Turn Lane,Daylight,No Defects,"Two-way, Divided, Positive Median Barrier",Dry,Clear,Twelve o'clock,Passenger Car,Disabling,N,Moving Constant Speed,2015-03-30 16:03,30,38.84215683,-76.86493817,2,2,기타,기타
7761,N,Apparently Normal,No Misuse,N,No Injury,77610790-2ca6-48b1-b3b0-bf6513da1258,D,MSP6377003M,Shoulder/Lap Belt(s),M,4af252c8-1ccc-4d99-bbc9-c41cee1be976,Same Direction Rear End,N,Intersection,Left Turn Lane,Daylight,No Defects,"Two-way, Divided, Positive Median Barrier",Dry,Clear,Six o'clock,Passenger Car,Disabling,N,Stopped in Traffic Lane,2015-03-07 11:44,57,38.8518655,-76.7260095,1,2,좌회전 차선 사고,기타
7762,N,Apparently Normal,No Misuse,Y,No Injury,e14a23d9-6c2f-4ddf-9bac-497efb19d674,D,MSP6377003M,Shoulder/Lap Belt(s),M,f09bbb80-8db5-42c4-9dd5-2a8ba990b26e,Same Direction Rear End,N,Intersection,Left Turn Lane,Daylight,No Defects,"Two-way, Divided, Positive Median Barrier",Dry,Clear,Twelve o'clock,Passenger Car,Disabling,N,Slowing or Stopping,2015-03-07 11:44,45,38.8518655,-76.7260095,1,3,좌회전 차선 사고,감속 중 사고
7763,N,Apparently Normal,No Misuse,N,No Injury,739dc188-fa4a-415b-aec3-9056f7bccea9,D,MSP6377003R,Shoulder/Lap Belt(s),M,5ff863df-0bf7-4874-8fac-9e1d601cee6d,Same Movement Angle,N,Intersection,Acceleration Lane,Daylight,No Defects,"Two-way, Divided, Positive Median Barrier",Dry,Clear,One o'clock,Passenger Car,Disabling,N,Moving Constant Speed,2015-03-16 16:22,26,38.81712883,-76.73758067,1,0,좌회전 차선 사고,등속 주행 중 측면 추돌 사고
7764,N,Apparently Normal,No Misuse,Y,No Injury,4400f6e6-9b67-4bd1-87f5-6dbf1b6f23b2,D,MSP6377003R,Shoulder/Lap Belt(s),M,126b231c-9708-4ce2-8809-870671a41d00,Same Movement Angle,N,Intersection,Acceleration Lane,Daylight,No Defects,"Two-way, Divided, Positive Median Barrier",Dry,Clear,Twelve o'clock,(Sport) Utility Vehicle,Functional,N,Making Right Turn,2015-03-16 16:22,39,38.81712883,-76.73758067,1,1,좌회전 차선 사고,등속 주행 사고
7765,N,Apparently Normal,No Misuse,Y,No Injury,497a0096-08df-417e-a67c-d0aeeaf4fdb6,D,MSP6379000P,Shoulder/Lap Belt(s),M,24bb7d90-a239-4f72-b0e2-4ca085841250,Single Vehicle ,N,Intersection,Right Turn Lane,Dawn,No Defects,"Two-way, Divided, Unprotected (painted >4 feet) Median",Snow,Blowing Snow,Twelve o'clock,Passenger Car,Disabling,N,Slowing or Stopping,2015-01-06 6:56,24,39.000216,-76.073343,0,1,눈길사고,등속 주행 사고
7766,N,Apparently Normal,No Misuse,Y,No Injury,1bd86d02-8497-445f-b383-1d407db3c608,D,MSP64570008,Shoulder/Lap Belt(s),M,f270b5f0-bf78-4313-824a-8aa33232ef25,Same Direction Rear End,N,Intersection Related,Acceleration Lane,Daylight,No Defects,"Two-way, Divided, Positive Median Barrier",Dry,Clear,Twelve o'clock,(Sport) Utility Vehicle,Disabling,N,Moving Constant Speed,2015-03-06 14:08,44,38.9482445,-76.7176795,1,0,좌회전 차선 사고,등속 주행 중 측면 추돌 사고
7767,N,Apparently Normal,No Misuse,Y,No Injury,da34f399-8ae3-49ba-b037-9d8953721823,D,MSP64610013,Shoulder/Lap Belt(s),M,18362de5-bbde-4179-a2b6-ffa5338c07e2,Single Vehicle ,N,Non Intersection,Right Turn Lane,Daylight,No Defects,"Two-way, Not Divided",Dry,Clear,Twelve o'clock,Passenger Car,Disabling,N,Moving Constant Speed,2015-03-28 16:35,20,39.54377933,-76.3255355,2,2,기타,기타
7768,N,Apparently Normal,No Misuse,Y,No Injury,5a375c3d-2e94-4eac-8be7-8fc50c0fa176,D,MSP6464000M,Shoulder/Lap Belt(s),M,35449f69-a2d1-494f-a1a8-c39b524df079,Same Direction Sideswipe,N,Non Intersection,Left Turn Lane,Dark Lights On,No Defects,"Two-way, Divided, Positive Median Barrier",Dry,Clear,Eight o'clock,Recreational Vehicle,Functional,Y,Changing Lanes,2015-02-13 21:56,18,39.33561867,-76.48160233,1,1,좌회전 차선 사고,등속 주행 사고
7769,N,Apparently Normal,No Misuse,N,No Injury,d897bfce-715a-48b4-b880-0221449fcfab,D,MSP6464000W,Shoulder/Lap Belt(s),M,cb3c8bd4-38a7-430d-abd7-10283b84326c,Same Direction Rear End,N,Non Intersection,Acceleration Lane,Daylight,No Defects,"Two-way, Divided, Positive Median Barrier",Dry,Clear,Six o'clock,Passenger Car,Functional,N,Slowing or Stopping,2015-03-18 17:05,52,39.28297633,-76.73261883,1,3,좌회전 차선 사고,감속 중 사고
7770,N,Apparently Normal,No Misuse,N,No Injury,0993a176-654f-4d86-a28b-b1ceaedac5ae,D,MSP6464000W,Shoulder/Lap Belt(s),M,38a32707-266a-45bf-bb89-2ee0cdf15a9f,Same Direction Rear End,N,Non Intersection,Acceleration Lane,Daylight,No Defects,"Two-way, Divided, Positive Median Barrier",Dry,Clear,Six o'clock,Recreational Vehicle,Functional,N,Slowing or Stopping,2015-03-18 17:05,28,39.28297633,-76.73261883,1,3,좌회전 차선 사고,감속 중 사고
7771,N,Apparently Normal,No Misuse,Y,No Injury,da7cf0a9-da46-493e-8402-9603070c4665,D,MSP6464000W,Shoulder/Lap Belt(s),M,25235601-1f85-467f-ae9c-40ae2a0174ee,Same Direction Rear End,N,Non Intersection,Acceleration Lane,Daylight,No Defects,"Two-way, Divided, Positive Median Barrier",Dry,Clear,Twelve o'clock,Passenger Car,Disabling,N,Moving Constant Speed,2015-03-18 17:05,40,39.28297633,-76.73261883,1,0,좌회전 차선 사고,등속 주행 중 측면 추돌 사고
7772,N,Apparently Normal,No Misuse,N,No Injury,89eadd29-f050-45d1-b272-7178ed5328bc,D,MSP6464000X,Shoulder/Lap Belt(s),M,872b9de0-d315-4a2e-9308-832f68a3c3ff,Same Direction Rear End,Y,Interchange Related,Acceleration Lane,Daylight,No Defects,"Two-way, Divided, Positive Median Barrier",Dry,Clear,Six o'clock,Pickup Truck,Functional,N,Slowing or Stopping,2015-03-19 14:41,48,39.36059617,-76.5055345,1,3,좌회전 차선 사고,감속 중 사고