KEY_INDEX,CDL_FLAG,CONDITION_CODE,EQUIP_PROB_CODE,FAULT_FLAG,INJ_SEVER_CODE,PERSON_ID,PERSON_TYPE,REPORT_NO,SAF_EQUIP_CODE,SEX_CODE,VEHICLE_ID,COLLISION_TYPE_CODE,C_M_ZONE_FLAG,JUNCTION_CODE,LANE_CODE,LIGHT_CODE,RD_COND_CODE,RD_DIV_CODE,SURF_COND_CODE,WEATHER_CODE,AREA_DAMAGED_CODE_MAIN,BODY_TYPE_CODE,DAMAGE_CODE,HIT_AND_RUN_FLAG,MOVEMENT_CODE,TIME,AGE,LATITUDE,LONGITUDE,CLUSTER,SECOND_LABEL,FIRST_LABEL,SECOND_LABELING
7773,Y,Apparently Normal,No Misuse,Y,No Injury,9aa82f9b-f9f2-44a8-a504-1600561e9626,D,MSP6464000X,Shoulder/Lap Belt(s),M,7894d28c-e66c-4c72-aa45-ef0bb97daac7,Same Direction Rear End,Y,Interchange Related,Acceleration Lane,Daylight,No Defects,"Two-way, Divided, Positive Median Barrier",Dry,Clear,Twelve o'clock,Truck Tractor,Functional,N,Slowing or Stopping,2015-03-19 14:41,42,39.36059617,-76.5055345,1,3,좌회전 차선 사고,감속 중 사고
7774,N,Apparently Normal,No Misuse,N,Incapacitating/Disabled Injury,09171cb9-148a-4ba3-9923-63277ac939be,D,MSP6464000X,Shoulder/Lap Belt(s),M,6e25474e-cc15-43c6-af75-871aec844622,Same Direction Rear End,Y,Interchange Related,Acceleration Lane,Daylight,No Defects,"Two-way, Divided, Positive Median Barrier",Dry,Clear,Twelve o'clock,Passenger Car,Disabling,N,Slowing or Stopping,2015-03-19 14:41,82,39.36059617,-76.5055345,1,3,좌회전 차선 사고,감속 중 사고
7775,N,Apparently Normal,No Misuse,Y,No Injury,cac6083c-c07e-4f6e-8c1a-4d8a2b01b6f8,D,MSP64640012,Shoulder/Lap Belt(s),M,d25b4179-fdfa-45ae-80da-bff07db10679,Same Direction Rear End,Y,Non Intersection,Right Turn Lane,Daylight,No Defects,"Two-way, Divided, Positive Median Barrier",Wet,Raining,Twelve o'clock,Pickup Truck,Disabling,N,Moving Constant Speed,2015-03-27 8:16,21,39.39072183,-76.536561,4,2,빗길사고,동일 방향 운행 중 추돌 사고
7776,N,Apparently Normal,No Misuse,N,Incapacitating/Disabled Injury,94ac2332-3d00-4f00-8564-dd4270409a3d,D,MSP64640012,Shoulder/Lap Belt(s),M,51e4887f-0943-432d-864b-cfd6e75a92c9,Same Direction Rear End,Y,Non Intersection,Right Turn Lane,Daylight,No Defects,"Two-way, Divided, Positive Median Barrier",Wet,Raining,Six o'clock,Passenger Car,Disabling,N,Slowing or Stopping,2015-03-27 8:16,66,39.39072183,-76.536561,4,3,빗길사고,기타
7777,N,Apparently Normal,No Misuse,N,No Injury,ea3ad6c6-f9f0-4d65-bfff-b356c43767a7,D,MSP64660005,Shoulder/Lap Belt(s),M,24702add-468b-48b7-b884-332cff16f1f4,Single Vehicle ,N,Non Intersection,Acceleration Lane,Daylight,No Defects,"Two-way, Divided, Positive Median Barrier",Dry,Clear,Twelve o'clock,(Sport) Utility Vehicle,Functional,N,Moving Constant Speed,2015-02-03 11:54,44,39.19542826,-76.76885605,1,0,좌회전 차선 사고,등속 주행 중 측면 추돌 사고
7778,Y,Apparently Normal,No Misuse,Y,No Injury,472007fc-df30-440a-84e0-dc6e3984d99f,D,MSP64660007,Shoulder/Lap Belt(s),M,b8160892-0829-4bd8-8fd9-9ae5451687c2,Single Vehicle ,N,Non Intersection,Right Turn Lane,Daylight,No Defects,"Two-way, Divided, Positive Median Barrier",Snow,Blowing Snow,Twelve o'clock,Truck Tractor,Disabling,N,Moving Constant Speed,2015-03-05 17:39,60,39.13415333,-76.85436267,0,0,눈길사고,감속 중 사고
7779,N,Apparently Normal,No Misuse,Y,No Injury,aea7ea59-7e65-43c9-a323-d08efa2e38c8,D,MSP64670008,Shoulder/Lap Belt(s),M,f84d56d7-800e-4214-b428-c8e24b1a873e,Single Vehicle ,N,Non Intersection,Right Turn Lane,Dark Lights On,No Defects,"Two-way, Divided, Positive Median Barrier",Dry,Clear,One o'clock,Passenger Car,Disabling,N,Moving Constant Speed,2015-02-14 3:49,28,39.10716958,-77.18371868,2,2,기타,기타
7780,Y,Apparently Normal,No Misuse,Y,No Injury,fffa88d8-a4b4-4055-881d-6a091be22454,D,MSP64680004,Shoulder/Lap Belt(s),M,30a3c5bc-d09c-44ae-a5e3-acfab0abd99c,Single Vehicle ,N,Non Intersection,Right Turn Lane,Daylight,No Defects,"Two-way, Divided, Positive Median Barrier",Wet,Clear,Eleven o'clock,"Medium/Heavy Truck 2 axles (10,000 lbs (4,536 kg) or less)",Disabling,N,Moving Constant Speed,2015-01-13 8:10,46,39.02357467,-76.031711,4,2,빗길사고,동일 방향 운행 중 추돌 사고
7781,N,Apparently Normal,No Misuse,N,No Injury,bf4513e7-aa65-4960-8c01-ed74803b255a,D,MSP6477000J,Shoulder/Lap Belt(s),M,21f50f6a-fd5d-4052-8c60-eb040d193921,Same Direction Right Turn,N,Non Intersection,Acceleration Lane,Dark Lights On,No Defects,"Two-way, Divided, Positive Median Barrier",Dry,Clear,Twelve o'clock,Passenger Car,Functional,N,Moving Constant Speed,2015-02-12 22:48,45,39.02295867,-77.14219317,1,0,좌회전 차선 사고,등속 주행 중 측면 추돌 사고
7782,N,Apparently Normal,No Misuse,Y,Possible Incapacitating Injury,72f0595b-8d66-4241-8d92-cda6f1361b0f,D,MSP6477000J,Shoulder/Lap Belt(s),M,24870f1b-aa1f-401c-ba1c-31ca2a7916f6,Same Direction Right Turn,N,Non Intersection,Acceleration Lane,Dark Lights On,No Defects,"Two-way, Divided, Positive Median Barrier",Dry,Clear,One o'clock,Passenger Car,Disabling,N,Moving Constant Speed,2015-02-12 22:48,51,39.02295867,-77.14219317,1,0,좌회전 차선 사고,등속 주행 중 측면 추돌 사고
7783,N,Apparently Normal,No Misuse,Y,No Injury,babec554-05f8-47eb-9119-df7006839dec,D,MSP6477000K,Shoulder/Lap Belt(s),M,659c68fa-cc9c-4524-a790-4d3e11279abb,Single Vehicle ,N,Non Intersection,Deceleration Lane,Dark Lights On,No Defects,"Two-way, Divided, Positive Median Barrier",Dry,Clear,Twelve o'clock,Passenger Car,Disabling,N,Moving Constant Speed,2015-02-17 23:50,21,39.1188935,-77.19590583,1,0,좌회전 차선 사고,등속 주행 중 측면 추돌 사고
7784,N,Apparently Normal,No Misuse,N,No Injury,fceabbc4-aae9-4a96-9366-c3e627d8b3e1,D,MSP6477000M,Shoulder/Lap Belt(s),M,0dd4c644-8e43-42d1-a572-29dca4745cd0,Same Direction Rear End,N,Non Intersection,Right Turn Lane,Dark Lights On,No Defects,"Two-way, Divided, Positive Median Barrier",Dry,Clear,Twelve o'clock,Passenger Car,Functional,N,Moving Constant Speed,2015-02-19 5:02,36,38.9662135,-77.18050733,2,3,기타,등속 주행 중 측면 추돌 사고
7785,N,Apparently Normal,No Misuse,Y,No Injury,9db882ac-3a1d-41b0-8467-ba6d1b8c9b72,D,MSP6477000M,Shoulder/Lap Belt(s),M,04ecc535-3cd0-4f7a-984c-5c8994b1b3fd,Same Direction Rear End,N,Non Intersection,Right Turn Lane,Dark Lights On,No Defects,"Two-way, Divided, Positive Median Barrier",Dry,Clear,Eleven o'clock,Passenger Car,Disabling,N,Moving Constant Speed,2015-02-19 5:02,49,38.9662135,-77.18050733,2,3,기타,등속 주행 중 측면 추돌 사고
7786,N,Apparently Normal,No Misuse,N,No Injury,fa7f7cf7-9c49-4fc9-9c99-eb8502d5ea16,D,MSP6477000N,None  ,M,a91ac5ed-5a77-40f0-86f5-36e3219b7be2,Same Direction Rear End,N,Non Intersection,Deceleration Lane,Dark Lights On,No Defects,"Two-way, Divided, Positive Median Barrier",Dry,Clear,Six o'clock,Passenger Car,Superficial,N,Moving Constant Speed,2015-02-12 22:58,45,39.01304841,-77.04179764,1,0,좌회전 차선 사고,등속 주행 중 측면 추돌 사고
7787,N,Apparently Normal,No Misuse,N,No Injury,cc0e9088-5423-4ce1-8f28-2ce98e7fe7a4,D,MSP6477000R,Shoulder/Lap Belt(s),M,94b5561e-9172-4124-8d7d-9ef4452d11eb,Same Direction Rear End,N,Non Intersection,Deceleration Lane,Dark Lights On,No Defects,"Two-way, Divided, Positive Median Barrier",Dry,Clear,Six o'clock,Pickup Truck,Disabling,N,Stopped in Traffic Lane,2015-03-13 5:22,45,39.19073733,-77.25926733,1,2,좌회전 차선 사고,기타
7788,N,Apparently Normal,No Misuse,Y,Possible Incapacitating Injury,120e583f-5404-48cf-9ab7-86ad7f019935,D,MSP6477000R,Shoulder/Lap Belt(s),M,e05dd6fc-2a70-4129-93fa-3e79fc920daa,Same Direction Rear End,N,Non Intersection,Deceleration Lane,Dark Lights On,No Defects,"Two-way, Divided, Positive Median Barrier",Dry,Clear,Twelve o'clock,(Sport) Utility Vehicle,Disabling,N,Moving Constant Speed,2015-03-13 5:22,44,39.19073733,-77.25926733,1,0,좌회전 차선 사고,등속 주행 중 측면 추돌 사고
7789,N,Apparently Normal,No Misuse,Y,No Injury,cf1d6d08-d87b-4be9-9ad9-572e2f9652fb,D,MSP6477000V,Shoulder/Lap Belt(s),M,64c698dc-5d8a-4a80-95e5-91520a3c3b7d,Single Vehicle ,N,Non Intersection,Right Turn Lane,Daylight,No Defects,"Two-way, Divided, Positive Median Barrier",Dry,Clear,Eleven o'clock,Passenger Car,Disabling,N,Moving Constant Speed,2015-03-24 9:19,59,39.052703,-77.152569,2,2,기타,기타
7790,N,Apparently Normal,No Misuse,N,No Injury,90c6f427-af88-4a7e-b182-8636232af02d,D,MSP6477000W,Shoulder/Lap Belt(s),M,88ca1068-3488-43c3-beb5-a20d402bbe25,Same Direction Sideswipe,N,Non Intersection,Acceleration Lane,Daylight,No Defects,"Two-way, Divided, Positive Median Barrier",Wet,Raining,Three o'clock,Passenger Car,Superficial,N,Moving Constant Speed,2015-03-26 12:24,46,39.01278165,-77.03338623,4,2,빗길사고,동일 방향 운행 중 추돌 사고
7791,N,Apparently Normal,No Misuse,N,No Injury,6f941a0e-85ce-468e-bf68-52c73a20b365,D,MSP64880005,Shoulder/Lap Belt(s),M,23da29f0-e1f1-4b0c-a3f2-c32cc5292507,Same Direction Rear End,N,Non Intersection,Right Turn Lane,Daylight,No Defects,"Two-way, Divided, Positive Median Barrier",Dry,Clear,Six o'clock,Passenger Car,Functional,N,Slowing or Stopping,2015-01-13 16:00,50,39.21502917,-77.2772315,2,1,기타,등속 주행 사고
7792,N,Apparently Normal,No Misuse,Y,No Injury,5324fb41-c595-4660-b5e9-41992a00490b,D,MSP64880005,Shoulder/Lap Belt(s),M,c0904599-be94-438c-aced-65b89e5ebb6c,Same Direction Rear End,N,Non Intersection,Right Turn Lane,Daylight,No Defects,"Two-way, Divided, Positive Median Barrier",Dry,Clear,Twelve o'clock,Van,Functional,N,Moving Constant Speed,2015-01-13 16:00,54,39.21502917,-77.2772315,2,3,기타,등속 주행 중 측면 추돌 사고
7793,N,Apparently Normal,No Misuse,Y,Possible Incapacitating Injury,d3cfc8e2-e380-41cd-81c3-8f4c77f2bb2f,D,MSP64880007,Shoulder/Lap Belt(s),M,01572c71-b912-46d3-bf53-e2e2d3bc0df1,Same Direction Rear End,N,Non Intersection,Right Turn Lane,Dark Lights On,No Defects,"Two-way, Divided, Positive Median Barrier",Dry,Clear,Twelve o'clock,Passenger Car,Disabling,N,Moving Constant Speed,2015-01-17 23:45,56,39.11785547,-77.19467127,2,3,기타,등속 주행 중 측면 추돌 사고
7794,N,Apparently Normal,No Misuse,N,No Injury,9249f714-8dd8-41da-bb49-d36d26be919e,D,MSP6488000G,Shoulder/Lap Belt(s),M,8ea6d0bd-cc60-42ae-a87e-af5c3995f3bf,Same Direction Sideswipe,N,Non Intersection,Left Turn Lane,Dawn,No Defects,"Two-way, Divided, Positive Median Barrier",Dry,Clear,Two o'clock,Passenger Car,Disabling,N,Moving Constant Speed,2015-02-18 6:24,55,38.98723442,-77.15728283,1,0,좌회전 차선 사고,등속 주행 중 측면 추돌 사고
7795,N,Apparently Normal,No Misuse,Y,No Injury,deaa4d18-4fe7-4b72-8895-8fff72d52ded,D,MSP6488000L,Shoulder/Lap Belt(s),M,21af46fe-5350-413e-a86c-4e1a2a607fe4,Single Vehicle ,N,Non Intersection,Right Turn Lane,Daylight,No Defects,One-way Trafficway,Ice,Sleet,Twelve o'clock,Passenger Car,Disabling,N,Negotiating a Curve,2015-03-01 15:35,45,38.974969,-77.17925717,0,2,눈길사고,미끌어짐에 의한 사고
7796,N,Apparently Normal,No Misuse,N,No Injury,fa96d540-3a6c-4799-a372-97080042ca67,D,MSP6488000P,Shoulder/Lap Belt(s),M,c922c1d3-d394-4875-a468-e5359093dfc4,Same Direction Rear End,N,Non Intersection,Deceleration Lane,Dark Lights On,No Defects,"Two-way, Divided, Positive Median Barrier",Dry,Clear,Six o'clock,Passenger Car,Disabling,N,Slowing or Stopping,2015-03-21 6:45,42,39.09664571,-77.17725992,1,3,좌회전 차선 사고,감속 중 사고
7797,N,Apparently Normal,No Misuse,Y,No Injury,ad6177f3-697c-405c-9763-7edcb5cb1578,D,MSP6488000P,Shoulder/Lap Belt(s),M,d164e907-e770-4b51-be02-394d978afecb,Same Direction Rear End,N,Non Intersection,Deceleration Lane,Dark Lights On,No Defects,"Two-way, Divided, Positive Median Barrier",Dry,Clear,Twelve o'clock,Pickup Truck,Disabling,N,Moving Constant Speed,2015-03-21 6:45,31,39.09664571,-77.17725992,1,0,좌회전 차선 사고,등속 주행 중 측면 추돌 사고
7798,N,Apparently Normal,No Misuse,Y,No Injury,503bcc46-31bc-42e7-8b16-2d4ac60d7254,D,MSP64900004,Shoulder/Lap Belt(s),M,91200456-9d84-4e53-b098-f1fe988bf4f4,Single Vehicle ,N,Non Intersection,Acceleration Lane,Dark Lights On,No Defects,"Two-way, Divided, Positive Median Barrier",Dry,Clear,Two o'clock,Passenger Car,Disabling,N,Changing Lanes,2015-01-13 17:46,32,39.05516067,-76.928815,1,1,좌회전 차선 사고,등속 주행 사고
7799,N,Apparently Normal,No Misuse,N,No Injury,bc54a184-fbb5-44e2-b255-82ff55fc4f02,D,MSP64910006,Shoulder/Lap Belt(s),M,139cb9f4-d699-4027-b861-551aa824c15b,Same Direction Sideswipe,N,Non Intersection,Right Turn Lane,Daylight,No Defects,"Two-way, Divided, Positive Median Barrier",Dry,Clear,One o'clock,Passenger Car,Disabling,N,Moving Constant Speed,2015-03-22 15:06,41,38.645608,-76.89042317,2,2,기타,기타
7800,N,Apparently Normal,No Misuse,Y,No Injury,cbceb280-08e2-4a06-a68b-84bb95536b24,D,MSP64910006,Shoulder/Lap Belt(s),M,c4903683-b7c2-473e-8877-3a70e6af9e86,Same Direction Sideswipe,N,Non Intersection,Right Turn Lane,Daylight,No Defects,"Two-way, Divided, Positive Median Barrier",Dry,Clear,Eight o'clock,Passenger Car,Functional,N,Moving Constant Speed,2015-03-22 15:06,50,38.645608,-76.89042317,2,2,기타,기타
7801,N,Apparently Normal,No Misuse,N,No Injury,b0335f39-fca9-4a45-8012-06897da7243d,D,MSP64930005,Shoulder/Lap Belt(s),M,3b961936-3174-4f4c-b3be-07d6d8f929b7,Same Movement Angle,N,Intersection,Acceleration Lane,Daylight,No Defects,"Two-way, Divided, Positive Median Barrier",Slush,Clear,Seven o'clock,Passenger Car,Superficial,N,Accelerating,2015-03-07 8:24,31,38.64746128,-76.88819289,1,1,좌회전 차선 사고,등속 주행 사고
7802,N,Apparently Normal,No Misuse,Y,No Injury,11b7dac8-d98b-417c-8493-5e9ffa40f1bf,D,MSP6497000C,Shoulder/Lap Belt(s),M,10e800b9-050e-4ec2-9829-f7ee3e6ecf0e,Same Direction Sideswipe,N,Non Intersection,Deceleration Lane,Dark Lights On,No Defects,"Two-way, Divided, Positive Median Barrier",Dry,Clear,Eight o'clock,Recreational Vehicle,Superficial,N,Changing Lanes,2015-02-24 18:58,40,38.88638417,-76.845297,1,1,좌회전 차선 사고,등속 주행 사고
7803,N,Had Been Drinking,No Misuse,N,Possible Incapacitating Injury,97803349-00fe-4bee-ae30-fe123e886b3c,D,MSP6497000C,Shoulder/Lap Belt(s),M,b669cd27-7623-4e93-a251-ef6e402f20d4,Same Direction Sideswipe,N,Non Intersection,Deceleration Lane,Dark Lights On,No Defects,"Two-way, Divided, Positive Median Barrier",Dry,Clear,Two o'clock,Passenger Car,Superficial,N,Moving Constant Speed,2015-02-24 18:58,24,38.88638417,-76.845297,1,0,좌회전 차선 사고,등속 주행 중 측면 추돌 사고
7804,Y,Apparently Normal,No Misuse,N,No Injury,674781cf-16d3-4f33-bd86-fb1a28184e49,D,MSP6497000G,Shoulder/Lap Belt(s),M,8c622aec-7316-497c-998a-022f6aac7b91,Same Direction Sideswipe,N,Non Intersection,Right Turn Lane,Dark Lights On,No Defects,"Two-way, Divided, Positive Median Barrier",Dry,Clear,Eleven o'clock,Passenger Car,Superficial,N,Moving Constant Speed,2015-03-03 3:48,64,38.79624967,-77.01271633,2,2,기타,기타
7805,N,Apparently Normal,No Misuse,Y,No Injury,8293db05-4ad2-48af-95ff-c8c8e727579e,D,MSP6497000G,Shoulder/Lap Belt(s),M,f8ea4ee4-1e45-43da-b716-4c6dfddc52d3,Same Direction Sideswipe,N,Non Intersection,Right Turn Lane,Dark Lights On,No Defects,"Two-way, Divided, Positive Median Barrier",Dry,Clear,Five o'clock,Passenger Car,Destroyed,N,Changing Lanes,2015-03-03 3:48,32,38.79624967,-77.01271633,2,0,기타,자차 사고
7806,Y,Apparently Normal,No Misuse,Y,No Injury,a0e569e8-c8d1-43d1-80ae-0bb581dd7906,D,MSP6497000J,Shoulder/Lap Belt(s),M,e851eb78-d6d1-4bc6-9c4d-8d3cb401ee43,Single Vehicle ,N,Non Intersection,Right Turn Lane,Dark No Lights,No Defects,"Two-way, Divided, Positive Median Barrier",Dry,Clear,Twelve o'clock,Recreational Vehicle,Disabling,N,Making Left Turn,2015-03-21 19:48,56,38.70556517,-76.85893517,2,0,기타,자차 사고
7807,N,Apparently Normal,No Misuse,N,No Injury,24d5e3ad-6f8e-40bf-9906-f8e4ab41bb31,D,MSP6497000L,Shoulder/Lap Belt(s),M,18ea7248-1472-4710-bfb3-a06e3e4e8a63,Same Direction Rear End,N,Non Intersection,Acceleration Lane,Dark Lights On,No Defects,"Two-way, Divided, Positive Median Barrier",Dry,Clear,Six o'clock,Recreational Vehicle,Functional,N,Moving Constant Speed,2015-03-30 21:12,43,38.80858367,-76.90869217,1,0,좌회전 차선 사고,등속 주행 중 측면 추돌 사고
7808,N,Apparently Normal,No Misuse,N,Non-incapacitating Injury,b88648c5-2228-423e-8f0d-779ac432447d,D,MSP6498000J,Shoulder/Lap Belt(s),M,10b5deeb-c378-4f53-a4a7-fd025a563c50,Same Movement Angle,N,Intersection Related,Right Turn Lane,Dark Lights On,No Defects,"Two-way, Divided, Unprotected (painted >4 feet) Median",Dry,Clear,Twelve o'clock,Passenger Car,Functional,N,Moving Constant Speed,2015-02-25 18:43,52,39.46296066,-77.11521506,3,0,우회전 차선 사고,기타
7809,N,Apparently Normal,No Misuse,N,No Injury,50427326-ab30-4e04-bc9a-d67a1b852e7c,D,MSP6501000C,Shoulder/Lap Belt(s),M,de6f4469-357c-425f-9dbe-115e798da756,Single Vehicle ,N,Non Intersection,Left Turn Lane,Dark No Lights,No Defects,"Two-way, Divided, Positive Median Barrier",Wet,Raining,Eleven o'clock,Pickup Truck,Disabling,N,Moving Constant Speed,2015-02-10 4:58,54,38.24550967,-75.67782967,4,2,빗길사고,동일 방향 운행 중 추돌 사고
7810,N,Apparently Normal,No Misuse,Y,No Injury,50cca863-3aaa-4e53-b5db-916c5e63c9da,D,MSP65050003,Shoulder/Lap Belt(s),M,95635726-54c1-4ec8-972d-7da80956aa2e,Single Vehicle ,N,Intersection,Right Turn Lane,Dark No Lights,No Defects,"Two-way, Not Divided",Wet,Foggy,One o'clock,Pickup Truck,Disabling,N,Moving Constant Speed,2015-01-04 2:22,24,39.49271383,-77.33264733,4,2,빗길사고,동일 방향 운행 중 추돌 사고
7811,N,Apparently Normal,No Misuse,N,No Injury,014a2784-8a83-48d9-a494-aac3811894e0,D,MSP65050006,Shoulder/Lap Belt(s),M,a83e74cc-ea99-4ebe-aade-2183cada0775,Single Vehicle ,N,Non Intersection,Right Turn Lane,Dark No Lights,No Defects,"Two-way, Not Divided",Dry,Clear,Twelve o'clock,Van,Functional,N,Moving Constant Speed,2015-02-01 4:02,48,39.31397185,-77.5140059,2,2,기타,기타
7812,N,Apparently Normal,No Misuse,Y,No Injury,835a6ce4-5ac3-45f0-b669-8829e6a4a636,D,MSP65060006,Shoulder/Lap Belt(s),M,3881003d-e771-402a-b032-e0d46b59cb4d,Single Vehicle ,N,Non Intersection,Right Turn Lane,Daylight,No Defects,"Two-way, Not Divided",Slush,Foggy,Twelve o'clock,Passenger Car,Disabling,N,Moving Constant Speed,2015-02-22 9:07,27,39.02302783,-75.919807,0,0,눈길사고,감속 중 사고
7813,N,Apparently Normal,No Misuse,Y,No Injury,13b39b44-05bb-4cb6-9fd4-b0bb3eedcd57,D,MSP65060007,Shoulder/Lap Belt(s),M,69fbdc5d-5396-4fd7-8b39-d350ccccd8eb,Single Vehicle ,N,Non Intersection,Left Turn Lane,Dawn,No Defects,"Two-way, Divided, Positive Median Barrier",Ice,Wintry Mix,Six o'clock,Recreational Vehicle,Disabling,N,Skidding,2015-03-01 17:00,46,38.97652585,-76.12958908,0,2,눈길사고,미끌어짐에 의한 사고
7814,N,Apparently Normal,No Misuse,Y,No Injury,c7c2b34b-2a72-4fb1-9067-284192c505ee,D,MSP65060009,Shoulder/Lap Belt(s),M,eac621a3-3493-4364-92a3-0127840498fc,Single Vehicle ,N,Non Intersection,Right Turn Lane,Daylight,No Defects,"Two-way, Not Divided",Dry,Clear,One o'clock,Pickup Truck,Functional,Y,Moving Constant Speed,2015-03-24 16:19,80,39.25212888,-75.78931332,2,2,기타,기타
7815,N,Apparently Normal,No Misuse,Y,No Injury,dc3c7f18-643c-4ea5-a710-0e554871e9dc,D,MSP6511000B,Shoulder Belt Only,M,90cf0042-918e-4b87-9ba5-a58b52eef2a5,Single Vehicle ,N,Non Intersection,Right Turn Lane,Dark No Lights,No Defects,One-way Trafficway,Ice,Clear,Twelve o'clock,Passenger Car,Disabling,N,Moving Constant Speed,2015-02-22 20:48,32,38.31926279,-75.80391258,2,2,기타,기타
7816,N,Apparently Normal,No Misuse,Y,Possible Incapacitating Injury,afc386ec-9dc3-41b5-8ce2-480eab843ef9,D,MTA0116000D,Shoulder/Lap Belt(s),M,37c25ff7-a4a0-4163-859c-cb430fc1d580,Same Direction Sideswipe,N,Intersection Related,Right Turn Lane,Daylight,No Defects,"Two-way, Not Divided",Dry,Clear,Three o'clock,"Other Light Trucks (10,000 lbs (4,536 kg))",Superficial,N,Moving Constant Speed,2015-03-17 9:10,30,39.28929768,-76.61937118,3,2,우회전 차선 사고,기타
7817,Y,Apparently Normal,No Misuse,N,No Injury,aaa0cb72-b334-4576-a1d3-6a0713d62a9c,D,MTA01200008,Shoulder/Lap Belt(s),M,080ec9ea-8e9f-4ca2-84e5-e1e305e5f1bd,Single Vehicle ,N,Non Intersection,Acceleration Lane,Daylight,No Defects,"Two-way, Divided, Positive Median Barrier",Dry,Clear,Non-collision,Transit Bus,No Damage,N,Moving Constant Speed,2015-02-12 15:40,45,39.29370679,-76.68392658,1,0,좌회전 차선 사고,등속 주행 중 측면 추돌 사고
7818,N,Apparently Normal,No Misuse,Y,No Injury,7746e8d0-6965-4a07-a340-4c85bbf64add,D,MTA01740003,Shoulder/Lap Belt(s),M,80abf3d7-40fb-4add-a99b-109738b82938,Single Vehicle ,N,Non Intersection,Right Turn Lane,Dark Lights On,No Defects,One-way Trafficway,Snow,Snow,Underside,Police Vehicle/Non Emergency,Functional,N,Moving Constant Speed,2015-02-14 22:05,29,39.30635965,-76.53777838,0,0,눈길사고,감속 중 사고
7819,N,Apparently Normal,No Misuse,Y,No Injury,b44adf6f-8729-4278-a719-5b9479fcf6eb,D,MTA02320001,Shoulder/Lap Belt(s),M,13efebc6-5001-4396-bd44-35e3dc809545,Single Vehicle ,N,Non Intersection,Right Turn Lane,Dark Lights On,No Defects,"Two-way, Not Divided",Dry,Clear,Four o'clock,Police Vehicle/Emergency,Functional,N,Starting From Parked,2015-01-01 21:15,53,39.37406833,-76.74010277,2,0,기타,자차 사고
7820,N,Apparently Normal,No Misuse,Y,No Injury,b9bb1cad-b38b-4a57-b2fa-3d288cd59327,D,MTA02450004,Shoulder/Lap Belt(s),M,4756359d-d772-4159-9a35-f6d11cc6cc9b,Same Direction Sideswipe,N,Non Intersection,Right Turn Lane,Dark Lights On,No Defects,"Two-way, Divided, Unprotected (painted >4 feet) Median",Wet,Snow,Seven o'clock,Passenger Car,Disabling,N,Starting From Lane,2015-01-29 17:05,35,39.30454987,-76.59118652,4,0,빗길사고,등속 주행 중 사고
7821,N,Apparently Normal,No Misuse,N,No Injury,e6e1202d-595a-46f9-abc5-7ca0499cbcf7,D,MTA02610001,Shoulder/Lap Belt(s),M,826c4865-6559-4320-b09a-3cb80a68b30b,Same Direction Rear End,N,Non Intersection,Right Turn Lane,Daylight,No Defects,One-way Trafficway,Snow,Snow,Six o'clock,Police Vehicle/Non Emergency,No Damage,N,Stopped in Traffic Lane,2015-01-06 12:24,53,39.32174922,-76.61732197,0,1,눈길사고,등속 주행 사고
7822,N,Apparently Normal,No Misuse,Y,No Injury,0393d1eb-c0c0-4c46-b0b6-4e1f16091b13,D,MTA02610001,Shoulder/Lap Belt(s),M,07fd965b-5493-49e6-9949-46645b372fa3,Same Direction Rear End,N,Non Intersection,Right Turn Lane,Daylight,No Defects,One-way Trafficway,Snow,Snow,Twelve o'clock,(Sport) Utility Vehicle,No Damage,N,Slowing or Stopping,2015-01-06 12:24,30,39.32174922,-76.61732197,0,1,눈길사고,등속 주행 사고
7823,Y,Apparently Normal,No Misuse,Y,No Injury,8bd009c6-a7af-471e-9a39-4feec6971385,D,MTA02800005,Shoulder/Lap Belt(s),M,b09ce437-a2ef-4b02-a727-37fed39956ab,Same Direction Rear End,N,Non Intersection,Right Turn Lane,Daylight,"Holes, Ruts, Etc.","Two-way, Not Divided",Dry,Clear,Twelve o'clock,Transit Bus,Superficial,N,Slowing or Stopping,2015-02-28 15:56,45,39.24877234,-76.63980961,2,1,기타,등속 주행 사고
7824,N,Apparently Normal,No Misuse,N,Non-incapacitating Injury,e0bdf899-56d5-4ace-a077-4efebe1e0a44,D,MTA02800005,Shoulder/Lap Belt(s),M,cd3fa976-2631-4f0f-b611-10ddda49a357,Same Direction Rear End,N,Non Intersection,Right Turn Lane,Daylight,"Holes, Ruts, Etc.","Two-way, Not Divided",Dry,Clear,Six o'clock,Van,Superficial,N,Slowing or Stopping,2015-02-28 15:56,34,39.24877234,-76.63980961,2,1,기타,등속 주행 사고
7825,N,Apparently Normal,No Misuse,N,No Injury,f3d39614-2827-42df-8cbb-f88e8f485ae2,D,MTA0291000G,Shoulder/Lap Belt(s),M,1e5abe9c-5a12-4843-81b6-464848b93f3c,Same Direction Rear End,N,Intersection Related,Left Turn Lane,Daylight,No Defects,"Two-way, Not Divided",Dry,Clear,Twelve o'clock,Other Bus,No Damage,N,Stopped in Traffic Lane,2015-01-10 11:14,28,39.28790265,-76.65557027,1,2,좌회전 차선 사고,기타
7826,N,Apparently Normal,No Misuse,N,No Injury,eacf4e58-a7b7-4c3e-b478-0b67b79609cd,D,MTA0291000J,Shoulder/Lap Belt(s),M,07c04f45-38a3-4531-a7f0-3e9daf0eb2f4,Same Direction Rear End,N,Intersection,Left Turn Lane,Daylight,No Defects,"Two-way, Divided, Unprotected (painted >4 feet) Median",Dry,Clear,Six o'clock,Van,Superficial,N,Stopped in Traffic Lane,2015-03-23 10:58,33,39.29448729,-76.62124872,1,2,좌회전 차선 사고,기타