KEY_INDEX,CDL_FLAG,CONDITION_CODE,EQUIP_PROB_CODE,FAULT_FLAG,INJ_SEVER_CODE,PERSON_ID,PERSON_TYPE,REPORT_NO,SAF_EQUIP_CODE,SEX_CODE,VEHICLE_ID,COLLISION_TYPE_CODE,C_M_ZONE_FLAG,JUNCTION_CODE,LANE_CODE,LIGHT_CODE,RD_COND_CODE,RD_DIV_CODE,SURF_COND_CODE,WEATHER_CODE,AREA_DAMAGED_CODE_MAIN,BODY_TYPE_CODE,DAMAGE_CODE,HIT_AND_RUN_FLAG,MOVEMENT_CODE,TIME,AGE,LATITUDE,LONGITUDE,CLUSTER,SECOND_LABEL,FIRST_LABEL,SECOND_LABELING
8048,N,Apparently Normal,No Misuse,Y,No Injury,a143e8d3-9100-4685-b169-ed512b471288,D,ZR0268000K,Shoulder/Lap Belt(s),M,174b208e-e85f-4655-9080-06718dca2a0b,Same Movement Angle,N,Intersection,Right Turn Lane,Dusk,No Defects,"Two-way, Not Divided",Snow,Blowing Snow,Eleven o'clock,(Sport) Utility Vehicle,Superficial,N,Slowing or Stopping,2015-02-16 16:30,43,38.22673548,-76.51893854,0,1,눈길사고,등속 주행 사고
8049,N,Apparently Normal,No Misuse,N,No Injury,e9f5bcfb-5961-4a5d-8ed4-48c8a007d2f2,D,ZR02740005,Shoulder/Lap Belt(s),M,5cc6090e-ad4e-4db7-ba17-f5d7c4e4a9c4,Same Direction Rear End,N,Intersection Related,Right Turn Lane,Dark No Lights,No Defects,"Two-way, Divided, Unprotected (painted >4 feet) Median",Dry,Cloudy,Six o'clock,Pickup Truck,Superficial,N,Slowing or Stopping,2015-01-09 18:43,39,38.30389027,-76.52055256,3,3,우회전 차선 사고,동일 방향 운행 중 추돌 사고
8050,N,Apparently Normal,No Misuse,N,No Injury,eba1de2c-2e0b-4589-b2a7-4a04704fd7bd,D,ZR02740005,Shoulder/Lap Belt(s),M,38c7b757-7d6c-47bd-b1df-9da6ae2cbc45,Same Direction Rear End,N,Intersection Related,Right Turn Lane,Dark No Lights,No Defects,"Two-way, Divided, Unprotected (painted >4 feet) Median",Dry,Cloudy,Six o'clock,(Sport) Utility Vehicle,Functional,N,Slowing or Stopping,2015-01-09 18:43,18,38.30389027,-76.52055256,3,3,우회전 차선 사고,동일 방향 운행 중 추돌 사고
8051,N,Apparently Normal,No Misuse,Y,No Injury,f85f33c9-f3dc-47e6-b6c6-b43df53ac261,D,ZR02740005,Shoulder/Lap Belt(s),M,e8aece23-88dc-418f-a6dc-6247b08c7c48,Same Direction Rear End,N,Intersection Related,Right Turn Lane,Dark No Lights,No Defects,"Two-way, Divided, Unprotected (painted >4 feet) Median",Dry,Cloudy,Twelve o'clock,(Sport) Utility Vehicle,Disabling,N,Moving Constant Speed,2015-01-09 18:43,55,38.30389027,-76.52055256,3,2,우회전 차선 사고,기타
8052,N,Apparently Normal,No Misuse,Y,No Injury,c278e01a-77b6-4137-a2ec-7e7916000ed3,D,ZR02760005,Shoulder/Lap Belt(s),M,91f8eaa1-90ab-4174-826b-454bc818c736,Single Vehicle ,N,Non Intersection,Right Turn Lane,Dark No Lights,No Defects,"Two-way, Not Divided",Dry,Severe Winds,Twelve o'clock,Passenger Car,Disabling,N,Moving Constant Speed,2015-02-15 1:00,47,38.20060327,-76.4275074,2,2,기타,기타
8053,N,Apparently Normal,No Misuse,N,No Injury,3b6ee9ab-a9c8-4ea1-8f97-b21fc811016c,D,ZR0278000D,Shoulder/Lap Belt(s),M,f3ca225f-4488-4b58-afbe-e90d59f63448,Opposite Direction Sideswipe,N,Non Intersection,Right Turn Lane,Daylight,No Defects,"Two-way, Not Divided",Dry,Clear,Eleven o'clock,Pickup Truck,Superficial,N,Slowing or Stopping,2015-03-08 11:43,47,38.40078248,-76.60872817,2,1,기타,등속 주행 사고
8054,N,Apparently Normal,No Misuse,Y,No Injury,7954f823-bea8-484e-8ab4-ac64368b8772,D,ZR0278000D,Shoulder/Lap Belt(s),M,e6ac2c20-9cb0-4308-a421-0d9e9b74d16c,Opposite Direction Sideswipe,N,Non Intersection,Right Turn Lane,Daylight,No Defects,"Two-way, Not Divided",Dry,Clear,Twelve o'clock,Passenger Car,Functional,Y,Moving Constant Speed,2015-03-08 11:43,29,38.40078248,-76.60872817,2,2,기타,기타
8055,N,Apparently Normal,No Misuse,Y,Possible Incapacitating Injury,f07b99e1-c9a2-4efd-a2a9-4ff8643b35a9,D,ZR0278000F,Shoulder/Lap Belt(s),M,7ff92308-27fb-49aa-b9be-128bec4c2e3e,Head On Left Turn,N,Intersection,Left Turn Lane,Daylight,No Defects,"Two-way, Divided, Positive Median Barrier",Dry,Clear,Three o'clock,(Sport) Utility Vehicle,Disabling,N,Accelerating,2015-03-12 12:49,27,38.30880434,-76.66389182,1,1,좌회전 차선 사고,등속 주행 사고
8056,N,Apparently Normal,No Misuse,N,No Injury,5545f8a1-f27a-4784-9f2d-d1195ef41866,D,ZR0279000B,Shoulder/Lap Belt(s),M,8aa2c91a-4698-45c3-bdbd-078cd161f156,Opposite Direction Sideswipe,N,Non Intersection,Right Turn Lane,Daylight,No Defects,"Two-way, Not Divided",Wet,Clear,Eight o'clock,Pickup Truck,Disabling,N,Moving Constant Speed,2015-03-06 10:42,37,38.29317015,-76.53429151,2,2,기타,기타
8057,N,Apparently Normal,No Misuse,Y,No Injury,8fbd0a5c-f828-4395-9451-dd965067556a,D,ZR0279000B,Shoulder/Lap Belt(s),M,c3058817-3b1d-4c5a-a6a7-613c5a829189,Opposite Direction Sideswipe,N,Non Intersection,Right Turn Lane,Daylight,No Defects,"Two-way, Not Divided",Wet,Clear,One o'clock,Passenger Car,Disabling,N,Moving Constant Speed,2015-03-06 10:42,62,38.29317015,-76.53429151,2,2,기타,기타
8058,N,Apparently Normal,No Misuse,N,No Injury,420b14f8-a598-4e88-a58d-7593c380af31,D,ZR03010007,Shoulder/Lap Belt(s),M,a9a0bebf-2ad1-4416-96e6-177a40136029,Same Direction Rear End,N,Non Intersection,Right Turn Lane,Daylight,No Defects,"Two-way, Not Divided",Dry,Clear,Six o'clock,(Sport) Utility Vehicle,Functional,N,Slowing or Stopping,2015-01-08 7:53,18,38.27556911,-76.61168933,2,1,기타,등속 주행 사고
8059,N,Apparently Normal,No Misuse,Y,No Injury,bc196fcb-b1aa-4d08-a650-a7fa00e0fce1,D,ZR03010007,Shoulder/Lap Belt(s),M,a306b5a4-49d0-452c-b8d8-bf0aa7a5ac29,Same Direction Rear End,N,Non Intersection,Right Turn Lane,Daylight,No Defects,"Two-way, Not Divided",Dry,Clear,Twelve o'clock,Pickup Truck,Disabling,N,Moving Constant Speed,2015-01-08 7:53,46,38.27556911,-76.61168933,2,3,기타,등속 주행 중 측면 추돌 사고
8060,N,Apparently Normal,No Misuse,N,No Injury,69c24333-dc09-417f-bb8e-f38e5d93fad7,D,ZR03030005,Shoulder/Lap Belt(s),M,a414680a-855f-452a-bd61-6dd9ee1c5d9e,Same Direction Rear End,N,Intersection Related,Left Turn Lane,Daylight,No Defects,"Two-way, Divided, Unprotected (painted >4 feet) Median",Wet,Clear,Six o'clock,"Cargo Van/Light Truck 2 axles (10,000 lbs (4,536 kg) or less)",No Damage,N,Slowing or Stopping,2015-01-16 8:30,42,38.24709524,-76.48969173,1,3,좌회전 차선 사고,감속 중 사고
8061,N,Apparently Normal,No Misuse,Y,No Injury,73982828-7cd0-4ed8-a05e-c6756dacee0b,D,ZR03030005,Shoulder/Lap Belt(s),M,f432d543-c5b3-4b1e-a4e9-db8c6b638091,Same Direction Rear End,N,Intersection Related,Left Turn Lane,Daylight,No Defects,"Two-way, Divided, Unprotected (painted >4 feet) Median",Wet,Clear,Twelve o'clock,"Cargo Van/Light Truck 2 axles (10,000 lbs (4,536 kg) or less)",Functional,N,Slowing or Stopping,2015-01-16 8:30,49,38.24709524,-76.48969173,1,3,좌회전 차선 사고,감속 중 사고
8062,N,Apparently Normal,No Misuse,N,No Injury,65af2aa9-4e4b-4555-a153-6f4c2b90dec6,D,ZR03030008,Shoulder/Lap Belt(s),M,d545fb8c-770d-4fae-a1e9-beae0569deba,Same Direction Rear End,N,Intersection Related,Right Turn Lane,Daylight,No Defects,"Two-way, Not Divided",Dry,Clear,Six o'clock,Pickup Truck,Functional,N,Stopped in Traffic Lane,2015-01-22 15:24,45,38.27540066,-76.61157131,3,3,우회전 차선 사고,동일 방향 운행 중 추돌 사고
8063,N,Apparently Normal,No Misuse,Y,No Injury,af6dca27-3541-446b-8ae2-3768988fb48e,D,ZR03030008,Shoulder/Lap Belt(s),M,0660b4c1-e7a4-4e95-abcd-941a3f48d16e,Same Direction Rear End,N,Intersection Related,Right Turn Lane,Daylight,No Defects,"Two-way, Not Divided",Dry,Clear,Twelve o'clock,Pickup Truck,Functional,N,Slowing or Stopping,2015-01-22 15:24,46,38.27540066,-76.61157131,3,3,우회전 차선 사고,동일 방향 운행 중 추돌 사고
8064,N,Apparently Normal,No Misuse,N,No Injury,bfce5609-0612-42d6-b640-a6f2f0b425a2,D,ZR03030009,Shoulder/Lap Belt(s),M,575bf09d-d467-4780-a1c7-8cc9152a52a9,Same Direction Rear End,N,Non Intersection,Right Turn Lane,Daylight,No Defects,"Two-way, Not Divided",Dry,Clear,Six o'clock,Station Wagon,Functional,N,Stopped in Traffic Lane,2015-02-23 14:32,54,38.2385172,-76.53698444,2,0,기타,자차 사고
8065,N,Apparently Normal,No Misuse,Y,No Injury,8d6a3e83-9ab3-454e-9b8a-07b57fd6390f,D,ZR03030009,Shoulder/Lap Belt(s),M,40918a7d-21b9-4377-837e-745da11f491b,Same Direction Rear End,N,Non Intersection,Right Turn Lane,Daylight,No Defects,"Two-way, Not Divided",Dry,Clear,Twelve o'clock,Pickup Truck,Superficial,N,Slowing or Stopping,2015-02-23 14:32,22,38.2385172,-76.53698444,2,1,기타,등속 주행 사고
8066,N,Apparently Normal,No Misuse,N,No Injury,5edd13db-c060-4254-8d7d-0bfe6504dba4,D,ZR03050009,Shoulder/Lap Belt(s),M,3edfa3cd-a6f6-4b85-ac86-ad7c0dd5b610,Head On Left Turn,N,Non Intersection,Right Turn Lane,Dark No Lights,No Defects,"Two-way, Not Divided",Dry,Clear,Twelve o'clock,Passenger Car,Disabling,N,Slowing or Stopping,2015-03-06 19:28,54,38.34212848,-76.58078089,2,1,기타,등속 주행 사고
8067,N,Apparently Normal,No Misuse,Y,No Injury,c0ed8ed1-8fc9-468f-974f-9b57f873fcd5,D,ZR03050009,Shoulder/Lap Belt(s),M,752176dd-6c17-47e7-aa2d-cca395e59b4c,Head On Left Turn,N,Non Intersection,Right Turn Lane,Dark No Lights,No Defects,"Two-way, Not Divided",Dry,Clear,Five o'clock,Passenger Car,Functional,N,Stopped in Traffic Lane,2015-03-06 19:28,19,38.34212848,-76.58078089,2,0,기타,자차 사고
8068,N,Apparently Normal,No Misuse,Y,No Injury,8b9c0494-049e-4b97-878f-da1710abad80,D,ZS65190005,Shoulder/Lap Belt(s),M,ecd3b03e-4b7d-4271-9e89-78fe4a3c5a27,Single Vehicle ,N,Non Intersection,Right Turn Lane,Daylight,No Defects,"Two-way, Not Divided",Wet,Raining,Twelve o'clock,Passenger Car,Disabling,N,Moving Constant Speed,2015-03-14 9:55,62,38.24803893,-75.78510761,4,2,빗길사고,동일 방향 운행 중 추돌 사고
8069,N,Apparently Normal,No Misuse,Y,No Injury,9aa9280b-a1b2-46cb-b93c-608138b3b729,D,ZT00260002,Shoulder/Lap Belt(s),M,04fcdfc0-b6eb-4a1c-a7a5-6d7db67d13c7,Single Vehicle ,N,Non Intersection,Right Turn Lane,Dark No Lights,No Defects,"Two-way, Not Divided",Dry,Clear,Twelve o'clock,Pickup Truck,Superficial,N,Moving Constant Speed,2015-02-12 21:10,64,38.82449674,-76.1693716,2,2,기타,기타
8070,Y,Apparently Normal,No Misuse,Y,No Injury,b7e8bf69-71e0-4285-8d73-ab01e4e04119,D,ZT00820005,Shoulder/Lap Belt(s),M,5ee4a14d-3e1b-4826-a5e3-12855741ea55,Single Vehicle ,N,Non Intersection,Right Turn Lane,Daylight,Foreign Material,"Two-way, Not Divided",Snow,Snow,Twelve o'clock,Police Vehicle/Non Emergency,Functional,N,Moving Constant Speed,2015-03-05 14:50,31,38.89958343,-75.97376347,0,0,눈길사고,감속 중 사고
8071,N,Apparently Normal,No Misuse,Y,No Injury,37384921-fbc6-4d5f-8a79-8854b5314140,D,ZT01120004,Shoulder/Lap Belt(s),M,6c3f558a-05f9-4a94-a767-ef22fea2d971,Single Vehicle ,N,Non Intersection,Left Turn Lane,Daylight,No Defects,"Two-way, Divided, Positive Median Barrier",Ice,Wintry Mix,Eight o'clock,Passenger Car,Disabling,N,Moving Constant Speed,2015-03-01 13:36,22,38.70845305,-76.06246948,0,0,눈길사고,감속 중 사고
8072,N,Apparently Normal,No Misuse,N,No Injury,61b30e9d-6997-442e-bd6f-77839858fc49,D,ZT01190007,Shoulder/Lap Belt(s),M,dd455917-9aa2-43dc-88fe-ca5d943a69b6,Single Vehicle ,N,Non Intersection,Right Turn Lane,Dark - Unknown Lighting,No Defects,"Two-way, Not Divided",Dry,Clear,Two o'clock,"Other Light Trucks (10,000 lbs (4,536 kg))",Superficial,Y,Moving Constant Speed,2015-03-21 6:00,56,38.79911577,-76.08317614,2,2,기타,기타
8073,N,Apparently Normal,No Misuse,Y,No Injury,72b1778a-75b4-4ada-b49e-19c499315e62,D,ZT01250001,Shoulder/Lap Belt(s),M,e00e16a9-15a2-42a2-8800-b7199b63ad1a,Single Vehicle ,N,Non Intersection,Right Turn Lane,Daylight,No Defects,"Two-way, Not Divided",Slush,Wintry Mix,Twelve o'clock,Passenger Car,Disabling,N,Accelerating,2015-01-14 11:44,19,38.70265093,-76.09506369,0,2,눈길사고,미끌어짐에 의한 사고
8074,N,Apparently Normal,No Misuse,Y,No Injury,92d991ff-f6cd-4ffc-acec-c74afdd321ec,D,ZT01270003,Shoulder/Lap Belt(s),M,f28c35d0-7df7-4c1f-ba79-ba914a26ac7f,Single Vehicle ,N,Non Intersection,Right Turn Lane,Daylight,Foreign Material,"Two-way, Not Divided",Snow,Snow,One o'clock,"Other Light Trucks (10,000 lbs (4,536 kg))",Functional,N,Moving Constant Speed,2015-03-05 14:45,51,38.80251046,-75.9961009,0,0,눈길사고,감속 중 사고
8075,N,Apparently Normal,No Misuse,Y,No Injury,03163379-a9cc-4950-b104-3f39cc44d06e,D,ZU40490003,Shoulder/Lap Belt(s),M,04e01a76-2c0d-4f9a-b434-7bfc5f8a0b4f,Single Vehicle ,N,Non Intersection,Right Turn Lane,Dark No Lights,No Defects,"Two-way, Not Divided",Dry,Cloudy,Twelve o'clock,Pickup Truck,Disabling,N,Moving Constant Speed,2015-02-12 6:06,25,39.50958685,-77.69456148,2,2,기타,기타
8076,N,Apparently Normal,No Misuse,N,No Injury,16abb410-28d3-486a-9476-c24f1ba7eb46,D,ZU45670001,Shoulder/Lap Belt(s),M,4010cb5b-7709-437d-991a-e5be58bf3992,Single Vehicle ,N,Non Intersection,Right Turn Lane,Dark No Lights,No Defects,"Two-way, Not Divided",Dry,Clear,One o'clock,Police Vehicle/Emergency,Superficial,N,Accelerating,2015-03-09 21:00,37,39.39744411,-77.70170689,2,0,기타,자차 사고
8077,N,Apparently Normal,No Misuse,N,No Injury,1e0813e5-7bce-4eb8-b7d7-74ab655489b6,D,ZU72310004,Shoulder/Lap Belt(s),M,6826d3ca-6860-457e-b529-629360d451b8,Head On Left Turn,N,Intersection Related,Left Turn Lane,Daylight,No Defects,"Two-way, Divided, Unprotected (painted >4 feet) Median",Dry,Clear,Twelve o'clock,Passenger Car,Disabling,N,Moving Constant Speed,2015-03-30 16:10,18,39.62142491,-77.75576815,1,0,좌회전 차선 사고,등속 주행 중 측면 추돌 사고
8078,N,Apparently Normal,No Misuse,Y,No Injury,7807d1af-da89-43ef-9c97-50dea9beae83,D,ZU72310004,Shoulder/Lap Belt(s),M,96897782-3d1d-42d9-9998-e517d20f762d,Head On Left Turn,N,Intersection Related,Left Turn Lane,Daylight,No Defects,"Two-way, Divided, Unprotected (painted >4 feet) Median",Dry,Clear,Twelve o'clock,(Sport) Utility Vehicle,Disabling,N,Making Left Turn,2015-03-30 16:10,74,39.62142491,-77.75576815,1,1,좌회전 차선 사고,등속 주행 사고
8079,N,Apparently Normal,No Misuse,Y,No Injury,83644ae6-af88-461f-8d45-8c5051433bd0,D,ZU7601000B,Shoulder/Lap Belt(s),M,4284eb43-8185-47c9-b4a8-3874e21c55c0,Single Vehicle ,N,Non Intersection,Right Turn Lane,Daylight,No Defects,"Two-way, Divided, Unprotected (painted >4 feet) Median",Slush,Wintry Mix,Twelve o'clock,Station Wagon,Disabling,N,Skidding,2015-03-01 16:35,37,39.56016205,-77.75203875,0,2,눈길사고,미끌어짐에 의한 사고
8080,N,Apparently Normal,No Misuse,N,No Injury,a79147e0-00be-4e2a-914e-00bec7296df4,D,ZU77800003,Shoulder/Lap Belt(s),M,5a0b2762-750d-4140-a85f-74e57fb8623e,Head On Left Turn,N,Intersection,Right Turn Lane,Dark Lights On,No Defects,"Two-way, Not Divided with a Continuous Left Turn Lane",Dry,Clear,Twelve o'clock,Passenger Car,Disabling,N,Moving Constant Speed,2015-01-23 5:03,26,39.6698359,-77.71938801,3,2,우회전 차선 사고,기타
8081,N,Apparently Normal,No Misuse,N,No Injury,981a780e-3442-46ca-8177-9f56d043c146,D,ZVW2120009,Shoulder/Lap Belt(s),M,14225ac9-539a-4837-ac13-8f340937c373,Same Direction Rear End,N,Intersection,Right Turn Lane,Daylight,No Defects,"Two-way, Not Divided",Dry,Clear,Six o'clock,Pickup Truck,Superficial,N,Stopped in Traffic Lane,2015-01-16 14:26,35,38.40864145,-75.57664633,3,3,우회전 차선 사고,동일 방향 운행 중 추돌 사고
8082,N,Apparently Normal,No Misuse,Y,No Injury,28f93069-d44a-48bd-ae59-b9d2e8c5d9b3,D,ZVW2120009,Shoulder/Lap Belt(s),M,86cb3848-2640-44e9-be2a-adba47c783a2,Same Direction Rear End,N,Intersection,Right Turn Lane,Daylight,No Defects,"Two-way, Not Divided",Dry,Clear,Twelve o'clock,Passenger Car,Disabling,N,Moving Constant Speed,2015-01-16 14:26,71,38.40864145,-75.57664633,3,2,우회전 차선 사고,기타
8083,N,Apparently Normal,No Misuse,Y,No Injury,e0efbb55-908c-4b79-933e-8bb0b96fa191,D,ZVW212000B,Shoulder/Lap Belt(s),M,8f8a6f25-66c6-4490-80cb-73e298a95dca,Single Vehicle ,N,Non Intersection,Right Turn Lane,Dawn,No Defects,"Two-way, Not Divided",Wet,Cloudy,Ten o'clock,Pickup Truck,Disabling,N,Accelerating,2015-01-19 7:27,34,38.3821542,-75.73590517,4,0,빗길사고,등속 주행 중 사고
8084,N,Apparently Normal,No Misuse,Y,No Injury,f23180a1-0de1-42b6-bacc-fd959ba22981,D,ZVW249000G,Shoulder/Lap Belt(s),M,8a56481d-0188-4d8d-a3ee-74399f20a599,Single Vehicle ,N,Non Intersection,Right Turn Lane,Daylight,No Defects,"Two-way, Not Divided",Dry,Clear,Twelve o'clock,Pickup Truck,Disabling,N,Moving Constant Speed,2015-03-25 14:52,52,38.41620746,-75.6606102,2,2,기타,기타
8085,N,Apparently Normal,No Misuse,N,No Injury,bfc0d714-61a4-449d-80b9-047c5c14410c,D,ZVW256000J,Shoulder/Lap Belt(s),M,c9b7c7ca-908f-46b9-bc95-e4b75296436f,Single Vehicle ,N,Non Intersection,Right Turn Lane,Dark No Lights,No Defects,"Two-way, Not Divided",Dry,Clear,One o'clock,Police Vehicle/Non Emergency,Superficial,N,Moving Constant Speed,2015-03-22 2:31,44,38.36225294,-75.45022845,2,2,기타,기타
8086,N,Apparently Normal,No Misuse,Y,No Injury,7edabe7c-844d-4117-921d-7f1cff68f79f,D,ZVW2630006,Shoulder/Lap Belt(s),M,0e2ad25f-a051-41bf-a23f-2fe66d3d7690,Single Vehicle ,N,Non Intersection,Right Turn Lane,Dark Lights On,No Defects,"Two-way, Not Divided",Dry,Clear,Roof Top,Passenger Car,Disabling,N,Moving Constant Speed,2015-03-15 20:30,19,38.40073834,-75.54422379,2,2,기타,기타
8087,N,Apparently Normal,No Misuse,Y,No Injury,cddf01e6-66b9-404b-9efb-a41f94a144ad,D,ZVW3020008,Shoulder/Lap Belt(s),M,e292945f-7497-43a1-a6f7-4681830205c3,Single Vehicle ,N,Non Intersection,Right Turn Lane,Dark No Lights,No Defects,"Two-way, Not Divided",Ice,Wintry Mix,Nine o'clock,Pickup Truck,Disabling,N,Moving Constant Speed,2015-02-14 21:49,23,38.31062302,-75.5801627,0,0,눈길사고,감속 중 사고
8088,Y,Apparently Normal,No Misuse,N,No Injury,8d31810b-9d80-47a1-b6f9-740cb3bbd0e1,D,ZW01160004,Shoulder/Lap Belt(s),M,b0fc6a8e-a980-47da-b291-ae8822be9882,Same Direction Rear End Left Turn,N,Intersection,Right Turn Lane,Daylight,No Defects,"Two-way, Not Divided",Dry,Cloudy,Seven o'clock,(Sport) Utility Vehicle,Functional,N,Making Left Turn,2015-03-27 18:38,36,38.07948252,-75.57627356,3,1,우회전 차선 사고,등속 주행 중 측면 추돌 사고
8089,N,Apparently Normal,No Misuse,Y,No Injury,52068e63-8f84-4a17-a4d1-ee6ef587bd76,D,ZW01160004,Shoulder/Lap Belt(s),M,269750b5-c328-4326-ac58-0540260cf620,Same Direction Rear End Left Turn,N,Intersection,Right Turn Lane,Daylight,No Defects,"Two-way, Not Divided",Dry,Cloudy,Twelve o'clock,(Sport) Utility Vehicle,Functional,N,Accelerating,2015-03-27 18:38,26,38.07948252,-75.57627356,3,1,우회전 차선 사고,등속 주행 중 측면 추돌 사고
8090,N,Apparently Normal,No Misuse,N,Non-incapacitating Injury,d8018ae0-77a1-476f-90d6-5d452d1b7b2e,D,AC1022000K,Shoulder/Lap Belt(s),M,afc2314e-585d-48a7-bf92-f8fcd3cba220,Head On,N,Non Intersection,Right Turn Lane,Daylight,No Defects,"Two-way, Not Divided",Snow,Snow,Twelve o'clock,Pickup Truck,Disabling,N,Moving Constant Speed,2015-03-05 13:15,55,38.75729167,-76.59579,0,0,눈길사고,감속 중 사고
8091,N,Apparently Normal,No Misuse,Y,Non-incapacitating Injury,f82f1dd9-c13c-452c-bac0-075612002c13,D,AC1022000K,Shoulder/Lap Belt(s),M,adc02dca-5fab-42ca-9054-4ecf4d5f4500,Head On,N,Non Intersection,Right Turn Lane,Daylight,No Defects,"Two-way, Not Divided",Snow,Snow,Twelve o'clock,(Sport) Utility Vehicle,Disabling,N,Skidding,2015-03-05 13:15,43,38.75729167,-76.59579,0,2,눈길사고,미끌어짐에 의한 사고
8092,N,Apparently Normal,No Misuse,N,Non-incapacitating Injury,911bfb1f-0c7d-43e6-bbff-607dc1d0e962,D,AC1668000L,Shoulder/Lap Belt(s),M,7df80042-1078-4ca2-a321-0901b863c334,Same Direction Rear End,N,Non Intersection,Right Turn Lane,Dark Lights On,No Defects,"Two-way, Not Divided",Snow,Snow,Six o'clock,Passenger Car,Superficial,N,Slowing or Stopping,2015-02-14 20:04,28,39.12578234,-76.70530379,0,1,눈길사고,등속 주행 사고
8093,N,Apparently Normal,No Misuse,Y,Non-incapacitating Injury,af70e8c5-7d8d-451a-b534-d92c79b235e5,D,AC1875000Y,Shoulder/Lap Belt(s),M,30ba4430-aee4-4057-971f-3cf7631fcec7,Single Vehicle ,N,Non Intersection,Right Turn Lane,Daylight,No Defects,"Two-way, Not Divided",Ice,Wintry Mix,Six o'clock,Passenger Car,Destroyed,N,Moving Constant Speed,2015-02-15 16:10,26,39.13532128,-76.71129728,0,0,눈길사고,감속 중 사고
8094,N,Apparently Normal,No Misuse,N,Non-incapacitating Injury,6d338029-6a20-4b06-8dfd-ca29aa143621,D,AC1881000G,Shoulder/Lap Belt(s),M,e112401e-0264-41cf-b481-61c0f9548e6d,Same Movement Angle,N,Intersection,Shoulder Area,Dark Lights On,No Defects,"Two-way, Divided, Positive Median Barrier",Ice,Clear,One o'clock,Passenger Car,Disabling,N,Accelerating,2015-01-07 0:36,36,38.94058944,-76.56368315,1,1,좌회전 차선 사고,등속 주행 사고
8095,N,Apparently Normal,No Misuse,N,Non-incapacitating Injury,f67844d5-9dbd-4283-801c-82ac9c958f6c,D,AC1933000Z,Shoulder/Lap Belt(s),M,a484a8ba-67eb-44db-9442-fee23fe87ea1,Same Movement Angle,N,Non Intersection,Right Turn Lane,Daylight,No Defects,"Two-way, Not Divided",Dry,Clear,Twelve o'clock,Passenger Car,Disabling,N,Moving Constant Speed,2015-02-14 12:57,77,39.20986126,-76.64216995,2,2,기타,기타
8096,N,Apparently Normal,No Misuse,Y,Non-incapacitating Injury,e98b3bd5-4a9b-4600-b182-1a8756ab3bc5,D,AC1933000Z,Shoulder/Lap Belt(s),M,51fb6207-2e41-417d-8695-b09560dda718,Same Movement Angle,N,Non Intersection,Right Turn Lane,Daylight,No Defects,"Two-way, Not Divided",Dry,Clear,Eleven o'clock,(Sport) Utility Vehicle,Disabling,N,Making Left Turn,2015-02-14 12:57,22,39.20986126,-76.64216995,2,0,기타,자차 사고
8097,N,Apparently Normal,No Misuse,Y,Non-incapacitating Injury,3ddc9411-f7ba-48e0-b537-03b9ddde580a,D,AC19900019,Shoulder/Lap Belt(s),M,eb4abdea-0d96-4a82-b000-06c05f8d40dc,Single Vehicle ,N,Non Intersection,Right Turn Lane,Daylight,No Defects,"Two-way, Divided, Unprotected (painted >4 feet) Median",Ice,Cloudy,Twelve o'clock,Pickup Truck,Disabling,N,Slowing or Stopping,2015-03-03 9:33,20,38.96252402,-76.65921172,0,1,눈길사고,등속 주행 사고
8098,N,Apparently Normal,No Misuse,N,Non-incapacitating Injury,978aec4a-8f52-4e44-9fdc-042d61054322,D,ADE4890001,Shoulder/Lap Belt(s),M,27eb6da7-dc63-4479-9cba-2960e3240df2,Single Vehicle ,N,Non Intersection,Right Turn Lane,Dark Lights On,No Defects,"Two-way, Divided, Positive Median Barrier",Wet,Clear,Twelve o'clock,Passenger Car,Disabling,N,Moving Constant Speed,2015-01-07 2:49,26,39.26744731,-76.63502455,4,2,빗길사고,동일 방향 운행 중 추돌 사고
8099,N,Apparently Normal,No Misuse,Y,Non-incapacitating Injury,d86fbc9a-f041-474a-9266-5416dfffb96f,D,ADE8360001,Shoulder/Lap Belt(s),M,fc80e623-4b79-40dc-ba39-ed66b754381b,Same Direction Rear End,N,Non Intersection,Left Turn Lane,Dark Lights On,No Defects,"Two-way, Divided, Positive Median Barrier",Ice,Raining,Twelve o'clock,Passenger Car,Disabling,N,Moving Constant Speed,2015-01-12 0:20,47,39.34699273,-76.67289734,4,2,빗길사고,동일 방향 운행 중 추돌 사고
8100,N,Apparently Normal,No Misuse,N,Non-incapacitating Injury,a326d080-08ba-4441-a76e-43b9bfea3f9e,D,ADH2150001,Shoulder/Lap Belt(s),M,3ee23650-e572-4e48-9960-90004ac3526a,Same Movement Angle,N,Non Intersection,Right Turn Lane,Dark Lights On,No Defects,"Two-way, Divided, Unprotected (painted >4 feet) Median",Dry,Clear,Three o'clock,Passenger Car,Superficial,N,Moving Constant Speed,2015-01-10 21:30,40,39.29650861,-76.62604988,2,2,기타,기타
8101,N,Apparently Normal,No Misuse,N,Non-incapacitating Injury,f84deb71-2b6f-46a3-a45c-d83a766d07eb,D,ADH7320001,Shoulder/Lap Belt(s),M,5683dedc-18fc-4835-9f15-51063432ce67,Same Direction Rear End,N,Non Intersection,Right Turn Lane,Daylight,No Defects,"Two-way, Divided, Unprotected (painted >4 feet) Median",Dry,Clear,Six o'clock,Pickup Truck,Superficial,N,Stopped in Traffic Lane,2015-01-23 10:01,28,39.30889991,-76.70825958,2,0,기타,자차 사고