KEY_INDEX,CDL_FLAG,CONDITION_CODE,EQUIP_PROB_CODE,FAULT_FLAG,INJ_SEVER_CODE,PERSON_ID,PERSON_TYPE,REPORT_NO,SAF_EQUIP_CODE,SEX_CODE,VEHICLE_ID,COLLISION_TYPE_CODE,C_M_ZONE_FLAG,JUNCTION_CODE,LANE_CODE,LIGHT_CODE,RD_COND_CODE,RD_DIV_CODE,SURF_COND_CODE,WEATHER_CODE,AREA_DAMAGED_CODE_MAIN,BODY_TYPE_CODE,DAMAGE_CODE,HIT_AND_RUN_FLAG,MOVEMENT_CODE,TIME,AGE,LATITUDE,LONGITUDE,CLUSTER,SECOND_LABEL,FIRST_LABEL,SECOND_LABELING
8102,N,Apparently Normal,No Misuse,N,Non-incapacitating Injury,ce4ee926-b69c-4cab-8926-9ec14052146b,D,ADJ547002G,Shoulder/Lap Belt(s),M,fc6a9577-319f-4bb2-9d8e-bdbc9fe08262,Same Direction Rear End,N,Intersection Related,Deceleration Lane,Dark - Unknown Lighting,No Defects,One-way Trafficway,Dry,Clear,Six o'clock,Passenger Car,Functional,N,Stopped in Traffic Lane,2015-03-20 23:45,67,39.30700718,-76.61471486,1,2,좌회전 차선 사고,기타
8103,N,Apparently Normal,No Misuse,Y,Possible Incapacitating Injury,227e25b7-0523-4e24-ab04-67a16caee117,D,ADJ547002G,Shoulder/Lap Belt(s),M,d0090cc5-2fb8-4562-b11e-dc78c874bf6a,Same Direction Rear End,N,Intersection Related,Deceleration Lane,Dark - Unknown Lighting,No Defects,One-way Trafficway,Dry,Clear,Twelve o'clock,Passenger Car,Functional,N,Moving Constant Speed,2015-03-20 23:45,53,39.30700718,-76.61471486,1,0,좌회전 차선 사고,등속 주행 중 측면 추돌 사고
8104,N,Apparently Normal,No Misuse,N,Non-incapacitating Injury,cba95647-d047-4494-9c47-d6c9300b91e5,D,ADJ547002J,Shoulder/Lap Belt(s),M,78941632-e455-40c4-8e54-dffe1f6a8265,Same Direction Right Turn,N,Intersection,Right Turn Lane,Daylight,No Defects,One-way Trafficway,Dry,Clear,Ten o'clock,Passenger Car,Functional,N,Moving Constant Speed,2015-03-23 19:15,30,39.2895717,-76.61380291,3,2,우회전 차선 사고,기타
8105,N,Apparently Normal,No Misuse,Y,Non-incapacitating Injury,553be3c9-df82-44e6-b7db-d4a974632d7a,D,ADJ5510002,Shoulder/Lap Belt(s),M,5fc4b9f3-120b-45c1-bfe8-b9e5bcac44b1,Same Movement Angle,N,Intersection,Right Turn Lane,Daylight,No Defects,"Two-way, Not Divided",Wet,Clear,Twelve o'clock,Passenger Car,Superficial,N,Slowing or Stopping,2015-01-08 13:28,40,39.31630432,-76.67296171,3,0,우회전 차선 사고,기타
8106,N,Apparently Normal,No Misuse,N,Non-incapacitating Injury,f5bdbb24-241e-424e-8cef-f1d028dcbe30,D,AE3770001L,Shoulder/Lap Belt(s),M,d3181a64-3502-403e-9473-a3a3460aa33b,Single Vehicle ,N,Intersection Related,Left Turn Lane,Daylight,No Defects,"Two-way, Divided, Unprotected (painted >4 feet) Median",Wet,Raining,Roof Top,Passenger Car,Disabling,N,Slowing or Stopping,2015-03-04 14:42,20,39.26071787,-76.52531549,4,0,빗길사고,등속 주행 중 사고
8107,N,Apparently Normal,No Misuse,N,Non-incapacitating Injury,ba2fd7e0-8221-41f0-af80-0bcb6f295b8a,D,AE39080007,Shoulder/Lap Belt(s),M,46984cbc-bc02-477e-b262-0d9e91b83f3a,Single Vehicle ,N,Non Intersection,Right Turn Lane,Dark No Lights,No Defects,"Two-way, Not Divided",Snow,Snow,Twelve o'clock,(Sport) Utility Vehicle,Disabling,N,Moving Constant Speed,2015-02-02 0:00,50,39.67119852,-76.73266768,0,0,눈길사고,감속 중 사고
8108,N,Apparently Normal,No Misuse,Y,Non-incapacitating Injury,25bccceb-b44f-4129-9bb3-bf54aab8c9da,D,AE4253000N,Shoulder/Lap Belt(s),M,ac5420c2-4786-47b5-a771-d7b9b903d3b6,Single Vehicle ,N,Non Intersection,Right Turn Lane,Daylight,No Defects,"Two-way, Not Divided",Wet,Clear,Three o'clock,Passenger Car,Disabling,N,Moving Constant Speed,2015-01-14 12:55,38,39.39889499,-76.82696342,2,2,기타,기타
8109,N,Apparently Normal,No Misuse,Y,Non-incapacitating Injury,fb260b60-8762-4341-89f5-03adb7d99229,D,AE4279001C,Shoulder/Lap Belt(s),M,f97dfa70-b375-413c-8289-c03eb24f8d20,Single Vehicle ,N,Non Intersection,Right Turn Lane,Dark No Lights,No Defects,"Two-way, Not Divided",Dry,Clear,Twelve o'clock,(Sport) Utility Vehicle,Disabling,N,Moving Constant Speed,2015-02-25 21:21,21,39.46518,-76.627707,2,2,기타,기타
8110,N,Apparently Normal,No Misuse,N,Non-incapacitating Injury,f7ac8b30-98cf-4ffd-b854-5e854f67838c,D,AE4519000K,Shoulder/Lap Belt(s),M,f0ff2b78-81fb-4999-9e94-edbd1e52bb3e,Same Direction Left Turn,N,Intersection,Right Turn Lane,Daylight,No Defects,"Two-way, Divided, Positive Median Barrier",Dry,Clear,One o'clock,Passenger Car,Disabling,N,Starting From Lane,2015-02-23 15:05,36,39.23785831,-76.45626605,3,1,우회전 차선 사고,등속 주행 중 측면 추돌 사고
8111,Y,Apparently Normal,No Misuse,Y,Non-incapacitating Injury,10e093bf-c93a-4dfc-9253-c16480e484b9,D,AE4519000K,Shoulder/Lap Belt(s),M,f11d473a-c164-489a-b41b-508d94c69ffd,Same Direction Left Turn,N,Intersection,Right Turn Lane,Daylight,No Defects,"Two-way, Divided, Positive Median Barrier",Dry,Clear,Eleven o'clock,Truck Tractor,Superficial,N,Making U Turn,2015-02-23 15:05,60,39.23785831,-76.45626605,3,1,우회전 차선 사고,등속 주행 중 측면 추돌 사고
8112,N,Apparently Normal,No Misuse,N,Non-incapacitating Injury,b66de2c8-215c-4ddd-a9f1-63e67cff5aca,D,AE49980024,Shoulder/Lap Belt(s),M,a53744c2-debf-4335-b7c0-089775266d7b,Head On Left Turn,N,Intersection,Right Turn Lane,Daylight,No Defects,"Two-way, Not Divided",Dry,Clear,Twelve o'clock,Passenger Car,Disabling,N,Moving Constant Speed,2015-03-24 16:56,23,39.39486561,-76.59835339,3,2,우회전 차선 사고,기타
8113,N,Apparently Normal,No Misuse,Y,Non-incapacitating Injury,265d9df1-8178-4ac0-9166-e5e66bc96585,D,AE49980024,Shoulder/Lap Belt(s),M,7cf8cd94-f8a3-40a4-a85d-a0424db6e340,Head On Left Turn,N,Intersection,Right Turn Lane,Daylight,No Defects,"Two-way, Not Divided",Dry,Clear,Two o'clock,Passenger Car,Disabling,N,Making Left Turn,2015-03-24 16:56,45,39.39486561,-76.59835339,3,1,우회전 차선 사고,등속 주행 중 측면 추돌 사고
8114,N,Apparently Normal,No Misuse,Y,Non-incapacitating Injury,3ccf233f-862f-4e53-b9f4-3e49e422f44c,D,AE53760006,Shoulder/Lap Belt(s),M,1b9e0bcd-53d6-4726-953f-0a1c3aa60acd,Single Vehicle ,N,Non Intersection,Right Turn Lane,Dark Lights On,No Defects,"Two-way, Not Divided",Dry,Clear,Twelve o'clock,Passenger Car,Disabling,N,Moving Constant Speed,2015-03-22 2:38,28,39.34319268,-76.7639637,2,2,기타,기타
8115,N,Apparently Normal,No Misuse,Y,Non-incapacitating Injury,17ecdd15-65e4-4e0a-b8fe-aaae31b9f3a4,D,AE55870008,Shoulder/Lap Belt(s),M,5ec568b3-07db-4163-8948-bbf4f570d7b0,Single Vehicle ,N,Non Intersection,Right Turn Lane,Daylight,No Defects,"Two-way, Divided, Positive Median Barrier",Ice,Cloudy,Twelve o'clock,(Sport) Utility Vehicle,Disabling,N,Moving Constant Speed,2015-01-18 7:41,34,39.38703834,-76.75870657,0,0,눈길사고,감속 중 사고
8116,N,Apparently Normal,No Misuse,Y,Non-incapacitating Injury,050d71c9-7265-4f54-a42f-8eaf83674b98,D,AE5587000C,Shoulder/Lap Belt(s),M,664d597b-6a63-4a2c-85f4-e85a314f3c6e,Single Vehicle ,N,Non Intersection,Right Turn Lane,Daylight,No Defects,"Two-way, Divided, Positive Median Barrier",Ice,Cloudy,Six o'clock,(Sport) Utility Vehicle,Disabling,N,Moving Constant Speed,2015-01-18 8:10,24,39.38798363,-76.76048756,0,0,눈길사고,감속 중 사고
8117,N,Apparently Normal,No Misuse,Y,Non-incapacitating Injury,1b52d042-9d4f-45a9-a72b-d19b98a5b898,D,AE56090006,Shoulder/Lap Belt(s),M,f62b7536-cbd9-4c8b-9540-6a5dfa2059fe,Single Vehicle ,N,Intersection Related,Right Turn Lane,Dark Lights On,No Defects,"Two-way, Not Divided",Dry,Clear,Twelve o'clock,Passenger Car,Disabling,N,Moving Constant Speed,2015-02-14 2:27,48,39.34695125,-76.77667737,3,2,우회전 차선 사고,기타
8118,N,Apparently Normal,No Misuse,N,Non-incapacitating Injury,b25722a0-23ec-4671-81bc-e89e6afc53a1,D,AE5767000C,Shoulder/Lap Belt(s),M,302d262c-f760-4e09-94be-8a72e3c1d81d,Single Vehicle ,N,Non Intersection,Right Turn Lane,Daylight,No Defects,"Two-way, Divided, Unprotected (painted >4 feet) Median",Ice,Sleet,Eleven o'clock,(Sport) Utility Vehicle,Destroyed,N,Slowing or Stopping,2015-01-18 7:43,43,39.25924024,-76.76636696,0,1,눈길사고,등속 주행 사고
8119,N,Apparently Normal,No Misuse,Y,Non-incapacitating Injury,8ad27a33-cd10-43f3-b8f4-8cd0c86e988d,D,BS04510003,Shoulder/Lap Belt(s),M,0a8ab78d-d773-44af-b6ce-f37d0b8165a8,Head On,N,Non Intersection,Left Turn Lane,Dark Lights On,No Defects,"Two-way, Divided, Positive Median Barrier",Dry,Clear,Twelve o'clock,Pickup Truck,Disabling,N,Moving Constant Speed,2015-01-16 1:09,24,39.45990415,-77.39505529,1,0,좌회전 차선 사고,등속 주행 중 측면 추돌 사고
8120,N,Apparently Normal,No Misuse,Y,Non-incapacitating Injury,4639cc8a-3bd5-4a3f-a4cf-0f34b579bf1a,D,BW01360005,Shoulder/Lap Belt(s),M,be67d0b8-b1b1-4d78-aff1-56f48b7af5e3,Same Movement Angle,N,Intersection,Shoulder Area,Dark Lights On,No Defects,"Two-way, Divided, Positive Median Barrier",Dry,Clear,Twelve o'clock,Passenger Car,Disabling,N,Accelerating,2015-02-26 0:48,25,38.99644049,-76.90054178,1,1,좌회전 차선 사고,등속 주행 사고
8121,N,Apparently Normal,No Misuse,N,Possible Incapacitating Injury,50faf07c-4122-4ef0-9edf-a1824c88890a,D,BW01360005,Shoulder/Lap Belt(s),M,60df11d5-651b-4ded-b5aa-c69fc415056c,Same Movement Angle,N,Intersection,Shoulder Area,Dark Lights On,No Defects,"Two-way, Divided, Positive Median Barrier",Dry,Clear,One o'clock,Police Vehicle/Non Emergency,Disabling,N,Moving Constant Speed,2015-02-26 0:48,29,38.99644049,-76.90054178,1,0,좌회전 차선 사고,등속 주행 중 측면 추돌 사고
8122,N,Apparently Normal,No Misuse,N,Non-incapacitating Injury,75f0a6ff-4eec-4b22-8536-57826ad0038b,D,CB57310005,Shoulder/Lap Belt(s),M,c885a130-6f94-4bdf-999a-5ad8e19b1aee,Same Direction Rear End,N,Non Intersection,Left Turn Lane,Dark Lights On,No Defects,"Two-way, Divided, Positive Median Barrier",Dry,Clear,Six o'clock,Passenger Car,Functional,N,Slowing or Stopping,2015-01-16 20:30,40,39.29216239,-76.82537556,1,3,좌회전 차선 사고,감속 중 사고
8123,N,Apparently Normal,No Misuse,Y,Non-incapacitating Injury,cc91bece-1705-4fbb-b571-e40392191dbb,D,CBPD0071000X,Shoulder/Lap Belt(s),M,726a290b-8674-40ae-91e3-5eb0939a7f9e,Single Vehicle ,N,Intersection Related,Right Turn Lane,Dawn,No Defects,"Two-way, Divided, Unprotected (painted >4 feet) Median",Snow,Snow,One o'clock,Passenger Car,Disabling,N,Slowing or Stopping,2015-01-06 7:30,48,38.95847441,-76.72598362,0,1,눈길사고,등속 주행 사고
8124,N,Apparently Normal,No Misuse,Y,Non-incapacitating Injury,96f16dc8-b7d2-4c2d-a297-a80d2c1b61f9,D,CD0616000D,Shoulder/Lap Belt(s),M,128ab8af-25ad-481d-a432-24d791edbf75,Single Vehicle ,N,Non Intersection,Right Turn Lane,Daylight,No Defects,"Two-way, Divided, Positive Median Barrier",Wet,Cloudy,Twelve o'clock,Passenger Car,Destroyed,N,Moving Constant Speed,2015-02-12 14:45,18,38.54750044,-76.98064864,4,2,빗길사고,동일 방향 운행 중 추돌 사고
8125,N,Apparently Normal,No Misuse,Y,Non-incapacitating Injury,e0384b44-c254-413b-8d5c-6bed975cc528,D,DA36530008,Shoulder/Lap Belt(s),M,4a868631-8181-4dfe-9a61-060cb6bf48a5,Single Vehicle ,N,Non Intersection,Right Turn Lane,Dawn,No Defects,"Two-way, Not Divided",Wet,Snow,One o'clock,Passenger Car,Destroyed,N,Moving Constant Speed,2015-01-27 7:04,34,39.00837158,-76.96600914,0,0,눈길사고,감속 중 사고
8126,N,Apparently Normal,No Misuse,N,Non-incapacitating Injury,18ae3f4a-f90e-44a6-ba49-1eff8ac90100,D,DA38670008,Shoulder/Lap Belt(s),M,c4c7c397-9a36-4087-96da-a7b43451a6ec,Same Movement Angle,N,Intersection,Right Turn Lane,Daylight,No Defects,"Two-way, Divided, Unprotected (painted >4 feet) Median",Dry,Foggy,One o'clock,Passenger Car,Functional,N,Moving Constant Speed,2015-02-09 8:11,53,38.97955343,-76.87074512,3,0,우회전 차선 사고,기타
8127,N,Apparently Normal,No Misuse,N,Non-incapacitating Injury,5e3a8b66-f461-421b-a161-98a6023aaa53,D,DD5601000L,Shoulder/Lap Belt(s),M,3d372bd5-44a3-4561-921d-a71d03f14bf5,Same Movement Angle,N,Intersection,Right Turn Lane,Daylight,No Defects,"Two-way, Divided, Positive Median Barrier",Ice,Clear,Nine o'clock,Passenger Car,Functional,N,Accelerating,2015-02-15 10:38,50,39.07483667,-77.11605833,3,0,우회전 차선 사고,기타
8128,N,Had Been Drinking,No Misuse,Y,No Injury,b726eea8-e6bc-44bf-bd03-33cbc8fdc71a,D,DV01050005,Shoulder/Lap Belt(s),M,f480d9d9-4d3d-4255-8870-1a78091d4710,Single Vehicle ,N,Non Intersection,Right Turn Lane,Dark Lights On,No Defects,"Two-way, Not Divided",Dry,Clear,One o'clock,Passenger Car,No Damage,Y,Moving Constant Speed,2015-01-22 17:53,25,39.56477578,-77.03007102,2,2,기타,기타
8129,N,Apparently Normal,No Misuse,N,Non-incapacitating Injury,dbeda7e0-1fa9-4ada-9fc4-cc1ae792e8db,D,EJ7849000S,Shoulder/Lap Belt(s),M,1b410512-512e-4ddc-9926-3c9fc475cbb4,Same Direction Rear End,N,Intersection Related,Left Turn Lane,Daylight,No Defects,"Two-way, Divided, Positive Median Barrier",Dry,Clear,Six o'clock,Passenger Car,Functional,N,Stopped in Traffic Lane,2015-03-27 16:48,35,39.14962167,-77.21528167,1,2,좌회전 차선 사고,기타
8130,N,Apparently Normal,No Misuse,N,Non-incapacitating Injury,3464f819-966b-428f-9c97-a93ef0ac7f12,D,MCP1221000W,Shoulder/Lap Belt(s),M,54693b56-0bf3-4f95-8750-15e87294ff45,Head On Left Turn,N,Intersection,Left Turn Lane,Daylight,No Defects,"Two-way, Not Divided",Wet,Cloudy,Twelve o'clock,Passenger Car,Functional,N,Moving Constant Speed,2015-02-10 7:54,28,39.14517167,-77.21985333,4,2,빗길사고,동일 방향 운행 중 추돌 사고
8131,N,Apparently Normal,No Misuse,Y,Possible Incapacitating Injury,1682559f-2664-4402-abca-ec7c79f4af17,D,MCP1221000W,Shoulder/Lap Belt(s),M,189d612b-25de-420a-8cdd-46cc26306329,Head On Left Turn,N,Intersection,Left Turn Lane,Daylight,No Defects,"Two-way, Not Divided",Wet,Cloudy,Four o'clock,Passenger Car,Disabling,N,Making Left Turn,2015-02-10 7:54,38,39.14517167,-77.21985333,4,0,빗길사고,등속 주행 중 사고
8132,N,Apparently Normal,No Misuse,Y,Incapacitating/Disabled Injury,46eb67e8-4ae8-45c6-b67b-2fd8a66999a0,D,MCP13780053,Shoulder/Lap Belt(s),M,4f5ca5d1-defb-462c-8b7b-2b42c716db17,Same Movement Angle,N,Intersection,Left Turn Lane,Daylight,No Defects,"Two-way, Divided, Unprotected (painted >4 feet) Median",Wet,Raining,Twelve o'clock,Passenger Car,Functional,N,Accelerating,2015-03-10 16:14,19,39.117955,-77.25303333,4,1,빗길사고,자차 사고
8133,N,Apparently Normal,No Misuse,Y,Non-incapacitating Injury,5a54f559-d1fa-46c1-800f-3f891cc8ed0a,D,MCP14650015,Shoulder/Lap Belt(s),M,b96fe2ff-3f8a-46e9-a8f3-94df8c3604c2,Single Vehicle ,N,Non Intersection,Right Turn Lane,Dawn,"Holes, Ruts, Etc.","Two-way, Not Divided",Ice,Cloudy,One o'clock,Passenger Car,Disabling,N,Moving Constant Speed,2015-02-04 6:45,22,39.16213,-77.450165,0,0,눈길사고,감속 중 사고
8134,N,Apparently Normal,No Misuse,Y,Non-incapacitating Injury,f4f6faae-7b58-43df-bacf-63971f98937c,D,MCP2015000F,Shoulder/Lap Belt(s),M,2e45fc3a-b627-4553-89ac-a0fe292157f6,Single Vehicle ,N,Non Intersection,Right Turn Lane,Dark Lights On,No Defects,"Two-way, Divided, Positive Median Barrier",Snow,Snow,Twelve o'clock,Passenger Car,Functional,N,Moving Constant Speed,2015-02-16 19:13,36,39.18663667,-77.26415833,0,0,눈길사고,감속 중 사고
8135,N,Apparently Normal,No Misuse,N,Non-incapacitating Injury,ccd3d4d7-5169-4249-92e9-7686864a13b0,D,MCP2110000D,Shoulder/Lap Belt(s),M,1570bf4b-fabd-4182-9cc1-b9e91bdf31b8,Same Movement Angle,N,Intersection Related,Acceleration Lane,Daylight,No Defects,"Two-way, Divided, Positive Median Barrier",Dry,Clear,Three o'clock,Passenger Car,Destroyed,N,Moving Constant Speed,2015-02-15 15:37,25,39.04100167,-77.14343333,1,0,좌회전 차선 사고,등속 주행 중 측면 추돌 사고
8136,N,Apparently Normal,No Misuse,Y,Non-incapacitating Injury,582af4af-58cf-4666-ada8-f1055140604e,D,MCP2110000D,Shoulder/Lap Belt(s),M,39a785bd-05bc-42c3-b355-a88ee3ad91c9,Same Movement Angle,N,Intersection Related,Acceleration Lane,Daylight,No Defects,"Two-way, Divided, Positive Median Barrier",Dry,Clear,Twelve o'clock,Passenger Car,Destroyed,N,Moving Constant Speed,2015-02-15 15:37,44,39.04100167,-77.14343333,1,0,좌회전 차선 사고,등속 주행 중 측면 추돌 사고
8137,N,Apparently Normal,No Misuse,N,Non-incapacitating Injury,033fa556-bc56-46e0-80de-f310d04331e5,D,MCP2201000B,Shoulder/Lap Belt(s),M,b46e5d89-0685-42f2-888a-c7690f1bf094,Same Direction Rear End,N,Intersection,Left Turn Lane,Dark Lights On,No Defects,"Two-way, Divided, Positive Median Barrier",Dry,Clear,Six o'clock,Passenger Car,Superficial,N,Slowing or Stopping,2015-02-09 18:45,44,39.0134819,-77.00358152,1,3,좌회전 차선 사고,감속 중 사고
8138,N,Apparently Normal,No Misuse,Y,Non-incapacitating Injury,fd88fd32-b101-475c-8b08-f87a05cac41c,D,MCP2201000B,Shoulder/Lap Belt(s),M,3a508c44-13bd-40a2-a5bd-d09d9091e719,Same Direction Rear End,N,Intersection,Left Turn Lane,Dark Lights On,No Defects,"Two-way, Divided, Positive Median Barrier",Dry,Clear,Twelve o'clock,Passenger Car,Disabling,N,Moving Constant Speed,2015-02-09 18:45,21,39.0134819,-77.00358152,1,0,좌회전 차선 사고,등속 주행 중 측면 추돌 사고
8139,N,Apparently Normal,No Misuse,N,Non-incapacitating Injury,120ad879-1fc4-46e8-9737-2ed4daea747b,D,MCP2518000J,Shoulder/Lap Belt(s),M,426892f1-5585-47ad-a4f4-055b30d9d244,Head On,N,Non Intersection,Right Turn Lane,Daylight,No Defects,"Two-way, Not Divided",Ice,Clear,Eight o'clock,Pickup Truck,Disabling,N,Moving Constant Speed,2015-03-09 7:51,40,39.21933667,-77.09875833,2,2,기타,기타
8140,N,Apparently Normal,Belts/Anchors Broken,Y,Non-incapacitating Injury,20e8cdbb-9588-424f-a301-0ab5d6a75d8d,D,MCP2518000J,Shoulder/Lap Belt(s),M,9a6b4e15-26d8-4f31-b565-7e5841818545,Head On,N,Non Intersection,Right Turn Lane,Daylight,No Defects,"Two-way, Not Divided",Ice,Clear,Twelve o'clock,Pickup Truck,Destroyed,N,Skidding,2015-03-09 7:51,21,39.21933667,-77.09875833,2,0,기타,자차 사고
8141,N,Apparently Normal,No Misuse,Y,Non-incapacitating Injury,9c2fb34a-bb07-459c-8e28-225ecabdd263,D,MCP26940014,Shoulder/Lap Belt(s),M,a34c6914-b316-46da-aac5-515551e983f3,Same Direction Rear End,N,Non Intersection,Right Turn Lane,Dusk,No Defects,"Two-way, Not Divided",Dry,Clear,Twelve o'clock,Passenger Car,Destroyed,N,Moving Constant Speed,2015-02-07 17:54,76,39.038885,-77.08985833,2,3,기타,등속 주행 중 측면 추돌 사고
8142,N,Apparently Normal,No Misuse,Y,Non-incapacitating Injury,d5149d30-e36c-46a5-baef-f23c7981dd9a,D,MCP27070008,Shoulder/Lap Belt(s),M,6d0061ec-8870-447e-b5a1-aa77d7b163e2,Single Vehicle ,N,Non Intersection,Right Turn Lane,Daylight,No Defects,"Two-way, Divided, Positive Median Barrier",Wet,Raining,Twelve o'clock,Passenger Car,Destroyed,N,Moving Constant Speed,2015-03-14 16:13,60,39.16248565,-77.20204353,4,2,빗길사고,동일 방향 운행 중 추돌 사고
8143,N,Apparently Normal,No Misuse,N,Non-incapacitating Injury,e034ef2a-6a9e-416b-a686-afce223cec29,D,MCP2737000Y,Shoulder/Lap Belt(s),M,2b27a810-5352-4913-96d0-9f7d3e24be88,Angle Meets Left Turn,N,Intersection,Right Turn Lane,Dark Lights On,No Defects,"Two-way, Divided, Positive Median Barrier",Dry,Clear,Five o'clock,Passenger Car,Disabling,N,Making Left Turn,2015-03-19 21:44,48,39.126112,-77.072407,3,1,우회전 차선 사고,등속 주행 중 측면 추돌 사고
8144,N,Apparently Normal,No Misuse,N,Non-incapacitating Injury,cde889ef-f94d-4962-8311-a869d5682d5e,D,MSP4711000W,Shoulder/Lap Belt(s),M,067e4378-d9cd-43cd-a244-ff2b31d24244,Head On,N,Non Intersection,Right Turn Lane,Daylight,No Defects,"Two-way, Divided, Unprotected (painted >4 feet) Median",Ice,Wintry Mix,Twelve o'clock,Pickup Truck,Disabling,N,Moving Constant Speed,2015-01-18 13:00,39,39.67220517,-76.3175375,0,0,눈길사고,감속 중 사고
8145,N,Apparently Normal,No Misuse,Y,Possible Incapacitating Injury,ee5d0123-1ad8-4341-9354-afe2fcd2f0b8,D,MSP4711000W,Shoulder/Lap Belt(s),M,568a69c4-eb16-45fd-b956-14a2e0c5749c,Head On,N,Non Intersection,Right Turn Lane,Daylight,No Defects,"Two-way, Divided, Unprotected (painted >4 feet) Median",Ice,Wintry Mix,Twelve o'clock,Passenger Car,Disabling,N,Skidding,2015-01-18 13:00,37,39.67220517,-76.3175375,0,2,눈길사고,미끌어짐에 의한 사고
8146,N,Apparently Normal,No Misuse,Y,Non-incapacitating Injury,391197c1-e26b-4339-a43f-54540d1f5a90,D,MSP5660002T,Shoulder/Lap Belt(s),M,e9443e61-9331-4346-a794-8a3e05ec0652,Single Vehicle ,N,Non Intersection,Right Turn Lane,Daylight,No Defects,"Two-way, Divided, Positive Median Barrier",Dry,Cloudy,Twelve o'clock,Passenger Car,Disabling,N,Moving Constant Speed,2015-02-01 11:49,20,38.94702717,-76.83434167,2,2,기타,기타
8147,N,Apparently Normal,No Misuse,Y,Non-incapacitating Injury,5ae93a7b-bf91-4738-a640-6c4690848ba7,D,MSP5847002X,Shoulder/Lap Belt(s),M,55465286-98b5-4881-bc35-5049f084df8e,Single Vehicle ,N,Non Intersection,Left Turn Lane,Daylight,No Defects,"Two-way, Divided, Positive Median Barrier",Ice,Wintry Mix,Twelve o'clock,Pickup Truck,Disabling,N,Moving Constant Speed,2015-01-14 7:49,62,39.37071183,-77.20671333,0,0,눈길사고,감속 중 사고
8148,N,Apparently Normal,No Misuse,Y,Non-incapacitating Injury,46cd4127-00ed-4aa4-bd27-87a63849aaf8,D,MSP58620022,Shoulder/Lap Belt(s),M,8b2830c7-d9ed-4c19-b1bb-013088bc8056,Single Vehicle ,N,Non Intersection,Right Turn Lane,Daylight,No Defects,"Two-way, Not Divided",Snow,Snow,Four o'clock,Pickup Truck,Destroyed,N,Moving Constant Speed,2015-01-06 10:00,67,38.536087,-76.742065,0,0,눈길사고,감속 중 사고
8149,N,Apparently Normal,No Misuse,N,Non-incapacitating Injury,66ab7a36-f42d-41ae-b3cd-df22c5c442a2,D,MSP6009003C,Shoulder/Lap Belt(s),M,6731ecb0-ad95-4835-9d6b-942de33a547d,Single Vehicle ,N,Non Intersection,Left Turn Lane,Dark Lights On,Foreign Material,"Two-way, Divided, Positive Median Barrier",Dry,Clear,Twelve o'clock,Passenger Car,Destroyed,N,Moving Constant Speed,2015-02-02 22:03,27,39.10769567,-76.88220117,1,0,좌회전 차선 사고,등속 주행 중 측면 추돌 사고
8150,N,Apparently Normal,No Misuse,Y,Non-incapacitating Injury,84fedfbe-e04f-4b36-80a1-5bda5879c2b9,D,MSP60940035,Shoulder/Lap Belt(s),M,ad675432-9dc1-42b2-a468-1c5ea75443c8,Same Direction Rear End,N,Non Intersection,Left Turn Lane,Daylight,No Defects,One-way Trafficway,Wet,Cloudy,Twelve o'clock,Passenger Car,Disabling,N,Skidding,2015-01-04 11:54,23,39.01749867,-76.95262083,4,3,빗길사고,기타
8151,N,Apparently Normal,No Misuse,Y,Non-incapacitating Injury,4d2a67cf-2598-44ff-88fc-27e42afcb019,D,MSP6096002F,Shoulder/Lap Belt(s),M,9a9639be-b9e3-48f8-98fb-5f6378b9c8b3,Single Vehicle ,N,Non Intersection,Right Turn Lane,Dark Lights On,No Defects,"Two-way, Divided, Positive Median Barrier",Snow,Sleet,One o'clock,Passenger Car,Functional,Y,Moving Constant Speed,2015-02-21 20:30,24,39.41508067,-77.433911,0,0,눈길사고,감속 중 사고
8152,N,Apparently Normal,No Misuse,Y,Non-incapacitating Injury,e6dd9822-3672-482e-9400-282ac0aa6da3,D,MSP6225002V,Shoulder/Lap Belt(s),M,ed4560a7-654f-4789-9d9c-7869937b21b4,Single Vehicle ,N,Non Intersection,Left Turn Lane,Dark Lights On,No Defects,One-way Trafficway,Dry,Clear,Ten o'clock,Station Wagon,Destroyed,N,Moving Constant Speed,2015-01-01 7:17,35,38.483514,-76.454869,1,0,좌회전 차선 사고,등속 주행 중 측면 추돌 사고
8153,N,Apparently Normal,No Misuse,N,Non-incapacitating Injury,367a6814-bb3e-4f5f-9fe8-39d8d30f361e,D,MSP6269003L,Shoulder/Lap Belt(s),M,846ed492-b779-49a0-a1c5-f778323c69aa,Same Direction Sideswipe,N,Non Intersection,Deceleration Lane,Daylight,No Defects,"Two-way, Divided, Positive Median Barrier",Dry,Clear,Eleven o'clock,Passenger Car,Disabling,N,Moving Constant Speed,2015-03-03 9:20,46,39.01644517,-76.99781483,1,0,좌회전 차선 사고,등속 주행 중 측면 추돌 사고
8154,N,Apparently Normal,No Misuse,Y,Non-incapacitating Injury,c9f0b062-77a0-4d07-8b15-599b7541de10,D,MSP6269003L,Shoulder/Lap Belt(s),M,3bbefa02-2351-40f3-8fda-49e04cd00e8d,Same Direction Sideswipe,N,Non Intersection,Deceleration Lane,Daylight,No Defects,"Two-way, Divided, Positive Median Barrier",Dry,Clear,Five o'clock,Passenger Car,Disabling,N,Changing Lanes,2015-03-03 9:20,30,39.01644517,-76.99781483,1,1,좌회전 차선 사고,등속 주행 사고