KEY_INDEX,CDL_FLAG,CONDITION_CODE,EQUIP_PROB_CODE,FAULT_FLAG,INJ_SEVER_CODE,PERSON_ID,PERSON_TYPE,REPORT_NO,SAF_EQUIP_CODE,SEX_CODE,VEHICLE_ID,COLLISION_TYPE_CODE,C_M_ZONE_FLAG,JUNCTION_CODE,LANE_CODE,LIGHT_CODE,RD_COND_CODE,RD_DIV_CODE,SURF_COND_CODE,WEATHER_CODE,AREA_DAMAGED_CODE_MAIN,BODY_TYPE_CODE,DAMAGE_CODE,HIT_AND_RUN_FLAG,MOVEMENT_CODE,TIME,AGE,LATITUDE,LONGITUDE,CLUSTER,SECOND_LABEL,FIRST_LABEL,SECOND_LABELING
8155,N,Apparently Normal,No Misuse,Y,Non-incapacitating Injury,b06f30ac-4eb3-4857-bc6f-ddb8793e3325,D,MSP6269003M,Shoulder/Lap Belt(s),M,3e9d5637-2d7e-484a-a774-d682d357ada9,Single Vehicle ,N,Non Intersection,Left Turn Lane,Daylight,No Defects,"Two-way, Divided, Positive Median Barrier",Snow,Wintry Mix,Eleven o'clock,(Sport) Utility Vehicle,Disabling,N,Moving Constant Speed,2015-03-05 14:01,56,38.97341283,-77.17881433,0,0,눈길사고,감속 중 사고
8156,N,Apparently Normal,No Misuse,Y,Non-incapacitating Injury,eaa89e8d-1ff0-4ac9-9f73-23d6d973fcb8,D,MSP6286002G,Shoulder/Lap Belt(s),M,473070d7-7d9d-409e-bd95-7ecef43e2791,Single Vehicle ,N,Non Intersection,Right Turn Lane,Dark Lights On,No Defects,"Two-way, Divided, Positive Median Barrier",Snow,Snow,Twelve o'clock,Passenger Car,Disabling,N,Moving Constant Speed,2015-03-01 18:00,27,38.96054338,-76.65435791,0,0,눈길사고,감속 중 사고
8157,N,Apparently Normal,No Misuse,N,Non-incapacitating Injury,513f9dbc-278a-4f90-96f7-8c2f393a5fad,D,MSP6325003C,Shoulder/Lap Belt(s),M,5f180219-a802-4721-b33c-f7b530e5a9f0,Head On Left Turn,N,Intersection Related,Acceleration Lane,Dark Lights On,No Defects,"Two-way, Divided, Positive Median Barrier",Dry,Clear,Twelve o'clock,Passenger Car,Destroyed,N,Slowing or Stopping,2015-01-03 2:02,24,38.89817717,-76.81514617,1,3,좌회전 차선 사고,감속 중 사고
8158,N,Apparently Normal,No Misuse,Y,Non-incapacitating Injury,920a35c9-a72c-403f-acd9-8ac05dfee3cf,D,MSP6325003C,Shoulder/Lap Belt(s),M,b7badcb0-75de-4923-86d3-7ef10b67905b,Head On Left Turn,N,Intersection Related,Acceleration Lane,Dark Lights On,No Defects,"Two-way, Divided, Positive Median Barrier",Dry,Clear,Twelve o'clock,Passenger Car,Destroyed,N,Leaving Traffic Lane,2015-01-03 2:02,30,38.89817717,-76.81514617,1,1,좌회전 차선 사고,등속 주행 사고
8159,N,Apparently Normal,No Misuse,N,Non-incapacitating Injury,05535aa4-e585-4bcc-a288-004b4dc8260f,D,MSP6467000P,Shoulder/Lap Belt(s),M,fd905862-f4e9-4f4d-8b5e-7c0fb91ac866,Same Direction Rear End,N,Non Intersection,Right Turn Lane,Dawn,No Defects,"Two-way, Divided, Positive Median Barrier",Dry,Clear,One o'clock,Passenger Car,Disabling,N,Moving Constant Speed,2015-03-18 5:20,29,39.01950044,-77.14481592,2,3,기타,등속 주행 중 측면 추돌 사고
8160,N,Apparently Normal,No Misuse,Y,Non-incapacitating Injury,a324f165-1b62-4e73-90e3-a5a191c740f5,D,MSP6488000H,Shoulder/Lap Belt(s),M,9bc58638-31de-4725-9398-4a5df7ecf84c,Single Vehicle ,N,Non Intersection,Deceleration Lane,Dark Lights On,No Defects,"Two-way, Divided, Positive Median Barrier",Ice,Clear,Six o'clock,Passenger Car,Disabling,N,Moving Constant Speed,2015-02-23 21:05,28,39.149365,-77.21715867,1,0,좌회전 차선 사고,등속 주행 중 측면 추돌 사고
8161,N,Apparently Normal,No Misuse,Y,Non-incapacitating Injury,0f8a2de4-df4c-43ed-b799-39e91d6ca02a,D,MSP6488000S,Shoulder/Lap Belt(s),M,8a4c91de-98ec-4046-8b9e-ffb4bf51010b,Single Vehicle ,N,Non Intersection,Deceleration Lane,Dark Lights On,No Defects,"Two-way, Divided, Positive Median Barrier",Wet,Raining,One o'clock,Passenger Car,Disabling,N,Moving Constant Speed,2015-03-26 21:30,47,39.08842817,-77.17401333,4,2,빗길사고,동일 방향 운행 중 추돌 사고
8162,N,Apparently Normal,No Misuse,N,Non-incapacitating Injury,1e7799c0-333a-4db4-a6e8-e2940cf51f94,D,MSP6498000M,Shoulder/Lap Belt(s),M,157a399c-e840-4bad-913d-deb1eb6a39a8,Same Direction Rear End,N,Intersection,Right Turn Lane,Daylight,No Defects,"Two-way, Divided, Unprotected (painted >4 feet) Median",Dry,Clear,Six o'clock,Passenger Car,Functional,N,Making Left Turn,2015-03-11 14:06,51,39.66775476,-77.02059746,3,3,우회전 차선 사고,동일 방향 운행 중 추돌 사고
8163,N,Apparently Normal,No Misuse,Y,Non-incapacitating Injury,342f6b6f-1637-4d9e-8e9a-dd856a1f7b27,D,MSP6502000F,MC/Bike Helmet,M,fd1bb1d0-ff99-477d-b0c9-5bfb4ecaf702,Single Vehicle ,N,Non Intersection,Acceleration Lane,Dark Lights On,No Defects,"Two-way, Divided, Positive Median Barrier",Dry,Clear,Ten o'clock,Motorcycle,Disabling,N,Changing Lanes,2015-02-08 19:17,53,38.7959365,-76.900187,1,1,좌회전 차선 사고,등속 주행 사고
8164,N,Apparently Normal,No Misuse,Y,Non-incapacitating Injury,1894485f-b580-4dd8-85aa-6aee827a2150,D,ZF0428000R,Shoulder/Lap Belt(s),M,4b749937-baea-46da-bfa2-542f735651ec,Single Vehicle ,N,Non Intersection,Right Turn Lane,Daylight,No Defects,"Two-way, Not Divided",Slush,Wintry Mix,Twelve o'clock,Pickup Truck,Destroyed,N,Moving Constant Speed,2015-03-01 16:28,42,39.71390088,-77.00305045,0,0,눈길사고,감속 중 사고
8165,N,Apparently Normal,No Misuse,Y,Non-incapacitating Injury,ab74a21a-7b1a-4c58-8143-563e0b46f167,D,ZH0349000J,Shoulder/Lap Belt(s),M,faee54b6-3b0e-47d2-8796-8a453657b409,Single Vehicle ,N,Non Intersection,Right Turn Lane,Daylight,No Defects,"Two-way, Not Divided",Ice,Cloudy,Ten o'clock,Pickup Truck,Destroyed,N,Skidding,2015-01-27 8:39,24,38.57031387,-76.79787755,0,2,눈길사고,미끌어짐에 의한 사고
8166,N,Apparently Normal,No Misuse,Y,Non-incapacitating Injury,1de12e39-87ef-4314-9bf1-35379d9c720c,D,ZH0465000M,Shoulder/Lap Belt(s),M,a6758af6-9ae3-4e35-ba6c-c423bde7f85d,Head On Left Turn,N,Intersection,Right Turn Lane,Daylight,No Defects,"Two-way, Divided, Positive Median Barrier",Wet,Raining,Twelve o'clock,Passenger Car,Disabling,N,Making Left Turn,2015-03-10 17:29,20,38.61940204,-76.96942091,4,0,빗길사고,등속 주행 중 사고
8167,N,Apparently Normal,No Misuse,Y,Non-incapacitating Injury,8a7cd8f1-d3ac-44e7-87e4-eabd2f8a98f5,D,ZH0526000H,Shoulder/Lap Belt(s),M,9880d8c7-0d06-44b8-9302-e51a79fa1c38,Single Vehicle ,N,Non Intersection,Right Turn Lane,Dawn,No Defects,"Two-way, Not Divided",Ice,Raining,Nine o'clock,"Medium/Heavy Truck 2 axles (10,000 lbs (4,536 kg) or less)",Disabling,N,Skidding,2015-02-22 7:33,27,38.5084993,-76.86254025,0,2,눈길사고,미끌어짐에 의한 사고
8168,N,Apparently Normal,No Misuse,Y,Non-incapacitating Injury,ad31905f-fc5a-4708-8d36-5b77c465d4f5,D,ZH0568000Q,Shoulder/Lap Belt(s),M,8e96617a-c254-43e6-b67a-a610d69e2914,Single Vehicle ,N,Non Intersection,Right Turn Lane,Dark No Lights,No Defects,"Two-way, Not Divided",Dry,Clear,Twelve o'clock,Passenger Car,Destroyed,N,Moving Constant Speed,2015-03-14 3:30,23,38.59596063,-76.76227927,2,2,기타,기타
8169,N,Apparently Normal,No Misuse,N,Non-incapacitating Injury,3fff0640-e2de-4462-a313-3fe7e472a5a0,D,ZR01310002,Shoulder/Lap Belt(s),M,9c1741fe-4093-4bb9-a953-657a4555a824,Opposite Direction Sideswipe,N,Non Intersection,Right Turn Lane,Daylight,No Defects,"Two-way, Not Divided",Ice,Snow,Eleven o'clock,Pickup Truck,Disabling,N,Moving Constant Speed,2015-03-05 15:19,31,38.25464443,-76.47990167,0,0,눈길사고,감속 중 사고
8170,N,Apparently Normal,No Misuse,Y,Non-incapacitating Injury,0a962d0f-9bf5-4d70-b586-02924e3654d8,D,ZR01310002,Shoulder/Lap Belt(s),M,d0ace9df-f752-4bcf-a5f9-85067910b9a2,Opposite Direction Sideswipe,N,Non Intersection,Right Turn Lane,Daylight,No Defects,"Two-way, Not Divided",Ice,Snow,Seven o'clock,(Sport) Utility Vehicle,Disabling,N,Moving Constant Speed,2015-03-05 15:19,36,38.25464443,-76.47990167,0,0,눈길사고,감속 중 사고
8171,Y,Apparently Normal,No Misuse,Y,Non-incapacitating Injury,befed16c-6e33-447b-96db-dacd20f0c489,D,ZVW2540003,Shoulder/Lap Belt(s),M,a3db614f-9cc1-480b-a727-30b726a113cb,Single Vehicle ,N,Non Intersection,Right Turn Lane,Dark No Lights,No Defects,"Two-way, Not Divided",Snow,Snow,Twelve o'clock,Pickup Truck,Disabling,N,Moving Constant Speed,2015-02-24 21:58,24,38.37437435,-75.74347973,0,0,눈길사고,감속 중 사고
8172,N,Apparently Normal,No Misuse,N,Possible Incapacitating Injury,f838aeda-6249-454b-80e4-688e3517e16c,D,AC1386000R,Shoulder/Lap Belt(s),M,64f84327-6770-4638-8853-81b5a9c6e5ee,Same Movement Angle,N,Intersection,Right Turn Lane,Dark Lights On,No Defects,"Two-way, Not Divided",Dry,Clear,Twelve o'clock,Passenger Car,Destroyed,N,Moving Constant Speed,2015-01-31 18:00,57,39.106835,-76.48095833,3,0,우회전 차선 사고,기타
8173,N,Apparently Normal,No Misuse,Y,Possible Incapacitating Injury,34c2e0e9-0cff-45bf-8442-cf46c36e8819,D,AC1386000R,Shoulder/Lap Belt(s),M,49bd8d10-c88d-4643-8deb-d3d45696a92e,Same Movement Angle,N,Intersection,Right Turn Lane,Dark Lights On,No Defects,"Two-way, Not Divided",Dry,Clear,Nine o'clock,Pickup Truck,Disabling,N,Making Left Turn,2015-01-31 18:00,49,39.106835,-76.48095833,3,0,우회전 차선 사고,기타
8174,N,Apparently Normal,No Misuse,N,Possible Incapacitating Injury,cdacf91d-b335-452b-bd99-b2247139555a,D,AC1490000J,Shoulder/Lap Belt(s),M,b8a10c93-a435-4f31-bc1e-34dd5c58c035,Same Direction Rear End,N,Intersection Related,Acceleration Lane,Dark No Lights,No Defects,"Two-way, Divided, Positive Median Barrier",Dry,Clear,Six o'clock,Passenger Car,Disabling,N,Stopped in Traffic Lane,2015-01-15 18:59,36,38.9929432,-76.70293897,1,2,좌회전 차선 사고,기타
8175,N,Apparently Normal,No Misuse,Y,Possible Incapacitating Injury,91101658-d0de-4baa-875e-fc25592e259e,D,AC15030012,Shoulder/Lap Belt(s),M,9ecab5f2-7f41-43fc-8031-81bba8f4a094,Single Vehicle ,N,Non Intersection,Right Turn Lane,Dark No Lights,No Defects,"Two-way, Not Divided",Dry,Clear,Eleven o'clock,(Sport) Utility Vehicle,Destroyed,N,Moving Constant Speed,2015-02-04 22:18,19,39.08614795,-76.62266813,2,2,기타,기타
8176,N,Apparently Normal,No Misuse,N,Possible Incapacitating Injury,cb16d42c-8d0e-49f1-829f-5aa2390e2cce,D,AC1531000H,Shoulder/Lap Belt(s),M,9b1120c9-a029-468e-9a85-a7ce9209d50a,Single Vehicle ,N,Crossover Related,Left Turn Lane,Dark Lights On,No Defects,"Two-way, Divided, Positive Median Barrier",Ice,Sleet,Twelve o'clock,Pickup Truck,Disabling,N,Moving Constant Speed,2015-01-26 18:23,39,39.147775,-76.699635,1,0,좌회전 차선 사고,등속 주행 중 측면 추돌 사고
8177,N,Apparently Normal,No Misuse,Y,Possible Incapacitating Injury,584cf88b-322f-4586-b3b1-e4e1ee8ed7fd,D,AC1643000F,Shoulder/Lap Belt(s),M,6c46ed35-623e-44f2-b840-39189c54def8,Single Vehicle ,N,Non Intersection,Right Turn Lane,Daylight,No Defects,"Two-way, Not Divided",Snow,Snow,Twelve o'clock,Passenger Car,Destroyed,N,Moving Constant Speed,2015-03-05 12:24,30,39.01753322,-76.58150911,0,0,눈길사고,감속 중 사고
8178,N,Apparently Normal,No Misuse,Y,Possible Incapacitating Injury,87b2cd2b-5085-4882-8728-c0e3fba0002b,D,AC1710000J,Shoulder/Lap Belt(s),M,c003a65d-0ca0-4874-adec-9703f616e2db,Single Vehicle ,N,Non Intersection,Right Turn Lane,Dark Lights On,No Defects,"Two-way, Not Divided",Wet,Snow,Twelve o'clock,Passenger Car,Functional,N,Moving Constant Speed,2015-03-01 21:18,35,39.02900236,-76.47593737,0,0,눈길사고,감속 중 사고
8179,N,Apparently Normal,No Misuse,Y,Possible Incapacitating Injury,8878f4e2-e9f8-4430-8275-3b1e187e5350,D,AC1736000X,Shoulder/Lap Belt(s),M,53d4d1c7-54cc-41f0-a901-6d4415ec8157,Single Vehicle ,N,Non Intersection,Left Turn Lane,Daylight,No Defects,"Two-way, Divided, Positive Median Barrier",Wet,Clear,Twelve o'clock,Passenger Car,Disabling,N,Moving Constant Speed,2015-03-06 11:48,37,39.058435,-76.65574117,1,0,좌회전 차선 사고,등속 주행 중 측면 추돌 사고
8180,N,Apparently Normal,No Misuse,Y,Possible Incapacitating Injury,0e47e059-bb92-4526-8ef9-46eb2aee6c60,D,AC1762000S,MC/Bike Helmet,M,5d69bd02-f4bb-4501-8839-0414eccc1b88,Single Vehicle ,N,Non Intersection,Right Turn Lane,Dark No Lights,No Defects,"Two-way, Not Divided",Dry,Clear,Twelve o'clock,Moped,Disabling,Y,Accelerating,2015-03-17 22:40,20,39.13226664,-76.51519552,2,0,기타,자차 사고
8181,Y,Apparently Normal,No Misuse,Y,Possible Incapacitating Injury,d7cecee4-6212-4fe2-aef5-f948d737e475,D,AC1833000K,Shoulder/Lap Belt(s),M,190e0bd9-1b07-4fc1-838d-eeb734efe484,Single Vehicle ,N,Non Intersection,Right Turn Lane,Daylight,No Defects,"Two-way, Divided, Positive Median Barrier",Slush,Wintry Mix,Twelve o'clock,Passenger Car,Disabling,N,Skidding,2015-03-01 13:50,41,38.98571663,-76.53752089,0,2,눈길사고,미끌어짐에 의한 사고
8182,N,Apparently Normal,No Misuse,Y,Possible Incapacitating Injury,495ef61e-da53-4d76-9c85-7ff176694964,D,AC1853000J,Shoulder/Lap Belt(s),M,45d43489-47f3-4ab7-809e-50f72cc45c37,Single Vehicle ,N,Interchange Related,Right Turn Lane,Dark No Lights,No Defects,"Two-way, Not Divided",Ice,Wintry Mix,Eleven o'clock,"Cargo Van/Light Truck 2 axles (10,000 lbs (4,536 kg) or less)",Disabling,N,Moving Constant Speed,2015-02-10 5:07,38,38.960942,-76.655248,0,0,눈길사고,감속 중 사고
8183,N,Apparently Normal,No Misuse,Y,Possible Incapacitating Injury,adaadbc0-bdf6-4d08-a088-53c6c3710f32,D,AC1918000W,Shoulder/Lap Belt(s),M,cec4a2b4-5066-48fe-a52b-b5ffbcebd164,Single Vehicle ,N,Non Intersection,Right Turn Lane,Dark Lights On,No Defects,"Two-way, Divided, Positive Median Barrier",Ice,Sleet,Roof Top,Passenger Car,Destroyed,N,Moving Constant Speed,2015-03-02 20:40,19,38.92552953,-76.59691572,0,0,눈길사고,감속 중 사고
8184,N,Apparently Normal,No Misuse,N,Possible Incapacitating Injury,96c6b809-2ff1-409b-a122-11241e27ec0e,D,ADD9050010,Shoulder/Lap Belt(s),M,9b4b49cf-1769-49d0-9992-85fba27f1f99,Same Direction Rear End,N,Non Intersection,Right Turn Lane,Dusk,No Defects,"Two-way, Divided, Unprotected (painted >4 feet) Median",Dry,Clear,Six o'clock,Police Vehicle/Non Emergency,Superficial,N,Slowing or Stopping,2015-03-23 19:15,37,39.28646607,-76.63956285,2,1,기타,등속 주행 사고
8185,N,Apparently Normal,No Misuse,Y,Possible Incapacitating Injury,c6b8ca4c-807f-48bb-869b-760f67026260,D,ADD9050010,Shoulder/Lap Belt(s),M,b8bdc011-a1af-43f5-b111-3bafaffe6b12,Same Direction Rear End,N,Non Intersection,Right Turn Lane,Dusk,No Defects,"Two-way, Divided, Unprotected (painted >4 feet) Median",Dry,Clear,Twelve o'clock,Police Vehicle/Non Emergency,Functional,N,Slowing or Stopping,2015-03-23 19:15,29,39.28646607,-76.63956285,2,1,기타,등속 주행 사고
8186,N,Apparently Normal,No Misuse,N,Possible Incapacitating Injury,b523edfb-9fc0-4098-8bae-5e22b0aa05df,D,ADF051002C,Shoulder/Lap Belt(s),M,d1ccc123-0fec-47fc-9a1d-81b1307eaddf,Head On,N,Non Intersection,Left Turn Lane,Dark Lights On,No Defects,"Two-way, Divided, Positive Median Barrier",Dry,Clear,Twelve o'clock,Pickup Truck,Destroyed,N,Moving Constant Speed,2015-03-08 5:00,43,39.35046694,-76.68832809,1,0,좌회전 차선 사고,등속 주행 중 측면 추돌 사고
8187,N,Apparently Normal,No Misuse,N,Possible Incapacitating Injury,8ebf64b2-362f-493d-9e69-a3f6641af3df,D,ADF8040007,MC/Bike Helmet and Eye Protection,M,6ca1f640-ed79-4215-8f64-dfa36445af4e,Same Movement Angle,N,Intersection,Right Turn Lane,Daylight,No Defects,"Two-way, Not Divided",Dry,Clear,One o'clock,Motorcycle,Superficial,N,Moving Constant Speed,2015-02-05 10:30,27,39.29526777,-76.64416552,3,0,우회전 차선 사고,기타
8188,N,Apparently Normal,No Misuse,Y,Possible Incapacitating Injury,5a1fc5ac-4888-40f0-9a6c-4adaf1836b74,D,ADF819000F,Shoulder/Lap Belt(s),M,8f3fd275-7c39-41fa-aac6-65958b50e87b,Single Vehicle ,N,Non Intersection,Right Turn Lane,Daylight,No Defects,"Two-way, Not Divided",Dry,Clear,Twelve o'clock,Police Vehicle/Emergency,Disabling,N,Moving Constant Speed,2015-02-06 10:45,27,39.32920207,-76.69515967,2,2,기타,기타
8189,N,Apparently Normal,No Misuse,Y,Possible Incapacitating Injury,390a922e-22d1-4f9f-92cd-6fcc8a393992,D,ADH1330004,Shoulder/Lap Belt(s),M,9b4d82e8-5ee3-4fba-bb38-7d0e388ca863,Same Movement Angle,N,Intersection Related,Right Turn Lane,Dark Lights On,No Defects,One-way Trafficway,Dry,Clear,Twelve o'clock,Passenger Car,Disabling,N,Moving Constant Speed,2015-02-10 21:22,26,39.29286817,-76.64716959,3,0,우회전 차선 사고,기타
8190,N,Apparently Normal,No Misuse,Y,Possible Incapacitating Injury,86719f2f-c5e2-4121-aa6b-65b9be2f4639,D,ADH2480003,Shoulder/Lap Belt(s),M,c7968684-f2da-4dcc-aed0-501a321bb793,Single Vehicle ,N,Non Intersection,Left Turn Lane,Dark Lights On,No Defects,"Two-way, Not Divided",Wet,Raining,One o'clock,Passenger Car,Destroyed,N,Moving Constant Speed,2015-03-30 2:35,30,39.29572443,-76.57780766,4,2,빗길사고,동일 방향 운행 중 추돌 사고
8191,N,Apparently Normal,No Misuse,N,Possible Incapacitating Injury,4e31e856-c7d9-44af-9d9f-63d6d0865aac,D,ADH7890001,Shoulder/Lap Belt(s),M,70c0ad09-aa66-47f2-a81f-48076a0beb07,Same Direction Rear End,N,Non Intersection,Right Turn Lane,Daylight,No Defects,"Two-way, Not Divided",Dry,Clear,Six o'clock,Passenger Car,Functional,N,Stopped in Traffic Lane,2015-02-10 15:12,48,39.29799109,-76.66615427,2,0,기타,자차 사고
8192,N,Apparently Normal,No Misuse,N,Possible Incapacitating Injury,217d6792-7d2e-41f6-9485-c76b5210687e,D,ADH9510005,Shoulder/Lap Belt(s),M,0d27b2ff-c4af-4b38-b7a7-2079f1b4ba31,Same Movement Angle,N,Intersection Related,Right Turn Lane,Daylight,No Defects,One-way Trafficway,Dry,Clear,Three o'clock,Passenger Car,Functional,N,Starting From Lane,2015-01-30 7:36,45,39.32153065,-76.56875923,3,0,우회전 차선 사고,기타
8193,N,Apparently Normal,No Misuse,N,Possible Incapacitating Injury,4630d6df-7d18-40ad-a7ed-d8ce62e21f4e,D,ADI6450001,Shoulder/Lap Belt(s),M,fcdc64f6-343e-4e05-83a0-b176464fbd3b,Same Direction Rear End Right Turn,N,Intersection,Acceleration Lane,Dark Lights On,No Defects,"Two-way, Divided, Positive Median Barrier",Wet,Raining,Six o'clock,Van,Superficial,N,Making Right Turn,2015-01-04 0:46,47,39.28337691,-76.62639856,4,0,빗길사고,등속 주행 중 사고
8194,N,Apparently Normal,No Misuse,N,Possible Incapacitating Injury,2981a909-20ba-43e1-b436-27900b60b032,D,ADI832000P,Shoulder/Lap Belt(s),M,60c5781f-73df-4228-8ef4-044e51d587cf,Same Direction Rear End,N,Interchange Related,Right Turn Lane,Daylight,No Defects,One-way Trafficway,Wet,Wintry Mix,Six o'clock,Passenger Car,Disabling,N,Moving Constant Speed,2015-03-20 14:10,30,39.31787725,-76.62830293,4,2,빗길사고,동일 방향 운행 중 추돌 사고
8195,N,Apparently Normal,No Misuse,Y,Possible Incapacitating Injury,6d61491c-5a19-4e63-a48b-6272035aab13,D,ADJ1110001,Shoulder Belt Only,M,08aaa482-3d7b-4b98-9733-4baa301811c1,Single Vehicle ,N,Intersection,Left Turn Lane,Daylight,No Defects,"Two-way, Not Divided",Wet,Raining,Twelve o'clock,Passenger Car,Disabling,N,Moving Constant Speed,2015-01-03 9:30,24,39.30622268,-76.65704012,4,2,빗길사고,동일 방향 운행 중 추돌 사고
8196,N,Apparently Normal,No Misuse,Y,Possible Incapacitating Injury,e282fd83-f93a-4db2-9410-a5fa31053751,D,ADJ1240009,Shoulder/Lap Belt(s),M,534e2c9a-0eac-4f18-bcd6-4968ff15c8b7,Same Direction Sideswipe,N,Non Intersection,Right Turn Lane,Dark Lights On,No Defects,One-way Trafficway,Wet,Raining,Twelve o'clock,Passenger Car,Disabling,N,Accelerating,2015-03-20 20:00,28,39.28642741,-76.67560905,4,0,빗길사고,등속 주행 중 사고
8197,Y,Apparently Normal,No Misuse,N,Possible Incapacitating Injury,d32bde17-aa3b-4ae4-9bfc-a0195df1e6d5,D,ADJ3230004,Shoulder/Lap Belt(s),M,0d756b14-8d08-4505-87b3-572bdc11516c,Same Direction Rear End,N,Intersection Related,Left Turn Lane,Daylight,No Defects,"Two-way, Divided, Positive Median Barrier",Dry,Clear,Six o'clock,Pickup Truck,Superficial,N,Slowing or Stopping,2015-01-30 7:36,42,39.31565688,-76.65202975,1,3,좌회전 차선 사고,감속 중 사고
8198,N,Apparently Normal,No Misuse,Y,Possible Incapacitating Injury,7c94ecd9-8a2b-4470-8e5d-6f61b5eeeadc,D,AE37980005,Shoulder/Lap Belt(s),M,7004c00e-f54b-448b-9c46-d7f2f8e49d9a,Single Vehicle ,N,Non Intersection,Right Turn Lane,Daylight,No Defects,"Two-way, Not Divided",Snow,Snow,Twelve o'clock,Passenger Car,Disabling,N,Moving Constant Speed,2015-01-06 10:08,45,39.40149821,-76.6551733,0,0,눈길사고,감속 중 사고
8199,N,Apparently Normal,No Misuse,Y,Possible Incapacitating Injury,2d28db76-2dc7-408a-811a-58d23355206b,D,AE40530017,Shoulder/Lap Belt(s),M,c24918a4-7770-4670-811e-9f4a47f91179,Single Vehicle ,N,Non Intersection,Right Turn Lane,Dark Lights On,No Defects,"Two-way, Not Divided",Dry,Clear,Twelve o'clock,Passenger Car,Disabling,N,Moving Constant Speed,2015-02-10 18:11,35,39.3402056,-76.39969826,2,2,기타,기타
8200,N,Apparently Normal,No Misuse,Y,Possible Incapacitating Injury,4a26f2ea-8ce4-434a-abc8-87b538841081,D,AE41550004,Shoulder Belt Only,M,8789181b-afe0-4b13-9220-d56507c16cd0,Single Vehicle ,N,Non Intersection,Right Turn Lane,Dark Lights On,No Defects,"Two-way, Not Divided",Dry,Clear,One o'clock,Passenger Car,Destroyed,N,Accelerating,2015-01-31 20:15,49,39.29729366,-76.52898073,2,0,기타,자차 사고
8201,N,Apparently Normal,No Misuse,Y,Possible Incapacitating Injury,2a4ad63a-7f4b-4c65-9ce9-a4a0eebf0efe,D,AE4381000L,Shoulder/Lap Belt(s),M,96f6e61e-1d03-4785-84f2-197e4d3a7611,Head On,N,Non Intersection,Right Turn Lane,Dawn,No Defects,"Two-way, Not Divided",Wet,Raining,Twelve o'clock,Passenger Car,Destroyed,N,Moving Constant Speed,2015-03-14 6:49,23,39.39596833,-76.47043347,4,2,빗길사고,동일 방향 운행 중 추돌 사고
8202,N,Apparently Normal,No Misuse,Y,Possible Incapacitating Injury,97d20690-8705-4549-8e40-c62aaa4ad547,D,AE46670003,Shoulder/Lap Belt(s),M,6893ba39-e6a9-47aa-9459-da21e5f894d5,Single Vehicle ,N,Intersection,Acceleration Lane,Daylight,No Defects,"Two-way, Divided, Positive Median Barrier",Snow,Snow,Eleven o'clock,Passenger Car,Disabling,N,Moving Constant Speed,2015-02-21 11:17,22,39.40403916,-76.79642379,0,0,눈길사고,감속 중 사고
8203,N,Apparently Normal,No Misuse,Y,Possible Incapacitating Injury,edf8e55f-4f58-482a-9dde-d6b7e88f8def,D,AE4727001W,Shoulder/Lap Belt(s),M,dea65780-1fb0-4371-9d4c-c4ee939820b0,Single Vehicle ,N,Intersection,Right Turn Lane,Daylight,No Defects,"Two-way, Not Divided",Dry,Clear,Nine o'clock,Pickup Truck,Destroyed,N,Moving Constant Speed,2015-02-20 15:41,61,39.36248119,-76.52192116,3,2,우회전 차선 사고,기타
8204,N,Apparently Normal,No Misuse,Y,Possible Incapacitating Injury,9bc11218-092f-4352-bc05-35600c68756c,D,AE48850004,Shoulder/Lap Belt(s),M,da5138bc-e01c-4a59-a115-ac66b8de2c7f,Single Vehicle ,N,Non Intersection,Right Turn Lane,Dark No Lights,No Defects,"Two-way, Not Divided",Dry,Clear,Roof Top,Station Wagon,Destroyed,N,Moving Constant Speed,2015-02-02 22:30,16,39.61392066,-76.6315484,2,2,기타,기타
8205,N,Apparently Normal,No Misuse,Y,Possible Incapacitating Injury,0cec794e-ad5f-4d5e-9558-bed74d574df5,D,AE49320001,Shoulder/Lap Belt(s),M,27aacbf1-6e80-499a-b3f0-97a7ecba610a,Single Vehicle ,N,Non Intersection,Right Turn Lane,Dark Lights On,No Defects,"Two-way, Not Divided",Dry,Clear,Twelve o'clock,Passenger Car,Disabling,N,Moving Constant Speed,2015-01-27 17:51,22,39.26028694,-76.41431093,2,2,기타,기타
8206,N,Apparently Normal,No Misuse,Y,Possible Incapacitating Injury,96c381de-031e-47c6-bc63-cda0555ebac8,D,AE51570007,Shoulder/Lap Belt(s),M,033d59ad-39c8-48b4-8d68-807b6937b05b,Single Vehicle ,N,Non Intersection,Right Turn Lane,Daylight,No Defects,"Two-way, Not Divided",Ice,Raining,Three o'clock,(Sport) Utility Vehicle,Disabling,N,Moving Constant Speed,2015-01-03 8:20,42,39.33366675,-76.78700924,0,0,눈길사고,감속 중 사고