KEY_INDEX,CDL_FLAG,CONDITION_CODE,EQUIP_PROB_CODE,FAULT_FLAG,INJ_SEVER_CODE,PERSON_ID,PERSON_TYPE,REPORT_NO,SAF_EQUIP_CODE,SEX_CODE,VEHICLE_ID,COLLISION_TYPE_CODE,C_M_ZONE_FLAG,JUNCTION_CODE,LANE_CODE,LIGHT_CODE,RD_COND_CODE,RD_DIV_CODE,SURF_COND_CODE,WEATHER_CODE,AREA_DAMAGED_CODE_MAIN,BODY_TYPE_CODE,DAMAGE_CODE,HIT_AND_RUN_FLAG,MOVEMENT_CODE,TIME,AGE,LATITUDE,LONGITUDE,CLUSTER,SECOND_LABEL,FIRST_LABEL,SECOND_LABELING
8207,N,Apparently Normal,No Misuse,Y,Possible Incapacitating Injury,3a709770-5d77-45ab-a9b4-1fb4a679028f,D,AE53010007,Shoulder/Lap Belt(s),M,5305fe7f-52ae-45af-9623-36bd3a436c39,Single Vehicle ,N,Non Intersection,Left Turn Lane,Daylight,Foreign Material,"Two-way, Divided, Positive Median Barrier",Ice,Sleet,Two o'clock,Passenger Car,Disabling,N,Skidding,2015-01-03 8:36,56,39.40187957,-76.80183649,0,2,눈길사고,미끌어짐에 의한 사고
8208,N,Apparently Normal,No Misuse,N,Possible Incapacitating Injury,4b797bd0-5bba-41b8-b0db-4e95f1151724,D,AE53600007,Shoulder/Lap Belt(s),M,2b20c887-360b-4da6-9e48-823bfbce5eb5,Single Vehicle ,N,Non Intersection,Right Turn Lane,Dark Lights On,No Defects,"Two-way, Not Divided",Ice,Wintry Mix,Two o'clock,Pickup Truck,Destroyed,N,Moving Constant Speed,2015-01-18 20:41,19,39.36248949,-76.39010668,0,0,눈길사고,감속 중 사고
8209,N,Apparently Normal,No Misuse,Y,Possible Incapacitating Injury,a55fa56c-cfdd-40d3-856d-77cdeb61ceef,D,AE5466001P,Shoulder/Lap Belt(s),M,9b29c162-6bf2-43c9-a374-06935821437e,Single Vehicle ,N,Non Intersection,Right Turn Lane,Daylight,No Defects,"Two-way, Not Divided",Dry,Clear,Three o'clock,Passenger Car,Disabling,N,Moving Constant Speed,2015-03-19 11:08,37,39.31643713,-76.78992748,2,2,기타,기타
8210,N,Apparently Normal,No Misuse,N,Possible Incapacitating Injury,8f1f2621-d16b-4274-a79d-f16e40c6b84c,D,BS0427000D,Shoulder/Lap Belt(s),M,984fea95-3c58-4d65-b5de-98697c65f48c,Same Movement Angle,N,Intersection,Left Turn Lane,Daylight,No Defects,"Two-way, Divided, Positive Median Barrier",Dry,Cloudy,Twelve o'clock,Passenger Car,Destroyed,N,Moving Constant Speed,2015-03-10 10:28,18,39.44132458,-77.410594,1,0,좌회전 차선 사고,등속 주행 중 측면 추돌 사고
8211,N,Apparently Normal,No Misuse,Y,Possible Incapacitating Injury,bf530022-b8b7-4c99-bc4f-ac79c0de55e1,D,BS0427000D,Shoulder/Lap Belt(s),M,3936d812-11d3-4032-baa4-0bff767a4c7e,Same Movement Angle,N,Intersection,Left Turn Lane,Daylight,No Defects,"Two-way, Divided, Positive Median Barrier",Dry,Cloudy,Twelve o'clock,(Sport) Utility Vehicle,Disabling,N,Accelerating,2015-03-10 10:28,87,39.44132458,-77.410594,1,1,좌회전 차선 사고,등속 주행 사고
8212,Y,Apparently Normal,No Misuse,Y,Possible Incapacitating Injury,6d966641-a0cf-437c-9673-40bda042d267,D,BS04530008,Shoulder/Lap Belt(s),M,a84002c7-3bec-487f-9d6a-22fc5a90755d,Single Vehicle ,N,Intersection,Right Turn Lane,Daylight,No Defects,"Two-way, Divided, Positive Median Barrier",Snow,Wintry Mix,Twelve o'clock,Pickup Truck,Disabling,N,Moving Constant Speed,2015-03-01 9:34,41,39.41852452,-77.45337725,0,0,눈길사고,감속 중 사고
8213,N,Apparently Normal,No Misuse,Y,Possible Incapacitating Injury,b3c98f01-0247-42af-ad19-af2c99cd120e,D,CB49060009,Shoulder/Lap Belt(s),M,cee3711c-63b3-4eaf-9f60-f73ea2a39823,Single Vehicle ,N,Non Intersection,Right Turn Lane,Daylight,No Defects,"Two-way, Not Divided",Dry,Clear,Eleven o'clock,(Sport) Utility Vehicle,Destroyed,N,Moving Constant Speed,2015-01-30 15:55,28,39.32347556,-76.97128773,2,2,기타,기타
8214,N,Apparently Normal,No Misuse,Y,Possible Incapacitating Injury,356110d4-39a1-4778-8c35-6942ecfc6793,D,CB51790001,Shoulder/Lap Belt(s),M,ca5d4753-6f02-4d9c-a80a-182bd2d018fc,Single Vehicle ,N,Non Intersection,Right Turn Lane,Dawn,No Defects,"Two-way, Not Divided",Slush,Wintry Mix,Twelve o'clock,Passenger Car,Disabling,N,Accelerating,2015-01-27 7:00,44,39.16647019,-76.86586618,0,2,눈길사고,미끌어짐에 의한 사고
8215,N,Apparently Normal,No Misuse,N,Possible Incapacitating Injury,3520c407-8632-459c-9f90-e5ccec62dd9a,D,CB51980003,Shoulder/Lap Belt(s),M,8788bad8-4fe5-44b2-a32c-5a7dcd8fa1c8,Single Vehicle ,N,Non Intersection,Acceleration Lane,Dark No Lights,No Defects,"Two-way, Divided, Unprotected (painted >4 feet) Median",Ice,Sleet,Twelve o'clock,Passenger Car,Destroyed,N,Moving Constant Speed,2015-03-01 21:52,21,39.34564863,-77.0818162,0,0,눈길사고,감속 중 사고
8216,N,Apparently Normal,No Misuse,Y,Possible Incapacitating Injury,cb2b856d-db2f-4add-b5ed-11fcf8d6fe97,D,CB55110005,Shoulder/Lap Belt(s),M,597fcdb4-8716-424d-bbee-0cb4c815942f,Single Vehicle ,N,Non Intersection,Right Turn Lane,Dark Lights On,No Defects,"Two-way, Divided, Positive Median Barrier",Snow,Snow,Twelve o'clock,Passenger Car,Destroyed,N,Skidding,2015-01-27 3:40,23,39.12873695,-76.86189651,0,2,눈길사고,미끌어짐에 의한 사고
8217,N,Apparently Normal,No Misuse,Y,Possible Incapacitating Injury,47788134-6198-4ac5-a7dc-ec451f4cf11c,D,CB55130007,Shoulder/Lap Belt(s),M,e435bc59-3ec2-4b5b-aa89-df532ada167a,Single Vehicle ,N,Intersection Related,Right Turn Lane,Dark Lights On,No Defects,"Two-way, Not Divided",Wet,Snow,Roof Top,Pickup Truck,Disabling,N,Moving Constant Speed,2015-03-20 5:15,58,39.22781523,-76.97233915,4,2,빗길사고,동일 방향 운행 중 추돌 사고
8218,N,Apparently Normal,No Misuse,N,Possible Incapacitating Injury,ff57e324-d1d3-4213-8d9c-9f08f7365ae1,D,CB56450008,Shoulder/Lap Belt(s),M,a3353e15-86f8-438a-9ef9-85809252e277,Single Vehicle ,N,Non Intersection,Left Turn Lane,Daylight,No Defects,"Two-way, Not Divided",Ice,Wintry Mix,One o'clock,Pickup Truck,Destroyed,N,Skidding,2015-01-18 8:17,52,39.214292,-76.71657443,0,2,눈길사고,미끌어짐에 의한 사고
8219,N,Apparently Normal,No Misuse,Y,Possible Incapacitating Injury,08a1f582-436a-453e-b1a9-c60274630ef9,D,CB57110004,MC/Bike Helmet and Eye Protection,M,37bbca71-c69d-4c79-8356-3548248af60d,Single Vehicle ,N,Non Intersection,Right Turn Lane,Dark Lights On,No Defects,"Two-way, Divided, Positive Median Barrier",Dry,Clear,Eleven o'clock,Motorcycle,Superficial,N,Slowing or Stopping,2015-01-31 19:24,20,39.13608549,-76.91270828,2,1,기타,등속 주행 사고
8220,N,Apparently Normal,No Misuse,Y,Possible Incapacitating Injury,9a234102-d053-4e55-b288-52677ddd336c,D,CB57330009,Shoulder/Lap Belt(s),M,b62f3c5a-1a55-4658-9e38-a9f81abbc42f,Single Vehicle ,N,Non Intersection,Right Turn Lane,Dark No Lights,No Defects,"Two-way, Not Divided",Ice,Cloudy,Roof Top,Pickup Truck,Disabling,N,Skidding,2015-03-02 21:01,57,39.251431,-77.0552516,0,2,눈길사고,미끌어짐에 의한 사고
8221,N,Apparently Normal,No Misuse,N,Possible Incapacitating Injury,038ca423-2082-4778-8e89-de7caccf1366,D,CB58460006,Shoulder/Lap Belt(s),M,787dfe6f-44ba-4f2b-93c8-bc01f1a9ecf7,Opposite Direction Sideswipe,N,Non Intersection,Right Turn Lane,Daylight,No Defects,"Two-way, Not Divided",Dry,Clear,Seven o'clock,(Sport) Utility Vehicle,Disabling,N,Moving Constant Speed,2015-03-12 18:55,50,39.13370541,-76.82658792,2,2,기타,기타
8222,N,Apparently Normal,No Misuse,Y,Possible Incapacitating Injury,f8b217b6-f35a-4ae5-b1e0-410080057735,D,CB58460006,Shoulder/Lap Belt(s),M,d9557a7a-60a3-43ea-bbaf-287b0b6ddd93,Opposite Direction Sideswipe,N,Non Intersection,Right Turn Lane,Daylight,No Defects,"Two-way, Not Divided",Dry,Clear,Eleven o'clock,(Sport) Utility Vehicle,Functional,N,Moving Constant Speed,2015-03-12 18:55,54,39.13370541,-76.82658792,2,2,기타,기타
8223,N,Apparently Normal,No Misuse,N,Possible Incapacitating Injury,d2867a67-dbd2-40b4-84d8-d2a221e1fb66,D,CC0241000C,Shoulder/Lap Belt(s),M,39148015-5277-418e-b1a2-152b3241232b,Same Direction Rear End,N,Non Intersection,Right Turn Lane,Dark Lights On,No Defects,"Two-way, Divided, Positive Median Barrier",Snow,Wintry Mix,Six o'clock,Passenger Car,Disabling,N,Moving Constant Speed,2015-02-14 23:21,33,38.95519563,-76.96320891,0,3,눈길사고,자차 사고
8224,N,Apparently Normal,No Misuse,Y,Possible Incapacitating Injury,fd242fd7-7ceb-4772-b0fd-42b725930ff7,D,CD0616000K,Shoulder/Lap Belt(s),M,96a6576a-96c5-40d9-a26c-6440eecead4e,Head On Left Turn,N,Intersection Related,Right Turn Lane,Dark Lights On,No Defects,"Two-way, Not Divided",Dry,Cloudy,One o'clock,Passenger Car,Destroyed,N,Making Left Turn,2015-02-28 22:38,86,38.52964861,-76.97885156,3,1,우회전 차선 사고,등속 주행 중 측면 추돌 사고
8225,N,Apparently Normal,No Misuse,Y,Possible Incapacitating Injury,6bbbd404-9389-4d00-a2c1-adddfcaf65e4,D,CE45080005,Shoulder/Lap Belt(s),M,a6bbe99c-6f16-4040-ba3d-fc8eb7c9fd08,Single Vehicle ,N,Non Intersection,Left Turn Lane,Daylight,No Defects,"Two-way, Divided, Positive Median Barrier",Ice,Clear,Two o'clock,Pickup Truck,Destroyed,N,Moving Constant Speed,2015-03-02 7:22,37,39.09331921,-76.86916798,1,0,좌회전 차선 사고,등속 주행 중 측면 추돌 사고
8226,N,Apparently Normal,No Misuse,Y,Possible Incapacitating Injury,af2e17ad-2bef-4278-a042-a6346cc6e49d,D,CX01270002,Shoulder/Lap Belt(s),M,b7312258-086d-4dd5-9ce3-0c6101c1ab6f,Single Vehicle ,N,Non Intersection,Left Turn Lane,Dark Lights On,No Defects,"Two-way, Divided, Positive Median Barrier",Wet,Wintry Mix,Twelve o'clock,Passenger Car,Disabling,N,Moving Constant Speed,2015-03-05 5:40,21,38.02882506,-75.54143429,4,2,빗길사고,동일 방향 운행 중 추돌 사고
8227,N,Apparently Normal,No Misuse,N,Possible Incapacitating Injury,719509cc-d284-42f7-a36d-7331f792bf9c,D,DA18690002,Shoulder/Lap Belt(s),M,a0e16c7e-71b1-4d52-ba61-e886ca8358fb,Head On Left Turn,N,Intersection,Left Turn Lane,Dark Lights On,No Defects,"Two-way, Divided, Positive Median Barrier",Dry,Clear,One o'clock,Passenger Car,Disabling,N,Making Left Turn,2015-01-05 5:14,34,38.88674044,-76.89807415,1,1,좌회전 차선 사고,등속 주행 사고
8228,N,Apparently Normal,No Misuse,Y,Possible Incapacitating Injury,a7ba8e13-cb13-4205-a72b-6369d59508bc,D,DA18690002,Shoulder/Lap Belt(s),M,621e67c5-97e7-404a-b854-15a942d53405,Head On Left Turn,N,Intersection,Left Turn Lane,Dark Lights On,No Defects,"Two-way, Divided, Positive Median Barrier",Dry,Clear,Twelve o'clock,Passenger Car,Disabling,N,Moving Constant Speed,2015-01-05 5:14,46,38.88674044,-76.89807415,1,0,좌회전 차선 사고,등속 주행 중 측면 추돌 사고
8229,N,Had Been Drinking,No Misuse,Y,Possible Incapacitating Injury,d2291985-9551-4e2b-ab32-63992bd87d7b,D,DA28090006,Shoulder/Lap Belt(s),M,8d8b90a3-6ad6-4d76-954b-ac70b7b443ce,Same Direction Rear End,N,Non Intersection,Right Turn Lane,Dark Lights On,No Defects,"Two-way, Divided, Positive Median Barrier",Dry,Clear,Twelve o'clock,Passenger Car,Disabling,N,Moving Constant Speed,2015-02-21 2:06,26,38.93414274,-76.91347003,2,3,기타,등속 주행 중 측면 추돌 사고
8230,N,Apparently Normal,No Misuse,Y,Possible Incapacitating Injury,36234ace-2b8e-4b91-bd59-87faec805ccb,D,DA32440007,Shoulder/Lap Belt(s),M,56681711-669a-41d2-bbb0-cdf7cd167023,Head On Left Turn,N,Intersection,Left Turn Lane,Dark Lights On,No Defects,"Two-way, Divided, Positive Median Barrier",Dry,Clear,Two o'clock,Passenger Car,Destroyed,N,Making Left Turn,2015-03-07 20:25,28,39.00422802,-76.98092222,1,1,좌회전 차선 사고,등속 주행 사고
8231,N,Apparently Normal,No Misuse,Y,Possible Incapacitating Injury,e4cf93cc-d27d-46af-99fe-63c9d7b42c8e,D,DA3361002C,MC/Bike Helmet,M,17a6f8c2-24f1-47b0-9c91-ea69aaa0a044,Single Vehicle ,N,Non Intersection,Left Turn Lane,Daylight,No Defects,"Two-way, Divided, Positive Median Barrier",Dry,Clear,Three o'clock,Motorcycle,Disabling,N,Accelerating,2015-03-31 14:18,30,38.99250471,-76.95745826,1,1,좌회전 차선 사고,등속 주행 사고
8232,N,Apparently Normal,No Misuse,Y,Possible Incapacitating Injury,66b602cf-4a27-4c63-a59f-6689b1faddb8,D,DA35660008,Shoulder/Lap Belt(s),M,c28a48cc-228f-461d-84d4-7bd45b268102,Single Vehicle ,N,Intersection Related,Right Turn Lane,Dark Lights On,No Defects,"Two-way, Not Divided",Dry,Clear,Twelve o'clock,Passenger Car,Functional,N,Making Left Turn,2015-01-22 23:50,72,39.0006512,-76.92475677,3,1,우회전 차선 사고,등속 주행 중 측면 추돌 사고
8233,N,Apparently Normal,No Misuse,Y,Possible Incapacitating Injury,7620fed4-2e2f-4930-a4c8-81cb9197a6ad,D,DA35660009,Shoulder/Lap Belt(s),M,bb4641f9-a664-4624-8352-5e4ed468f4ab,Single Vehicle ,N,Non Intersection,Right Turn Lane,Dark Lights On,No Defects,"Two-way, Divided, Unprotected (painted >4 feet) Median",Wet,Raining,Twelve o'clock,Pickup Truck,Disabling,N,Moving Constant Speed,2015-01-24 1:23,35,39.00208529,-76.9514823,4,2,빗길사고,동일 방향 운행 중 추돌 사고
8234,N,Apparently Normal,No Misuse,Y,Possible Incapacitating Injury,1da4606d-7b11-445f-a2a7-2d5fe781883b,D,DA36410007,Shoulder Belt Only,M,e1ec64f2-2efc-410b-b225-c50b9f9d338a,Single Vehicle ,N,Non Intersection,Right Turn Lane,Daylight,No Defects,One-way Trafficway,Dry,Clear,Twelve o'clock,Passenger Car,Disabling,N,Accelerating,2015-01-17 14:21,22,39.09110839,-76.91471457,2,0,기타,자차 사고
8235,N,Apparently Normal,No Misuse,Y,Possible Incapacitating Injury,1abdb709-b363-4e69-9508-24a416af5399,D,DA3689000G,Shoulder/Lap Belt(s),M,3f79ae17-a121-459c-b9e1-3b97263afba3,Single Vehicle ,N,Non Intersection,Left Turn Lane,Daylight,No Defects,"Two-way, Divided, Positive Median Barrier",Ice,Severe Winds,One o'clock,Pickup Truck,Destroyed,N,Moving Constant Speed,2015-02-15 9:14,29,38.98967781,-76.95377827,0,0,눈길사고,감속 중 사고
8236,N,Apparently Normal,No Misuse,Y,Possible Incapacitating Injury,4bd15634-0a7c-4d9b-b96c-1613c5122958,D,DA3689000J,Shoulder/Lap Belt(s),M,05c97446-6df6-47d3-bb38-57aa29f972e9,Single Vehicle ,N,Intersection,Acceleration Lane,Daylight,No Defects,"Two-way, Divided, Positive Median Barrier",Ice,Severe Winds,Twelve o'clock,Passenger Car,Destroyed,N,Moving Constant Speed,2015-02-15 13:30,45,38.98359002,-76.9760406,0,0,눈길사고,감속 중 사고
8237,N,Apparently Normal,No Misuse,Y,Possible Incapacitating Injury,a76aa0df-e97a-485e-a797-0c1b7f46d574,D,DA36940001,Shoulder/Lap Belt(s),M,46860782-5897-4bb7-a700-afb2c17fb51b,Single Vehicle ,N,Non Intersection,Right Turn Lane,Daylight,No Defects,"Two-way, Not Divided",Dry,Clear,Ten o'clock,Passenger Car,Functional,N,Moving Constant Speed,2015-01-27 14:44,19,38.73344783,-76.85629606,2,2,기타,기타
8238,N,Apparently Normal,No Misuse,Y,Possible Incapacitating Injury,86327a28-a1c2-4048-9e91-796187d409b0,D,DA37090006,Shoulder/Lap Belt(s),M,817863ac-2aaa-4816-9c12-27de729d233c,Single Vehicle ,N,Non Intersection,Right Turn Lane,Daylight,No Defects,"Two-way, Not Divided",Dry,Clear,Twelve o'clock,(Sport) Utility Vehicle,Disabling,N,Moving Constant Speed,2015-02-04 14:00,67,38.66279368,-76.78112984,2,2,기타,기타
8239,N,Apparently Normal,No Misuse,Y,Possible Incapacitating Injury,c31fa092-ca88-48c1-9f5d-919917d34b9b,D,DA37700007,Shoulder/Lap Belt(s),M,d26bc62b-a35c-4bc7-b7c0-99f071289473,Single Vehicle ,N,Non Intersection,Right Turn Lane,Daylight,No Defects,"Two-way, Divided, Positive Median Barrier",Ice,Cloudy,Three o'clock,Passenger Car,Disabling,N,Moving Constant Speed,2015-01-09 8:26,24,38.8872081,-76.90433979,0,0,눈길사고,감속 중 사고
8240,N,Apparently Normal,No Misuse,N,Possible Incapacitating Injury,f0906ec2-1802-43f6-ac63-9d95e40ec0a0,D,DA37940007,Shoulder/Lap Belt(s),M,99a27735-aaa9-46a9-9f9d-b7dca0cfa93c,Head On,N,Intersection,Right Turn Lane,Daylight,No Defects,"Two-way, Not Divided",Dry,Clear,Twelve o'clock,Passenger Car,Destroyed,N,Moving Constant Speed,2015-01-25 14:34,24,38.77569975,-76.9561708,3,2,우회전 차선 사고,기타
8241,N,Influenced by Medications and/or Drugs and/or Alcohol,No Misuse,Y,No Injury,174c4eda-0ede-4604-aed1-f9b702e418cb,D,DA37940007,Shoulder/Lap Belt(s),M,879d8989-d1c1-4862-8fa1-d6b560ec2d1d,Head On,N,Intersection,Right Turn Lane,Daylight,No Defects,"Two-way, Not Divided",Dry,Clear,Twelve o'clock,Passenger Car,Destroyed,N,Moving Constant Speed,2015-01-25 14:34,41,38.77569975,-76.9561708,3,2,우회전 차선 사고,기타
8242,N,Apparently Normal,No Misuse,N,Possible Incapacitating Injury,5401c12a-4037-4e8e-ba03-05be5e99eaa8,D,DA38410003,Shoulder/Lap Belt(s),M,75afc5d3-0303-4572-aa10-45ae99dfb61b,Opposite Direction Both Left Turn,N,Intersection,Right Turn Lane,Dark Lights On,No Defects,"Two-way, Divided, Unprotected (painted >4 feet) Median",Dry,Clear,Twelve o'clock,Passenger Car,Disabling,N,Moving Constant Speed,2015-01-13 23:15,25,38.84430367,-76.89188361,3,2,우회전 차선 사고,기타
8243,N,Had Been Drinking,No Misuse,Y,No Injury,93c2ae80-a23a-4f4c-af63-c12a46281d01,D,DA38410003,Shoulder/Lap Belt(s),M,9d40909f-58ef-42ad-b750-8ac15333175b,Opposite Direction Both Left Turn,N,Intersection,Right Turn Lane,Dark Lights On,No Defects,"Two-way, Divided, Unprotected (painted >4 feet) Median",Dry,Clear,One o'clock,Passenger Car,Functional,N,Accelerating,2015-01-13 23:15,49,38.84430367,-76.89188361,3,1,우회전 차선 사고,등속 주행 중 측면 추돌 사고
8244,N,Apparently Normal,No Misuse,Y,Possible Incapacitating Injury,f3567861-7f75-451a-be1b-006040e61d64,D,DA3865000C,Shoulder/Lap Belt(s),M,91ae8e42-e1fc-4431-bdb1-9bb303907075,Single Vehicle ,N,Non Intersection,Left Turn Lane,Daylight,No Defects,"Two-way, Divided, Unprotected (painted >4 feet) Median",Dry,Clear,Twelve o'clock,Passenger Car,Disabling,N,Moving Constant Speed,2015-03-23 16:12,26,39.05073527,-76.88883662,1,0,좌회전 차선 사고,등속 주행 중 측면 추돌 사고
8245,N,Apparently Normal,No Misuse,Y,Possible Incapacitating Injury,144b68ad-2fc7-4d89-9e91-38f3915626e2,D,DA38980006,Shoulder/Lap Belt(s),M,f1a92b2e-4d57-4e96-b5a2-98b1ae7f8c1a,Single Vehicle ,N,Non Intersection,Right Turn Lane,Dark Lights On,No Defects,"Two-way, Not Divided",Ice,Clear,Twelve o'clock,Passenger Car,Functional,N,Moving Constant Speed,2015-01-20 0:00,30,38.67828194,-76.93918705,2,2,기타,기타
8246,N,Apparently Normal,Not Strapped Right,Y,Possible Incapacitating Injury,9ad7871d-ec2d-4516-bfef-6a64bf06dec5,D,DA39260004,MC/Bike Helmet and Eye Protection,M,4b350c57-aa99-44db-9f6a-3b3a84392f8e,Same Direction Rear End,N,Non Intersection,Right Turn Lane,Daylight,No Defects,"Two-way, Not Divided",Dry,Clear,Twelve o'clock,Motorcycle,Disabling,N,Moving Constant Speed,2015-03-22 10:06,35,38.79441646,-76.99074984,2,3,기타,등속 주행 중 측면 추돌 사고
8247,N,Apparently Normal,No Misuse,N,Possible Incapacitating Injury,af70a213-13a0-4bdd-a008-a26ae0505ba7,D,DD56040010,Shoulder/Lap Belt(s),M,b691a448-b1a1-43ce-910d-c187004e5429,Same Movement Angle,N,Intersection,Right Turn Lane,Dark Lights On,No Defects,"Two-way, Divided, Positive Median Barrier",Dry,Clear,Twelve o'clock,Passenger Car,Disabling,N,Moving Constant Speed,2015-03-10 5:46,35,39.08095167,-77.14344333,3,0,우회전 차선 사고,기타
8248,N,Apparently Normal,No Misuse,Y,Possible Incapacitating Injury,92b93cdf-39e0-4ea8-b326-c664a1cd5d95,D,DD56040010,Shoulder/Lap Belt(s),M,0a9d03ea-8be4-4bfd-b013-3eefc25b5c53,Same Movement Angle,N,Intersection,Right Turn Lane,Dark Lights On,No Defects,"Two-way, Divided, Positive Median Barrier",Dry,Clear,Three o'clock,Passenger Car,Disabling,N,Starting From Parked,2015-03-10 5:46,67,39.08095167,-77.14344333,3,0,우회전 차선 사고,기타
8249,N,Apparently Normal,No Misuse,Y,Possible Incapacitating Injury,2b05f1e4-0ad9-4a30-a4d1-434804fef4fd,D,DE01430001,Shoulder/Lap Belt(s),M,52fbfad5-60c9-44ad-aff2-3314b2bef82f,Single Vehicle ,N,Intersection,Right Turn Lane,Dark Lights On,Loose Surface Material,"Two-way, Divided, Positive Median Barrier",Wet,Foggy,Twelve o'clock,(Sport) Utility Vehicle,Destroyed,N,Moving Constant Speed,2015-01-03 21:17,38,38.40181456,-75.56928635,4,2,빗길사고,동일 방향 운행 중 추돌 사고
8250,N,Apparently Normal,No Misuse,Y,Possible Incapacitating Injury,6fc77d8e-42e2-4bc1-be66-000390b44ded,D,EE00760001,Shoulder/Lap Belt(s),M,39c6454f-c182-414c-b1c6-cc0e90656574,Single Vehicle ,N,Non Intersection,Right Turn Lane,Daylight,No Defects,"Two-way, Divided, Positive Median Barrier",Ice,Sleet,Six o'clock,(Sport) Utility Vehicle,Functional,N,Moving Constant Speed,2015-01-14 8:43,52,38.2195037,-75.6983757,0,0,눈길사고,감속 중 사고
8251,N,Apparently Normal,No Misuse,N,Possible Incapacitating Injury,417dd7e2-3335-4187-b132-162f253e0e77,D,MCP10210005,Shoulder/Lap Belt(s),M,c1d13346-918b-4ae9-ba16-cd5cf8fb78cb,Same Movement Angle,N,Intersection,Left Turn Lane,Dark Lights On,No Defects,"Two-way, Divided, Positive Median Barrier",Dry,Clear,Twelve o'clock,Police Vehicle/Emergency,Disabling,N,Moving Constant Speed,2015-01-01 2:33,30,39.18999667,-77.24158,1,0,좌회전 차선 사고,등속 주행 중 측면 추돌 사고
8252,Y,Apparently Normal,No Misuse,Y,Possible Incapacitating Injury,b6f46e6a-0720-4d1a-bd4d-ee3b5605ab2d,D,MCP14650013,Shoulder/Lap Belt(s),M,c4487221-fe72-42c6-b882-76ed49cf435c,Single Vehicle ,N,Non Intersection,Right Turn Lane,Daylight,No Defects,"Two-way, Not Divided",Dry,Clear,Ten o'clock,"Medium/Heavy Truck 2 axles (10,000 lbs (4,536 kg) or less)",Disabling,N,Accelerating,2015-01-28 11:11,48,39.070275,-77.26214833,2,0,기타,자차 사고
8253,N,Apparently Normal,No Misuse,Y,Possible Incapacitating Injury,e3e57a2c-abf1-43b5-b565-d8b4a451e5b3,D,MCP20810004,Shoulder/Lap Belt(s),M,50f8009b-451c-4424-8750-2553baefd904,Single Vehicle ,N,Non Intersection,Right Turn Lane,Dark Lights On,No Defects,"Two-way, Not Divided",Wet,Raining,Twelve o'clock,Passenger Car,Functional,N,Accelerating,2015-02-09 22:27,23,39.14112001,-77.19731212,4,0,빗길사고,등속 주행 중 사고
8254,N,Apparently Normal,No Misuse,N,Possible Incapacitating Injury,d09a5e58-9bdc-4d43-a263-f17f7486aef1,D,MCP2678000J,Shoulder/Lap Belt(s),M,6988cd78-9648-4317-be8f-7c4f7d5a1b17,Same Movement Angle,N,Intersection,Left Turn Lane,Dark Lights On,No Defects,"Two-way, Not Divided",Snow,Snow,Twelve o'clock,Passenger Car,Disabling,N,Moving Constant Speed,2015-01-06 4:52,29,39.03212167,-77.04842667,0,0,눈길사고,감속 중 사고
8255,N,Apparently Normal,No Misuse,Y,Possible Incapacitating Injury,23f8dcb6-2453-49bb-9847-5abf82710565,D,MCP2678000J,Shoulder/Lap Belt(s),M,f7fe1173-ef3a-4e24-ae7d-d28f8a470e82,Same Movement Angle,N,Intersection,Left Turn Lane,Dark Lights On,No Defects,"Two-way, Not Divided",Snow,Snow,Nine o'clock,Passenger Car,Disabling,N,Starting From Lane,2015-01-06 4:52,61,39.03212167,-77.04842667,0,2,눈길사고,미끌어짐에 의한 사고
8256,Y,Apparently Normal,No Misuse,Y,Possible Incapacitating Injury,278fbd0a-9e64-4ec0-bfac-507eade61d13,D,MCP2693000K,Shoulder/Lap Belt(s),M,364e5118-0a68-4b1f-b00b-7a42cd238175,Single Vehicle ,N,Non Intersection,Right Turn Lane,Daylight,No Defects,"Two-way, Not Divided",Snow,Wintry Mix,Twelve o'clock,Passenger Car,Disabling,N,Slowing or Stopping,2015-01-26 16:25,43,39.117465,-76.97016833,0,1,눈길사고,등속 주행 사고
8257,N,Apparently Normal,No Misuse,N,Possible Incapacitating Injury,e96c85b3-a7e2-4eb7-8d2c-3a3386f1bb19,D,MCP27390008,Shoulder/Lap Belt(s),M,0a5d9f0e-b0e3-4ab8-9bb3-df51d4ebec4b,Same Movement Angle,N,Intersection,Right Turn Lane,Dark Lights On,No Defects,"Two-way, Divided, Unprotected (painted >4 feet) Median",Dry,Clear,Six o'clock,(Sport) Utility Vehicle,Disabling,N,Making Left Turn,2015-03-28 5:15,28,39.05651,-76.95291833,3,0,우회전 차선 사고,기타
8258,N,Had Been Drinking,No Misuse,Y,No Injury,a8199850-e7df-40e6-ad79-eb85fd3ebf53,D,MCP27390008,Shoulder/Lap Belt(s),M,bbd2fbe8-ef0e-449a-aa29-b55a27e0ff40,Same Movement Angle,N,Intersection,Right Turn Lane,Dark Lights On,No Defects,"Two-way, Divided, Unprotected (painted >4 feet) Median",Dry,Clear,Twelve o'clock,(Sport) Utility Vehicle,Disabling,N,Moving Constant Speed,2015-03-28 5:15,27,39.05651,-76.95291833,3,0,우회전 차선 사고,기타
8259,N,Apparently Normal,No Misuse,N,Possible Incapacitating Injury,9c15854e-4979-4fc4-a04f-36804d0bf3d7,D,MCP27800010,Shoulder/Lap Belt(s),M,30860b4e-b735-4b58-8179-a1793eb3d516,Same Movement Angle,N,Intersection Related,Right Turn Lane,Daylight,No Defects,"Two-way, Divided, Positive Median Barrier",Wet,Clear,Ten o'clock,(Sport) Utility Vehicle,Disabling,N,Accelerating,2015-02-22 14:11,47,39.19626333,-77.26582,4,1,빗길사고,자차 사고