KEY_INDEX,CDL_FLAG,CONDITION_CODE,EQUIP_PROB_CODE,FAULT_FLAG,INJ_SEVER_CODE,PERSON_ID,PERSON_TYPE,REPORT_NO,SAF_EQUIP_CODE,SEX_CODE,VEHICLE_ID,COLLISION_TYPE_CODE,C_M_ZONE_FLAG,JUNCTION_CODE,LANE_CODE,LIGHT_CODE,RD_COND_CODE,RD_DIV_CODE,SURF_COND_CODE,WEATHER_CODE,AREA_DAMAGED_CODE_MAIN,BODY_TYPE_CODE,DAMAGE_CODE,HIT_AND_RUN_FLAG,MOVEMENT_CODE,TIME,AGE,LATITUDE,LONGITUDE,CLUSTER,SECOND_LABEL,FIRST_LABEL,SECOND_LABELING
8260,Y,Apparently Normal,No Misuse,Y,Possible Incapacitating Injury,256b5930-a8b3-4e2d-9fd0-bafe32e851d4,D,MCP27800010,Shoulder/Lap Belt(s),M,bc681aec-03b6-49d6-969d-6441f2c37115,Same Movement Angle,N,Intersection Related,Right Turn Lane,Daylight,No Defects,"Two-way, Divided, Positive Median Barrier",Wet,Clear,Twelve o'clock,Pickup Truck,Disabling,N,Moving Constant Speed,2015-02-22 14:11,51,39.19626333,-77.26582,4,1,빗길사고,자차 사고
8261,N,Apparently Normal,No Misuse,Y,Possible Incapacitating Injury,9b4d20d9-c218-4355-87db-8844b3cbad8e,D,MCP2796001H,Shoulder/Lap Belt(s),M,97453754-f3a2-4e4e-865a-7c5980a89648,Single Vehicle ,N,Non Intersection,Right Turn Lane,Daylight,No Defects,"Two-way, Divided, Unprotected (painted >4 feet) Median",Dry,Clear,Twelve o'clock,Passenger Car,Disabling,N,Moving Constant Speed,2015-03-16 12:59,72,39.141965,-77.07428833,2,2,기타,기타
8262,N,Apparently Normal,No Misuse,N,Possible Incapacitating Injury,399896e9-01a2-4140-82a1-af65bbba22f3,D,MCP2799000S,Shoulder/Lap Belt(s),M,fa2ba974-ed97-4641-9097-0ad09830dca4,Same Direction Rear End,N,Intersection Related,Left Turn Lane,Dark No Lights,No Defects,"Two-way, Divided, Positive Median Barrier",Wet,Raining,Six o'clock,Passenger Car,Superficial,N,Moving Constant Speed,2015-03-10 19:24,35,39.11985333,-77.032495,4,2,빗길사고,동일 방향 운행 중 추돌 사고
8263,Y,Apparently Normal,No Misuse,N,Possible Incapacitating Injury,c707babc-836a-4207-b268-79fa85448f74,D,MDTA08610008,Shoulder/Lap Belt(s),M,e878109c-8297-4778-8578-8d47435c3bdf,Single Vehicle ,N,Non Intersection,Deceleration Lane,Dark Lights On,No Defects,"Two-way, Divided, Positive Median Barrier",Ice,Snow,Twelve o'clock,(Sport) Utility Vehicle,Functional,N,Skidding,2015-03-06 2:08,49,39.2712628,-76.6531095,0,2,눈길사고,미끌어짐에 의한 사고
8264,N,Apparently Normal,No Misuse,Y,Possible Incapacitating Injury,3d2ff746-b79e-47a3-8bbf-0e430dac4bc4,D,MSP2467001V,Shoulder/Lap Belt(s),M,b4af49da-3e6b-4804-a534-170281946b2f,Single Vehicle ,N,Non Intersection,Acceleration Lane,Daylight,No Defects,"Two-way, Divided, Unprotected (painted >4 feet) Median",Dry,Clear,Three o'clock,"Other Light Trucks (10,000 lbs (4,536 kg))",Disabling,N,Moving Constant Speed,2015-03-29 13:00,60,39.7089995,-78.266799,1,0,좌회전 차선 사고,등속 주행 중 측면 추돌 사고
8265,N,Apparently Normal,No Misuse,Y,Possible Incapacitating Injury,abd2a78d-d0ab-4c09-a516-3d1e7ccc0b9e,D,MSP4994000W,Shoulder/Lap Belt(s),M,d84067e8-a894-4767-819d-3343cc01ada3,Same Direction Rear End,N,Non Intersection,Acceleration Lane,Dark No Lights,No Defects,"Two-way, Divided, Positive Median Barrier",Dry,Clear,Twelve o'clock,Truck Tractor,Destroyed,N,Moving Constant Speed,2015-03-09 21:15,42,39.69076532,-78.50334647,1,0,좌회전 차선 사고,등속 주행 중 측면 추돌 사고
8266,N,Apparently Normal,No Misuse,Y,Possible Incapacitating Injury,db17b9fc-f629-4314-b9dd-960db033824a,D,MSP50460009,Shoulder/Lap Belt(s),M,d01313f2-80b8-4bd5-ada9-6b515269f648,Single Vehicle ,N,Intersection Related,Right Turn Lane,Dark No Lights,No Defects,"Two-way, Not Divided",Ice,Clear,Roof Top,(Sport) Utility Vehicle,Disabling,N,Moving Constant Speed,2015-01-06 17:06,34,39.66023901,-76.89275265,3,2,우회전 차선 사고,기타
8267,N,Apparently Normal,No Misuse,Y,Possible Incapacitating Injury,bc5b0aa4-cfc4-43d2-9025-e39450da6510,D,MSP5314000X,Shoulder/Lap Belt(s),M,4b7fd074-99e6-4d84-9990-de2f2041d89a,Single Vehicle ,N,Non Intersection,Right Turn Lane,Daylight,No Defects,"Two-way, Not Divided",Dry,Clear,Nine o'clock,(Sport) Utility Vehicle,Disabling,N,Moving Constant Speed,2015-02-12 11:37,30,39.6624815,-76.0112605,2,2,기타,기타
8268,N,Apparently Normal,No Misuse,Y,Possible Incapacitating Injury,001cc0cc-300e-4f9e-81df-3f4cd7a981c7,D,MSP56620025,Shoulder/Lap Belt(s),M,fb28e78e-1dee-4a39-a48e-fde4a01eeffa,Single Vehicle ,N,Non Intersection,Right Turn Lane,Daylight,No Defects,"Two-way, Not Divided",Snow,Snow,Twelve o'clock,Pickup Truck,Disabling,N,Moving Constant Speed,2015-01-06 10:11,65,39.657293,-77.861915,0,0,눈길사고,감속 중 사고
8269,N,Apparently Normal,No Misuse,N,Possible Incapacitating Injury,1c3f2513-3d5a-4656-99d5-78c6008e8cb1,D,MSP57410013,Shoulder/Lap Belt(s),M,0b3ac50e-6ae5-403d-8884-4b2e7cf4e2f3,Same Movement Angle,N,Intersection,Right Turn Lane,Daylight,No Defects,"Two-way, Divided, Positive Median Barrier",Dry,Clear,Eleven o'clock,Pickup Truck,Destroyed,N,Moving Constant Speed,2015-03-13 15:46,25,39.58269567,-76.0216615,3,0,우회전 차선 사고,기타
8270,Y,Apparently Normal,No Misuse,Y,Possible Incapacitating Injury,a52cd099-8bc8-44f3-9236-0271d6aa157e,D,MSP5750001D,Shoulder/Lap Belt(s),M,e517af5e-f485-41c8-9b01-48959bcceae7,Single Vehicle ,N,Non Intersection,Right Turn Lane,Daylight,No Defects,"Two-way, Not Divided",Ice,Clear,Roof Top,Pickup Truck,Disabling,N,Skidding,2015-02-19 17:32,59,38.50016133,-77.21109833,2,0,기타,자차 사고
8271,N,Apparently Normal,No Misuse,Y,Possible Incapacitating Injury,3fd13328-76b4-4e70-8c5f-ae1ac4bfd4c1,D,MSP5778002H,Shoulder/Lap Belt(s),M,7e4ce4b9-e84d-4fd6-8c8e-dce48b1d55da,Single Vehicle ,N,Non Intersection,Right Turn Lane,Dark No Lights,No Defects,"Two-way, Not Divided",Wet,Raining,Twelve o'clock,Passenger Car,Disabling,N,Moving Constant Speed,2015-02-22 5:57,54,39.627579,-76.999721,4,2,빗길사고,동일 방향 운행 중 추돌 사고
8272,N,Apparently Normal,No Misuse,Y,Possible Incapacitating Injury,458a8f07-7fdc-467e-afea-724c1614d3b9,D,MSP5796002D,Shoulder/Lap Belt(s),M,3a773389-e4ed-4672-b2be-1aacf16be0ca,Single Vehicle ,N,Non Intersection,Right Turn Lane,Daylight,No Defects,One-way Trafficway,Dry,Clear,Twelve o'clock,Passenger Car,Functional,N,Making Right Turn,2015-01-13 13:13,42,39.297399,-76.82338583,2,0,기타,자차 사고
8273,N,Apparently Normal,No Misuse,Y,Possible Incapacitating Injury,3e8ecbfc-b070-4c44-a01c-017227161c79,D,MSP5861001Y,Shoulder/Lap Belt(s),M,1113d9ad-0dca-47a4-97f6-103552d4225c,Single Vehicle ,N,Non Intersection,Right Turn Lane,Dark No Lights,No Defects,"Two-way, Not Divided",Snow,Snow,Twelve o'clock,(Sport) Utility Vehicle,Destroyed,N,Moving Constant Speed,2015-02-17 0:18,20,39.60939567,-76.87055817,0,0,눈길사고,감속 중 사고
8274,N,Apparently Normal,No Misuse,Y,Possible Incapacitating Injury,4937a0a9-1dcd-41ee-a48a-531138e55aa9,D,MSP5957003Z,Shoulder/Lap Belt(s),M,441011dc-1d44-4e62-af53-9df255a8c8e1,Single Vehicle ,N,Interchange Related,Right Turn Lane,Dark Lights On,No Defects,One-way Trafficway,Dry,Clear,Twelve o'clock,Van,Disabling,N,Moving Constant Speed,2015-01-10 3:13,18,39.094041,-76.890948,3,2,우회전 차선 사고,기타
8275,N,Apparently Normal,No Misuse,Y,Possible Incapacitating Injury,f30fada6-bc60-4a59-b5a7-bafeabc510c8,D,MSP6003000T,Shoulder/Lap Belt(s),M,95c4c08a-50f1-44a1-b246-208b4df02040,Single Vehicle ,N,Non Intersection,Right Turn Lane,Daylight,No Defects,"Two-way, Divided, Positive Median Barrier",Ice,Wintry Mix,Six o'clock,Passenger Car,Disabling,N,Moving Constant Speed,2015-02-22 7:25,65,38.98153233,-76.16446167,0,0,눈길사고,감속 중 사고
8276,N,Apparently Normal,No Misuse,N,Possible Incapacitating Injury,6245b09b-a611-42f5-93bf-0ff4196aac05,D,MSP6052003B,Shoulder/Lap Belt(s),M,2935ed0a-8822-414b-89b2-23a754486831,Same Direction Rear End,N,Intersection,Right Turn Lane,Dark Lights On,No Defects,"Two-way, Not Divided",Dry,Clear,Six o'clock,Van,Disabling,N,Making Left Turn,2015-01-01 18:13,30,39.67985683,-76.388657,3,3,우회전 차선 사고,동일 방향 운행 중 추돌 사고
8277,N,Apparently Normal,No Misuse,Y,Possible Incapacitating Injury,9d049fe5-78f1-4bf2-b8a8-9388d9339fb4,D,MSP6052003B,Shoulder/Lap Belt(s),M,563715be-fdff-42a7-888c-db0d73ad0087,Same Direction Rear End,N,Intersection,Right Turn Lane,Dark Lights On,No Defects,"Two-way, Not Divided",Dry,Clear,Twelve o'clock,(Sport) Utility Vehicle,Disabling,N,Moving Constant Speed,2015-01-01 18:13,24,39.67985683,-76.388657,3,2,우회전 차선 사고,기타
8278,N,Apparently Normal,No Misuse,N,Possible Incapacitating Injury,c1701fc1-dc81-4048-8e8e-a75b00df1b9f,D,MSP6053000X,Shoulder/Lap Belt(s),M,cb307d7f-a227-4b2c-9ce6-7e114e6f96d1,Single Vehicle ,N,Non Intersection,Right Turn Lane,Dark No Lights,No Defects,"Two-way, Not Divided",Dry,Clear,Twelve o'clock,(Sport) Utility Vehicle,Disabling,N,Moving Constant Speed,2015-01-02 23:19,73,38.4845682,-76.14224911,2,2,기타,기타
8279,N,Apparently Normal,No Misuse,N,Incapacitating/Disabled Injury,c409bdbd-0adb-4895-b8e7-4bc1545cf9f3,D,MSP6060001L,Shoulder/Lap Belt(s),M,09292f67-11d3-47aa-9b12-fbbaa2005b5b,Same Direction Rear End,N,Intersection,Right Turn Lane,Daylight,No Defects,"Two-way, Not Divided",Wet,Foggy,Six o'clock,Passenger Car,Destroyed,N,Slowing or Stopping,2015-03-20 17:55,36,39.62020367,-77.09228233,4,3,빗길사고,기타
8280,N,Apparently Normal,No Misuse,N,Possible Incapacitating Injury,2f7c0c8a-3b80-4b7b-9da8-96b2aaa1957b,D,MSP6070003Z,Shoulder/Lap Belt(s),M,a36a176e-e723-43ee-9745-9dcb18e811cb,Same Direction Sideswipe,N,Non Intersection,Right Turn Lane,Dark No Lights,No Defects,"Two-way, Divided, Positive Median Barrier",Wet,Cloudy,Four o'clock,Passenger Car,Disabling,N,Moving Constant Speed,2015-01-04 1:52,22,38.81106717,-76.81226517,4,2,빗길사고,동일 방향 운행 중 추돌 사고
8281,N,Apparently Normal,No Misuse,Y,Possible Incapacitating Injury,034ca6c9-9001-493a-89a9-4b6398384975,D,MSP60920072,Shoulder/Lap Belt(s),M,c6d86e4c-d690-4409-b349-9eb7e43675fe,Single Vehicle ,N,Non Intersection,Right Turn Lane,Daylight,No Defects,"Two-way, Divided, Positive Median Barrier",Dry,Clear,Twelve o'clock,Passenger Car,Disabling,N,Skidding,2015-01-01 12:12,21,39.30601098,-76.73497438,2,0,기타,자차 사고
8282,N,Apparently Normal,No Misuse,Y,Possible Incapacitating Injury,5e50f099-67a9-4c2f-8b5d-91f1a3f04d3b,D,MSP61000036,Shoulder/Lap Belt(s),M,066c2925-34ee-4f64-a963-19669f63df7f,Single Vehicle ,N,Non Intersection,Right Turn Lane,Dark Lights On,No Defects,"Two-way, Divided, Positive Median Barrier",Wet,Cloudy,Twelve o'clock,Truck Tractor,Disabling,N,Changing Lanes,2015-01-27 4:00,46,39.27536133,-77.32122817,4,0,빗길사고,등속 주행 중 사고
8283,N,Apparently Normal,No Misuse,N,Possible Incapacitating Injury,337a247d-07cd-414e-bad1-4893b154c024,D,MSP61000039,Shoulder/Lap Belt(s),M,50cb1220-12c0-4aea-930d-883285ba1e83,Single Vehicle ,N,Non Intersection,Acceleration Lane,Daylight,Loose Surface Material,"Two-way, Divided, Positive Median Barrier",Dry,Clear,Non-collision,(Sport) Utility Vehicle,Functional,N,Moving Constant Speed,2015-02-07 11:01,17,39.055833,-77.154107,1,0,좌회전 차선 사고,등속 주행 중 측면 추돌 사고
8284,N,Apparently Normal,No Misuse,Y,Possible Incapacitating Injury,00ed4b06-4f20-40f0-9640-04b6a6b54f7d,D,MSP6154001C,Shoulder/Lap Belt(s),M,335d1b4d-e870-4ea2-94fc-41082fe22d4b,Single Vehicle ,N,Non Intersection,Right Turn Lane,Daylight,No Defects,"Two-way, Not Divided",Dry,Clear,Twelve o'clock,Van,Disabling,N,Moving Constant Speed,2015-03-23 11:28,48,38.5738,-76.137627,2,2,기타,기타
8285,N,Apparently Normal,No Misuse,Y,Possible Incapacitating Injury,cd890682-321e-4c53-aca1-444257a9680f,D,MSP6188000P,Shoulder/Lap Belt(s),M,6ad29239-75e3-4ec8-a730-8900c4d3b473,Single Vehicle ,N,Non Intersection,Right Turn Lane,Dark No Lights,No Defects,"Two-way, Not Divided",Dry,Clear,Twelve o'clock,Passenger Car,Disabling,N,Moving Constant Speed,2015-03-17 19:14,64,38.284966,-76.77700883,2,2,기타,기타
8286,N,Apparently Normal,No Misuse,N,Possible Incapacitating Injury,c3eecca4-4f77-4ebd-bc2e-c34e688c441b,D,MSP6192001P,Shoulder/Lap Belt(s),M,6f9e92b3-2a6d-4d5c-95ab-8a212f62e403,Same Movement Angle,N,Intersection Related,Right Turn Lane,Dark Lights On,No Defects,"Two-way, Not Divided",Wet,Sleet,One o'clock,Passenger Car,Disabling,N,Moving Constant Speed,2015-01-23 23:58,60,38.98171353,-76.31755829,4,1,빗길사고,자차 사고
8287,N,Had Been Drinking,No Misuse,Y,No Injury,03222e28-9284-4623-99fd-ed8e4eba7806,D,MSP6192001P,Shoulder/Lap Belt(s),M,1e713561-9445-4569-82a4-ba20b7cf1701,Same Movement Angle,N,Intersection Related,Right Turn Lane,Dark Lights On,No Defects,"Two-way, Not Divided",Wet,Sleet,Twelve o'clock,Passenger Car,Superficial,Y,Making Right Turn,2015-01-23 23:58,58,38.98171353,-76.31755829,4,1,빗길사고,자차 사고
8288,N,Apparently Normal,No Misuse,Y,Possible Incapacitating Injury,18a52c46-7903-4786-b0d2-2334eb53c66f,D,MSP6192001V,Shoulder/Lap Belt(s),M,0bb5a3b7-81f1-4037-93db-e8f050da42ea,Single Vehicle ,N,Non Intersection,Right Turn Lane,Daylight,No Defects,"Two-way, Not Divided",Snow,Snow,Twelve o'clock,(Sport) Utility Vehicle,Disabling,N,Moving Constant Speed,2015-03-05 15:00,54,39.09239733,-75.87722617,0,0,눈길사고,감속 중 사고
8289,N,Apparently Normal,No Misuse,Y,Possible Incapacitating Injury,d4c8a40a-7ef9-4425-9bb4-eb724c0f4b25,D,MSP62020036,MC/Bike Helmet,M,664ffdc2-feb7-4a5b-9b83-7c673d4b27eb,Single Vehicle ,N,Non Intersection,Right Turn Lane,Daylight,No Defects,"Two-way, Divided, Positive Median Barrier",Wet,Cloudy,Twelve o'clock,Motorcycle,Disabling,N,Moving Constant Speed,2015-01-04 15:27,33,38.79558,-77.01903,4,2,빗길사고,동일 방향 운행 중 추돌 사고
8290,N,Apparently Normal,No Misuse,Y,Possible Incapacitating Injury,e6e8f4c6-bead-4607-b69d-a9af602db92f,D,MSP62710034,Shoulder/Lap Belt(s),M,f305ca41-f048-4fe7-9349-1dc15a5c92e1,Same Direction Rear End,N,Non Intersection,Acceleration Lane,Dark No Lights,No Defects,"Two-way, Divided, Positive Median Barrier",Dry,Clear,Twelve o'clock,Passenger Car,Disabling,N,Moving Constant Speed,2015-03-15 5:02,45,39.0292565,-77.116518,1,0,좌회전 차선 사고,등속 주행 중 측면 추돌 사고
8291,N,Apparently Normal,No Misuse,Y,Possible Incapacitating Injury,0e77b053-7575-4156-a583-e1754aa99723,D,MSP6357002Y,Shoulder/Lap Belt(s),M,c0f3a33a-e527-4c5e-afb6-7eda3dded4fb,Single Vehicle ,N,Non Intersection,Right Turn Lane,Daylight,No Defects,"Two-way, Divided, Positive Median Barrier",Dry,Clear,Twelve o'clock,(Sport) Utility Vehicle,Disabling,N,Slowing or Stopping,2015-03-15 13:57,23,39.260085,-77.30879417,2,1,기타,등속 주행 사고
8292,N,Apparently Normal,No Misuse,Y,Possible Incapacitating Injury,d4c5fae9-62a2-431b-8483-5c9b97a7fc7d,D,MSP65030004,Shoulder/Lap Belt(s),M,4df38d76-22c1-4a4f-b00d-f7b07c53183c,Single Vehicle ,N,Non Intersection,Right Turn Lane,Dark Lights On,No Defects,"Two-way, Not Divided",Ice,Raining,Twelve o'clock,Passenger Car,Disabling,N,Skidding,2015-02-09 18:47,77,39.70201952,-75.97069502,0,2,눈길사고,미끌어짐에 의한 사고
8293,N,Apparently Normal,No Misuse,N,Possible Incapacitating Injury,72885863-7177-454a-bd55-a1432a7ae1eb,D,MTA02250007,Shoulder/Lap Belt(s),M,b82894e3-ef59-489a-805f-a4cd96d145fb,Same Movement Angle,N,Intersection,Right Turn Lane,Dark Lights On,No Defects,"Two-way, Divided, Unprotected (painted >4 feet) Median",Dry,Clear,Three o'clock,Transit Bus,Disabling,N,Accelerating,2015-02-08 4:30,45,39.28824311,-76.64517403,3,0,우회전 차선 사고,기타
8294,N,Apparently Normal,No Misuse,N,Possible Incapacitating Injury,a6aa3879-8e67-4709-80e7-5fd981abc051,D,ZA05290008,Shoulder/Lap Belt(s),M,fec1e72b-4f79-4725-8cf1-bdbe1e811c2f,Head On,N,Non Intersection,Right Turn Lane,Dark Lights On,No Defects,"Two-way, Not Divided",Dry,Clear,Twelve o'clock,Passenger Car,Destroyed,N,Moving Constant Speed,2015-02-19 5:57,58,39.58432546,-78.84346962,2,2,기타,기타
8295,N,Apparently Asleep,No Misuse,Y,No Injury,ec8c9c1e-b8b0-4294-96f9-da4eeef0e591,D,ZA05290008,Shoulder/Lap Belt(s),M,4fed97c8-cc34-4a2b-9542-8d47a3eb85bf,Head On,N,Non Intersection,Right Turn Lane,Dark Lights On,No Defects,"Two-way, Not Divided",Dry,Clear,Twelve o'clock,Passenger Car,Destroyed,N,Moving Constant Speed,2015-02-19 5:57,24,39.58432546,-78.84346962,2,2,기타,기타
8296,N,Apparently Normal,No Misuse,Y,Possible Incapacitating Injury,99c1a7ef-5cfe-4db7-9fa9-3fef8c305bd2,D,ZA05310004,Shoulder/Lap Belt(s),M,51c3e651-6748-4680-9ebb-c1d5744213e5,Single Vehicle ,N,Non Intersection,Right Turn Lane,Dark Lights On,No Defects,"Two-way, Divided, Positive Median Barrier",Ice,Wintry Mix,Nine o'clock,"Cargo Van/Light Truck 2 axles (10,000 lbs (4,536 kg) or less)",Destroyed,N,Moving Constant Speed,2015-01-12 0:41,20,39.70642729,-78.34157467,0,0,눈길사고,감속 중 사고
8297,N,Apparently Normal,No Misuse,Y,Possible Incapacitating Injury,8fcd52da-6d08-416c-8fdb-1f1d06a33d85,D,ZF0432000J,Shoulder/Lap Belt(s),M,58e428e7-1931-4a14-a6eb-d2d6d930e2d7,Single Vehicle ,N,Non Intersection,Right Turn Lane,Daylight,No Defects,"Two-way, Not Divided",Dry,Clear,Twelve o'clock,Pickup Truck,Destroyed,N,Moving Constant Speed,2015-03-17 7:20,70,39.45813976,-76.91108823,2,2,기타,기타
8298,N,Apparently Normal,No Misuse,Y,Possible Incapacitating Injury,000816a1-59b1-402e-892f-1a2544f5c698,D,ZF0449000R,Shoulder/Lap Belt(s),M,f824ba56-22de-48d8-91c8-9ec172db6c69,Single Vehicle ,N,Non Intersection,Right Turn Lane,Daylight,No Defects,"Two-way, Not Divided",Ice,Clear,Nine o'clock,"Cargo Van/Light Truck 2 axles (10,000 lbs (4,536 kg) or less)",Disabling,N,Moving Constant Speed,2015-03-10 7:51,39,39.54361555,-76.92474604,2,2,기타,기타
8299,N,Apparently Normal,No Misuse,Y,Possible Incapacitating Injury,49fd4d26-d471-4e0a-913b-5f6b7a2c0728,D,ZF04690009,Shoulder/Lap Belt(s),M,c767a58b-f601-4021-9b73-a355a9720792,Single Vehicle ,N,Non Intersection,Right Turn Lane,Daylight,No Defects,"Two-way, Divided, Unprotected (painted >4 feet) Median",Wet,Raining,Twelve o'clock,Passenger Car,Disabling,N,Moving Constant Speed,2015-03-10 13:01,23,39.65793457,-76.91957474,4,2,빗길사고,동일 방향 운행 중 추돌 사고
8300,N,Apparently Normal,No Misuse,Y,Possible Incapacitating Injury,ca967330-7dbc-4f20-96d4-5876331e79ed,D,ZG06670006,Shoulder/Lap Belt(s),M,7260d0c7-09e6-45a3-9f89-fc15c7d263d4,Single Vehicle ,N,Non Intersection,Right Turn Lane,Daylight,No Defects,"Two-way, Not Divided",Wet,Clear,Twelve o'clock,Passenger Car,Disabling,N,Skidding,2015-02-02 13:00,22,39.68179298,-76.10057831,2,0,기타,자차 사고
8301,N,Apparently Normal,Air Bag Failed,Y,Possible Incapacitating Injury,1a90a963-f614-48ac-94fa-4056276d5f8e,D,ZH0568000L,Shoulder/Lap Belt(s),M,8c71bafd-6df8-49e5-8369-f22e45a88a3f,Single Vehicle ,N,Non Intersection,Right Turn Lane,Dark No Lights,No Defects,"Two-way, Not Divided",Ice,Foggy,Twelve o'clock,Passenger Car,Destroyed,N,Negotiating a Curve,2015-01-19 0:41,22,38.62116235,-76.864568,0,2,눈길사고,미끌어짐에 의한 사고
8302,N,Apparently Normal,No Misuse,Y,Possible Incapacitating Injury,36d8e80d-f442-4d89-8f73-fd7c7e3a063e,D,ZI01990001,MC/Bike Helmet and Eye Protection,M,3af819c9-f83a-4d3e-b1fd-db96df691028,Single Vehicle ,N,Intersection,Right Turn Lane,Daylight,No Defects,"Two-way, Not Divided",Dry,Clear,Twelve o'clock,Motorcycle,Disabling,N,Moving Constant Speed,2015-03-22 7:28,44,38.65408059,-75.87254763,3,2,우회전 차선 사고,기타
8303,N,Apparently Normal,No Misuse,Y,Possible Incapacitating Injury,e16f17fc-f176-4e43-ae35-650eb60bca5d,D,ZJ03750009,Shoulder/Lap Belt(s),M,0085d932-2950-41ee-b95d-44c9c0dd35a3,Single Vehicle ,N,Non Intersection,Right Turn Lane,Dark Lights On,Loose Surface Material,"Two-way, Not Divided",Slush,Sleet,Underside,Pickup Truck,Disabling,N,Moving Constant Speed,2015-01-24 2:27,32,39.373236,-77.41410683,0,0,눈길사고,감속 중 사고
8304,N,Apparently Normal,No Misuse,Y,Possible Incapacitating Injury,6a4da012-a577-453a-8d55-ccb81580b10e,D,ZJ0427002K,Shoulder/Lap Belt(s),M,60fc8c40-d2c8-4984-aee0-b6cb1810cbed,Single Vehicle ,N,Non Intersection,Right Turn Lane,Daylight,No Defects,"Two-way, Not Divided",Wet,Raining,Two o'clock,Passenger Car,Disabling,N,Moving Constant Speed,2015-03-20 15:55,53,39.36096035,-77.3857685,4,2,빗길사고,동일 방향 운행 중 추돌 사고
8305,Y,Apparently Normal,No Misuse,Y,Possible Incapacitating Injury,ff545b7b-4118-4dd8-81ef-b5be388539e0,D,ZJ0435000F,Shoulder/Lap Belt(s),M,c437d28b-9e78-4a70-a4a3-0c6cbfc2d5a7,Single Vehicle ,N,Non Intersection,Right Turn Lane,Dark No Lights,No Defects,"Two-way, Not Divided",Snow,Blowing Snow,Twelve o'clock,Passenger Car,Disabling,N,Moving Constant Speed,2015-01-25 2:35,31,39.53823761,-77.58665085,0,0,눈길사고,감속 중 사고
8306,N,Apparently Normal,No Misuse,Y,Possible Incapacitating Injury,d923dac0-d2b1-42f3-8f73-0c9106073646,D,ZJ0435000H,Shoulder/Lap Belt(s),M,ed358f0f-5343-4494-9da7-702117ad9051,Single Vehicle ,N,Non Intersection,Right Turn Lane,Dark No Lights,No Defects,"Two-way, Not Divided",Dry,Clear,Six o'clock,Passenger Car,Destroyed,N,Moving Constant Speed,2015-01-31 4:37,21,39.41644826,-77.21071243,2,2,기타,기타
8307,N,Apparently Normal,No Misuse,Y,Possible Incapacitating Injury,ddc8d16f-5302-40df-a0ee-22306c0fd5e3,D,ZJ04810008,Shoulder/Lap Belt(s),M,ca2c39f7-7082-41ae-9235-79db5626f5c9,Single Vehicle ,N,Non Intersection,Left Turn Lane,Daylight,No Defects,"Two-way, Divided, Positive Median Barrier",Ice,Clear,One o'clock,Passenger Car,Disabling,N,Skidding,2015-02-15 8:54,48,39.39415967,-77.4148745,1,1,좌회전 차선 사고,등속 주행 사고
8308,N,Apparently Normal,No Misuse,Y,Possible Incapacitating Injury,f20b5da0-5198-4c9a-b013-2eb8f2118ac9,D,ZK0134000B,Shoulder/Lap Belt(s),M,6f4acba4-50ea-4a44-b45f-f86c30fdea07,Single Vehicle ,N,Non Intersection,Right Turn Lane,Dusk,No Defects,"Two-way, Not Divided",Dry,Clear,Twelve o'clock,Passenger Car,Destroyed,N,Moving Constant Speed,2015-02-28 17:59,55,39.33096764,-79.45704773,2,2,기타,기타
8309,N,Apparently Normal,No Misuse,Y,Possible Incapacitating Injury,cb03624f-8462-41b1-98f7-3d9804e72318,D,ZK0204000B,Shoulder/Lap Belt(s),M,155fb49e-dbd0-4d71-b785-fe871c26177e,Single Vehicle ,N,Non Intersection,Right Turn Lane,Daylight,No Defects,"Two-way, Not Divided",Snow,Snow,Ten o'clock,Station Wagon,Disabling,N,Moving Constant Speed,2015-03-01 11:51,69,39.47902791,-79.14165884,0,0,눈길사고,감속 중 사고
8310,N,Apparently Normal,No Misuse,Y,Possible Incapacitating Injury,2b94c6b0-8a3d-408d-98d9-b491a2a5a325,D,ZS65260003,Shoulder/Lap Belt(s),M,10bbf08c-9f43-4ee8-8740-f7a3d1a36542,Single Vehicle ,N,Non Intersection,Right Turn Lane,Dark No Lights,Loose Surface Material,"Two-way, Not Divided",Snow,Snow,Twelve o'clock,(Sport) Utility Vehicle,Disabling,N,Moving Constant Speed,2015-02-16 17:50,24,38.08593231,-75.74875832,0,0,눈길사고,감속 중 사고
8311,N,Apparently Normal,No Misuse,Y,Possible Incapacitating Injury,9b751677-a9eb-4a63-8980-73db293cd87d,D,ZVW264000H,Shoulder/Lap Belt(s),M,877998db-11c2-46e9-80ed-53d95124a590,Single Vehicle ,N,Non Intersection,Right Turn Lane,Daylight,No Defects,"Two-way, Not Divided",Ice,Sleet,Twelve o'clock,Passenger Car,Destroyed,N,Moving Constant Speed,2015-03-01 17:37,26,38.1835,-75.3446,0,0,눈길사고,감속 중 사고