KEY_INDEX,CDL_FLAG,CONDITION_CODE,EQUIP_PROB_CODE,FAULT_FLAG,INJ_SEVER_CODE,PERSON_ID,PERSON_TYPE,REPORT_NO,SAF_EQUIP_CODE,SEX_CODE,VEHICLE_ID,COLLISION_TYPE_CODE,C_M_ZONE_FLAG,JUNCTION_CODE,LANE_CODE,LIGHT_CODE,RD_COND_CODE,RD_DIV_CODE,SURF_COND_CODE,WEATHER_CODE,AREA_DAMAGED_CODE_MAIN,BODY_TYPE_CODE,DAMAGE_CODE,HIT_AND_RUN_FLAG,MOVEMENT_CODE,TIME,AGE,LATITUDE,LONGITUDE,CLUSTER,SECOND_LABEL,FIRST_LABEL,SECOND_LABELING
8312,N,Apparently Normal,No Misuse,N,Incapacitating/Disabled Injury,bab7eb96-c73f-4f7d-a779-147b4c88f897,D,AC1222001R,Shoulder/Lap Belt(s),M,12a70f14-3164-4418-b6ab-f19bad3b8b84,Same Movement Angle,N,Intersection,Right Turn Lane,Dark Lights On,No Defects,"Two-way, Not Divided",Dry,Clear,Twelve o'clock,Passenger Car,Disabling,N,Moving Constant Speed,2015-02-08 18:07,24,39.00624564,-76.67772532,3,0,우회전 차선 사고,기타
8313,N,Apparently Normal,No Misuse,Y,Incapacitating/Disabled Injury,2ade905a-e10c-4b7e-864f-4bc5ad67ae93,D,AC1222001R,Shoulder/Lap Belt(s),M,9e5a0820-1498-4820-b642-1ac98fe36b0d,Same Movement Angle,N,Intersection,Right Turn Lane,Dark Lights On,No Defects,"Two-way, Not Divided",Dry,Clear,Eleven o'clock,(Sport) Utility Vehicle,Disabling,N,Making Left Turn,2015-02-08 18:07,59,39.00624564,-76.67772532,3,0,우회전 차선 사고,기타
8314,N,Apparently Normal,No Misuse,Y,Incapacitating/Disabled Injury,9ad8171f-6b67-4527-8864-b7f7bd9d2806,D,ADH7370003,None  ,M,bcf72d6f-460c-45bd-97c1-e61b82ac6e8c,Single Vehicle ,N,Non Intersection,Right Turn Lane,Dark Lights On,No Defects,"Two-way, Not Divided",Ice,Clear,Twelve o'clock,Passenger Car,Destroyed,N,Moving Constant Speed,2015-02-23 22:42,19,39.32552554,-76.68233871,2,2,기타,기타
8315,N,Apparently Normal,Belt(s) Misused,Y,Incapacitating/Disabled Injury,797339b4-8da7-4530-9b3c-c1acb07198c0,D,AE3900000D,Lap Belt Only,M,23ec57e8-8441-4db7-8a31-37dee760fa58,Head On Left Turn,N,Intersection,Right Turn Lane,Daylight,No Defects,"Two-way, Divided, Positive Median Barrier",Wet,Cloudy,Twelve o'clock,Passenger Car,Destroyed,N,Moving Constant Speed,2015-03-14 15:04,26,39.300496,-76.490688,4,2,빗길사고,동일 방향 운행 중 추돌 사고
8316,N,Apparently Normal,No Misuse,Y,Incapacitating/Disabled Injury,6173fc31-d5f6-4fd5-bf3b-53f48d70c8b3,D,AE57940007,Shoulder/Lap Belt(s),M,d7711d6a-1419-44d4-8ece-b8974bf6a476,Single Vehicle ,N,Non Intersection,Right Turn Lane,Daylight,No Defects,"Two-way, Divided, Unprotected (painted >4 feet) Median",Wet,Raining,Twelve o'clock,(Sport) Utility Vehicle,Superficial,N,Moving Constant Speed,2015-01-03 8:57,51,39.41759622,-76.71162844,4,2,빗길사고,동일 방향 운행 중 추돌 사고
8317,N,Apparently Normal,No Misuse,Y,Incapacitating/Disabled Injury,c086ec9a-cab8-468a-acc9-56afb12da898,D,CB5267000V,Shoulder Belt Only,M,7d4b5189-e4d9-4dab-a6cf-17ddd8907dec,Same Direction Rear End,N,Non Intersection,Right Turn Lane,Dark Lights On,No Defects,"Two-way, Not Divided",Dry,Clear,Nine o'clock,Passenger Car,Disabling,N,Negotiating a Curve,2015-02-12 22:13,24,39.14292569,-76.78905308,2,0,기타,자차 사고
8318,N,Apparently Normal,No Misuse,N,Incapacitating/Disabled Injury,7cd2c553-3182-4d6a-aed1-8ed90473a311,D,DA36580003,Shoulder/Lap Belt(s),M,924caad0-88ef-4224-8bb1-69ede877bb8e,Head On,N,Non Intersection,Right Turn Lane,Dark Lights On,No Defects,"Two-way, Divided, Unprotected (painted >4 feet) Median",Dry,Clear,Twelve o'clock,Passenger Car,Disabling,N,Moving Constant Speed,2015-01-16 19:04,56,38.80705039,-76.90087438,2,2,기타,기타
8319,N,Apparently Normal,No Misuse,Y,Incapacitating/Disabled Injury,dca86012-45ae-4397-b2c5-e135e80fb0c4,D,DA38980005,Shoulder/Lap Belt(s),M,0495fbc5-4395-479b-bfc4-700bb07792dd,Single Vehicle ,N,Non Intersection,Right Turn Lane,Dark No Lights,No Defects,"Two-way, Not Divided",Ice,Clear,Twelve o'clock,Pickup Truck,Disabling,N,Moving Constant Speed,2015-01-19 4:48,28,38.67627175,-76.9430387,2,2,기타,기타
8320,N,Apparently Normal,No Misuse,Y,Incapacitating/Disabled Injury,e18e2e41-2d59-47cd-b15a-0ff122d43c49,D,MCP10220021,Shoulder/Lap Belt(s),M,e6db6acb-9e02-499a-a7f1-99cbd0c17e8f,Single Vehicle ,N,Non Intersection,Right Turn Lane,Daylight,No Defects,"Two-way, Not Divided",Snow,Snow,Three o'clock,Passenger Car,Disabling,N,Moving Constant Speed,2015-01-21 13:48,39,39.33635539,-77.18567133,0,0,눈길사고,감속 중 사고
8321,N,Apparently Normal,No Misuse,N,Incapacitating/Disabled Injury,4c4bea94-a87e-4ad1-a0d1-1d726c459b80,D,MCP1366002W,Shoulder/Lap Belt(s),M,7d555904-2256-4312-b096-6dd352a5914f,Single Vehicle ,N,Intersection,Right Turn Lane,Daylight,No Defects,"Two-way, Not Divided",Dry,Clear,Eleven o'clock,Pickup Truck,Destroyed,N,Skidding,2015-03-27 14:08,24,39.19663,-77.46125333,3,1,우회전 차선 사고,등속 주행 중 측면 추돌 사고
8322,N,Apparently Normal,No Misuse,Y,Incapacitating/Disabled Injury,6930adb7-e353-4dee-a23f-e9ffb1b28f78,D,MCP9432000M,MC/Bike Helmet,M,eec79dde-6db9-422f-8ab1-088957c4d045,Single Vehicle ,N,Intersection Related,Right Turn Lane,Daylight,No Defects,"Two-way, Not Divided",Dry,Clear,Twelve o'clock,Motorcycle,Superficial,N,Accelerating,2015-02-04 15:32,22,39.18635667,-77.24127,3,1,우회전 차선 사고,등속 주행 중 측면 추돌 사고
8323,N,Apparently Normal,No Misuse,Y,Incapacitating/Disabled Injury,6d4054b8-b667-477f-a163-3643053cdbcd,D,MSP54160017,Shoulder/Lap Belt(s),M,9c688ff0-20cb-4375-aff3-6f825ee42a7e,Single Vehicle ,N,Non Intersection,Right Turn Lane,Dark No Lights,No Defects,"Two-way, Not Divided",Snow,Snow,Five o'clock,Pickup Truck,Disabling,N,Negotiating a Curve,2015-01-14 5:17,52,38.34804767,-76.80722643,0,2,눈길사고,미끌어짐에 의한 사고
8324,N,Apparently Normal,No Misuse,Y,Incapacitating/Disabled Injury,36f7fd6a-7c54-4f1b-9fa9-3c7723d2dc9e,D,MSP5910001Q,Shoulder/Lap Belt(s),M,240cb2f6-561f-4b0e-8fa9-53fb4ee8f1b7,Single Vehicle ,N,Non Intersection,Right Turn Lane,Daylight,No Defects,"Two-way, Not Divided",Ice,Sleet,Twelve o'clock,Passenger Car,Disabling,N,Moving Constant Speed,2015-03-05 8:35,61,38.54685922,-77.02725043,0,0,눈길사고,감속 중 사고
8325,N,Apparently Normal,No Misuse,Y,Incapacitating/Disabled Injury,769f46c3-6665-486e-b9f6-62d12a7e96b5,D,MSP61510037,Shoulder/Lap Belt(s),M,7a2169c2-ee9e-42ee-ad9a-0390dbb14a3f,Single Vehicle ,N,Non Intersection,Right Turn Lane,Dark No Lights,No Defects,"Two-way, Divided, Positive Median Barrier",Wet,Raining,Five o'clock,Passenger Car,Disabling,N,Moving Constant Speed,2015-01-26 22:20,21,39.18355633,-76.781972,4,2,빗길사고,동일 방향 운행 중 추돌 사고
8326,N,Apparently Normal,No Misuse,Y,Incapacitating/Disabled Injury,735089e8-6cca-40d8-96f4-61a6d96d6acc,D,ZR0309000D,Shoulder/Lap Belt(s),M,cfe2fd24-e6ac-4b0f-ae7b-b088d31cbb0c,Single Vehicle ,N,Non Intersection,Right Turn Lane,Daylight,No Defects,"Two-way, Not Divided",Wet,Raining,Twelve o'clock,Passenger Car,Destroyed,N,Moving Constant Speed,2015-03-30 8:40,74,38.26071018,-76.40841007,4,2,빗길사고,동일 방향 운행 중 추돌 사고
8327,N,Apparently Normal,No Misuse,Y,Fatal Injury,3beac4fa-bc4d-461a-baf5-0bf99f729690,D,CB47180004,Shoulder/Lap Belt(s),M,6298289c-07fa-4f15-ad27-965dfd92bdc8,Single Vehicle ,N,Non Intersection,Right Turn Lane,Daylight,No Defects,One-way Trafficway,Dry,Clear,Nine o'clock,Passenger Car,Destroyed,N,Accelerating,2015-02-11 7:24,22,39.17583172,-76.83636725,2,0,기타,자차 사고
8328,N,Had Been Drinking,No Misuse,Y,No Injury,02759ae1-e789-4b1e-b378-e0ecb4f98b27,D,AB45180026,Shoulder/Lap Belt(s),M,c650c70c-679d-41c0-859c-0d36db3d9836,Same Direction Sideswipe,N,Non Intersection,Right Turn Lane,Dark Lights On,No Defects,"Two-way, Not Divided",Dry,Clear,One o'clock,Passenger Car,Disabling,Y,Accelerating,2015-02-12 21:20,56,38.97952112,-76.48563087,2,0,기타,자차 사고
8329,N,Had Been Drinking,No Misuse,Y,No Injury,97fc4279-41e5-423e-91f7-07286e8346bf,D,AC1484000M,Shoulder/Lap Belt(s),M,44c93910-83e4-44c3-9296-fdc6f2a0c7a6,Single Vehicle ,N,Intersection,Right Turn Lane,Dark Lights On,No Defects,"Two-way, Divided, Unprotected (painted >4 feet) Median",Ice,Clear,Twelve o'clock,Passenger Car,Superficial,N,Making Left Turn,2015-01-10 0:39,50,38.99217949,-76.69407606,3,1,우회전 차선 사고,등속 주행 중 측면 추돌 사고
8330,N,Had Been Drinking,No Misuse,Y,No Injury,73afeed5-5d05-472f-a235-a46d03269c33,D,AC1564000B,Shoulder/Lap Belt(s),M,be52973c-6798-4d88-8c8e-b5ee712084f6,Head On,N,Non Intersection,Right Turn Lane,Dark Lights On,No Defects,"Two-way, Not Divided",Wet,Raining,Twelve o'clock,(Sport) Utility Vehicle,Functional,Y,Moving Constant Speed,2015-03-14 0:13,32,38.91266922,-76.57442168,4,2,빗길사고,동일 방향 운행 중 추돌 사고
8331,N,Had Been Drinking,No Misuse,Y,No Injury,5a20e116-d289-4df6-8cab-98d4c55ba524,D,AC1643000B,Shoulder/Lap Belt(s),M,9f43c636-a415-413e-a255-21171b0cdab6,Single Vehicle ,N,Intersection,Acceleration Lane,Dark Lights On,No Defects,"Two-way, Divided, Positive Median Barrier",Dry,Clear,One o'clock,Passenger Car,Disabling,N,Slowing or Stopping,2015-01-17 19:53,27,39.02966911,-76.68527842,1,3,좌회전 차선 사고,감속 중 사고
8332,N,Had Been Drinking,No Misuse,Y,No Injury,f0b34e85-ac3c-4384-95ea-7c03ce5bcf32,D,AC1681000D,Shoulder/Lap Belt(s),M,91d990ba-74a1-4839-92ac-ba7d2cc9cdab,Single Vehicle ,N,Non Intersection,Left Turn Lane,Dark Lights On,No Defects,"Two-way, Divided, Positive Median Barrier",Ice,Clear,One o'clock,Passenger Car,Disabling,N,Moving Constant Speed,2015-02-19 0:14,33,39.15159564,-76.63541079,1,0,좌회전 차선 사고,등속 주행 중 측면 추돌 사고
8333,N,Had Been Drinking,No Misuse,Y,No Injury,b0e3c316-55ab-4e75-8668-331552facd9b,D,AC16880008,Shoulder/Lap Belt(s),M,90172a3d-5ad8-4767-8eda-506ee70b3a7c,Single Vehicle ,N,Non Intersection,Right Turn Lane,Dark Lights On,No Defects,"Two-way, Not Divided",Wet,Clear,Twelve o'clock,Passenger Car,Disabling,N,Moving Constant Speed,2015-03-21 0:38,66,38.90752628,-76.67252177,2,2,기타,기타
8334,N,Had Been Drinking,No Misuse,Y,No Injury,982285b8-878a-4c6f-b46e-283b0c28b4f1,D,AC1821000N,Shoulder/Lap Belt(s),M,1fe2c5d3-c4ed-4463-b3da-f2d7bf606715,Single Vehicle ,N,Non Intersection,Right Turn Lane,Dark No Lights,No Defects,One-way Trafficway,Dry,Clear,Twelve o'clock,Passenger Car,Disabling,N,Leaving Traffic Lane,2015-02-08 23:39,25,39.06930461,-76.6367197,2,0,기타,자차 사고
8335,N,Had Been Drinking,No Misuse,Y,No Injury,050a6c99-8bc5-4b82-a167-73930d44097e,D,AC1881000H,Shoulder/Lap Belt(s),M,1e611da2-dcdd-4419-954a-8afc76e1b654,Single Vehicle ,N,Intersection,Left Turn Lane,Dark Lights On,No Defects,"Two-way, Divided, Positive Median Barrier",Dry,Clear,Twelve o'clock,Passenger Car,Disabling,N,Moving Constant Speed,2015-01-11 0:48,27,38.933375,-76.56780333,1,0,좌회전 차선 사고,등속 주행 중 측면 추돌 사고
8336,N,Had Been Drinking,No Misuse,Y,No Injury,370cb467-dc87-419d-9399-41bb30ab4b10,D,AC1922000C,Shoulder/Lap Belt(s),M,c68158d9-aaba-496f-bbaf-bc5d86f04f39,Single Vehicle ,N,Intersection,Deceleration Lane,Dark Lights On,No Defects,"Two-way, Divided, Positive Median Barrier",Dry,Clear,Eleven o'clock,(Sport) Utility Vehicle,Disabling,N,Moving Constant Speed,2015-01-17 2:32,33,39.03175476,-76.68444425,1,0,좌회전 차선 사고,등속 주행 중 측면 추돌 사고
8337,N,Had Been Drinking,No Misuse,Y,No Injury,fd58478e-8713-46be-abad-e1493570213e,D,AC1926000Z,Shoulder/Lap Belt(s),M,4f4c2941-3ec2-4368-818d-4c57585f727a,Single Vehicle ,N,Non Intersection,Left Turn Lane,Dawn,No Defects,"Two-way, Divided, Positive Median Barrier",Dry,Clear,Twelve o'clock,Passenger Car,Disabling,N,Skidding,2015-02-07 7:00,50,38.93572004,-76.56689644,1,1,좌회전 차선 사고,등속 주행 사고
8338,N,Had Been Drinking,No Misuse,Y,No Injury,eaac5e10-e484-4bd1-a99f-86f781f7667e,D,ADG1820005,Shoulder/Lap Belt(s),M,c7069421-6be2-4aa6-b63e-f727ab477ee1,Same Direction Right Turn,N,Non Intersection,Left Turn Lane,Dark Lights On,No Defects,"Two-way, Not Divided",Dry,Clear,Twelve o'clock,Passenger Car,Disabling,N,Moving Constant Speed,2015-03-30 1:15,42,39.29924478,-76.60369635,1,0,좌회전 차선 사고,등속 주행 중 측면 추돌 사고
8339,N,Had Been Drinking,No Misuse,Y,No Injury,8375fcca-eb3b-4e17-9c22-402765ba37dd,D,ADJ3940001,Shoulder/Lap Belt(s),M,23f66739-5cb1-4c1d-8318-662e48b1afa6,Single Vehicle ,N,Non Intersection,Right Turn Lane,Dark Lights On,No Defects,One-way Trafficway,Dry,Clear,Twelve o'clock,Passenger Car,Disabling,N,Moving Constant Speed,2015-01-02 2:19,23,39.29509341,-76.6146934,2,2,기타,기타
8340,N,Had Been Drinking,No Misuse,Y,No Injury,76d54a24-95e6-451e-bcca-ed9c9dc02285,D,AE32510007,Shoulder/Lap Belt(s),M,da683ac2-1933-4e2b-b491-b5dcd55462f4,Single Vehicle ,N,Non Intersection,Right Turn Lane,Dark Lights On,No Defects,"Two-way, Divided, Unprotected (painted >4 feet) Median",Wet,Clear,One o'clock,(Sport) Utility Vehicle,Destroyed,N,Moving Constant Speed,2015-02-18 23:43,20,39.43364908,-76.52739286,4,2,빗길사고,동일 방향 운행 중 추돌 사고
8341,N,Had Been Drinking,No Misuse,Y,No Injury,aa2242d4-3c36-4fdc-b30b-d45a856184aa,D,AE38040013,Shoulder/Lap Belt(s),M,7759aec1-1af3-43b3-8567-ddf103112680,Same Direction Sideswipe,N,Non Intersection,Right Turn Lane,Dark Lights On,No Defects,"Two-way, Not Divided",Wet,Cloudy,One o'clock,Passenger Car,Disabling,N,Moving Constant Speed,2015-03-20 22:15,23,39.25714678,-76.70266449,4,2,빗길사고,동일 방향 운행 중 추돌 사고
8342,N,Had Been Drinking,No Misuse,Y,No Injury,971c58fb-72a8-40ef-a53a-432ba7930cce,D,AE40900003,Shoulder/Lap Belt(s),M,0f162019-2834-4b1b-9934-b55d889ce3ae,Single Vehicle ,N,Non Intersection,Right Turn Lane,Dark Lights On,No Defects,"Two-way, Not Divided",Dry,Cloudy,Roof Top,Passenger Car,Disabling,N,Moving Constant Speed,2015-03-20 22:23,45,39.47333854,-76.48545384,2,2,기타,기타
8343,N,Had Been Drinking,No Misuse,Y,No Injury,71af1ca4-e873-4896-a1ca-a918d0140a17,D,AE45760006,Shoulder/Lap Belt(s),M,89b1d2b1-e9ef-42b4-865c-2ab89599e80c,Single Vehicle ,N,Non Intersection,Left Turn Lane,Dark Lights On,No Defects,"Two-way, Not Divided",Snow,Snow,Underside,Passenger Car,Functional,N,Skidding,2015-03-07 2:14,26,39.37258376,-76.45755887,0,2,눈길사고,미끌어짐에 의한 사고
8344,N,Had Been Drinking,No Misuse,Y,No Injury,c0b23b49-a709-4155-8ee7-c18ec813eb99,D,AE46260008,Shoulder/Lap Belt(s),M,44790849-b347-4b8d-a6b5-93b11c19de86,Single Vehicle ,N,Non Intersection,Right Turn Lane,Dark Lights On,No Defects,"Two-way, Not Divided",Dry,Clear,One o'clock,"Cargo Van/Light Truck 2 axles (10,000 lbs (4,536 kg) or less)",Disabling,Y,Moving Constant Speed,2015-03-29 22:40,53,39.47198859,-76.43768907,2,2,기타,기타
8345,N,Had Been Drinking,No Misuse,Y,No Injury,b0eef2a9-fb94-4ac2-b2fb-d9366d12d36f,D,AE50090007,Shoulder/Lap Belt(s),M,21686c08-5e38-4d09-af6e-869bb03fa68e,Single Vehicle ,N,Non Intersection,Right Turn Lane,Dark Lights On,No Defects,"Two-way, Divided, Positive Median Barrier",Dry,Clear,Eleven o'clock,Passenger Car,Destroyed,N,Moving Constant Speed,2015-01-31 2:36,30,39.23692345,-76.46690369,2,2,기타,기타
8346,N,Had Been Drinking,No Misuse,Y,No Injury,5580af8c-1aff-4e67-93c8-82d34b87f7b9,D,AE51410008,Shoulder/Lap Belt(s),M,52d5caa8-815b-4221-a760-6e4d07f5e550,Single Vehicle ,Y,Non Intersection,Right Turn Lane,Dark No Lights,No Defects,"Two-way, Not Divided",Snow,Clear,Twelve o'clock,Passenger Car,Disabling,N,Moving Constant Speed,2015-02-22 1:20,26,39.39319907,-76.54266,2,2,기타,기타
8347,N,Had Been Drinking,No Misuse,Y,No Injury,067c7c06-7903-4188-894d-a8d93e0a7f68,D,AE51610002,Shoulder/Lap Belt(s),M,83aca539-ef4f-4fe6-92e4-471a5b40b79d,Single Vehicle ,N,Non Intersection,Right Turn Lane,Dark Lights On,No Defects,"Two-way, Divided, Unprotected (painted >4 feet) Median",Dry,Clear,Twelve o'clock,(Sport) Utility Vehicle,Functional,N,Starting From Lane,2015-01-03 2:40,32,39.23613816,-76.4734,2,0,기타,자차 사고
8348,N,Had Been Drinking,No Misuse,Y,No Injury,bd0c5760-4ae6-40cb-a415-850463e3c371,D,AE5276000J,Shoulder/Lap Belt(s),M,91f3c616-5e27-437a-b082-cfb052232e5f,Single Vehicle ,N,Non Intersection,Right Turn Lane,Dark Lights On,No Defects,"Two-way, Divided, Positive Median Barrier",Dry,Clear,Twelve o'clock,Passenger Car,Functional,N,Negotiating a Curve,2015-03-16 20:02,29,39.37218566,-76.43354774,2,0,기타,자차 사고
8349,N,Had Been Drinking,No Misuse,Y,No Injury,9560cd52-0248-4ff8-a509-bdeddc8da8a4,D,AE55660006,Shoulder/Lap Belt(s),M,4c0b4dfb-ccdb-4eb3-b28f-d42cd038e52d,Same Direction Rear End,N,Non Intersection,Right Turn Lane,Dark No Lights,No Defects,"Two-way, Not Divided",Dry,Clear,Twelve o'clock,(Sport) Utility Vehicle,Disabling,Y,Moving Constant Speed,2015-01-05 1:33,41,39.35567067,-76.7232585,2,3,기타,등속 주행 중 측면 추돌 사고
8350,N,Had Been Drinking,No Misuse,Y,No Injury,69b5d4c2-d5e8-42bd-86d3-b2abdbb344ba,D,AE56690007,Shoulder/Lap Belt(s),M,97d05bbf-dba5-4bd8-bb19-5f656cd2f0b3,Single Vehicle ,N,Intersection,Right Turn Lane,Dusk,No Defects,"Two-way, Divided, Positive Median Barrier",Dry,Clear,Twelve o'clock,Passenger Car,Destroyed,N,Accelerating,2015-01-25 16:30,30,39.21928767,-76.70362473,3,1,우회전 차선 사고,등속 주행 중 측면 추돌 사고
8351,N,Had Been Drinking,No Misuse,Y,No Injury,a7d909c1-9467-4b74-ada1-2bd6b9a4a0ec,D,AE57950009,Shoulder/Lap Belt(s),M,650b740d-99c0-4b51-a11e-a9ad828c9df0,Same Direction Rear End,N,Non Intersection,Right Turn Lane,Dark Lights On,No Defects,"Two-way, Not Divided",Dry,Clear,Twelve o'clock,Pickup Truck,Disabling,N,Moving Constant Speed,2015-02-01 1:11,60,39.3664212,-76.35723352,2,3,기타,등속 주행 중 측면 추돌 사고
8352,N,Had Been Drinking,No Misuse,Y,No Injury,73b3e566-770b-4876-b32e-bb68df111d77,D,BS04510004,Shoulder/Lap Belt(s),M,a507fe49-7349-49b5-b14a-cdd2f889b9f3,Same Movement Angle,N,Non Intersection,Left Turn Lane,Dark Lights On,No Defects,"Two-way, Not Divided",Dry,Clear,Twelve o'clock,Pickup Truck,Functional,Y,Moving Constant Speed,2015-02-28 1:55,20,39.42369625,-77.41456032,1,0,좌회전 차선 사고,등속 주행 중 측면 추돌 사고
8353,N,Had Been Drinking,No Misuse,Y,No Injury,ca0515fa-9321-4a39-81f8-0ef8d004f6ac,D,BS04560004,Shoulder/Lap Belt(s),M,55b0eb80-537d-4c08-96c0-6670397c692c,Same Direction Rear End,N,Non Intersection,Right Turn Lane,Dark Lights On,No Defects,"Two-way, Not Divided",Wet,Wintry Mix,Twelve o'clock,Passenger Car,Functional,N,Moving Constant Speed,2015-01-24 0:40,23,39.44872065,-77.37020731,4,2,빗길사고,동일 방향 운행 중 추돌 사고
8354,N,Had Been Drinking,No Misuse,Y,No Injury,3c1ce8a8-6c1b-4eb9-93d3-72848665e6ce,D,BW01080008,Shoulder/Lap Belt(s),M,a4d35a9f-659d-4055-a6a0-05c4b330a470,Same Direction Rear End,N,Intersection,Left Turn Lane,Dark Lights On,No Defects,"Two-way, Divided, Positive Median Barrier",Dry,Clear,Twelve o'clock,Passenger Car,Destroyed,N,Slowing or Stopping,2015-01-01 5:30,29,38.99630708,-76.89831018,1,3,좌회전 차선 사고,감속 중 사고
8355,N,Had Been Drinking,No Misuse,Y,No Injury,808816ff-299b-4706-a5f2-19533223e3cb,D,BW0150000N,Shoulder/Lap Belt(s),M,ca6f33bb-64e5-4d7f-a1f1-1789e983073a,Single Vehicle ,N,Intersection,Acceleration Lane,Dark Lights On,No Defects,"Two-way, Divided, Positive Median Barrier",Dry,Clear,Twelve o'clock,Passenger Car,Disabling,N,Accelerating,2015-03-21 3:47,35,38.9939567,-76.8742306,1,1,좌회전 차선 사고,등속 주행 사고
8356,N,Had Been Drinking,No Misuse,Y,No Injury,461fa3b6-c71e-4faf-9224-c58172cf7a7e,D,CC0235000L,Shoulder/Lap Belt(s),M,39fba9d0-065a-4d0b-9c29-6a503be4e519,Same Direction Rear End,N,Non Intersection,Left Turn Lane,Dark Lights On,No Defects,"Two-way, Divided, Positive Median Barrier",Ice,Clear,Twelve o'clock,Passenger Car,Destroyed,Y,Moving Constant Speed,2015-03-01 2:48,31,38.98049588,-76.95480824,1,0,좌회전 차선 사고,등속 주행 중 측면 추돌 사고
8357,N,Had Been Drinking,No Misuse,Y,No Injury,2adf9ed1-1823-45e3-90b9-9e8296315f7c,D,DA3377000B,Shoulder/Lap Belt(s),M,4ff20535-0e4a-4944-9c65-6290f466693d,Single Vehicle ,N,Non Intersection,Right Turn Lane,Dark Lights On,No Defects,"Two-way, Divided, Unprotected (painted >4 feet) Median",Ice,Clear,Twelve o'clock,Pickup Truck,Functional,N,Moving Constant Speed,2015-02-24 21:47,39,38.99067016,-76.96442664,2,2,기타,기타
8358,N,Had Been Drinking,No Misuse,Y,No Injury,78144cb3-a213-4ad6-a2ba-4b97e6e11152,D,DA37410010,Shoulder/Lap Belt(s),M,9fc7d024-e293-4028-aa55-74ba7dbb8aee,Single Vehicle ,N,Non Intersection,Right Turn Lane,Dark Lights On,No Defects,"Two-way, Not Divided",Dry,Clear,Five o'clock,(Sport) Utility Vehicle,Functional,N,Moving Constant Speed,2015-03-25 22:45,25,38.8963562,-76.88061297,2,2,기타,기타
8359,N,Had Been Drinking,No Misuse,Y,No Injury,c689d9b0-fc27-49e5-90a1-63557537714d,D,DA38700004,Shoulder/Lap Belt(s),M,e85e41dc-85ec-4ae1-9dc0-f699124f69e8,Single Vehicle ,N,Intersection Related,Left Turn Lane,Dark Lights On,No Defects,One-way Trafficway,Wet,Cloudy,One o'clock,(Sport) Utility Vehicle,Functional,N,Moving Constant Speed,2015-01-27 1:10,54,38.91247001,-76.93390846,4,2,빗길사고,동일 방향 운행 중 추돌 사고
8360,N,Had Been Drinking,No Misuse,Y,No Injury,4900f9fc-44cd-4dd0-9cce-2075962177e1,D,DA38910004,Shoulder/Lap Belt(s),M,587f09d1-1054-47d3-b49e-a757bd63e6d5,Same Direction Sideswipe,N,Non Intersection,Right Turn Lane,Dark Lights On,No Defects,"Two-way, Not Divided",Dry,Clear,Eleven o'clock,Passenger Car,Functional,Y,Moving Constant Speed,2015-01-09 0:34,26,38.97392352,-76.97066545,2,2,기타,기타
8361,N,Had Been Drinking,No Misuse,N,No Injury,7d19b912-694c-487d-99fb-163d962a319f,D,EJ7850000N,Shoulder/Lap Belt(s),M,da740141-0843-490b-9f71-1e8a47bdbd27,Same Movement Angle,N,Intersection,Right Turn Lane,Dark Lights On,No Defects,"Two-way, Divided, Positive Median Barrier",Dry,Foggy,One o'clock,Passenger Car,Functional,N,Moving Constant Speed,2015-03-11 0:00,23,39.11731833,-77.18369333,3,0,우회전 차선 사고,기타
8362,N,Had Been Drinking,No Misuse,Y,No Injury,1c9a06f6-2ae8-4a0b-a36b-99a9d9dbcc0a,D,EJ7850000N,Shoulder/Lap Belt(s),M,93eeb432-f5ec-41ec-84f2-e5d4cf745dc4,Same Movement Angle,N,Intersection,Right Turn Lane,Dark Lights On,No Defects,"Two-way, Divided, Positive Median Barrier",Dry,Foggy,Eleven o'clock,Passenger Car,Functional,N,Making Right Turn,2015-03-11 0:00,51,39.11731833,-77.18369333,3,0,우회전 차선 사고,기타
8363,N,Had Been Drinking,No Misuse,Y,No Injury,704b6b8d-1fed-4e48-b336-89e6008efd05,D,MCP2039000S,Shoulder/Lap Belt(s),M,27174327-33ee-4c39-908a-ade45d1f1ee3,Single Vehicle ,N,Non Intersection,Acceleration Lane,Daylight,No Defects,"Two-way, Divided, Positive Median Barrier",Dry,Cloudy,Twelve o'clock,Passenger Car,Destroyed,N,Moving Constant Speed,2015-01-25 8:14,25,39.10232413,-77.07733154,1,0,좌회전 차선 사고,등속 주행 중 측면 추돌 사고
8364,N,Had Been Drinking,No Misuse,Y,No Injury,83e29d45-9947-489d-bfe7-a13d0667943b,D,MCP2384000V,Shoulder/Lap Belt(s),M,6d73f307-30ca-445b-b427-397733ba5132,Same Direction Rear End,N,Non Intersection,Right Turn Lane,Dark Lights On,No Defects,"Two-way, Not Divided",Dry,Clear,Twelve o'clock,Passenger Car,Disabling,N,Moving Constant Speed,2015-03-07 19:32,64,38.980377,-77.21139,2,3,기타,등속 주행 중 측면 추돌 사고
8365,N,Had Been Drinking,No Misuse,Y,No Injury,456907bd-b02d-4d2c-93c2-34aafafdd56f,D,MCP2675000K,Shoulder/Lap Belt(s),M,20cd0a46-a8af-4e6e-af01-c52aa5dd4f75,Same Direction Rear End,N,Non Intersection,Right Turn Lane,Dark Lights On,No Defects,"Two-way, Divided, Unprotected (painted >4 feet) Median",Dry,Clear,One o'clock,Pickup Truck,Disabling,N,Moving Constant Speed,2015-02-20 23:48,25,39.03876833,-77.07066833,2,3,기타,등속 주행 중 측면 추돌 사고
8366,N,Had Been Drinking,No Misuse,Y,No Injury,add4d0de-3294-4a40-8802-cb9eccd8e53a,D,MCP2806000J,Shoulder/Lap Belt(s),M,d92e94a0-3a7e-40ec-a9c6-e83fc6f79532,Same Direction Rear End,N,Intersection Related,Right Turn Lane,Dark Lights On,No Defects,"Two-way, Divided, Unprotected (painted >4 feet) Median",Dry,Clear,Twelve o'clock,Passenger Car,Superficial,N,Moving Constant Speed,2015-03-22 22:39,29,39.022415,-77.01612167,3,2,우회전 차선 사고,기타