KEY_INDEX,CDL_FLAG,CONDITION_CODE,EQUIP_PROB_CODE,FAULT_FLAG,INJ_SEVER_CODE,PERSON_ID,PERSON_TYPE,REPORT_NO,SAF_EQUIP_CODE,SEX_CODE,VEHICLE_ID,COLLISION_TYPE_CODE,C_M_ZONE_FLAG,JUNCTION_CODE,LANE_CODE,LIGHT_CODE,RD_COND_CODE,RD_DIV_CODE,SURF_COND_CODE,WEATHER_CODE,AREA_DAMAGED_CODE_MAIN,BODY_TYPE_CODE,DAMAGE_CODE,HIT_AND_RUN_FLAG,MOVEMENT_CODE,TIME,AGE,LATITUDE,LONGITUDE,CLUSTER,SECOND_LABEL,FIRST_LABEL,SECOND_LABELING
8367,N,Had Been Drinking,No Misuse,Y,No Injury,3087966b-7350-47b7-9d8b-8e9b73b68648,D,MCP2890000J,Shoulder/Lap Belt(s),M,84bf0a07-3af3-4859-811c-1b2075e2f3be,Single Vehicle ,N,Non Intersection,Right Turn Lane,Dark - Unknown Lighting,No Defects,"Two-way, Not Divided",Dry,Clear,Twelve o'clock,Passenger Car,Disabling,N,Accelerating,2015-02-06 2:57,21,39.20052,-77.242724,2,0,기타,자차 사고
8368,N,Had Been Drinking,No Misuse,Y,No Injury,70242b28-ee80-4b6b-8b05-0778fa812e3b,D,MSP1926001H,Shoulder/Lap Belt(s),M,6b129311-b47a-41fa-97c3-ae213c5b5bce,Single Vehicle ,N,Non Intersection,Right Turn Lane,Dark No Lights,No Defects,"Two-way, Not Divided",Dry,Clear,Twelve o'clock,Passenger Car,Destroyed,N,Moving Constant Speed,2015-02-28 2:34,25,39.58288216,-77.69457016,2,2,기타,기타
8369,N,Had Been Drinking,No Misuse,Y,No Injury,eab5b8ca-a049-4863-842d-84b9ff699216,D,MSP4830000X,Shoulder/Lap Belt(s),M,4d079ea6-5d7d-4db2-bc60-672b32c45395,Single Vehicle ,N,Non Intersection,Right Turn Lane,Dusk,No Defects,"Two-way, Not Divided",Dry,Clear,Twelve o'clock,Pickup Truck,Disabling,N,Moving Constant Speed,2015-03-21 19:07,54,38.633889,-75.78847,2,2,기타,기타
8370,N,Had Been Drinking,No Misuse,Y,No Injury,50e9c89b-2101-4ff2-a17a-c064398a6d40,D,MSP50900038,Shoulder/Lap Belt(s),M,44fd44dc-a289-4c87-880d-3562ba70cf76,Single Vehicle ,N,Intersection Related,Right Turn Lane,Dark Lights On,No Defects,"Two-way, Divided, Positive Median Barrier",Dry,Clear,Twelve o'clock,Passenger Car,Disabling,N,Moving Constant Speed,2015-01-10 1:31,34,39.45462917,-77.3667985,3,2,우회전 차선 사고,기타
8371,N,Had Been Drinking,No Misuse,Y,No Injury,98c16358-3b66-4a74-851d-e472ecf51f68,D,MSP5175001B,Shoulder/Lap Belt(s),M,77edbb0a-2230-4115-81eb-fda459693e3b,Single Vehicle ,N,Non Intersection,Right Turn Lane,Dark No Lights,No Defects,"Two-way, Not Divided",Dry,Clear,One o'clock,Pickup Truck,Disabling,N,Moving Constant Speed,2015-03-25 12:04,21,39.68867893,-76.0400784,2,2,기타,기타
8372,N,Had Been Drinking,No Misuse,Y,No Injury,3766427a-d713-4e20-bb3b-8bc00ea6b45c,D,MSP5357001H,Shoulder/Lap Belt(s),M,3c98c2ee-1299-4d3a-9e92-62460c9bca53,Single Vehicle ,N,Non Intersection,Acceleration Lane,Dark No Lights,No Defects,"Two-way, Divided, Positive Median Barrier",Dry,Clear,Twelve o'clock,Passenger Car,Disabling,N,Accelerating,2015-03-11 22:09,68,38.81929756,-76.8457067,1,1,좌회전 차선 사고,등속 주행 사고
8373,N,Had Been Drinking,No Misuse,Y,No Injury,68f7fb32-db0e-445b-b824-ec12c6ff001b,D,MSP5662002B,Shoulder/Lap Belt(s),M,d59fd5d4-012c-4835-bcfd-d39a03deafaa,Single Vehicle ,N,Non Intersection,Right Turn Lane,Daylight,No Defects,"Two-way, Not Divided",Ice,Cloudy,Two o'clock,Passenger Car,Disabling,N,Moving Constant Speed,2015-02-02 7:51,38,39.65473933,-77.9572475,0,0,눈길사고,감속 중 사고
8374,Y,Had Been Drinking,No Misuse,Y,No Injury,ef5e0479-d6ac-4348-8db5-ad31c694d475,D,MSP5862002H,Shoulder/Lap Belt(s),M,f9e7c0f1-cf31-457d-83c4-35f18fb59d25,Single Vehicle ,N,Non Intersection,Right Turn Lane,Dark Lights On,No Defects,"Two-way, Divided, Positive Median Barrier",Wet,Raining,Eleven o'clock,Pickup Truck,Superficial,Y,Moving Constant Speed,2015-03-15 1:31,42,38.647427,-76.93865,4,2,빗길사고,동일 방향 운행 중 추돌 사고
8375,N,Had Been Drinking,No Misuse,Y,No Injury,cb83824c-7d03-4762-bf9e-6e23a71b9bff,D,MSP5910001H,Shoulder/Lap Belt(s),M,009f212e-d2b8-4053-930a-53e8c2912e5c,Single Vehicle ,N,Non Intersection,Right Turn Lane,Dark No Lights,No Defects,"Two-way, Not Divided",Wet,Clear,Twelve o'clock,Passenger Car,Destroyed,Y,Moving Constant Speed,2015-01-05 4:26,47,38.65172917,-76.99818483,2,2,기타,기타
8376,N,Had Been Drinking,No Misuse,Y,No Injury,13bc9d52-de3d-4c66-90e0-7f8b9bffa82a,D,MSP60440020,Shoulder/Lap Belt(s),M,af19dee2-4b41-4ccd-9f29-70804ebcce71,Single Vehicle ,N,Non Intersection,Acceleration Lane,Dark Lights On,No Defects,One-way Trafficway,Wet,Raining,Ten o'clock,Passenger Car,Disabling,N,Moving Constant Speed,2015-02-02 0:12,30,39.347155,-76.50379,4,2,빗길사고,동일 방향 운행 중 추돌 사고
8377,N,Had Been Drinking,No Misuse,Y,No Injury,9d563212-ddf4-4f53-b87b-7eb699755d58,D,MSP60810016,Shoulder/Lap Belt(s),M,853de280-38ac-4264-84b2-9e0f9565376d,Single Vehicle ,N,Non Intersection,Right Turn Lane,Daylight,No Defects,"Two-way, Not Divided",Dry,Clear,Eight o'clock,"Other Light Trucks (10,000 lbs (4,536 kg))",Disabling,N,Moving Constant Speed,2015-01-01 12:16,47,38.96814927,-76.1786145,2,2,기타,기타
8378,N,Had Been Drinking,No Misuse,Y,No Injury,e5cd2ba5-9240-46a0-b39b-7ea2f5d0c2f1,D,MSP6156001X,Shoulder/Lap Belt(s),M,d3c4a27a-84be-4d8e-acba-3156ca69cfbb,Single Vehicle ,N,Non Intersection,Right Turn Lane,Dark No Lights,No Defects,"Two-way, Not Divided",Wet,Raining,Twelve o'clock,Passenger Car,Disabling,N,Moving Constant Speed,2015-01-24 2:10,35,39.468105,-76.371884,4,2,빗길사고,동일 방향 운행 중 추돌 사고
8379,N,Had Been Drinking,No Misuse,Y,No Injury,884ba270-30e7-483a-b240-1f88920b3871,D,MSP6272003Q,Shoulder/Lap Belt(s),M,325334af-eeda-40be-acd2-bb705bbfbc72,Single Vehicle ,N,Non Intersection,Acceleration Lane,Dark No Lights,No Defects,"Two-way, Divided, Positive Median Barrier",Dry,Clear,Twelve o'clock,Pickup Truck,Destroyed,N,Moving Constant Speed,2015-01-09 19:32,71,39.3727585,-76.517442,1,0,좌회전 차선 사고,등속 주행 중 측면 추돌 사고
8380,N,Had Been Drinking,No Misuse,Y,No Injury,31b99ca3-835e-47d7-b668-067ca6f06ff9,D,MSP62720044,Shoulder/Lap Belt(s),M,e95e895e-3191-4c47-a216-8c83d44949ab,Single Vehicle ,N,Non Intersection,Left Turn Lane,Dark Lights On,No Defects,One-way Trafficway,Dry,Clear,Twelve o'clock,Passenger Car,Disabling,N,Leaving Traffic Lane,2015-02-14 2:03,44,39.40911933,-76.7857955,1,1,좌회전 차선 사고,등속 주행 사고
8381,N,Had Been Drinking,No Misuse,Y,No Injury,c5383070-a7c7-41ca-bcc8-bb47e0783e0d,D,MSP6277003Y,Shoulder/Lap Belt(s),M,42004ce1-2a77-482f-af87-87d80b2ee978,Single Vehicle ,N,Non Intersection,Right Turn Lane,Dusk,No Defects,"Two-way, Divided, Positive Median Barrier",Dry,Clear,Twelve o'clock,Passenger Car,Functional,Y,Moving Constant Speed,2015-01-11 17:31,45,39.30860106,-76.74396515,2,2,기타,기타
8382,N,Had Been Drinking,No Misuse,Y,No Injury,e02310e1-7049-492c-834b-71aa93deb037,D,MSP6310000Y,Shoulder/Lap Belt(s),M,0288c5ea-ca9c-4761-b16b-1120ded72b2e,Single Vehicle ,N,Non Intersection,Right Turn Lane,Daylight,No Defects,"Two-way, Not Divided",Dry,Clear,One o'clock,Passenger Car,Disabling,N,Moving Constant Speed,2015-02-10 16:59,54,38.32812377,-75.37526608,2,2,기타,기타
8383,N,Had Been Drinking,No Misuse,Y,No Injury,f036d94b-f9b6-4ff3-9573-f674d856569a,D,MSP6317001V,Shoulder/Lap Belt(s),M,b49992ad-d322-45ab-8a7c-ed0098e4b1fc,Single Vehicle ,N,Non Intersection,Right Turn Lane,Dark Lights On,No Defects,"Two-way, Divided, Positive Median Barrier",Wet,Raining,Twelve o'clock,Passenger Car,Functional,N,Moving Constant Speed,2015-03-10 3:10,44,38.650847,-76.882378,4,2,빗길사고,동일 방향 운행 중 추돌 사고
8384,N,Had Been Drinking,No Misuse,Y,No Injury,700ab4ec-2e53-49aa-9903-caa2571467a9,D,MSP6375001W,Shoulder/Lap Belt(s),M,50cbf190-016d-4e2e-9e23-75415e6a0301,Single Vehicle ,N,Non Intersection,Right Turn Lane,Dark No Lights,No Defects,"Two-way, Not Divided",Dry,Clear,Twelve o'clock,Pickup Truck,Disabling,N,Moving Constant Speed,2015-01-28 7:45,38,39.47886004,-77.24361,2,2,기타,기타
8385,N,Had Been Drinking,No Misuse,Y,No Injury,8e926f8b-8203-4d25-ab95-34500aea45d4,D,MSP63750020,Shoulder/Lap Belt(s),M,d8171b0e-dbd1-4a9a-b24d-fe8545f50953,Single Vehicle ,N,Non Intersection,Left Turn Lane,Dark Lights On,No Defects,One-way Trafficway,Dry,Clear,Twelve o'clock,Passenger Car,Disabling,N,Negotiating a Curve,2015-02-08 23:50,44,39.324591,-77.357258,1,1,좌회전 차선 사고,등속 주행 사고
8386,N,Had Been Drinking,No Misuse,Y,No Injury,374d18ea-7ad3-40a5-8c8e-a2c10b3350af,D,MSP64070006,Shoulder/Lap Belt(s),M,00804298-2912-4e2a-9b95-b1903f2faa21,Single Vehicle ,N,Non Intersection,Right Turn Lane,Dark No Lights,No Defects,"Two-way, Not Divided",Wet,Raining,Twelve o'clock,Passenger Car,Destroyed,N,Moving Constant Speed,2015-03-05 0:28,58,38.38419017,-76.41815817,4,2,빗길사고,동일 방향 운행 중 추돌 사고
8387,N,Had Been Drinking,No Misuse,Y,No Injury,e94bb8ef-59b6-4903-a7fa-de2bcd7d606a,D,MSP6463000N,Shoulder/Lap Belt(s),M,393f1e35-abe3-4a58-a4fa-d83175783a31,Single Vehicle ,N,Non Intersection,Shoulder Area,Dark Lights On,No Defects,"Two-way, Divided, Positive Median Barrier",Dry,Clear,Twelve o'clock,Passenger Car,Disabling,N,Slowing or Stopping,2015-03-29 23:19,24,38.991208,-76.885266,1,3,좌회전 차선 사고,감속 중 사고
8388,N,Had Been Drinking,No Misuse,Y,No Injury,aa9b4752-c9fe-4b5b-94b9-47bc50330628,D,MSP6467000V,Shoulder/Lap Belt(s),M,fce825f6-f9a7-44ec-a0f9-b49be70a3f0e,Single Vehicle ,N,Non Intersection,Right Turn Lane,Daylight,No Defects,"Two-way, Divided, Positive Median Barrier",Dry,Clear,Eleven o'clock,Passenger Car,Disabling,N,Moving Constant Speed,2015-03-28 17:27,60,39.0169247,-77.09982991,2,2,기타,기타
8389,N,Had Been Drinking,No Misuse,Y,No Injury,9735d778-8216-4ec5-b8f8-358ada0286e1,D,MSP6477000L,Shoulder/Lap Belt(s),M,7ded6e7c-1100-4fb0-acc9-0357f49dbfe6,Single Vehicle ,N,Non Intersection,Right Turn Lane,Dark Lights On,No Defects,"Two-way, Divided, Positive Median Barrier",Dry,Clear,Eleven o'clock,Passenger Car,Disabling,N,Moving Constant Speed,2015-02-19 3:52,25,39.01731649,-77.10067749,2,2,기타,기타
8390,N,Had Been Drinking,No Misuse,Y,No Injury,a810760f-5d8c-4206-ac5b-72ab8dd94b38,D,MSP64840004,Shoulder/Lap Belt(s),M,894c3c43-daed-410e-8403-741abbfcf56a,Single Vehicle ,N,Non Intersection,Acceleration Lane,Daylight,No Defects,"Two-way, Divided, Positive Median Barrier",Dry,Clear,One o'clock,Passenger Car,Functional,Y,Moving Constant Speed,2015-02-04 13:30,25,39.58565233,-76.08372283,1,0,좌회전 차선 사고,등속 주행 중 측면 추돌 사고
8391,N,Had Been Drinking,No Misuse,Y,No Injury,d1774f81-f664-4070-986b-17839f3aab1b,D,MSP64880004,Shoulder/Lap Belt(s),M,a8246e90-987f-4159-93a5-31daeb760419,Single Vehicle ,N,Non Intersection,Right Turn Lane,Dark Lights On,No Defects,"Two-way, Divided, Positive Median Barrier",Dry,Clear,Eleven o'clock,Passenger Car,Disabling,N,Moving Constant Speed,2015-01-10 22:53,23,39.01364863,-77.12891579,2,2,기타,기타
8392,N,Had Been Drinking,No Misuse,Y,No Injury,5132f01f-aaa4-4dba-be71-64d545c87b45,D,MSP65050005,Shoulder/Lap Belt(s),M,aa446974-13cd-4380-89a4-b34e16b2d725,Single Vehicle ,N,Non Intersection,Right Turn Lane,Dark No Lights,No Defects,"Two-way, Not Divided",Slush,Wintry Mix,One o'clock,Passenger Car,Disabling,N,Moving Constant Speed,2015-01-23 22:43,33,39.50832452,-77.27776229,0,0,눈길사고,감속 중 사고
8393,N,Had Been Drinking,No Misuse,Y,No Injury,20019ffd-192e-418a-a349-d6c67aa9c46f,D,ZD3338000B,Shoulder/Lap Belt(s),M,1816e877-d5ed-4ce5-a9c7-645d2e7374b1,Single Vehicle ,N,Non Intersection,Right Turn Lane,Dark No Lights,No Defects,"Two-way, Not Divided",Wet,Wintry Mix,Eight o'clock,Passenger Car,Disabling,N,Moving Constant Speed,2015-01-14 0:50,39,38.36287,-76.428531,4,2,빗길사고,동일 방향 운행 중 추돌 사고
8394,N,Had Been Drinking,No Misuse,Y,No Injury,9089ca56-5094-4596-943e-61150b935066,D,ZD58810007,Shoulder/Lap Belt(s),M,ce7408f7-b020-43f1-a6da-aa4db0b088e1,Single Vehicle ,N,Intersection,Right Turn Lane,Dark Lights On,No Defects,"Two-way, Not Divided",Dry,Clear,Twelve o'clock,Station Wagon,Disabling,N,Moving Constant Speed,2015-02-27 22:36,67,38.47321284,-76.50578499,3,2,우회전 차선 사고,기타
8395,N,Had Been Drinking,No Misuse,Y,No Injury,bb24bb0f-2973-414a-9cca-3cb83d0774e7,D,ZF0402000J,Shoulder/Lap Belt(s),M,5a881bd5-9735-4ecf-91c1-4149bcbf84ba,Single Vehicle ,N,Residential Driveway,Right Turn Lane,Dark Lights On,No Defects,"Two-way, Not Divided",Wet,Raining,Four o'clock,"Other Light Trucks (10,000 lbs (4,536 kg))",Disabling,Y,Accelerating,2015-01-11 22:06,23,39.71474682,-77.20676422,4,0,빗길사고,등속 주행 중 사고
8396,N,Had Been Drinking,No Misuse,Y,No Injury,aa9151d6-b9c5-4f52-ab66-ea600b9665d5,D,ZF04830006,Shoulder/Lap Belt(s),M,d12d68fb-7584-4864-88c8-780be3da46f1,Single Vehicle ,N,Non Intersection,Right Turn Lane,Dusk,No Defects,"Two-way, Not Divided",Dry,Clear,Twelve o'clock,Pickup Truck,Disabling,N,Moving Constant Speed,2015-02-25 17:35,70,39.69591091,-77.19565988,2,2,기타,기타
8397,N,Had Been Drinking,No Misuse,Y,No Injury,494f1f0b-bed0-4083-8c55-03328554e126,D,ZG08930003,Shoulder/Lap Belt(s),M,70965eb0-ecd2-4198-80c6-d04f4a9fa7c4,Single Vehicle ,N,Non Intersection,Right Turn Lane,Dark No Lights,No Defects,"Two-way, Not Divided",Wet,Raining,Twelve o'clock,(Sport) Utility Vehicle,Disabling,Y,Moving Constant Speed,2015-01-03 23:00,55,39.70178839,-75.88930607,4,2,빗길사고,동일 방향 운행 중 추돌 사고
8398,N,Had Been Drinking,No Misuse,Y,No Injury,e9c00c8b-d73e-4f86-a7c6-2853b9bab1e4,D,ZG09080002,Shoulder/Lap Belt(s),M,a7f7a74c-b339-4a2d-ac1b-7ab672d04355,Single Vehicle ,N,Non Intersection,Right Turn Lane,Dark No Lights,No Defects,"Two-way, Not Divided",Dry,Clear,One o'clock,Passenger Car,Disabling,N,Moving Constant Speed,2015-02-04 1:15,25,39.56098346,-75.8983022,2,2,기타,기타
8399,N,Had Been Drinking,No Misuse,Y,No Injury,6df72b72-93ba-4dc8-a6a0-baedc61eccbb,D,ZH0518000B,Shoulder/Lap Belt(s),M,207bce85-98e4-4f33-9991-57a53f6feaf4,Single Vehicle ,N,Non Intersection,Right Turn Lane,Dark No Lights,No Defects,"Two-way, Not Divided",Dry,Clear,Twelve o'clock,Passenger Car,Destroyed,N,Moving Constant Speed,2015-01-01 4:55,22,38.297805,-76.913155,2,2,기타,기타
8400,N,Had Been Drinking,No Misuse,Y,No Injury,63950059-f1e3-475a-8584-070976d5aab1,D,ZL08880005,Shoulder Belt Only,M,9876a37c-5aee-45d8-acc0-387866c3600d,Single Vehicle ,N,Non Intersection,Right Turn Lane,Dark No Lights,No Defects,"Two-way, Not Divided",Dry,Clear,Twelve o'clock,(Sport) Utility Vehicle,Destroyed,Y,Moving Constant Speed,2015-03-31 21:49,25,39.55230212,-76.50548458,2,2,기타,기타
8401,N,Had Been Drinking,No Misuse,Y,No Injury,f7222932-57c2-4d84-baf0-e51037dcbb1d,D,ZT00260003,Shoulder/Lap Belt(s),M,92b1c593-2285-43b5-9268-9a90f309166d,Single Vehicle ,N,Non Intersection,Right Turn Lane,Dark No Lights,No Defects,"Two-way, Not Divided",Dry,Cloudy,Twelve o'clock,(Sport) Utility Vehicle,Disabling,N,Moving Constant Speed,2015-02-14 18:53,57,38.71838169,-76.19462729,2,2,기타,기타
8402,N,Had Been Drinking,No Misuse,Y,No Injury,e518ae7f-33e1-4b99-9d81-8181e40248b9,D,ZT01180003,Shoulder/Lap Belt(s),M,4a68ac62-5771-4f5a-b917-7e388676e964,Head On Left Turn,N,Residential Driveway,Right Turn Lane,Dark No Lights,No Defects,One-way Trafficway,Dry,Clear,Eleven o'clock,Passenger Car,Superficial,Y,Parking  ,2015-03-28 2:30,23,38.74835181,-76.06559157,3,1,우회전 차선 사고,등속 주행 중 측면 추돌 사고
8403,N,Had Been Drinking,No Misuse,Y,No Injury,816c05fd-8b50-40eb-a111-3a8067733b46,D,ZU72810009,Shoulder/Lap Belt(s),M,42cddd72-e2fb-43a0-aefb-e431a501cc2f,Single Vehicle ,N,Non Intersection,Right Turn Lane,Dawn,No Defects,"Two-way, Divided, Unprotected (painted >4 feet) Median",Dry,Clear,Twelve o'clock,Passenger Car,Disabling,N,Moving Constant Speed,2015-01-18 7:34,24,39.58920375,-77.8169775,2,2,기타,기타
8404,N,Had Been Drinking,No Misuse,Y,No Injury,78680d1e-c4e5-4cde-b9b2-ba576f8b334f,D,ZU77080005,Shoulder/Lap Belt(s),M,8a1549f9-955b-4976-b457-8de73ba3b81c,Single Vehicle ,N,Non Intersection,Right Turn Lane,Dark No Lights,No Defects,"Two-way, Not Divided",Dry,Clear,Twelve o'clock,Passenger Car,Disabling,N,Negotiating a Curve,2015-02-28 3:07,18,39.5580512,-77.61856914,2,0,기타,자차 사고
8405,N,Had Been Drinking,No Misuse,Y,No Injury,bc8a04da-c3ee-435e-99dd-c7ecc688e5e8,D,ZU77290004,Shoulder/Lap Belt(s),M,5f099581-4ebd-4eb4-abd9-3819bfb2d020,Single Vehicle ,N,Intersection Related,Right Turn Lane,Dark Lights On,No Defects,"Two-way, Divided, Positive Median Barrier",Wet,Foggy,Four o'clock,Pickup Truck,Disabling,N,Accelerating,2015-01-04 0:22,31,39.61902517,-77.68460512,4,0,빗길사고,등속 주행 중 사고
8406,N,Had Been Drinking,No Misuse,Y,Non-incapacitating Injury,30216c14-c89c-4c1f-b7de-0d60fe28b9e8,D,AC1333000J,Shoulder/Lap Belt(s),M,f9268964-38da-4e39-88c2-1c873d347b97,Single Vehicle ,N,Non Intersection,Right Turn Lane,Dark Lights On,No Defects,"Two-way, Divided, Positive Median Barrier",Dry,Clear,Twelve o'clock,Passenger Car,Disabling,N,Moving Constant Speed,2015-03-22 4:54,26,39.131865,-76.51442353,2,2,기타,기타
8407,N,Had Been Drinking,No Misuse,Y,Non-incapacitating Injury,bf324256-afc9-4ecc-aa50-168770e77d01,D,MCP2662000H,Shoulder/Lap Belt(s),M,88420026-27f4-49ef-b072-581e59b1965a,Single Vehicle ,N,Non Intersection,Right Turn Lane,Dark Lights On,No Defects,"Two-way, Divided, Unprotected (painted >4 feet) Median",Dry,Clear,Twelve o'clock,Passenger Car,Disabling,N,Moving Constant Speed,2015-03-01 2:49,27,39.172515,-77.178315,2,2,기타,기타
8408,N,Had Been Drinking,No Misuse,Y,Non-incapacitating Injury,bcedd8db-1e56-4e2f-80ba-e6c83abb4a56,D,MSP57310032,Shoulder/Lap Belt(s),M,78398fde-f765-400e-8b20-0066431bbfc6,Single Vehicle ,N,Non Intersection,Right Turn Lane,Daylight,No Defects,"Two-way, Not Divided",Dry,Clear,Twelve o'clock,(Sport) Utility Vehicle,Destroyed,N,Moving Constant Speed,2015-03-28 18:45,41,39.64252,-77.682963,2,2,기타,기타
8409,N,Had Been Drinking,No Misuse,Y,Non-incapacitating Injury,eac258ad-36d8-47ea-bb8c-480735752669,D,MSP5857000M,Shoulder/Lap Belt(s),M,de3afff2-08ee-42f0-b297-90031548e034,Single Vehicle ,N,Non Intersection,Right Turn Lane,Dark No Lights,No Defects,"Two-way, Not Divided",Dry,Clear,Twelve o'clock,Passenger Car,Destroyed,N,Moving Constant Speed,2015-02-28 3:00,23,38.487129,-76.53686033,2,2,기타,기타
8410,Y,Had Been Drinking,No Misuse,Y,Non-incapacitating Injury,908575f4-8317-4010-8b94-8e12e31ca3e6,D,MSP6056002R,Shoulder/Lap Belt(s),M,a9860b94-e282-43c5-8f24-19bedf68ba85,Single Vehicle ,N,Non Intersection,Acceleration Lane,Dark No Lights,No Defects,"Two-way, Divided, Positive Median Barrier",Wet,Raining,Twelve o'clock,Passenger Car,Disabling,N,Moving Constant Speed,2015-01-24 3:45,32,39.216175,-76.668449,4,2,빗길사고,동일 방향 운행 중 추돌 사고
8411,N,Had Been Drinking,No Misuse,Y,Non-incapacitating Injury,79c66249-ac79-4854-a873-666fb58f32b3,D,MSP6328002B,Shoulder/Lap Belt(s),M,a99aaa96-4288-4707-8c44-774885b6fb56,Single Vehicle ,N,Non Intersection,Right Turn Lane,Dark Lights On,No Defects,"Two-way, Not Divided",Wet,Raining,Twelve o'clock,Passenger Car,Destroyed,N,Slowing or Stopping,2015-03-27 1:44,36,38.48422646,-77.12967144,4,0,빗길사고,등속 주행 중 사고
8412,N,Had Been Drinking,No Misuse,Y,Possible Incapacitating Injury,0b073bbe-0e7e-49f9-ace1-26a14634fe6c,D,AC1550000C,Shoulder/Lap Belt(s),M,aa9b2d32-9111-484a-9870-85a75f95609c,Single Vehicle ,N,Non Intersection,Left Turn Lane,Dark Lights On,No Defects,"Two-way, Divided, Unprotected (painted >4 feet) Median",Wet,Raining,Twelve o'clock,Passenger Car,Disabling,N,Moving Constant Speed,2015-03-14 1:47,70,39.13817333,-76.62250167,4,2,빗길사고,동일 방향 운행 중 추돌 사고
8413,N,Had Been Drinking,No Misuse,Y,Possible Incapacitating Injury,4ae49d0e-e795-4c3e-a4da-1b60acb62392,D,AC1821000P,Shoulder/Lap Belt(s),M,c972e2a9-7705-4f2b-b88c-45d9e384181c,Single Vehicle ,N,Non Intersection,Right Turn Lane,Dark No Lights,No Defects,"Two-way, Not Divided",Dry,Clear,One o'clock,(Sport) Utility Vehicle,Destroyed,N,Negotiating a Curve,2015-02-09 5:24,31,39.02368478,-76.5565753,2,0,기타,자차 사고
8414,N,Had Been Drinking,No Misuse,Y,Possible Incapacitating Injury,70eeac03-1ed4-49bf-ba4e-7587d061d363,D,AC20020011,Shoulder/Lap Belt(s),M,ac0df0b6-953b-4e33-aa7e-6a7adc6c3eb9,Single Vehicle ,N,Residential Driveway,Right Turn Lane,Dark Lights On,No Defects,"Two-way, Not Divided",Dry,Clear,Twelve o'clock,Passenger Car,Destroyed,N,Moving Constant Speed,2015-03-20 23:31,24,39.15338441,-76.7401135,3,2,우회전 차선 사고,기타
8415,N,Had Been Drinking,No Misuse,Y,Possible Incapacitating Injury,86743d10-cbac-4c2e-83de-f67682fb4c9c,D,AE38430009,Shoulder/Lap Belt(s),M,59ddbba3-7987-4382-99a8-7c3c5a22cd50,Single Vehicle ,N,Non Intersection,Right Turn Lane,Dark No Lights,No Defects,"Two-way, Not Divided",Dry,Clear,Twelve o'clock,Pickup Truck,Destroyed,Y,Moving Constant Speed,2015-01-31 0:32,18,39.57307928,-76.81635261,2,2,기타,기타
8416,N,Had Been Drinking,No Misuse,Y,Possible Incapacitating Injury,a4766255-b98c-43ea-a2e3-6f00a9821721,D,AE48900004,Shoulder/Lap Belt(s),M,f3ac8332-7925-4e6d-a923-536246630776,Single Vehicle ,N,Intersection Related,Right Turn Lane,Dark Lights On,No Defects,"Two-way, Divided, Positive Median Barrier",Ice,Clear,Eleven o'clock,Passenger Car,Disabling,N,Moving Constant Speed,2015-02-18 3:22,24,39.40184641,-76.60192341,3,2,우회전 차선 사고,기타
8417,N,Had Been Drinking,No Misuse,Y,Possible Incapacitating Injury,9f2f9ef6-0483-4350-a0de-671644dc5be8,D,AE54950006,Shoulder/Lap Belt(s),M,d3c60af8-e777-4227-ae89-1345f21f1d81,Same Direction Sideswipe,N,Non Intersection,Right Turn Lane,Dawn,No Defects,"Two-way, Not Divided",Dry,Clear,One o'clock,Van,Destroyed,N,Accelerating,2015-01-02 6:39,51,39.36165169,-76.77031517,2,0,기타,자차 사고
8418,N,Had Been Drinking,No Misuse,Y,Possible Incapacitating Injury,b6a58ddd-2365-4705-b681-61e104bb836d,D,AE5507000F,Shoulder/Lap Belt(s),M,3e970eeb-2270-455d-8f78-320d239239ba,Single Vehicle ,N,Non Intersection,Right Turn Lane,Daylight,No Defects,One-way Trafficway,Dry,Clear,Twelve o'clock,Van,Destroyed,Y,Moving Constant Speed,2015-03-12 18:58,48,39.24373307,-76.67180836,2,2,기타,기타
8419,N,Had Been Drinking,No Misuse,Y,Possible Incapacitating Injury,08bfd2b9-cf21-48f8-8fc7-906ffd1dff66,D,CB5190000N,Shoulder/Lap Belt(s),M,70be2772-e83d-42fc-9fc7-48c9d9b53e7f,Single Vehicle ,N,Non Intersection,Right Turn Lane,Daylight,No Defects,"Two-way, Not Divided",Dry,Foggy,Twelve o'clock,(Sport) Utility Vehicle,Disabling,N,Moving Constant Speed,2015-03-21 7:35,19,39.20984464,-76.97944164,2,2,기타,기타
8420,N,Had Been Drinking,No Misuse,Y,Possible Incapacitating Injury,61ffa110-d5c6-4269-a8f6-86b41ab5cc7d,D,CB57130006,Shoulder/Lap Belt(s),M,f496c8a9-bb59-4655-b49e-e5e78c34a695,Single Vehicle ,N,Intersection,Right Turn Lane,Dark No Lights,No Defects,"Two-way, Divided, Unprotected (painted >4 feet) Median",Dry,Clear,Roof Top,Passenger Car,Destroyed,N,Moving Constant Speed,2015-03-24 2:14,28,39.14554676,-76.79387569,3,2,우회전 차선 사고,기타
8421,N,Had Been Drinking,No Misuse,Y,Possible Incapacitating Injury,85a638dc-1c41-4939-90d6-4bed44f51689,D,DA39560007,Shoulder/Lap Belt(s),M,eea19a72-b92c-48db-b899-2ec058286838,Single Vehicle ,N,Non Intersection,Right Turn Lane,Dark Lights On,No Defects,"Two-way, Divided, Unprotected (painted >4 feet) Median",Wet,Clear,Twelve o'clock,Passenger Car,Disabling,N,Moving Constant Speed,2015-01-19 0:49,28,38.98237239,-76.82744086,4,2,빗길사고,동일 방향 운행 중 추돌 사고